{
    "album": "Beats Rhymes and Life", 
    "artist": "A Tribe Called Quest", 
    "lyrics": "Just a lil somethin-somethin\nabout the cats who be fronting\nYou know the Tip, he be huntin\nfor all the goodness gracious\nAll across the wide spaces\nyo, check it out, bust me down, yo\nYo... yo...\n\n\n\nYouse my peoples, why it got to come down to this shit\nTwo people thinking as one so now he split\nRemember what I said to you, you bleed, I bleed\nC'mon, you know how we get down, if you're down, you need\nAnd I'm supplying, the dynamic duo, electricfying\nEverybody had to wet us, cuz no one will forget us\nSon, I testify sure as God was my guide\nAny petty little bullshit you did will slide\nSame on my end, after all, what are we, friends\nIf niggaz ran me this, too much grounds we defend\nIn the honor or brotherhood cuz it's all good\nGet on some grown man shit and let's knock on wood\nBut now seeing you baby in this stall out position\nWondering who's the dime piece that you're kissing\nYou night as well take the jigger and take my life\nCuz the dime piece you happen to be kissing is my wife\nShit, I should have know not to let these crab asses\nGet within the circle of my girl and make passes\nNow you disrespected me and everything I stand for\n(But I'm saying though, son) Shhh, say no more\nAllah forgive me, my thoughts is traveling to low desires\nShould I turn the other cheek or react and perspire\nDon't wanna see myself in penitentiary attire\nBut I caught him in the act and my emotion is dire\n", 
    "ngrams": {
        "2": {
            "": 1114, 
            "a lil": 1, 
            "about the": 1, 
            "across the": 1, 
            "act and": 1, 
            "after all,": 1, 
            "all across": 1, 
            "all good": 1, 
            "all the": 1, 
            "all, what": 1, 
            "allah forgive": 1, 
            "and everything": 1, 
            "and i'm": 1, 
            "and let's": 1, 
            "and make": 1, 
            "and my": 1, 
            "and perspire": 1, 
            "and take": 1, 
            "any petty": 1, 
            "are we,": 1, 
            "as god": 1, 
            "as one": 1, 
            "as well": 1, 
            "asses get": 1, 
            "attire but": 1, 
            "baby in": 1, 
            "be fronting": 1, 
            "be huntin": 1, 
            "be kissing": 1, 
            "bleed c'mon,": 1, 
            "bleed, i": 1, 
            "brotherhood cuz": 1, 
            "bullshit you": 1, 
            "bust me": 1, 
            "but i": 1, 
            "but i'm": 1, 
            "but now": 1, 
            "c'mon, you": 1, 
            "cats who": 1, 
            "caught him": 1, 
            "check it": 1, 
            "cheek or": 1, 
            "circle of": 1, 
            "come down": 1, 
            "crab asses": 1, 
            "cuz it's": 1, 
            "cuz no": 1, 
            "cuz the": 1, 
            "defend in": 1, 
            "desires should": 1, 
            "did will": 1, 
            "dime piece": 2, 
            "dire": 1, 
            "disrespected me": 1, 
            "don't wanna": 1, 
            "down to": 1, 
            "down, if": 1, 
            "down, yo": 1, 
            "down, you": 1, 
            "duo, electricfying": 1, 
            "dynamic duo,": 1, 
            "electricfying everybody": 1, 
            "emotion is": 1, 
            "end, after": 1, 
            "everybody had": 1, 
            "everything i": 1, 
            "for all": 1, 
            "for but": 1, 
            "forget us": 1, 
            "forgive me,": 1, 
            "friends if": 1, 
            "fronting you": 1, 
            "get down,": 1, 
            "get on": 1, 
            "get within": 1, 
            "girl and": 1, 
            "god was": 1, 
            "good get": 1, 
            "goodness gracious": 1, 
            "got to": 1, 
            "gracious all": 1, 
            "grounds we": 1, 
            "grown man": 1, 
            "guide any": 1, 
            "had to": 1, 
            "happen to": 1, 
            "have know": 1, 
            "he be": 1, 
            "he split": 1, 
            "him in": 1, 
            "honor or": 1, 
            "how we": 1, 
            "huntin for": 1, 
            "i bleed": 1, 
            "i caught": 1, 
            "i said": 1, 
            "i should": 1, 
            "i stand": 1, 
            "i testify": 1, 
            "i turn": 1, 
            "i'm saying": 1, 
            "i'm supplying,": 1, 
            "if niggaz": 1, 
            "if you're": 1, 
            "in penitentiary": 1, 
            "in the": 2, 
            "in this": 1, 
            "is dire": 1, 
            "is my": 1, 
            "is traveling": 1, 
            "it got": 1, 
            "it out,": 1, 
            "it's all": 1, 
            "jigger and": 1, 
            "just a": 1, 
            "kissing is": 1, 
            "kissing you": 1, 
            "knock on": 1, 
            "know how": 1, 
            "know not": 1, 
            "know the": 1, 
            "let these": 1, 
            "let's knock": 1, 
            "life cuz": 1, 
            "lil somethin-somethin": 1, 
            "little bullshit": 1, 
            "low desires": 1, 
            "make passes": 1, 
            "man shit": 1, 
            "me and": 1, 
            "me down,": 1, 
            "me this,": 1, 
            "me, my": 1, 
            "more allah": 1, 
            "much grounds": 1, 
            "my emotion": 1, 
            "my end,": 1, 
            "my girl": 1, 
            "my guide": 1, 
            "my life": 1, 
            "my peoples,": 1, 
            "my thoughts": 1, 
            "my wife": 1, 
            "myself in": 1, 
            "need and": 1, 
            "niggaz ran": 1, 
            "night as": 1, 
            "no more": 1, 
            "no one": 1, 
            "not to": 1, 
            "now he": 1, 
            "now seeing": 1, 
            "now you": 1, 
            "of my": 1, 
            "on my": 1, 
            "on some": 1, 
            "on wood": 1, 
            "one so": 1, 
            "one will": 1, 
            "or brotherhood": 1, 
            "or react": 1, 
            "other cheek": 1, 
            "out position": 1, 
            "out, bust": 1, 
            "passes now": 1, 
            "penitentiary attire": 1, 
            "people thinking": 1, 
            "peoples, why": 1, 
            "perspire don't": 1, 
            "petty little": 1, 
            "piece that": 1, 
            "piece you": 1, 
            "position wondering": 1, 
            "ran me": 1, 
            "react and": 1, 
            "remember what": 1, 
            "said to": 1, 
            "same on": 1, 
            "say no": 1, 
            "saying though,": 1, 
            "see myself": 1, 
            "seeing you": 1, 
            "shhh, say": 1, 
            "shit and": 1, 
            "shit two": 1, 
            "shit, i": 1, 
            "should have": 1, 
            "should i": 1, 
            "slide same": 1, 
            "so now": 1, 
            "some grown": 1, 
            "somethin-somethin about": 1, 
            "son shhh,": 1, 
            "son, i": 1, 
            "spaces yo,": 1, 
            "split remember": 1, 
            "stall out": 1, 
            "stand for": 1, 
            "supplying, the": 1, 
            "sure as": 1, 
            "take my": 1, 
            "take the": 1, 
            "testify sure": 1, 
            "that you're": 1, 
            "the act": 1, 
            "the cats": 1, 
            "the circle": 1, 
            "the dime": 2, 
            "the dynamic": 1, 
            "the goodness": 1, 
            "the honor": 1, 
            "the jigger": 1, 
            "the other": 1, 
            "the tip,": 1, 
            "the wide": 1, 
            "these crab": 1, 
            "thinking as": 1, 
            "this shit": 1, 
            "this stall": 1, 
            "this, too": 1, 
            "though, son": 1, 
            "thoughts is": 1, 
            "tip, he": 1, 
            "to be": 1, 
            "to come": 1, 
            "to let": 1, 
            "to low": 1, 
            "to this": 1, 
            "to wet": 1, 
            "to you,": 1, 
            "too much": 1, 
            "traveling to": 1, 
            "turn the": 1, 
            "two people": 1, 
            "us son,": 1, 
            "us, cuz": 1, 
            "wanna see": 1, 
            "was my": 1, 
            "we defend": 1, 
            "we get": 1, 
            "we, friends": 1, 
            "well take": 1, 
            "wet us,": 1, 
            "what are": 1, 
            "what i": 1, 
            "who be": 1, 
            "who's the": 1, 
            "why it": 1, 
            "wide spaces": 1, 
            "wife shit,": 1, 
            "will forget": 1, 
            "will slide": 1, 
            "within the": 1, 
            "wondering who's": 1, 
            "wood but": 1, 
            "yo yo": 2, 
            "yo youse": 1, 
            "yo, check": 1, 
            "you baby": 1, 
            "you bleed,": 1, 
            "you did": 1, 
            "you disrespected": 1, 
            "you happen": 1, 
            "you know": 2, 
            "you need": 1, 
            "you night": 1, 
            "you're down,": 1, 
            "you're kissing": 1, 
            "you, you": 1, 
            "youse my": 1
        }, 
        "3": {
            "": 1113, 
            "a lil somethin-somethin": 1, 
            "about the cats": 1, 
            "across the wide": 1, 
            "act and my": 1, 
            "after all, what": 1, 
            "all across the": 1, 
            "all good get": 1, 
            "all the goodness": 1, 
            "all, what are": 1, 
            "allah forgive me,": 1, 
            "and everything i": 1, 
            "and i'm supplying,": 1, 
            "and let's knock": 1, 
            "and make passes": 1, 
            "and my emotion": 1, 
            "and perspire don't": 1, 
            "and take my": 1, 
            "any petty little": 1, 
            "are we, friends": 1, 
            "as god was": 1, 
            "as one so": 1, 
            "as well take": 1, 
            "asses get within": 1, 
            "attire but i": 1, 
            "baby in this": 1, 
            "be fronting you": 1, 
            "be huntin for": 1, 
            "be kissing is": 1, 
            "bleed c'mon, you": 1, 
            "bleed, i bleed": 1, 
            "brotherhood cuz it's": 1, 
            "bullshit you did": 1, 
            "bust me down,": 1, 
            "but i caught": 1, 
            "but i'm saying": 1, 
            "but now seeing": 1, 
            "c'mon, you know": 1, 
            "cats who be": 1, 
            "caught him in": 1, 
            "check it out,": 1, 
            "cheek or react": 1, 
            "circle of my": 1, 
            "come down to": 1, 
            "crab asses get": 1, 
            "cuz it's all": 1, 
            "cuz no one": 1, 
            "cuz the dime": 1, 
            "defend in the": 1, 
            "desires should i": 1, 
            "did will slide": 1, 
            "dime piece that": 1, 
            "dime piece you": 1, 
            "dire": 1, 
            "disrespected me and": 1, 
            "don't wanna see": 1, 
            "down to this": 1, 
            "down, if you're": 1, 
            "down, yo yo": 1, 
            "down, you need": 1, 
            "duo, electricfying everybody": 1, 
            "dynamic duo, electricfying": 1, 
            "electricfying everybody had": 1, 
            "emotion is dire": 1, 
            "end, after all,": 1, 
            "everybody had to": 1, 
            "everything i stand": 1, 
            "for all the": 1, 
            "for but i'm": 1, 
            "forget us son,": 1, 
            "forgive me, my": 1, 
            "friends if niggaz": 1, 
            "fronting you know": 1, 
            "get down, if": 1, 
            "get on some": 1, 
            "get within the": 1, 
            "girl and make": 1, 
            "god was my": 1, 
            "good get on": 1, 
            "goodness gracious all": 1, 
            "got to come": 1, 
            "gracious all across": 1, 
            "grounds we defend": 1, 
            "grown man shit": 1, 
            "guide any petty": 1, 
            "had to wet": 1, 
            "happen to be": 1, 
            "have know not": 1, 
            "he be huntin": 1, 
            "he split remember": 1, 
            "him in the": 1, 
            "honor or brotherhood": 1, 
            "how we get": 1, 
            "huntin for all": 1, 
            "i bleed c'mon,": 1, 
            "i caught him": 1, 
            "i said to": 1, 
            "i should have": 1, 
            "i stand for": 1, 
            "i testify sure": 1, 
            "i turn the": 1, 
            "i'm saying though,": 1, 
            "i'm supplying, the": 1, 
            "if niggaz ran": 1, 
            "if you're down,": 1, 
            "in penitentiary attire": 1, 
            "in the act": 1, 
            "in the honor": 1, 
            "in this stall": 1, 
            "is dire": 1, 
            "is my wife": 1, 
            "is traveling to": 1, 
            "it got to": 1, 
            "it out, bust": 1, 
            "it's all good": 1, 
            "jigger and take": 1, 
            "just a lil": 1, 
            "kissing is my": 1, 
            "kissing you night": 1, 
            "knock on wood": 1, 
            "know how we": 1, 
            "know not to": 1, 
            "know the tip,": 1, 
            "let these crab": 1, 
            "let's knock on": 1, 
            "life cuz the": 1, 
            "lil somethin-somethin about": 1, 
            "little bullshit you": 1, 
            "low desires should": 1, 
            "make passes now": 1, 
            "man shit and": 1, 
            "me and everything": 1, 
            "me down, yo": 1, 
            "me this, too": 1, 
            "me, my thoughts": 1, 
            "more allah forgive": 1, 
            "much grounds we": 1, 
            "my emotion is": 1, 
            "my end, after": 1, 
            "my girl and": 1, 
            "my guide any": 1, 
            "my life cuz": 1, 
            "my peoples, why": 1, 
            "my thoughts is": 1, 
            "my wife shit,": 1, 
            "myself in penitentiary": 1, 
            "need and i'm": 1, 
            "niggaz ran me": 1, 
            "night as well": 1, 
            "no more allah": 1, 
            "no one will": 1, 
            "not to let": 1, 
            "now he split": 1, 
            "now seeing you": 1, 
            "now you disrespected": 1, 
            "of my girl": 1, 
            "on my end,": 1, 
            "on some grown": 1, 
            "on wood but": 1, 
            "one so now": 1, 
            "one will forget": 1, 
            "or brotherhood cuz": 1, 
            "or react and": 1, 
            "other cheek or": 1, 
            "out position wondering": 1, 
            "out, bust me": 1, 
            "passes now you": 1, 
            "penitentiary attire but": 1, 
            "people thinking as": 1, 
            "peoples, why it": 1, 
            "perspire don't wanna": 1, 
            "petty little bullshit": 1, 
            "piece that you're": 1, 
            "piece you happen": 1, 
            "position wondering who's": 1, 
            "ran me this,": 1, 
            "react and perspire": 1, 
            "remember what i": 1, 
            "said to you,": 1, 
            "same on my": 1, 
            "say no more": 1, 
            "saying though, son": 1, 
            "see myself in": 1, 
            "seeing you baby": 1, 
            "shhh, say no": 1, 
            "shit and let's": 1, 
            "shit two people": 1, 
            "shit, i should": 1, 
            "should have know": 1, 
            "should i turn": 1, 
            "slide same on": 1, 
            "so now he": 1, 
            "some grown man": 1, 
            "somethin-somethin about the": 1, 
            "son shhh, say": 1, 
            "son, i testify": 1, 
            "spaces yo, check": 1, 
            "split remember what": 1, 
            "stall out position": 1, 
            "stand for but": 1, 
            "supplying, the dynamic": 1, 
            "sure as god": 1, 
            "take my life": 1, 
            "take the jigger": 1, 
            "testify sure as": 1, 
            "that you're kissing": 1, 
            "the act and": 1, 
            "the cats who": 1, 
            "the circle of": 1, 
            "the dime piece": 2, 
            "the dynamic duo,": 1, 
            "the goodness gracious": 1, 
            "the honor or": 1, 
            "the jigger and": 1, 
            "the other cheek": 1, 
            "the tip, he": 1, 
            "the wide spaces": 1, 
            "these crab asses": 1, 
            "thinking as one": 1, 
            "this shit two": 1, 
            "this stall out": 1, 
            "this, too much": 1, 
            "though, son shhh,": 1, 
            "thoughts is traveling": 1, 
            "tip, he be": 1, 
            "to be kissing": 1, 
            "to come down": 1, 
            "to let these": 1, 
            "to low desires": 1, 
            "to this shit": 1, 
            "to wet us,": 1, 
            "to you, you": 1, 
            "too much grounds": 1, 
            "traveling to low": 1, 
            "turn the other": 1, 
            "two people thinking": 1, 
            "us son, i": 1, 
            "us, cuz no": 1, 
            "wanna see myself": 1, 
            "was my guide": 1, 
            "we defend in": 1, 
            "we get down,": 1, 
            "we, friends if": 1, 
            "well take the": 1, 
            "wet us, cuz": 1, 
            "what are we,": 1, 
            "what i said": 1, 
            "who be fronting": 1, 
            "who's the dime": 1, 
            "why it got": 1, 
            "wide spaces yo,": 1, 
            "wife shit, i": 1, 
            "will forget us": 1, 
            "will slide same": 1, 
            "within the circle": 1, 
            "wondering who's the": 1, 
            "wood but now": 1, 
            "yo yo yo": 1, 
            "yo yo youse": 1, 
            "yo youse my": 1, 
            "yo, check it": 1, 
            "you baby in": 1, 
            "you bleed, i": 1, 
            "you did will": 1, 
            "you disrespected me": 1, 
            "you happen to": 1, 
            "you know how": 1, 
            "you know the": 1, 
            "you need and": 1, 
            "you night as": 1, 
            "you're down, you": 1, 
            "you're kissing you": 1, 
            "you, you bleed,": 1, 
            "youse my peoples,": 1
        }, 
        "4": {
            "": 1112, 
            "a lil somethin-somethin about": 1, 
            "about the cats who": 1, 
            "across the wide spaces": 1, 
            "act and my emotion": 1, 
            "after all, what are": 1, 
            "all across the wide": 1, 
            "all good get on": 1, 
            "all the goodness gracious": 1, 
            "all, what are we,": 1, 
            "allah forgive me, my": 1, 
            "and everything i stand": 1, 
            "and i'm supplying, the": 1, 
            "and let's knock on": 1, 
            "and make passes now": 1, 
            "and my emotion is": 1, 
            "and perspire don't wanna": 1, 
            "and take my life": 1, 
            "any petty little bullshit": 1, 
            "are we, friends if": 1, 
            "as god was my": 1, 
            "as one so now": 1, 
            "as well take the": 1, 
            "asses get within the": 1, 
            "attire but i caught": 1, 
            "baby in this stall": 1, 
            "be fronting you know": 1, 
            "be huntin for all": 1, 
            "be kissing is my": 1, 
            "bleed c'mon, you know": 1, 
            "bleed, i bleed c'mon,": 1, 
            "brotherhood cuz it's all": 1, 
            "bullshit you did will": 1, 
            "bust me down, yo": 1, 
            "but i caught him": 1, 
            "but i'm saying though,": 1, 
            "but now seeing you": 1, 
            "c'mon, you know how": 1, 
            "cats who be fronting": 1, 
            "caught him in the": 1, 
            "check it out, bust": 1, 
            "cheek or react and": 1, 
            "circle of my girl": 1, 
            "come down to this": 1, 
            "crab asses get within": 1, 
            "cuz it's all good": 1, 
            "cuz no one will": 1, 
            "cuz the dime piece": 1, 
            "defend in the honor": 1, 
            "desires should i turn": 1, 
            "did will slide same": 1, 
            "dime piece that you're": 1, 
            "dime piece you happen": 1, 
            "dire": 1, 
            "disrespected me and everything": 1, 
            "don't wanna see myself": 1, 
            "down to this shit": 1, 
            "down, if you're down,": 1, 
            "down, yo yo yo": 1, 
            "down, you need and": 1, 
            "duo, electricfying everybody had": 1, 
            "dynamic duo, electricfying everybody": 1, 
            "electricfying everybody had to": 1, 
            "emotion is dire": 1, 
            "end, after all, what": 1, 
            "everybody had to wet": 1, 
            "everything i stand for": 1, 
            "for all the goodness": 1, 
            "for but i'm saying": 1, 
            "forget us son, i": 1, 
            "forgive me, my thoughts": 1, 
            "friends if niggaz ran": 1, 
            "fronting you know the": 1, 
            "get down, if you're": 1, 
            "get on some grown": 1, 
            "get within the circle": 1, 
            "girl and make passes": 1, 
            "god was my guide": 1, 
            "good get on some": 1, 
            "goodness gracious all across": 1, 
            "got to come down": 1, 
            "gracious all across the": 1, 
            "grounds we defend in": 1, 
            "grown man shit and": 1, 
            "guide any petty little": 1, 
            "had to wet us,": 1, 
            "happen to be kissing": 1, 
            "have know not to": 1, 
            "he be huntin for": 1, 
            "he split remember what": 1, 
            "him in the act": 1, 
            "honor or brotherhood cuz": 1, 
            "how we get down,": 1, 
            "huntin for all the": 1, 
            "i bleed c'mon, you": 1, 
            "i caught him in": 1, 
            "i said to you,": 1, 
            "i should have know": 1, 
            "i stand for but": 1, 
            "i testify sure as": 1, 
            "i turn the other": 1, 
            "i'm saying though, son": 1, 
            "i'm supplying, the dynamic": 1, 
            "if niggaz ran me": 1, 
            "if you're down, you": 1, 
            "in penitentiary attire but": 1, 
            "in the act and": 1, 
            "in the honor or": 1, 
            "in this stall out": 1, 
            "is dire": 1, 
            "is my wife shit,": 1, 
            "is traveling to low": 1, 
            "it got to come": 1, 
            "it out, bust me": 1, 
            "it's all good get": 1, 
            "jigger and take my": 1, 
            "just a lil somethin-somethin": 1, 
            "kissing is my wife": 1, 
            "kissing you night as": 1, 
            "knock on wood but": 1, 
            "know how we get": 1, 
            "know not to let": 1, 
            "know the tip, he": 1, 
            "let these crab asses": 1, 
            "let's knock on wood": 1, 
            "life cuz the dime": 1, 
            "lil somethin-somethin about the": 1, 
            "little bullshit you did": 1, 
            "low desires should i": 1, 
            "make passes now you": 1, 
            "man shit and let's": 1, 
            "me and everything i": 1, 
            "me down, yo yo": 1, 
            "me this, too much": 1, 
            "me, my thoughts is": 1, 
            "more allah forgive me,": 1, 
            "much grounds we defend": 1, 
            "my emotion is dire": 1, 
            "my end, after all,": 1, 
            "my girl and make": 1, 
            "my guide any petty": 1, 
            "my life cuz the": 1, 
            "my peoples, why it": 1, 
            "my thoughts is traveling": 1, 
            "my wife shit, i": 1, 
            "myself in penitentiary attire": 1, 
            "need and i'm supplying,": 1, 
            "niggaz ran me this,": 1, 
            "night as well take": 1, 
            "no more allah forgive": 1, 
            "no one will forget": 1, 
            "not to let these": 1, 
            "now he split remember": 1, 
            "now seeing you baby": 1, 
            "now you disrespected me": 1, 
            "of my girl and": 1, 
            "on my end, after": 1, 
            "on some grown man": 1, 
            "on wood but now": 1, 
            "one so now he": 1, 
            "one will forget us": 1, 
            "or brotherhood cuz it's": 1, 
            "or react and perspire": 1, 
            "other cheek or react": 1, 
            "out position wondering who's": 1, 
            "out, bust me down,": 1, 
            "passes now you disrespected": 1, 
            "penitentiary attire but i": 1, 
            "people thinking as one": 1, 
            "peoples, why it got": 1, 
            "perspire don't wanna see": 1, 
            "petty little bullshit you": 1, 
            "piece that you're kissing": 1, 
            "piece you happen to": 1, 
            "position wondering who's the": 1, 
            "ran me this, too": 1, 
            "react and perspire don't": 1, 
            "remember what i said": 1, 
            "said to you, you": 1, 
            "same on my end,": 1, 
            "say no more allah": 1, 
            "saying though, son shhh,": 1, 
            "see myself in penitentiary": 1, 
            "seeing you baby in": 1, 
            "shhh, say no more": 1, 
            "shit and let's knock": 1, 
            "shit two people thinking": 1, 
            "shit, i should have": 1, 
            "should have know not": 1, 
            "should i turn the": 1, 
            "slide same on my": 1, 
            "so now he split": 1, 
            "some grown man shit": 1, 
            "somethin-somethin about the cats": 1, 
            "son shhh, say no": 1, 
            "son, i testify sure": 1, 
            "spaces yo, check it": 1, 
            "split remember what i": 1, 
            "stall out position wondering": 1, 
            "stand for but i'm": 1, 
            "supplying, the dynamic duo,": 1, 
            "sure as god was": 1, 
            "take my life cuz": 1, 
            "take the jigger and": 1, 
            "testify sure as god": 1, 
            "that you're kissing you": 1, 
            "the act and my": 1, 
            "the cats who be": 1, 
            "the circle of my": 1, 
            "the dime piece that": 1, 
            "the dime piece you": 1, 
            "the dynamic duo, electricfying": 1, 
            "the goodness gracious all": 1, 
            "the honor or brotherhood": 1, 
            "the jigger and take": 1, 
            "the other cheek or": 1, 
            "the tip, he be": 1, 
            "the wide spaces yo,": 1, 
            "these crab asses get": 1, 
            "thinking as one so": 1, 
            "this shit two people": 1, 
            "this stall out position": 1, 
            "this, too much grounds": 1, 
            "though, son shhh, say": 1, 
            "thoughts is traveling to": 1, 
            "tip, he be huntin": 1, 
            "to be kissing is": 1, 
            "to come down to": 1, 
            "to let these crab": 1, 
            "to low desires should": 1, 
            "to this shit two": 1, 
            "to wet us, cuz": 1, 
            "to you, you bleed,": 1, 
            "too much grounds we": 1, 
            "traveling to low desires": 1, 
            "turn the other cheek": 1, 
            "two people thinking as": 1, 
            "us son, i testify": 1, 
            "us, cuz no one": 1, 
            "wanna see myself in": 1, 
            "was my guide any": 1, 
            "we defend in the": 1, 
            "we get down, if": 1, 
            "we, friends if niggaz": 1, 
            "well take the jigger": 1, 
            "wet us, cuz no": 1, 
            "what are we, friends": 1, 
            "what i said to": 1, 
            "who be fronting you": 1, 
            "who's the dime piece": 1, 
            "why it got to": 1, 
            "wide spaces yo, check": 1, 
            "wife shit, i should": 1, 
            "will forget us son,": 1, 
            "will slide same on": 1, 
            "within the circle of": 1, 
            "wondering who's the dime": 1, 
            "wood but now seeing": 1, 
            "yo yo yo youse": 1, 
            "yo yo youse my": 1, 
            "yo youse my peoples,": 1, 
            "yo, check it out,": 1, 
            "you baby in this": 1, 
            "you bleed, i bleed": 1, 
            "you did will slide": 1, 
            "you disrespected me and": 1, 
            "you happen to be": 1, 
            "you know how we": 1, 
            "you know the tip,": 1, 
            "you need and i'm": 1, 
            "you night as well": 1, 
            "you're down, you need": 1, 
            "you're kissing you night": 1, 
            "you, you bleed, i": 1, 
            "youse my peoples, why": 1
        }, 
        "5": {
            "": 1111, 
            "a lil somethin-somethin about the": 1, 
            "about the cats who be": 1, 
            "across the wide spaces yo,": 1, 
            "act and my emotion is": 1, 
            "after all, what are we,": 1, 
            "all across the wide spaces": 1, 
            "all good get on some": 1, 
            "all the goodness gracious all": 1, 
            "all, what are we, friends": 1, 
            "allah forgive me, my thoughts": 1, 
            "and everything i stand for": 1, 
            "and i'm supplying, the dynamic": 1, 
            "and let's knock on wood": 1, 
            "and make passes now you": 1, 
            "and my emotion is dire": 1, 
            "and perspire don't wanna see": 1, 
            "and take my life cuz": 1, 
            "any petty little bullshit you": 1, 
            "are we, friends if niggaz": 1, 
            "as god was my guide": 1, 
            "as one so now he": 1, 
            "as well take the jigger": 1, 
            "asses get within the circle": 1, 
            "attire but i caught him": 1, 
            "baby in this stall out": 1, 
            "be fronting you know the": 1, 
            "be huntin for all the": 1, 
            "be kissing is my wife": 1, 
            "bleed c'mon, you know how": 1, 
            "bleed, i bleed c'mon, you": 1, 
            "brotherhood cuz it's all good": 1, 
            "bullshit you did will slide": 1, 
            "bust me down, yo yo": 1, 
            "but i caught him in": 1, 
            "but i'm saying though, son": 1, 
            "but now seeing you baby": 1, 
            "c'mon, you know how we": 1, 
            "cats who be fronting you": 1, 
            "caught him in the act": 1, 
            "check it out, bust me": 1, 
            "cheek or react and perspire": 1, 
            "circle of my girl and": 1, 
            "come down to this shit": 1, 
            "crab asses get within the": 1, 
            "cuz it's all good get": 1, 
            "cuz no one will forget": 1, 
            "cuz the dime piece you": 1, 
            "defend in the honor or": 1, 
            "desires should i turn the": 1, 
            "did will slide same on": 1, 
            "dime piece that you're kissing": 1, 
            "dime piece you happen to": 1, 
            "dire": 1, 
            "disrespected me and everything i": 1, 
            "don't wanna see myself in": 1, 
            "down to this shit two": 1, 
            "down, if you're down, you": 1, 
            "down, yo yo yo youse": 1, 
            "down, you need and i'm": 1, 
            "duo, electricfying everybody had to": 1, 
            "dynamic duo, electricfying everybody had": 1, 
            "electricfying everybody had to wet": 1, 
            "emotion is dire": 1, 
            "end, after all, what are": 1, 
            "everybody had to wet us,": 1, 
            "everything i stand for but": 1, 
            "for all the goodness gracious": 1, 
            "for but i'm saying though,": 1, 
            "forget us son, i testify": 1, 
            "forgive me, my thoughts is": 1, 
            "friends if niggaz ran me": 1, 
            "fronting you know the tip,": 1, 
            "get down, if you're down,": 1, 
            "get on some grown man": 1, 
            "get within the circle of": 1, 
            "girl and make passes now": 1, 
            "god was my guide any": 1, 
            "good get on some grown": 1, 
            "goodness gracious all across the": 1, 
            "got to come down to": 1, 
            "gracious all across the wide": 1, 
            "grounds we defend in the": 1, 
            "grown man shit and let's": 1, 
            "guide any petty little bullshit": 1, 
            "had to wet us, cuz": 1, 
            "happen to be kissing is": 1, 
            "have know not to let": 1, 
            "he be huntin for all": 1, 
            "he split remember what i": 1, 
            "him in the act and": 1, 
            "honor or brotherhood cuz it's": 1, 
            "how we get down, if": 1, 
            "huntin for all the goodness": 1, 
            "i bleed c'mon, you know": 1, 
            "i caught him in the": 1, 
            "i said to you, you": 1, 
            "i should have know not": 1, 
            "i stand for but i'm": 1, 
            "i testify sure as god": 1, 
            "i turn the other cheek": 1, 
            "i'm saying though, son shhh,": 1, 
            "i'm supplying, the dynamic duo,": 1, 
            "if niggaz ran me this,": 1, 
            "if you're down, you need": 1, 
            "in penitentiary attire but i": 1, 
            "in the act and my": 1, 
            "in the honor or brotherhood": 1, 
            "in this stall out position": 1, 
            "is dire": 1, 
            "is my wife shit, i": 1, 
            "is traveling to low desires": 1, 
            "it got to come down": 1, 
            "it out, bust me down,": 1, 
            "it's all good get on": 1, 
            "jigger and take my life": 1, 
            "just a lil somethin-somethin about": 1, 
            "kissing is my wife shit,": 1, 
            "kissing you night as well": 1, 
            "knock on wood but now": 1, 
            "know how we get down,": 1, 
            "know not to let these": 1, 
            "know the tip, he be": 1, 
            "let these crab asses get": 1, 
            "let's knock on wood but": 1, 
            "life cuz the dime piece": 1, 
            "lil somethin-somethin about the cats": 1, 
            "little bullshit you did will": 1, 
            "low desires should i turn": 1, 
            "make passes now you disrespected": 1, 
            "man shit and let's knock": 1, 
            "me and everything i stand": 1, 
            "me down, yo yo yo": 1, 
            "me this, too much grounds": 1, 
            "me, my thoughts is traveling": 1, 
            "more allah forgive me, my": 1, 
            "much grounds we defend in": 1, 
            "my emotion is dire": 1, 
            "my end, after all, what": 1, 
            "my girl and make passes": 1, 
            "my guide any petty little": 1, 
            "my life cuz the dime": 1, 
            "my peoples, why it got": 1, 
            "my thoughts is traveling to": 1, 
            "my wife shit, i should": 1, 
            "myself in penitentiary attire but": 1, 
            "need and i'm supplying, the": 1, 
            "niggaz ran me this, too": 1, 
            "night as well take the": 1, 
            "no more allah forgive me,": 1, 
            "no one will forget us": 1, 
            "not to let these crab": 1, 
            "now he split remember what": 1, 
            "now seeing you baby in": 1, 
            "now you disrespected me and": 1, 
            "of my girl and make": 1, 
            "on my end, after all,": 1, 
            "on some grown man shit": 1, 
            "on wood but now seeing": 1, 
            "one so now he split": 1, 
            "one will forget us son,": 1, 
            "or brotherhood cuz it's all": 1, 
            "or react and perspire don't": 1, 
            "other cheek or react and": 1, 
            "out position wondering who's the": 1, 
            "out, bust me down, yo": 1, 
            "passes now you disrespected me": 1, 
            "penitentiary attire but i caught": 1, 
            "people thinking as one so": 1, 
            "peoples, why it got to": 1, 
            "perspire don't wanna see myself": 1, 
            "petty little bullshit you did": 1, 
            "piece that you're kissing you": 1, 
            "piece you happen to be": 1, 
            "position wondering who's the dime": 1, 
            "ran me this, too much": 1, 
            "react and perspire don't wanna": 1, 
            "remember what i said to": 1, 
            "said to you, you bleed,": 1, 
            "same on my end, after": 1, 
            "say no more allah forgive": 1, 
            "saying though, son shhh, say": 1, 
            "see myself in penitentiary attire": 1, 
            "seeing you baby in this": 1, 
            "shhh, say no more allah": 1, 
            "shit and let's knock on": 1, 
            "shit two people thinking as": 1, 
            "shit, i should have know": 1, 
            "should have know not to": 1, 
            "should i turn the other": 1, 
            "slide same on my end,": 1, 
            "so now he split remember": 1, 
            "some grown man shit and": 1, 
            "somethin-somethin about the cats who": 1, 
            "son shhh, say no more": 1, 
            "son, i testify sure as": 1, 
            "spaces yo, check it out,": 1, 
            "split remember what i said": 1, 
            "stall out position wondering who's": 1, 
            "stand for but i'm saying": 1, 
            "supplying, the dynamic duo, electricfying": 1, 
            "sure as god was my": 1, 
            "take my life cuz the": 1, 
            "take the jigger and take": 1, 
            "testify sure as god was": 1, 
            "that you're kissing you night": 1, 
            "the act and my emotion": 1, 
            "the cats who be fronting": 1, 
            "the circle of my girl": 1, 
            "the dime piece that you're": 1, 
            "the dime piece you happen": 1, 
            "the dynamic duo, electricfying everybody": 1, 
            "the goodness gracious all across": 1, 
            "the honor or brotherhood cuz": 1, 
            "the jigger and take my": 1, 
            "the other cheek or react": 1, 
            "the tip, he be huntin": 1, 
            "the wide spaces yo, check": 1, 
            "these crab asses get within": 1, 
            "thinking as one so now": 1, 
            "this shit two people thinking": 1, 
            "this stall out position wondering": 1, 
            "this, too much grounds we": 1, 
            "though, son shhh, say no": 1, 
            "thoughts is traveling to low": 1, 
            "tip, he be huntin for": 1, 
            "to be kissing is my": 1, 
            "to come down to this": 1, 
            "to let these crab asses": 1, 
            "to low desires should i": 1, 
            "to this shit two people": 1, 
            "to wet us, cuz no": 1, 
            "to you, you bleed, i": 1, 
            "too much grounds we defend": 1, 
            "traveling to low desires should": 1, 
            "turn the other cheek or": 1, 
            "two people thinking as one": 1, 
            "us son, i testify sure": 1, 
            "us, cuz no one will": 1, 
            "wanna see myself in penitentiary": 1, 
            "was my guide any petty": 1, 
            "we defend in the honor": 1, 
            "we get down, if you're": 1, 
            "we, friends if niggaz ran": 1, 
            "well take the jigger and": 1, 
            "wet us, cuz no one": 1, 
            "what are we, friends if": 1, 
            "what i said to you,": 1, 
            "who be fronting you know": 1, 
            "who's the dime piece that": 1, 
            "why it got to come": 1, 
            "wide spaces yo, check it": 1, 
            "wife shit, i should have": 1, 
            "will forget us son, i": 1, 
            "will slide same on my": 1, 
            "within the circle of my": 1, 
            "wondering who's the dime piece": 1, 
            "wood but now seeing you": 1, 
            "yo yo yo youse my": 1, 
            "yo yo youse my peoples,": 1, 
            "yo youse my peoples, why": 1, 
            "yo, check it out, bust": 1, 
            "you baby in this stall": 1, 
            "you bleed, i bleed c'mon,": 1, 
            "you did will slide same": 1, 
            "you disrespected me and everything": 1, 
            "you happen to be kissing": 1, 
            "you know how we get": 1, 
            "you know the tip, he": 1, 
            "you need and i'm supplying,": 1, 
            "you night as well take": 1, 
            "you're down, you need and": 1, 
            "you're kissing you night as": 1, 
            "you, you bleed, i bleed": 1, 
            "youse my peoples, why it": 1
        }, 
        "6": {
            "": 1110, 
            "a lil somethin-somethin about the cats": 1, 
            "about the cats who be fronting": 1, 
            "across the wide spaces yo, check": 1, 
            "act and my emotion is dire": 1, 
            "after all, what are we, friends": 1, 
            "all across the wide spaces yo,": 1, 
            "all good get on some grown": 1, 
            "all the goodness gracious all across": 1, 
            "all, what are we, friends if": 1, 
            "allah forgive me, my thoughts is": 1, 
            "and everything i stand for but": 1, 
            "and i'm supplying, the dynamic duo,": 1, 
            "and let's knock on wood but": 1, 
            "and make passes now you disrespected": 1, 
            "and my emotion is dire": 1, 
            "and perspire don't wanna see myself": 1, 
            "and take my life cuz the": 1, 
            "any petty little bullshit you did": 1, 
            "are we, friends if niggaz ran": 1, 
            "as god was my guide any": 1, 
            "as one so now he split": 1, 
            "as well take the jigger and": 1, 
            "asses get within the circle of": 1, 
            "attire but i caught him in": 1, 
            "baby in this stall out position": 1, 
            "be fronting you know the tip,": 1, 
            "be huntin for all the goodness": 1, 
            "be kissing is my wife shit,": 1, 
            "bleed c'mon, you know how we": 1, 
            "bleed, i bleed c'mon, you know": 1, 
            "brotherhood cuz it's all good get": 1, 
            "bullshit you did will slide same": 1, 
            "bust me down, yo yo yo": 1, 
            "but i caught him in the": 1, 
            "but i'm saying though, son shhh,": 1, 
            "but now seeing you baby in": 1, 
            "c'mon, you know how we get": 1, 
            "cats who be fronting you know": 1, 
            "caught him in the act and": 1, 
            "check it out, bust me down,": 1, 
            "cheek or react and perspire don't": 1, 
            "circle of my girl and make": 1, 
            "come down to this shit two": 1, 
            "crab asses get within the circle": 1, 
            "cuz it's all good get on": 1, 
            "cuz no one will forget us": 1, 
            "cuz the dime piece you happen": 1, 
            "defend in the honor or brotherhood": 1, 
            "desires should i turn the other": 1, 
            "did will slide same on my": 1, 
            "dime piece that you're kissing you": 1, 
            "dime piece you happen to be": 1, 
            "dire": 1, 
            "disrespected me and everything i stand": 1, 
            "don't wanna see myself in penitentiary": 1, 
            "down to this shit two people": 1, 
            "down, if you're down, you need": 1, 
            "down, yo yo yo youse my": 1, 
            "down, you need and i'm supplying,": 1, 
            "duo, electricfying everybody had to wet": 1, 
            "dynamic duo, electricfying everybody had to": 1, 
            "electricfying everybody had to wet us,": 1, 
            "emotion is dire": 1, 
            "end, after all, what are we,": 1, 
            "everybody had to wet us, cuz": 1, 
            "everything i stand for but i'm": 1, 
            "for all the goodness gracious all": 1, 
            "for but i'm saying though, son": 1, 
            "forget us son, i testify sure": 1, 
            "forgive me, my thoughts is traveling": 1, 
            "friends if niggaz ran me this,": 1, 
            "fronting you know the tip, he": 1, 
            "get down, if you're down, you": 1, 
            "get on some grown man shit": 1, 
            "get within the circle of my": 1, 
            "girl and make passes now you": 1, 
            "god was my guide any petty": 1, 
            "good get on some grown man": 1, 
            "goodness gracious all across the wide": 1, 
            "got to come down to this": 1, 
            "gracious all across the wide spaces": 1, 
            "grounds we defend in the honor": 1, 
            "grown man shit and let's knock": 1, 
            "guide any petty little bullshit you": 1, 
            "had to wet us, cuz no": 1, 
            "happen to be kissing is my": 1, 
            "have know not to let these": 1, 
            "he be huntin for all the": 1, 
            "he split remember what i said": 1, 
            "him in the act and my": 1, 
            "honor or brotherhood cuz it's all": 1, 
            "how we get down, if you're": 1, 
            "huntin for all the goodness gracious": 1, 
            "i bleed c'mon, you know how": 1, 
            "i caught him in the act": 1, 
            "i said to you, you bleed,": 1, 
            "i should have know not to": 1, 
            "i stand for but i'm saying": 1, 
            "i testify sure as god was": 1, 
            "i turn the other cheek or": 1, 
            "i'm saying though, son shhh, say": 1, 
            "i'm supplying, the dynamic duo, electricfying": 1, 
            "if niggaz ran me this, too": 1, 
            "if you're down, you need and": 1, 
            "in penitentiary attire but i caught": 1, 
            "in the act and my emotion": 1, 
            "in the honor or brotherhood cuz": 1, 
            "in this stall out position wondering": 1, 
            "is dire": 1, 
            "is my wife shit, i should": 1, 
            "is traveling to low desires should": 1, 
            "it got to come down to": 1, 
            "it out, bust me down, yo": 1, 
            "it's all good get on some": 1, 
            "jigger and take my life cuz": 1, 
            "just a lil somethin-somethin about the": 1, 
            "kissing is my wife shit, i": 1, 
            "kissing you night as well take": 1, 
            "knock on wood but now seeing": 1, 
            "know how we get down, if": 1, 
            "know not to let these crab": 1, 
            "know the tip, he be huntin": 1, 
            "let these crab asses get within": 1, 
            "let's knock on wood but now": 1, 
            "life cuz the dime piece you": 1, 
            "lil somethin-somethin about the cats who": 1, 
            "little bullshit you did will slide": 1, 
            "low desires should i turn the": 1, 
            "make passes now you disrespected me": 1, 
            "man shit and let's knock on": 1, 
            "me and everything i stand for": 1, 
            "me down, yo yo yo youse": 1, 
            "me this, too much grounds we": 1, 
            "me, my thoughts is traveling to": 1, 
            "more allah forgive me, my thoughts": 1, 
            "much grounds we defend in the": 1, 
            "my emotion is dire": 1, 
            "my end, after all, what are": 1, 
            "my girl and make passes now": 1, 
            "my guide any petty little bullshit": 1, 
            "my life cuz the dime piece": 1, 
            "my peoples, why it got to": 1, 
            "my thoughts is traveling to low": 1, 
            "my wife shit, i should have": 1, 
            "myself in penitentiary attire but i": 1, 
            "need and i'm supplying, the dynamic": 1, 
            "niggaz ran me this, too much": 1, 
            "night as well take the jigger": 1, 
            "no more allah forgive me, my": 1, 
            "no one will forget us son,": 1, 
            "not to let these crab asses": 1, 
            "now he split remember what i": 1, 
            "now seeing you baby in this": 1, 
            "now you disrespected me and everything": 1, 
            "of my girl and make passes": 1, 
            "on my end, after all, what": 1, 
            "on some grown man shit and": 1, 
            "on wood but now seeing you": 1, 
            "one so now he split remember": 1, 
            "one will forget us son, i": 1, 
            "or brotherhood cuz it's all good": 1, 
            "or react and perspire don't wanna": 1, 
            "other cheek or react and perspire": 1, 
            "out position wondering who's the dime": 1, 
            "out, bust me down, yo yo": 1, 
            "passes now you disrespected me and": 1, 
            "penitentiary attire but i caught him": 1, 
            "people thinking as one so now": 1, 
            "peoples, why it got to come": 1, 
            "perspire don't wanna see myself in": 1, 
            "petty little bullshit you did will": 1, 
            "piece that you're kissing you night": 1, 
            "piece you happen to be kissing": 1, 
            "position wondering who's the dime piece": 1, 
            "ran me this, too much grounds": 1, 
            "react and perspire don't wanna see": 1, 
            "remember what i said to you,": 1, 
            "said to you, you bleed, i": 1, 
            "same on my end, after all,": 1, 
            "say no more allah forgive me,": 1, 
            "saying though, son shhh, say no": 1, 
            "see myself in penitentiary attire but": 1, 
            "seeing you baby in this stall": 1, 
            "shhh, say no more allah forgive": 1, 
            "shit and let's knock on wood": 1, 
            "shit two people thinking as one": 1, 
            "shit, i should have know not": 1, 
            "should have know not to let": 1, 
            "should i turn the other cheek": 1, 
            "slide same on my end, after": 1, 
            "so now he split remember what": 1, 
            "some grown man shit and let's": 1, 
            "somethin-somethin about the cats who be": 1, 
            "son shhh, say no more allah": 1, 
            "son, i testify sure as god": 1, 
            "spaces yo, check it out, bust": 1, 
            "split remember what i said to": 1, 
            "stall out position wondering who's the": 1, 
            "stand for but i'm saying though,": 1, 
            "supplying, the dynamic duo, electricfying everybody": 1, 
            "sure as god was my guide": 1, 
            "take my life cuz the dime": 1, 
            "take the jigger and take my": 1, 
            "testify sure as god was my": 1, 
            "that you're kissing you night as": 1, 
            "the act and my emotion is": 1, 
            "the cats who be fronting you": 1, 
            "the circle of my girl and": 1, 
            "the dime piece that you're kissing": 1, 
            "the dime piece you happen to": 1, 
            "the dynamic duo, electricfying everybody had": 1, 
            "the goodness gracious all across the": 1, 
            "the honor or brotherhood cuz it's": 1, 
            "the jigger and take my life": 1, 
            "the other cheek or react and": 1, 
            "the tip, he be huntin for": 1, 
            "the wide spaces yo, check it": 1, 
            "these crab asses get within the": 1, 
            "thinking as one so now he": 1, 
            "this shit two people thinking as": 1, 
            "this stall out position wondering who's": 1, 
            "this, too much grounds we defend": 1, 
            "though, son shhh, say no more": 1, 
            "thoughts is traveling to low desires": 1, 
            "tip, he be huntin for all": 1, 
            "to be kissing is my wife": 1, 
            "to come down to this shit": 1, 
            "to let these crab asses get": 1, 
            "to low desires should i turn": 1, 
            "to this shit two people thinking": 1, 
            "to wet us, cuz no one": 1, 
            "to you, you bleed, i bleed": 1, 
            "too much grounds we defend in": 1, 
            "traveling to low desires should i": 1, 
            "turn the other cheek or react": 1, 
            "two people thinking as one so": 1, 
            "us son, i testify sure as": 1, 
            "us, cuz no one will forget": 1, 
            "wanna see myself in penitentiary attire": 1, 
            "was my guide any petty little": 1, 
            "we defend in the honor or": 1, 
            "we get down, if you're down,": 1, 
            "we, friends if niggaz ran me": 1, 
            "well take the jigger and take": 1, 
            "wet us, cuz no one will": 1, 
            "what are we, friends if niggaz": 1, 
            "what i said to you, you": 1, 
            "who be fronting you know the": 1, 
            "who's the dime piece that you're": 1, 
            "why it got to come down": 1, 
            "wide spaces yo, check it out,": 1, 
            "wife shit, i should have know": 1, 
            "will forget us son, i testify": 1, 
            "will slide same on my end,": 1, 
            "within the circle of my girl": 1, 
            "wondering who's the dime piece that": 1, 
            "wood but now seeing you baby": 1, 
            "yo yo yo youse my peoples,": 1, 
            "yo yo youse my peoples, why": 1, 
            "yo youse my peoples, why it": 1, 
            "yo, check it out, bust me": 1, 
            "you baby in this stall out": 1, 
            "you bleed, i bleed c'mon, you": 1, 
            "you did will slide same on": 1, 
            "you disrespected me and everything i": 1, 
            "you happen to be kissing is": 1, 
            "you know how we get down,": 1, 
            "you know the tip, he be": 1, 
            "you need and i'm supplying, the": 1, 
            "you night as well take the": 1, 
            "you're down, you need and i'm": 1, 
            "you're kissing you night as well": 1, 
            "you, you bleed, i bleed c'mon,": 1, 
            "youse my peoples, why it got": 1
        }, 
        "7": {
            "": 1109, 
            "a lil somethin-somethin about the cats who": 1, 
            "about the cats who be fronting you": 1, 
            "across the wide spaces yo, check it": 1, 
            "act and my emotion is dire": 1, 
            "after all, what are we, friends if": 1, 
            "all across the wide spaces yo, check": 1, 
            "all good get on some grown man": 1, 
            "all the goodness gracious all across the": 1, 
            "all, what are we, friends if niggaz": 1, 
            "allah forgive me, my thoughts is traveling": 1, 
            "and everything i stand for but i'm": 1, 
            "and i'm supplying, the dynamic duo, electricfying": 1, 
            "and let's knock on wood but now": 1, 
            "and make passes now you disrespected me": 1, 
            "and my emotion is dire": 1, 
            "and perspire don't wanna see myself in": 1, 
            "and take my life cuz the dime": 1, 
            "any petty little bullshit you did will": 1, 
            "are we, friends if niggaz ran me": 1, 
            "as god was my guide any petty": 1, 
            "as one so now he split remember": 1, 
            "as well take the jigger and take": 1, 
            "asses get within the circle of my": 1, 
            "attire but i caught him in the": 1, 
            "baby in this stall out position wondering": 1, 
            "be fronting you know the tip, he": 1, 
            "be huntin for all the goodness gracious": 1, 
            "be kissing is my wife shit, i": 1, 
            "bleed c'mon, you know how we get": 1, 
            "bleed, i bleed c'mon, you know how": 1, 
            "brotherhood cuz it's all good get on": 1, 
            "bullshit you did will slide same on": 1, 
            "bust me down, yo yo yo youse": 1, 
            "but i caught him in the act": 1, 
            "but i'm saying though, son shhh, say": 1, 
            "but now seeing you baby in this": 1, 
            "c'mon, you know how we get down,": 1, 
            "cats who be fronting you know the": 1, 
            "caught him in the act and my": 1, 
            "check it out, bust me down, yo": 1, 
            "cheek or react and perspire don't wanna": 1, 
            "circle of my girl and make passes": 1, 
            "come down to this shit two people": 1, 
            "crab asses get within the circle of": 1, 
            "cuz it's all good get on some": 1, 
            "cuz no one will forget us son,": 1, 
            "cuz the dime piece you happen to": 1, 
            "defend in the honor or brotherhood cuz": 1, 
            "desires should i turn the other cheek": 1, 
            "did will slide same on my end,": 1, 
            "dime piece that you're kissing you night": 1, 
            "dime piece you happen to be kissing": 1, 
            "dire": 1, 
            "disrespected me and everything i stand for": 1, 
            "don't wanna see myself in penitentiary attire": 1, 
            "down to this shit two people thinking": 1, 
            "down, if you're down, you need and": 1, 
            "down, yo yo yo youse my peoples,": 1, 
            "down, you need and i'm supplying, the": 1, 
            "duo, electricfying everybody had to wet us,": 1, 
            "dynamic duo, electricfying everybody had to wet": 1, 
            "electricfying everybody had to wet us, cuz": 1, 
            "emotion is dire": 1, 
            "end, after all, what are we, friends": 1, 
            "everybody had to wet us, cuz no": 1, 
            "everything i stand for but i'm saying": 1, 
            "for all the goodness gracious all across": 1, 
            "for but i'm saying though, son shhh,": 1, 
            "forget us son, i testify sure as": 1, 
            "forgive me, my thoughts is traveling to": 1, 
            "friends if niggaz ran me this, too": 1, 
            "fronting you know the tip, he be": 1, 
            "get down, if you're down, you need": 1, 
            "get on some grown man shit and": 1, 
            "get within the circle of my girl": 1, 
            "girl and make passes now you disrespected": 1, 
            "god was my guide any petty little": 1, 
            "good get on some grown man shit": 1, 
            "goodness gracious all across the wide spaces": 1, 
            "got to come down to this shit": 1, 
            "gracious all across the wide spaces yo,": 1, 
            "grounds we defend in the honor or": 1, 
            "grown man shit and let's knock on": 1, 
            "guide any petty little bullshit you did": 1, 
            "had to wet us, cuz no one": 1, 
            "happen to be kissing is my wife": 1, 
            "have know not to let these crab": 1, 
            "he be huntin for all the goodness": 1, 
            "he split remember what i said to": 1, 
            "him in the act and my emotion": 1, 
            "honor or brotherhood cuz it's all good": 1, 
            "how we get down, if you're down,": 1, 
            "huntin for all the goodness gracious all": 1, 
            "i bleed c'mon, you know how we": 1, 
            "i caught him in the act and": 1, 
            "i said to you, you bleed, i": 1, 
            "i should have know not to let": 1, 
            "i stand for but i'm saying though,": 1, 
            "i testify sure as god was my": 1, 
            "i turn the other cheek or react": 1, 
            "i'm saying though, son shhh, say no": 1, 
            "i'm supplying, the dynamic duo, electricfying everybody": 1, 
            "if niggaz ran me this, too much": 1, 
            "if you're down, you need and i'm": 1, 
            "in penitentiary attire but i caught him": 1, 
            "in the act and my emotion is": 1, 
            "in the honor or brotherhood cuz it's": 1, 
            "in this stall out position wondering who's": 1, 
            "is dire": 1, 
            "is my wife shit, i should have": 1, 
            "is traveling to low desires should i": 1, 
            "it got to come down to this": 1, 
            "it out, bust me down, yo yo": 1, 
            "it's all good get on some grown": 1, 
            "jigger and take my life cuz the": 1, 
            "just a lil somethin-somethin about the cats": 1, 
            "kissing is my wife shit, i should": 1, 
            "kissing you night as well take the": 1, 
            "knock on wood but now seeing you": 1, 
            "know how we get down, if you're": 1, 
            "know not to let these crab asses": 1, 
            "know the tip, he be huntin for": 1, 
            "let these crab asses get within the": 1, 
            "let's knock on wood but now seeing": 1, 
            "life cuz the dime piece you happen": 1, 
            "lil somethin-somethin about the cats who be": 1, 
            "little bullshit you did will slide same": 1, 
            "low desires should i turn the other": 1, 
            "make passes now you disrespected me and": 1, 
            "man shit and let's knock on wood": 1, 
            "me and everything i stand for but": 1, 
            "me down, yo yo yo youse my": 1, 
            "me this, too much grounds we defend": 1, 
            "me, my thoughts is traveling to low": 1, 
            "more allah forgive me, my thoughts is": 1, 
            "much grounds we defend in the honor": 1, 
            "my emotion is dire": 1, 
            "my end, after all, what are we,": 1, 
            "my girl and make passes now you": 1, 
            "my guide any petty little bullshit you": 1, 
            "my life cuz the dime piece you": 1, 
            "my peoples, why it got to come": 1, 
            "my thoughts is traveling to low desires": 1, 
            "my wife shit, i should have know": 1, 
            "myself in penitentiary attire but i caught": 1, 
            "need and i'm supplying, the dynamic duo,": 1, 
            "niggaz ran me this, too much grounds": 1, 
            "night as well take the jigger and": 1, 
            "no more allah forgive me, my thoughts": 1, 
            "no one will forget us son, i": 1, 
            "not to let these crab asses get": 1, 
            "now he split remember what i said": 1, 
            "now seeing you baby in this stall": 1, 
            "now you disrespected me and everything i": 1, 
            "of my girl and make passes now": 1, 
            "on my end, after all, what are": 1, 
            "on some grown man shit and let's": 1, 
            "on wood but now seeing you baby": 1, 
            "one so now he split remember what": 1, 
            "one will forget us son, i testify": 1, 
            "or brotherhood cuz it's all good get": 1, 
            "or react and perspire don't wanna see": 1, 
            "other cheek or react and perspire don't": 1, 
            "out position wondering who's the dime piece": 1, 
            "out, bust me down, yo yo yo": 1, 
            "passes now you disrespected me and everything": 1, 
            "penitentiary attire but i caught him in": 1, 
            "people thinking as one so now he": 1, 
            "peoples, why it got to come down": 1, 
            "perspire don't wanna see myself in penitentiary": 1, 
            "petty little bullshit you did will slide": 1, 
            "piece that you're kissing you night as": 1, 
            "piece you happen to be kissing is": 1, 
            "position wondering who's the dime piece that": 1, 
            "ran me this, too much grounds we": 1, 
            "react and perspire don't wanna see myself": 1, 
            "remember what i said to you, you": 1, 
            "said to you, you bleed, i bleed": 1, 
            "same on my end, after all, what": 1, 
            "say no more allah forgive me, my": 1, 
            "saying though, son shhh, say no more": 1, 
            "see myself in penitentiary attire but i": 1, 
            "seeing you baby in this stall out": 1, 
            "shhh, say no more allah forgive me,": 1, 
            "shit and let's knock on wood but": 1, 
            "shit two people thinking as one so": 1, 
            "shit, i should have know not to": 1, 
            "should have know not to let these": 1, 
            "should i turn the other cheek or": 1, 
            "slide same on my end, after all,": 1, 
            "so now he split remember what i": 1, 
            "some grown man shit and let's knock": 1, 
            "somethin-somethin about the cats who be fronting": 1, 
            "son shhh, say no more allah forgive": 1, 
            "son, i testify sure as god was": 1, 
            "spaces yo, check it out, bust me": 1, 
            "split remember what i said to you,": 1, 
            "stall out position wondering who's the dime": 1, 
            "stand for but i'm saying though, son": 1, 
            "supplying, the dynamic duo, electricfying everybody had": 1, 
            "sure as god was my guide any": 1, 
            "take my life cuz the dime piece": 1, 
            "take the jigger and take my life": 1, 
            "testify sure as god was my guide": 1, 
            "that you're kissing you night as well": 1, 
            "the act and my emotion is dire": 1, 
            "the cats who be fronting you know": 1, 
            "the circle of my girl and make": 1, 
            "the dime piece that you're kissing you": 1, 
            "the dime piece you happen to be": 1, 
            "the dynamic duo, electricfying everybody had to": 1, 
            "the goodness gracious all across the wide": 1, 
            "the honor or brotherhood cuz it's all": 1, 
            "the jigger and take my life cuz": 1, 
            "the other cheek or react and perspire": 1, 
            "the tip, he be huntin for all": 1, 
            "the wide spaces yo, check it out,": 1, 
            "these crab asses get within the circle": 1, 
            "thinking as one so now he split": 1, 
            "this shit two people thinking as one": 1, 
            "this stall out position wondering who's the": 1, 
            "this, too much grounds we defend in": 1, 
            "though, son shhh, say no more allah": 1, 
            "thoughts is traveling to low desires should": 1, 
            "tip, he be huntin for all the": 1, 
            "to be kissing is my wife shit,": 1, 
            "to come down to this shit two": 1, 
            "to let these crab asses get within": 1, 
            "to low desires should i turn the": 1, 
            "to this shit two people thinking as": 1, 
            "to wet us, cuz no one will": 1, 
            "to you, you bleed, i bleed c'mon,": 1, 
            "too much grounds we defend in the": 1, 
            "traveling to low desires should i turn": 1, 
            "turn the other cheek or react and": 1, 
            "two people thinking as one so now": 1, 
            "us son, i testify sure as god": 1, 
            "us, cuz no one will forget us": 1, 
            "wanna see myself in penitentiary attire but": 1, 
            "was my guide any petty little bullshit": 1, 
            "we defend in the honor or brotherhood": 1, 
            "we get down, if you're down, you": 1, 
            "we, friends if niggaz ran me this,": 1, 
            "well take the jigger and take my": 1, 
            "wet us, cuz no one will forget": 1, 
            "what are we, friends if niggaz ran": 1, 
            "what i said to you, you bleed,": 1, 
            "who be fronting you know the tip,": 1, 
            "who's the dime piece that you're kissing": 1, 
            "why it got to come down to": 1, 
            "wide spaces yo, check it out, bust": 1, 
            "wife shit, i should have know not": 1, 
            "will forget us son, i testify sure": 1, 
            "will slide same on my end, after": 1, 
            "within the circle of my girl and": 1, 
            "wondering who's the dime piece that you're": 1, 
            "wood but now seeing you baby in": 1, 
            "yo yo yo youse my peoples, why": 1, 
            "yo yo youse my peoples, why it": 1, 
            "yo youse my peoples, why it got": 1, 
            "yo, check it out, bust me down,": 1, 
            "you baby in this stall out position": 1, 
            "you bleed, i bleed c'mon, you know": 1, 
            "you did will slide same on my": 1, 
            "you disrespected me and everything i stand": 1, 
            "you happen to be kissing is my": 1, 
            "you know how we get down, if": 1, 
            "you know the tip, he be huntin": 1, 
            "you need and i'm supplying, the dynamic": 1, 
            "you night as well take the jigger": 1, 
            "you're down, you need and i'm supplying,": 1, 
            "you're kissing you night as well take": 1, 
            "you, you bleed, i bleed c'mon, you": 1, 
            "youse my peoples, why it got to": 1
        }, 
        "8": {
            "": 1108, 
            "a lil somethin-somethin about the cats who be": 1, 
            "about the cats who be fronting you know": 1, 
            "across the wide spaces yo, check it out,": 1, 
            "act and my emotion is dire": 1, 
            "after all, what are we, friends if niggaz": 1, 
            "all across the wide spaces yo, check it": 1, 
            "all good get on some grown man shit": 1, 
            "all the goodness gracious all across the wide": 1, 
            "all, what are we, friends if niggaz ran": 1, 
            "allah forgive me, my thoughts is traveling to": 1, 
            "and everything i stand for but i'm saying": 1, 
            "and i'm supplying, the dynamic duo, electricfying everybody": 1, 
            "and let's knock on wood but now seeing": 1, 
            "and make passes now you disrespected me and": 1, 
            "and my emotion is dire": 1, 
            "and perspire don't wanna see myself in penitentiary": 1, 
            "and take my life cuz the dime piece": 1, 
            "any petty little bullshit you did will slide": 1, 
            "are we, friends if niggaz ran me this,": 1, 
            "as god was my guide any petty little": 1, 
            "as one so now he split remember what": 1, 
            "as well take the jigger and take my": 1, 
            "asses get within the circle of my girl": 1, 
            "attire but i caught him in the act": 1, 
            "baby in this stall out position wondering who's": 1, 
            "be fronting you know the tip, he be": 1, 
            "be huntin for all the goodness gracious all": 1, 
            "be kissing is my wife shit, i should": 1, 
            "bleed c'mon, you know how we get down,": 1, 
            "bleed, i bleed c'mon, you know how we": 1, 
            "brotherhood cuz it's all good get on some": 1, 
            "bullshit you did will slide same on my": 1, 
            "bust me down, yo yo yo youse my": 1, 
            "but i caught him in the act and": 1, 
            "but i'm saying though, son shhh, say no": 1, 
            "but now seeing you baby in this stall": 1, 
            "c'mon, you know how we get down, if": 1, 
            "cats who be fronting you know the tip,": 1, 
            "caught him in the act and my emotion": 1, 
            "check it out, bust me down, yo yo": 1, 
            "cheek or react and perspire don't wanna see": 1, 
            "circle of my girl and make passes now": 1, 
            "come down to this shit two people thinking": 1, 
            "crab asses get within the circle of my": 1, 
            "cuz it's all good get on some grown": 1, 
            "cuz no one will forget us son, i": 1, 
            "cuz the dime piece you happen to be": 1, 
            "defend in the honor or brotherhood cuz it's": 1, 
            "desires should i turn the other cheek or": 1, 
            "did will slide same on my end, after": 1, 
            "dime piece that you're kissing you night as": 1, 
            "dime piece you happen to be kissing is": 1, 
            "dire": 1, 
            "disrespected me and everything i stand for but": 1, 
            "don't wanna see myself in penitentiary attire but": 1, 
            "down to this shit two people thinking as": 1, 
            "down, if you're down, you need and i'm": 1, 
            "down, yo yo yo youse my peoples, why": 1, 
            "down, you need and i'm supplying, the dynamic": 1, 
            "duo, electricfying everybody had to wet us, cuz": 1, 
            "dynamic duo, electricfying everybody had to wet us,": 1, 
            "electricfying everybody had to wet us, cuz no": 1, 
            "emotion is dire": 1, 
            "end, after all, what are we, friends if": 1, 
            "everybody had to wet us, cuz no one": 1, 
            "everything i stand for but i'm saying though,": 1, 
            "for all the goodness gracious all across the": 1, 
            "for but i'm saying though, son shhh, say": 1, 
            "forget us son, i testify sure as god": 1, 
            "forgive me, my thoughts is traveling to low": 1, 
            "friends if niggaz ran me this, too much": 1, 
            "fronting you know the tip, he be huntin": 1, 
            "get down, if you're down, you need and": 1, 
            "get on some grown man shit and let's": 1, 
            "get within the circle of my girl and": 1, 
            "girl and make passes now you disrespected me": 1, 
            "god was my guide any petty little bullshit": 1, 
            "good get on some grown man shit and": 1, 
            "goodness gracious all across the wide spaces yo,": 1, 
            "got to come down to this shit two": 1, 
            "gracious all across the wide spaces yo, check": 1, 
            "grounds we defend in the honor or brotherhood": 1, 
            "grown man shit and let's knock on wood": 1, 
            "guide any petty little bullshit you did will": 1, 
            "had to wet us, cuz no one will": 1, 
            "happen to be kissing is my wife shit,": 1, 
            "have know not to let these crab asses": 1, 
            "he be huntin for all the goodness gracious": 1, 
            "he split remember what i said to you,": 1, 
            "him in the act and my emotion is": 1, 
            "honor or brotherhood cuz it's all good get": 1, 
            "how we get down, if you're down, you": 1, 
            "huntin for all the goodness gracious all across": 1, 
            "i bleed c'mon, you know how we get": 1, 
            "i caught him in the act and my": 1, 
            "i said to you, you bleed, i bleed": 1, 
            "i should have know not to let these": 1, 
            "i stand for but i'm saying though, son": 1, 
            "i testify sure as god was my guide": 1, 
            "i turn the other cheek or react and": 1, 
            "i'm saying though, son shhh, say no more": 1, 
            "i'm supplying, the dynamic duo, electricfying everybody had": 1, 
            "if niggaz ran me this, too much grounds": 1, 
            "if you're down, you need and i'm supplying,": 1, 
            "in penitentiary attire but i caught him in": 1, 
            "in the act and my emotion is dire": 1, 
            "in the honor or brotherhood cuz it's all": 1, 
            "in this stall out position wondering who's the": 1, 
            "is dire": 1, 
            "is my wife shit, i should have know": 1, 
            "is traveling to low desires should i turn": 1, 
            "it got to come down to this shit": 1, 
            "it out, bust me down, yo yo yo": 1, 
            "it's all good get on some grown man": 1, 
            "jigger and take my life cuz the dime": 1, 
            "just a lil somethin-somethin about the cats who": 1, 
            "kissing is my wife shit, i should have": 1, 
            "kissing you night as well take the jigger": 1, 
            "knock on wood but now seeing you baby": 1, 
            "know how we get down, if you're down,": 1, 
            "know not to let these crab asses get": 1, 
            "know the tip, he be huntin for all": 1, 
            "let these crab asses get within the circle": 1, 
            "let's knock on wood but now seeing you": 1, 
            "life cuz the dime piece you happen to": 1, 
            "lil somethin-somethin about the cats who be fronting": 1, 
            "little bullshit you did will slide same on": 1, 
            "low desires should i turn the other cheek": 1, 
            "make passes now you disrespected me and everything": 1, 
            "man shit and let's knock on wood but": 1, 
            "me and everything i stand for but i'm": 1, 
            "me down, yo yo yo youse my peoples,": 1, 
            "me this, too much grounds we defend in": 1, 
            "me, my thoughts is traveling to low desires": 1, 
            "more allah forgive me, my thoughts is traveling": 1, 
            "much grounds we defend in the honor or": 1, 
            "my emotion is dire": 1, 
            "my end, after all, what are we, friends": 1, 
            "my girl and make passes now you disrespected": 1, 
            "my guide any petty little bullshit you did": 1, 
            "my life cuz the dime piece you happen": 1, 
            "my peoples, why it got to come down": 1, 
            "my thoughts is traveling to low desires should": 1, 
            "my wife shit, i should have know not": 1, 
            "myself in penitentiary attire but i caught him": 1, 
            "need and i'm supplying, the dynamic duo, electricfying": 1, 
            "niggaz ran me this, too much grounds we": 1, 
            "night as well take the jigger and take": 1, 
            "no more allah forgive me, my thoughts is": 1, 
            "no one will forget us son, i testify": 1, 
            "not to let these crab asses get within": 1, 
            "now he split remember what i said to": 1, 
            "now seeing you baby in this stall out": 1, 
            "now you disrespected me and everything i stand": 1, 
            "of my girl and make passes now you": 1, 
            "on my end, after all, what are we,": 1, 
            "on some grown man shit and let's knock": 1, 
            "on wood but now seeing you baby in": 1, 
            "one so now he split remember what i": 1, 
            "one will forget us son, i testify sure": 1, 
            "or brotherhood cuz it's all good get on": 1, 
            "or react and perspire don't wanna see myself": 1, 
            "other cheek or react and perspire don't wanna": 1, 
            "out position wondering who's the dime piece that": 1, 
            "out, bust me down, yo yo yo youse": 1, 
            "passes now you disrespected me and everything i": 1, 
            "penitentiary attire but i caught him in the": 1, 
            "people thinking as one so now he split": 1, 
            "peoples, why it got to come down to": 1, 
            "perspire don't wanna see myself in penitentiary attire": 1, 
            "petty little bullshit you did will slide same": 1, 
            "piece that you're kissing you night as well": 1, 
            "piece you happen to be kissing is my": 1, 
            "position wondering who's the dime piece that you're": 1, 
            "ran me this, too much grounds we defend": 1, 
            "react and perspire don't wanna see myself in": 1, 
            "remember what i said to you, you bleed,": 1, 
            "said to you, you bleed, i bleed c'mon,": 1, 
            "same on my end, after all, what are": 1, 
            "say no more allah forgive me, my thoughts": 1, 
            "saying though, son shhh, say no more allah": 1, 
            "see myself in penitentiary attire but i caught": 1, 
            "seeing you baby in this stall out position": 1, 
            "shhh, say no more allah forgive me, my": 1, 
            "shit and let's knock on wood but now": 1, 
            "shit two people thinking as one so now": 1, 
            "shit, i should have know not to let": 1, 
            "should have know not to let these crab": 1, 
            "should i turn the other cheek or react": 1, 
            "slide same on my end, after all, what": 1, 
            "so now he split remember what i said": 1, 
            "some grown man shit and let's knock on": 1, 
            "somethin-somethin about the cats who be fronting you": 1, 
            "son shhh, say no more allah forgive me,": 1, 
            "son, i testify sure as god was my": 1, 
            "spaces yo, check it out, bust me down,": 1, 
            "split remember what i said to you, you": 1, 
            "stall out position wondering who's the dime piece": 1, 
            "stand for but i'm saying though, son shhh,": 1, 
            "supplying, the dynamic duo, electricfying everybody had to": 1, 
            "sure as god was my guide any petty": 1, 
            "take my life cuz the dime piece you": 1, 
            "take the jigger and take my life cuz": 1, 
            "testify sure as god was my guide any": 1, 
            "that you're kissing you night as well take": 1, 
            "the act and my emotion is dire": 1, 
            "the cats who be fronting you know the": 1, 
            "the circle of my girl and make passes": 1, 
            "the dime piece that you're kissing you night": 1, 
            "the dime piece you happen to be kissing": 1, 
            "the dynamic duo, electricfying everybody had to wet": 1, 
            "the goodness gracious all across the wide spaces": 1, 
            "the honor or brotherhood cuz it's all good": 1, 
            "the jigger and take my life cuz the": 1, 
            "the other cheek or react and perspire don't": 1, 
            "the tip, he be huntin for all the": 1, 
            "the wide spaces yo, check it out, bust": 1, 
            "these crab asses get within the circle of": 1, 
            "thinking as one so now he split remember": 1, 
            "this shit two people thinking as one so": 1, 
            "this stall out position wondering who's the dime": 1, 
            "this, too much grounds we defend in the": 1, 
            "though, son shhh, say no more allah forgive": 1, 
            "thoughts is traveling to low desires should i": 1, 
            "tip, he be huntin for all the goodness": 1, 
            "to be kissing is my wife shit, i": 1, 
            "to come down to this shit two people": 1, 
            "to let these crab asses get within the": 1, 
            "to low desires should i turn the other": 1, 
            "to this shit two people thinking as one": 1, 
            "to wet us, cuz no one will forget": 1, 
            "to you, you bleed, i bleed c'mon, you": 1, 
            "too much grounds we defend in the honor": 1, 
            "traveling to low desires should i turn the": 1, 
            "turn the other cheek or react and perspire": 1, 
            "two people thinking as one so now he": 1, 
            "us son, i testify sure as god was": 1, 
            "us, cuz no one will forget us son,": 1, 
            "wanna see myself in penitentiary attire but i": 1, 
            "was my guide any petty little bullshit you": 1, 
            "we defend in the honor or brotherhood cuz": 1, 
            "we get down, if you're down, you need": 1, 
            "we, friends if niggaz ran me this, too": 1, 
            "well take the jigger and take my life": 1, 
            "wet us, cuz no one will forget us": 1, 
            "what are we, friends if niggaz ran me": 1, 
            "what i said to you, you bleed, i": 1, 
            "who be fronting you know the tip, he": 1, 
            "who's the dime piece that you're kissing you": 1, 
            "why it got to come down to this": 1, 
            "wide spaces yo, check it out, bust me": 1, 
            "wife shit, i should have know not to": 1, 
            "will forget us son, i testify sure as": 1, 
            "will slide same on my end, after all,": 1, 
            "within the circle of my girl and make": 1, 
            "wondering who's the dime piece that you're kissing": 1, 
            "wood but now seeing you baby in this": 1, 
            "yo yo yo youse my peoples, why it": 1, 
            "yo yo youse my peoples, why it got": 1, 
            "yo youse my peoples, why it got to": 1, 
            "yo, check it out, bust me down, yo": 1, 
            "you baby in this stall out position wondering": 1, 
            "you bleed, i bleed c'mon, you know how": 1, 
            "you did will slide same on my end,": 1, 
            "you disrespected me and everything i stand for": 1, 
            "you happen to be kissing is my wife": 1, 
            "you know how we get down, if you're": 1, 
            "you know the tip, he be huntin for": 1, 
            "you need and i'm supplying, the dynamic duo,": 1, 
            "you night as well take the jigger and": 1, 
            "you're down, you need and i'm supplying, the": 1, 
            "you're kissing you night as well take the": 1, 
            "you, you bleed, i bleed c'mon, you know": 1, 
            "youse my peoples, why it got to come": 1
        }
    }, 
    "song_title": "Crew", 
    "total_words": [
        274, 
        {
            "a": 1, 
            "about": 1, 
            "across": 1, 
            "act": 1, 
            "after": 1, 
            "all": 3, 
            "all,": 1, 
            "allah": 1, 
            "and": 7, 
            "any": 1, 
            "are": 1, 
            "as": 3, 
            "asses": 1, 
            "attire": 1, 
            "baby": 1, 
            "be": 3, 
            "bleed": 1, 
            "bleed,": 1, 
            "brotherhood": 1, 
            "bullshit": 1, 
            "bust": 1, 
            "but": 3, 
            "c'mon,": 1, 
            "cats": 1, 
            "caught": 1, 
            "check": 1, 
            "cheek": 1, 
            "circle": 1, 
            "come": 1, 
            "crab": 1, 
            "cuz": 3, 
            "defend": 1, 
            "desires": 1, 
            "did": 1, 
            "dime": 2, 
            "dire": 1, 
            "disrespected": 1, 
            "don't": 1, 
            "down": 1, 
            "down,": 3, 
            "duo,": 1, 
            "dynamic": 1, 
            "electricfying": 1, 
            "emotion": 1, 
            "end,": 1, 
            "everybody": 1, 
            "everything": 1, 
            "for": 2, 
            "forget": 1, 
            "forgive": 1, 
            "friends": 1, 
            "fronting": 1, 
            "get": 3, 
            "girl": 1, 
            "god": 1, 
            "good": 1, 
            "goodness": 1, 
            "got": 1, 
            "gracious": 1, 
            "grounds": 1, 
            "grown": 1, 
            "guide": 1, 
            "had": 1, 
            "happen": 1, 
            "have": 1, 
            "he": 2, 
            "him": 1, 
            "honor": 1, 
            "how": 1, 
            "huntin": 1, 
            "i": 7, 
            "i'm": 2, 
            "if": 2, 
            "in": 4, 
            "is": 3, 
            "it": 2, 
            "it's": 1, 
            "jigger": 1, 
            "just": 1, 
            "kissing": 2, 
            "knock": 1, 
            "know": 3, 
            "let": 1, 
            "let's": 1, 
            "life": 1, 
            "lil": 1, 
            "little": 1, 
            "low": 1, 
            "make": 1, 
            "man": 1, 
            "me": 3, 
            "me,": 1, 
            "more": 1, 
            "much": 1, 
            "my": 8, 
            "myself": 1, 
            "need": 1, 
            "niggaz": 1, 
            "night": 1, 
            "no": 2, 
            "not": 1, 
            "now": 3, 
            "of": 1, 
            "on": 3, 
            "one": 2, 
            "or": 2, 
            "other": 1, 
            "out": 1, 
            "out,": 1, 
            "passes": 1, 
            "penitentiary": 1, 
            "people": 1, 
            "peoples,": 1, 
            "perspire": 1, 
            "petty": 1, 
            "piece": 2, 
            "position": 1, 
            "ran": 1, 
            "react": 1, 
            "remember": 1, 
            "said": 1, 
            "same": 1, 
            "say": 1, 
            "saying": 1, 
            "see": 1, 
            "seeing": 1, 
            "shhh,": 1, 
            "shit": 2, 
            "shit,": 1, 
            "should": 2, 
            "slide": 1, 
            "so": 1, 
            "some": 1, 
            "somethin-somethin": 1, 
            "son": 1, 
            "son,": 1, 
            "spaces": 1, 
            "split": 1, 
            "stall": 1, 
            "stand": 1, 
            "supplying,": 1, 
            "sure": 1, 
            "take": 2, 
            "testify": 1, 
            "that": 1, 
            "the": 12, 
            "these": 1, 
            "thinking": 1, 
            "this": 2, 
            "this,": 1, 
            "though,": 1, 
            "thoughts": 1, 
            "tip,": 1, 
            "to": 7, 
            "too": 1, 
            "traveling": 1, 
            "turn": 1, 
            "two": 1, 
            "us": 1, 
            "us,": 1, 
            "wanna": 1, 
            "was": 1, 
            "we": 2, 
            "we,": 1, 
            "well": 1, 
            "wet": 1, 
            "what": 2, 
            "who": 1, 
            "who's": 1, 
            "why": 1, 
            "wide": 1, 
            "wife": 1, 
            "will": 2, 
            "within": 1, 
            "wondering": 1, 
            "wood": 1, 
            "yo": 3, 
            "yo,": 1, 
            "you": 9, 
            "you're": 2, 
            "you,": 1, 
            "youse": 1
        }
    ], 
    "unique_words": [
        182, 
        [
            "son", 
            "saying", 
            "all", 
            "react", 
            "forget", 
            "just", 
            "don't", 
            "dynamic", 
            "spaces", 
            "down,", 
            "jigger", 
            "thinking", 
            "had", 
            "cuz", 
            "bust", 
            "should", 
            "to", 
            "wood", 
            "wet", 
            "circle", 
            "he", 
            "split", 
            "good", 
            "duo,", 
            "yo", 
            "get", 
            "son,", 
            "who's", 
            "shhh,", 
            "know", 
            "not", 
            "now", 
            "bullshit", 
            "knock", 
            "supplying,", 
            "did", 
            "c'mon,", 
            "all,", 
            "we,", 
            "this", 
            "slide", 
            "night", 
            "people", 
            "me,", 
            "allah", 
            "some", 
            "him", 
            "see", 
            "are", 
            "girl", 
            "electricfying", 
            "end,", 
            "out", 
            "what", 
            "said", 
            "for", 
            "god", 
            "defend", 
            "testify", 
            "everything", 
            "attire", 
            "got", 
            "across", 
            "be", 
            "we", 
            "who", 
            "desires", 
            "passes", 
            "forgive", 
            "let", 
            "dire", 
            "kissing", 
            "come", 
            "bleed", 
            "on", 
            "about", 
            "tip,", 
            "of", 
            "turn", 
            "stand", 
            "act", 
            "i'm", 
            "out,", 
            "honor", 
            "grounds", 
            "emotion", 
            "seeing", 
            "within", 
            "one", 
            "down", 
            "everybody", 
            "you're", 
            "little", 
            "petty", 
            "youse", 
            "it's", 
            "caught", 
            "two", 
            "asses", 
            "much", 
            "peoples,", 
            "too", 
            "wondering", 
            "was", 
            "more", 
            "a", 
            "life", 
            "you,", 
            "huntin", 
            "crab", 
            "that", 
            "but", 
            "low", 
            "baby", 
            "gracious", 
            "me", 
            "wide", 
            "myself", 
            "shit,", 
            "these", 
            "disrespected", 
            "us,", 
            "this,", 
            "niggaz", 
            "will", 
            "stall", 
            "cats", 
            "piece", 
            "my", 
            "guide", 
            "traveling", 
            "and", 
            "goodness", 
            "ran", 
            "is", 
            "it", 
            "shit", 
            "say", 
            "fronting", 
            "have", 
            "in", 
            "need", 
            "happen", 
            "as", 
            "if", 
            "grown", 
            "us", 
            "no", 
            "lil", 
            "make", 
            "same", 
            "check", 
            "how", 
            "perspire", 
            "other", 
            "take", 
            "you", 
            "sure", 
            "dime", 
            "any", 
            "after", 
            "bleed,", 
            "let's", 
            "brotherhood", 
            "friends", 
            "why", 
            "thoughts", 
            "man", 
            "penitentiary", 
            "somethin-somethin", 
            "yo,", 
            "remember", 
            "wife", 
            "i", 
            "wanna", 
            "cheek", 
            "well", 
            "or", 
            "though,", 
            "so", 
            "position", 
            "the"
        ]
    ], 
    "year": 1996
}