2 Live Crew,1986,li 0.4223680415587048,dee 0.28157869437246985,bus 0.2502921727755288,tre 0.23464891197705823,treach 0.21900565117858767,jay 0.18771912958164658,rhyme 0.18771912958164658,check 0.14078934718623493,kisha 0.14078934718623493,bro 0.14078934718623493
2 Live Crew,1987,diddy 0.6879681682216455,doo 0.33468721697269244,dum 0.26031227986764965,wah 0.24171854559138897,bedroom 0.1859373427626069,pass 0.11156240565756415,heyyy 0.11156240565756415,bootyyyyyyyy 0.11156240565756415,m 0.105243325010141,booty 0.10086311059089793
2 Live Crew,1989,fillin 0.3226923639023378,less 0.27304738484043967,shop 0.23167656895552458,woman 0.22245677224107976,pretty 0.1985799162475925,bald 0.17375742671664343,hairy 0.12411244765474531,bear 0.12411244765474531,timin 0.12411244765474531,eat 0.10537426053524832
2 Live Crew,1990,martinez 0.746879034699226,bart 0.24895967823307533,hear 0.11316349010594333,america 0.11316349010594333,if 0.11316349010594333,fuck 0.11272102066376855,okay 0.10561925743221377,neva-ro 0.09053079208475466,nevaro 0.09053079208475466,allright 0.09053079208475466
2 Live Crew,1991,ha 0.3416733911307878,lack 0.21305196628331974,slip 0.1704415730266558,rappin 0.1704415730266558,behavior 0.1704415730266558,fuck 0.14147928848427127,crack 0.12783117976999184,cold 0.12783117976999184,protection 0.12783117976999184,nigga!yo 0.12783117976999184
2 Live Crew,1994,tell 0.3487920283907651,yeahhh 0.2790336227126121,go 0.2441544198735356,you 0.23650607517902736,holla 0.20927521703445906,lsd 0.20927521703445906,fried 0.20927521703445906,alum 0.20927521703445906,kentucky 0.20927521703445906,dip 0.20927521703445906
2 Live Crew,1996,skeet 0.3658521505140511,uhh 0.2814247311646547,bulldagger 0.2814247311646547,pump 0.26266308242034436,ha 0.2522101469542208,savage 0.22513978493172376,damn 0.2123874921719754,thang 0.18761648744310314,show 0.11256989246586188,hoe 0.10318906809370672
2 Live Crew,1998,it 0.5981049688585865,on 0.2539022878319715,2 0.17943149065757596,party 0.17872991321854928,funkin 0.14354519252606077,nelly 0.14354519252606077,crew 0.13158309314888905,live 0.1290827151022856,imagine 0.10765889439454558,ow 0.10765889439454558
A Tribe Called Quest,1990,rhythms 0.2783715710102083,lucien 0.25886411305418583,propmaster 0.2474413964535185,cholesterol 0.21651122189682867,ham 0.19912624081091218,nope 0.1855810473401389,wallet 0.17921361672982097,enemy 0.15465087278344905,bonita 0.09956312040545609,chicken 0.09427439142144452
A Tribe Called Quest,1991,vibe 0.1836017582366572,business 0.1560614945011586,what's 0.13798952686223184,date 0.12768493399915978,trouble 0.12768493399915978,rhyme 0.12143078363876403,job 0.11119441607691018,fly 0.0972951140672964,dough 0.0972951140672964,lane 0.09576370049936984
A Tribe Called Quest,1993,award 0.3080857249639326,god! 0.26585996715653365,la 0.24466401608196361,sun'll 0.21268797372522694,represent 0.2053904833092884,whassup 0.1026952416546442,i 0.09939475653329771,zoo 0.09260965371652011,oowop 0.08557936804553683,houston 0.08557936804553683
A Tribe Called Quest,1996,motivate 0.2959853370387432,phony 0.26638680333486886,drifting 0.20960855597764785,section 0.17759120222324593,mcs 0.16754322689095488,k.i.m 0.15244258616556208,blah 0.11839413481549728,worry 0.10310352424058762,willie 0.09527661635347628,friggin 0.08879560111162296
A Tribe Called Quest,1998,it 0.13631036086870923,ya'll 0.13631036086870923,bump 0.12285788290998166,noble 0.10904828869496738,say 0.10683528163092358,movement 0.10530675677998429,shake 0.08775563064998688,reggie 0.08775563064998688,ha 0.08775563064998688,jazz 0.08624198094878203
A Tribe Called Quest,1999,award 0.35136361253107706,onnnnnnn 0.27288562833803526,lucien 0.2537626090502223,wallet 0.17568180626553853,k.i.m 0.1561616055693676,bonita 0.11712120417702569,worry 0.10561885815676136,applebum 0.09760100348085474,oowop 0.09760100348085474,tour 0.09437068587494557
A Tribe Called Quest,2016,trippin 0.35577931942047186,kids 0.3367721696589122,generation 0.26296732304991405,problem 0.23202999092639473,solid 0.2290481688184991,pistachio 0.20109265880287544,conrad 0.20109265880287544,sapporo 0.20109265880287544,wall 0.1549151980430996,trini 0.13921799455583683
Beastie Boys,1986,m.c.a 0.2967189975741006,monkey 0.2260716171993147,girls 0.1836831889744432,brass 0.16712785638673566,cold 0.16224926428191783,locker 0.16224926428191783,coolin 0.16224926428191783,gun 0.14623687433839372,def 0.14129476074957167,girl 0.13998166860450523
Beastie Boys,1989,egg 0.34750749843098716,ryall 0.21385076826522287,johnny 0.21385076826522287,drifter 0.16038807619891715,clout 0.1336567301657643,girl 0.11531326315487586,rope 0.10692538413261143,m.c 0.0931159634895005,science 0.08147646805331295,cop 0.08019403809945858
Beastie Boys,1992,what'cha 0.30085703964575855,away 0.16993442250425,is 0.16410383980677742,up 0.13439441740482957,wella 0.12745081687818752,groove 0.10940255987118494,c'mon 0.10940255987118494,than 0.10940255987118494,skills 0.084967211252125,commercial 0.084967211252125
Beastie Boys,1994,tough 0.22858115572594656,attack 0.19621187362520848,out 0.1716853894220574,together 0.17143586679445993,heart 0.15758907475094253,sabotage 0.13333900750680214,is 0.12263242101575529,rhymes 0.11611826560595766,down 0.11503914574576575,something 0.11429057786297328
Beastie Boys,1998,intergalactic 0.24827934224892118,planetary 0.217244424467806,mister 0.217244424467806,movin 0.1891872922518883,brown 0.1862095066866909,remote 0.17982051314557843,bgirls 0.15517458890557573,weepin 0.15517458890557573,bboys 0.15517458890557573,windowsill 0.12413967112446059
Beastie Boys,2004,you...for 0.4182494275554329,huh 0.31870342481325986,brouhaha 0.18298412455550186,difference 0.15684353533328732,we 0.15684353533328732,hutton 0.13070294611107278,deal 0.11780386426216259,fresh...fresh...fresh...for 0.10456235688885822,staten 0.10456235688885822,middle-eastern 0.10456235688885822
Beastie Boys,2011,balloon 0.5335321215527384,danger 0.34146055779375256,noise 0.2987779880695335,wanna 0.12080286704637973,pop 0.11151033881204284,competition 0.10991492649685188,nas 0.10670642431054768,donkey 0.10670642431054768,ego 0.08536513944843814,ad-rock 0.06869682906053241
Busta Rhymes,1996,yah 0.37782301833729853,da 0.2374667675910632,oww 0.22412967015053153,rrrrrroaw 0.17704629552864734,zhane 0.17432307678374676,hah 0.17368107404329777,tonight 0.1619241507159851,rrrrrrroaw 0.15934166597578261,whinin 0.15934166597578261,influence 0.15934166597578261
Busta Rhymes,1997,disaster 0.27310918064068385,strikes 0.25610321986291446,ta 0.19207741489718586,hit'em 0.12805160993145723,squad 0.11053874505550113,ark 0.09603870744859293,you'all 0.09603870744859293,afraid 0.09603870744859293,aeiyo 0.09103639354689462,kiss 0.08103176574349802
Busta Rhymes,1998,rowdy 0.44278157859939576,gonna 0.26993811199632,scream 0.2197604922002431,la 0.1914693043697426,mystikal 0.18232182648210415,event 0.15627585127037497,to 0.14559201089419715,off 0.14559201089419715,bus 0.13078129021776838,extinction 0.1302298760586458
Busta Rhymes,2000,bladow 0.545706795885711,whoop 0.19843883486753128,banging 0.09921941743376564,rulership 0.09921941743376564,motherfuckers 0.09921941743376564,blau 0.09921941743376564,sometin 0.09921941743376564,expressway 0.07441456307532424,roc 0.07441456307532424,marci 0.07441456307532424
Busta Rhymes,2001,genesis 0.4115814225532466,shut 0.25095120685210015,muh'fucka 0.2315718438414366,wifey 0.16463256902129864,rise 0.16180527959349086,truck 0.10366766034086992,yea 0.09512153398460724,courvoisier 0.09410670256953754,clive 0.08683944144053872,motherfuckin 0.0784222521412813
Busta Rhymes,2002,gal 0.20017080657615102,sean-a-paul 0.18770657202532834,di 0.16951251500189932,ambulance 0.15568840511478413,taste 0.1543005547208491,mek 0.13344720438410068,g.o.d 0.12513771468355223,dutty 0.12513771468355223,prance 0.12513771468355223,hottest 0.12513771468355223
Busta Rhymes,2006,ghetto 0.3848097618074866,cocaina 0.36979123672523645,do-doh-doh 0.29583298938018915,yup 0.262897597107379,they 0.17256924380511035,york 0.16697508076365813,y'know 0.14021205179060214,louder 0.1051590388429516,touch 0.09360237449371295,homey 0.07395824734504729
Busta Rhymes,2009,*look 0.458552883955834,lai 0.3057019226372227,ba 0.229276441977917,lalalala 0.229276441977917,hustlin 0.20151027545761926,muffin 0.18634778368126342,mi 0.16564247438334526,li 0.15285096131861134,bloodclaat 0.15285096131861134,lili 0.15285096131861134
Busta Rhymes,2012,mi 0.3115457497016054,i’m 0.2802989625698117,tut 0.25694071568899407,yuh 0.19582875695529484,mula 0.17518685160613232,mary 0.1642783178094805,– 0.14785048602853243,hoe 0.14242091414930536,gold 0.13167788689752233,‘em 0.106815685611979
Busta Rhymes,2014,vivrant 0.47261840269403027,hol 0.3544638020205227,mooooove 0.23630920134701514,abstract 0.1575004904084263,a-yo 0.14769325084188448,scenario 0.13292392575769602,mcs 0.12600039232674104,touchdown 0.11815460067350757,q-tip 0.11550035963284597,phife 0.11550035963284597
Busta Rhymes,2015,ufc 0.3552080394295666,abstract 0.25252988920514147,shawty 0.22477760847107447,dragon 0.17519513653861316,tap 0.1683532594700943,throwin 0.13468330718402108,cops 0.11840267980985554,‘cause 0.11840267980985554,cowboys 0.11840267980985554,cart 0.11840267980985554
Chance the Rapper,2012,ma 0.3114362975421402,prom 0.21800540827949813,ms 0.18686177852528413,ohhhhh 0.1557181487710701,bink 0.1557181487710701,mami 0.12457451901685607,chi-town 0.12457451901685607,shouts 0.12457451901685607,grind 0.12457451901685607,hella 0.12457451901685607
Chance the Rapper,2013,cocoa 0.3543585517703845,butter 0.3543585517703845,juice 0.2615663960519145,what's 0.2501354483085067,dank 0.18760158623138004,cigarettes 0.18760158623138004,yup 0.16675696553900446,hoodies 0.1459123448466289,everything's 0.12506772415425335,jack 0.12506772415425335
Chance the Rapper,2016,merry 0.607439482946461,christmas 0.4561062944836943,blessings 0.17804260707051445,hap 0.15709641800339508,baby 0.13142045773258987,ayy 0.1152040398691564,way 0.10822861225036813,do-do-do-do-do-do-do 0.10473094533559672,santa 0.10473094533559672,bad 0.09425785080203705
Coolio,1994,cos 0.24704925712014872,fo 0.21287102182886786,motherfucker 0.21287102182886786,somebody's 0.19351911075351622,closet 0.15481528860281296,thief 0.1542524093564822,da 0.1542524093564822,fuck 0.14972682249705982,mutha 0.13546337752746135,slide 0.10679012955448768
Coolio,1995,cruisin 0.41163487890051365,mrs 0.40905035209597834,an 0.21291459253474845,exercise 0.21291459253474845,lives 0.17033167402779875,shinin 0.17033167402779875,jones 0.1592421084583143,gangsta's 0.15613736785881555,game 0.13811994707955377,geto 0.12774875552084905
Coolio,1997,ha 0.6451775802458054,stick'em 0.4516243061720638,brrrrrrr 0.27097458370323824,hit'em 0.12903551604916108,cause 0.0963600422928319,it 0.09032486123441276,ooh 0.07986840258652114,la 0.07986840258652114,are 0.07911776443258538,control 0.07742130962949664
Coolio,2002,sunshine 0.4425940825115094,pound 0.2221045716685173,everybody 0.11308728953100286,some 0.11105228583425865,wednesday 0.11105228583425865,iiiiiiiiiiiiiiiiiiiiiiiiiiiiiiii'm 0.11105228583425865,spitter 0.11105228583425865,some'll 0.11105228583425865,career 0.11105228583425865,tuesday 0.11105228583425865
Coolio,2006,let's 0.5465684503599961,runny 0.14128589482578627,italia 0.14128589482578627,snoop 0.14128589482578627,click-clack 0.14128589482578627,kat 0.14128589482578627,fillet 0.14128589482578627,shyt 0.14128589482578627,spit 0.14128589482578627,crippin 0.14128589482578627
Coolio,2009,homily 0.388433976370358,size 0.23816720218620943,cuz 0.2254001612762229,base 0.194216988185179,vex 0.194216988185179,fiend 0.194216988185179,scar 0.194216988185179,count 0.194216988185179,history 0.194216988185179,mellow 0.194216988185179
De La Soul,1989,meany 0.4154550320682826,off 0.2942806477150335,buddy 0.2870848324026724,jenny 0.25965939504267666,daisy 0.2246750862281784,plug 0.18642327213440843,delacratic 0.15579563702560598,midi 0.13848501068942753,jimmy 0.11588825043071135,scrubb 0.10386375801707065
De La Soul,1991,o's 0.38816916969292875,ha 0.33597395951279635,saturday 0.3003286659552213,porridge 0.2922381871640071,doo 0.2574245708187611,pease 0.21533340106821577,baseball 0.133086572466147,millie 0.12199602476063476,wrms 0.1201314663820885,pot 0.09981492934961024
De La Soul,1993,aaah 0.4589467740623146,skeezer 0.3909546593864161,ego 0.2655228904824234,hello 0.23233252917212047,woods 0.18697831535872073,aahh 0.1838482272268272,trip 0.17367092571886492,runnin 0.1437276626638882,it....fluid....mess 0.1359842293517969,patti 0.1359842293517969
De La Soul,1996,brakes 0.3406078030077403,itsoweezee 0.20436468180464418,dinninit 0.18165749493746147,stakes 0.18165749493746147,ha 0.1680015128779656,island 0.1646842493967473,nonstop 0.15895030807027877,mos 0.13624312120309612,vibes....vibrations 0.13624312120309612,sick 0.10039167682817506
De La Soul,2000,jump 0.4050684814510934,oooh 0.21818893286699687,jock 0.21355225238621076,writes 0.1921970271475897,i.c 0.1708418019089686,ahhhh 0.1708418019089686,disc 0.14948657667034754,ad 0.12813135143172646,freak 0.1191377886620863,times 0.1191377886620863
De La Soul,2001,yea 0.24003674192998117,pawn 0.22253166780625558,ya 0.19849629645582065,calls 0.13716385253141783,ready 0.1147826671859126,pressure 0.10873084338688291,star 0.10521744492041989,collab 0.10287288939856337,apply 0.10287288939856337,star...pawn 0.10287288939856337
De La Soul,2004,dadat 0.36253744939093857,c'mon 0.3101946622140129,real 0.24633105528759844,dadadat 0.20716425679482206,dat 0.18318048149374508,heal 0.16804940486720318,realer 0.15537319259611657,imagine 0.1294776604967638,whaddya 0.1294776604967638,words 0.10358212839741103
De La Soul,2006,lil 0.17248176715322985,you 0.14146197401705118,poster 0.1300431749481145,buckle 0.1300431749481145,supa 0.12091542093950756,blast 0.09673233675160604,portion 0.08669544996540966,name 0.08669544996540966,stretch 0.08669544996540966,one-two 0.08669544996540966
De La Soul,2009,forever 0.6840291449264084,feedin 0.4378962203502735,f-o-o-d 0.1751584881401094,ifs 0.13136886610508205,maybes 0.13136886610508205,mouf 0.0875792440700547,coffee 0.0875792440700547,smilez 0.0875792440700547,that'll 0.07744003886490819,keep 0.06648828089019053
De La Soul,2012,work 0.33803225716008617,must 0.29315050648309315,do's 0.258717838182558,‘em 0.22175814701362118,pushin 0.22175814701362118,don'ts 0.22175814701362118,trance 0.22175814701362118,whitter 0.1847984558446843,deen 0.1847984558446843,stress 0.12371574150023157
De La Soul,2014,air? 0.5312183209921273,o's 0.35357420100067927,dilla 0.32690358214900145,ma! 0.16345179107450072,batter 0.147322583750283,tonight 0.1445286858519043,d 0.13295259517368943,dukes 0.11785806700022641,y'know 0.1139843101856857,dos 0.08839355025016982
De La Soul,2016,pain 0.3073534004141927,whoodeeni 0.26738085029982495,memory 0.21207653313713676,we've 0.14185541557578124,nobody 0.10695234011992998,cash 0.10441760279067172,starin 0.09639842415324398,we're 0.08289480420764675,grass 0.08021425508994748,sunrise 0.08021425508994748
Dr Dre,1992,row 0.5250947586817243,rat-tat-tat-tat 0.24235142708387272,hesitate 0.24235142708387272,now 0.14137166579892577,trigger 0.14137166579892577,chiggie 0.12117571354193636,creepin 0.12117571354193636,wow 0.12117571354193636,doggy 0.11107773741344167,motherfucker 0.10477596900369747
Dr Dre,1996,fame 0.32194947437958027,east 0.272418786013491,cos 0.272418786013491,pleeease 0.22288809764740172,l-a-w 0.17335740928131246,l.a.w 0.17335740928131246,mc's 0.14859206509826783,tee 0.14859206509826783,shittin 0.12382672091522319,thought 0.12382672091522319
Dr Dre,1999,bang 0.6758600333290318,murderahhh 0.19542940722767185,everywhere 0.1791436232920325,hoe 0.13028627148511457,niggaz 0.11490658765353626,scheamin 0.11400048754947524,cali 0.09771470361383593,hiiiiigh 0.09771470361383593,watcher 0.09771470361383593,thug 0.0814289196781966
Dr Dre,2015,doctor's 0.22047584221816455,satisfiction 0.22047584221816455,mayne 0.16535688166362342,body 0.13779740138635285,drama 0.11023792110908227,looks 0.11023792110908227,pacific 0.11023792110908227,cars 0.11023792110908227,utmost 0.11023792110908227,ceiling 0.11023792110908227
Drake,2006,bo 0.3730784602917367,kick 0.2553853097843946,push 0.23410320063569504,dont 0.2331740376823354,special 0.18089792776394617,cuz 0.16637802579310507,aint 0.1632218263776348,im 0.12621781267063142,be 0.11705160031784752,thats 0.10641054574349774
Drake,2007,wish 0.19771509239063692,spring 0.17574674879167726,shake 0.13181006159375797,someones 0.1283694165804444,ay 0.1201918147509256,mothafuckin 0.11232323950788886,lean 0.09627706243533331,sayin 0.08023088536277775,wall 0.07726616662559503,round 0.07106599831684929
Drake,2009,houstatlantavegas 0.6052903212368574,successful 0.3458801835639186,fly 0.11838356703665089,throw 0.0957405634370137,fittin 0.08647004589097965,houstatlanta 0.08647004589097965,cars 0.0851027230551233,calm 0.07892237802443391,clothes 0.07892237802443391,one's 0.07892237802443391
Drake,2010,i-i-i'm 0.4430339538866776,i’m 0.3687209501895194,flo 0.21902999604194415,i’ve 0.11793922863796992,hey 0.10534884291129125,uhh 0.09845198975259502,uhhh 0.09845198975259502,lisa 0.09845198975259502,ready 0.09083925029842647,hair 0.08559593486542415
Drake,2011,i’m 0.5047622443028217,fuckin’ 0.2730993552034602,crew 0.23585853403935197,hell 0.21991166470781917,it’s 0.19242270661934177,that’s 0.18694610076393864,don’t 0.16995100069448968,i’ve 0.13596080055559176,i’ll 0.13596080055559176,ain’t 0.12413607054702734
Drake,2013,belong 0.2870949828987541,own 0.2456582493659972,motion 0.19737780074289343,cake 0.17943436431172133,scheming 0.17943436431172133,behavior 0.17943436431172133,nobody 0.14354749144937706,language 0.14354749144937706,plotting 0.1076606185870328,idea 0.1076606185870328
Drake,2015,jumpman 0.4863318625817472,preach 0.4188238199206926,plug 0.27921587994712843,diamond 0.17370060035719115,shift 0.17256937059352317,ballin 0.156881245994112,gutter 0.14119312139470078,woo 0.1255049967952896,control 0.11812979536224663,wave 0.11812979536224663
Drake,2016,controlla 0.3169596945925126,nine 0.25356775567401013,grammy 0.24565882444146586,faithful 0.22187178621475886,redemption's 0.1901758167555076,cell 0.17357603487347475,how's 0.1584798472962563,whoa 0.13566546357772247,hennessy 0.13018202615510607,hype 0.13018202615510607
Drake,2017,woah 0.602362806769172,skrrt 0.3825908468780752,madness 0.21042496578294137,blem 0.1530363387512301,block 0.11477725406342258,sacrifices 0.11477725406342258,slatt 0.11477725406342258,somethin 0.1129623185108768,wave 0.10475874900333426,account 0.0956477117195188
Eminem,1996,backstabber 0.3502419812895577,sleep 0.3002074125339066,ayo 0.23750034612592574,pretending 0.2035717252507935,maxine 0.2035717252507935,tonight 0.17609092799768533,snake 0.17512099064477885,revenue 0.1501037062669533,infinite 0.13863140686915318,kyu 0.135714483500529
Eminem,1998,tired 0.6930723494204442,fuzz 0.1566582835783081,da-da 0.1155120582367407,iller 0.0914430593657012,jumpin 0.07832914178915405,backin 0.07832914178915405,in 0.07832914178915405,mama's 0.07436583289517325,swifty 0.0685822945242759,flashin 0.05775602911837035
Eminem,1999,tired 0.494010831240502,den 0.19541113661929327,connecticut 0.1395793832994952,damage 0.13251692610142787,susan 0.11166350663959615,not 0.11166350663959615,dave 0.10291892317510458,lesson 0.10291892317510458,demo 0.08374762997969712,mcs 0.08374762997969712
Eminem,2000,dum 0.22923603233439732,dahh-dum 0.1978400801974778,criminal 0.18755675372814326,bob 0.16497328530412433,snoop 0.11305147439855875,remember 0.11134843944768993,tv 0.09898397118247461,slim 0.09297772052000709,d-12 0.08478860579891906,stacey 0.08478860579891906
Eminem,2002,rana 0.3008917926621813,goodbye 0.29995058894581655,hollywood 0.2662352438675421,left 0.22219048798995944,huh 0.15015526993453615,rub 0.1203567170648725,superman 0.11592547199476144,sayin 0.11484814382008668,i’m 0.0939135436638944,erica 0.09026753779865437
Eminem,2003,can-i-bitch 0.5580323056116048,ja 0.28501307159700634,citizen 0.18001610375305538,rae 0.17438509550362652,doe 0.17438509550362652,tha 0.1395080764029012,arse 0.1395080764029012,us 0.12214845925585986,pac's 0.1046310573021759,canada 0.1046310573021759
Eminem,2004,doing 0.21752697868906812,chicka 0.21752697868906812,pee 0.19361298575176805,ah 0.19282508936121123,erra 0.1631452340168011,ca 0.1631452340168011,poo 0.1631452340168011,weenie 0.1359543616806676,citizen 0.12029521415875417,chubba 0.12029521415875417
Eminem,2005,fack 0.481580638882424,shoobeedoo 0.19049424439045476,renegade 0.180592739580909,mourn 0.16328078090610407,rejoice 0.16328078090610407,ow 0.120395159720606,chubba 0.120395159720606,gerbil 0.10885385393740273,you 0.09291884590191257,b.i.g 0.08164039045305203
Eminem,2006,boom 0.5966333898129522,chuck 0.45220502035767124,sho 0.20442789955180105,b-boom 0.20442789955180105,mo 0.11932667796259046,apologies 0.11681594260102918,shake 0.10254453858367546,dough 0.09704211401997977,videos 0.08761195695077188,corn 0.0683630257224503
Eminem,2009,darling 0.4433085603584396,valium 0.21372515933611125,same 0.15086481835490206,stay 0.14568852866270954,wide 0.13640263395644295,rubbers 0.13640263395644295,harm 0.13640263395644295,shud 0.11935230471188757,begin 0.1023019754673322,hello 0.09978193650354673
Eminem,2010,cinderella 0.7525713708284983,caught 0.130881977535391,amen 0.130881977535391,mighty 0.130881977535391,ridaz 0.11452173034346712,chase 0.10856912286484369,seduction 0.09816148315154326,bash 0.09816148315154326,wind 0.09549645387636502,love 0.07395417675042637
Eminem,2011,goat 0.4205919278934877,uncontrollably 0.4148434875991032,ballin 0.3629880516492153,i’m 0.21242786694441143,andy 0.15294251923399552,banana 0.13620849276912567,i’ve 0.11470688942549664,yeahhhheahhh 0.1037108718997758,faggoty 0.1037108718997758,ohhhohhh 0.1037108718997758
Eminem,2013,legacy 0.16649018010226405,i’m 0.14975850138149976,twin 0.14497887771045492,ray 0.11654312607158483,eh 0.09225928581574405,pity 0.0903180715350398,something's 0.0903180715350398,chin 0.06773855365127986,stroke 0.06773855365127986,nod 0.06773855365127986
Eminem,2014,psychopath 0.24938340956438834,vegas 0.19251488449975787,vs 0.1424127654457322,las 0.1424127654457322,realer 0.1424127654457322,bein 0.1385463386468824,killer 0.13715037096816904,mothafucka 0.09494184363048813,sweetheart 0.09494184363048813,seal 0.09494184363048813
Eric B & Rakim,1987,porgy 0.3659394430651187,puddin 0.3659394430651187,georgy 0.3659394430651187,pie 0.3659394430651187,oh 0.3049495358875989,joke 0.12197981435503956,freeze 0.09148486076627968,rockin 0.09148486076627968,addict 0.09148486076627968,hmm 0.09148486076627968
Eric B & Rakim,1988,clap 0.2612457945417035,hands 0.2612457945417035,nigga 0.22859007022399055,bitch 0.13062289727085175,ass 0.13062289727085175,fury 0.13062289727085175,step 0.10847030599116776,crowd's 0.09796717295313881,dope 0.09796717295313881,fuck 0.09796717295313881
Eric B & Rakim,1990,i 0.42238973272783376,stop! 0.3050592514145466,rhythm 0.15589148274674783,nothin 0.1407965775759446,he'll 0.1407965775759446,cover 0.11733048131328715,better 0.11733048131328715,feel 0.09386438505062972,mic's 0.09386438505062972,energy 0.09386438505062972
Jay-Z,1996,hah 0.2232827519553483,d'evils 0.16798753690360171,smalls 0.14863882613259283,illuminati 0.14863882613259283,dear 0.14022895424871695,can 0.12759014397448473,money! 0.10079252214216103,hotter 0.10079252214216103,bigga 0.10079252214216103,percentage 0.10079252214216103
Jay-Z,1997,$hort 0.16734233898194487,spring 0.16734233898194487,saw 0.12550675423645866,off 0.12550675423645866,sprung 0.12550675423645866,diamond 0.11425409721035562,sho 0.09767945293663442,sunshine 0.09767945293663442,bustin 0.09767945293663442,crew 0.09758423511378334
Jay-Z,1998,steada 0.3703430148913356,bounce 0.26177250964963455,kisses 0.1851715074456678,alright 0.15853683338892413,nine-eight 0.1543095895380565,knock 0.14590563099822262,treated 0.13653629711292695,switcha 0.12344767163044519,wit 0.10850538391527462,week 0.09908552086807758
Jay-Z,1999,am 0.34400238301280106,n.y.m.p 0.24933509092894332,boom 0.23815549593193916,nada 0.20400143803277182,would 0.19846291327661594,competition 0.18291938108726938,praising 0.1586677851366003,s-dot-carter 0.1586677851366003,uh-huh-uh-uhh-uhh-uhh 0.13600095868851453,jigga 0.10978088903132034
Jay-Z,2000,funk 0.33058264221030575,sigel 0.32506491018288947,script 0.23431404203429054,nasty 0.19296450520470984,gushi 0.16529132110515288,parkin 0.16529132110515288,kelly 0.1378317894319356,mac 0.1289757155265758,amil-lion 0.12404861048874204,r,o,c 0.1180652293608235
Jay-Z,2001,girls 0.3721695702314267,whoo 0.2782832806082949,r.o.c 0.19877377186306777,tour 0.16635986343193448,city.. 0.1617470508055577,renegade 0.13478920900463146,freeway 0.13478920900463146,v 0.1262101450486251,neef 0.11926426311784068,sparks 0.11926426311784068
Jay-Z,2002,jeah 0.16602040169194338,roses 0.15010537465411627,go-go-go 0.15010537465411627,dream 0.1036643137847313,have 0.09857031603176741,show 0.09857031603176741,woo 0.09797584628581961,hon 0.09684523432030029,kel 0.09684523432030029,sade 0.09381585915882268
Jay-Z,2003,lucifer 0.25774134307540286,sexy 0.2447001104763404,ah 0.1536797638695567,woo 0.1398286345579088,holly 0.1104605756037441,member 0.1104605756037441,allure 0.1104605756037441,thirst 0.10859754237530661,sense 0.087392896598693,whattup 0.087392896598693
Jay-Z,2004,kels 0.4178631740312182,remix 0.1671452696124873,both 0.16432618968680154,da 0.15204741679052125,worlds 0.14378541597595135,kells 0.13928772467707276,v 0.11955381091758671,we 0.11955381091758671,sex 0.11814462523442955,hit 0.1004229314492651
Jay-Z,2006,kingdom 0.2788544282009794,burry 0.2168867774896506,hop's 0.2168867774896506,hollywood 0.1989413702438605,dig 0.19120465921682664,bae 0.18590295213398625,hole 0.1546198591434383,chair 0.13707562819395314,favor 0.1265990537915476,n.y.c 0.1265990537915476
Jay-Z,2007,falling 0.4901963778824135,hello 0.2908708455336861,gangster 0.23248281266072796,seems 0.158132855630173,blame 0.12254909447060337,-eh 0.12254909447060337,dreamin 0.11295203973583787,scarface 0.11295203973583787,destroy 0.0903616317886703,pick 0.07271771138342152
Jay-Z,2009,reminder 0.44431025870047963,shawty 0.4097522009856822,clap 0.22790377073510712,i’m 0.22510738350031176,ohh 0.1688305376252338,cos 0.14217928278415348,thank 0.14105598960966015,f-ck 0.12051535323108303,n-ggas 0.12051535323108303,wassup 0.10663446208811513
Jay-Z,2011,i’m 0.6809463994128699,what’s 0.22302316961128704,motion 0.15179652720956435,don’t 0.14019484693794382,that’s 0.13914681660876732,oooh 0.13724502745309972,driftin’ 0.13724502745309972,‘em 0.12649710600797026,ham 0.12008939902146225,yeezy 0.10293377058982478
Jay-Z,2013,ford 0.45672927284854037,twerk 0.3140013750833715,tom 0.26659759737675065,miley 0.25691021597730396,cliché 0.1998190568712364,guilt 0.08563673865910132,spite 0.08563673865910132,padrino 0.08563673865910132,d'usse 0.08563673865910132,ca 0.08563673865910132
Kanye West,2004,breathe 0.26963206602981504,spaceship 0.1925943328784393,workout 0.1925943328784393,graveshift 0.15407546630275143,words 0.15407546630275143,rings 0.15407546630275143,dessert 0.13481603301490752,g 0.11865382684858154,hiphop 0.11555659972706359,salad 0.11555659972706359
Kanye West,2005,ever 0.32498300665151925,homey 0.29091221557789354,broke 0.25833566413838593,tomorrow 0.15401234942359066,crack 0.1499921569160858,diamonds 0.1499921569160858,slow 0.10267489961572712,happen 0.10267489961572712,today 0.100312219543422,digger 0.09999477127739054
Kanye West,2007,ra 0.35750410321252213,bigs 0.2383360688083481,war 0.18692084725180258,ha 0.1649301593398258,brother 0.15393481538383744,i.d 0.1223620576710957,goodbye 0.1223620576710957,drunk 0.1223620576710957,fan 0.11916803440417405,bullshit- 0.11916803440417405
Kanye West,2008,fare 0.24583691194995408,pinocchio 0.24583691194995408,coldest 0.24583691194995408,destination 0.24583691194995408,goodbye 0.23559760113718892,robocop 0.23559760113718892,your 0.22125322075495868,wise 0.19666952955996328,happen 0.1682840008122778,glowin 0.1682840008122778
Kanye West,2010,higher 0.2867172319536419,toast 0.2453350196288013,america 0.2030913726338297,i’m 0.163137315822512,i’ma 0.1472010117772808,century 0.14335861597682095,monster 0.1314120646454192,lights 0.11946551331401746,it’s 0.11946551331401746,bubblin 0.11946551331401746
Kanye West,2011,sweet 0.28419104914073423,i’m 0.2641584932097283,motion 0.2526142659028749,what’s 0.1873336157717994,jungle 0.16840951060191658,driftin’ 0.16840951060191658,don’t 0.14735832177667701,i’ll 0.12969250322663034,throne 0.12969250322663034,murder 0.12630713295143745
Kanye West,2012,shake 0.34650276890373244,swerve 0.23719331560560264,that’s 0.20790166134223947,weeping 0.20790166134223947,gnashing 0.20790166134223947,moaning 0.20790166134223947,believe 0.20790166134223947,clique 0.1963515690454484,thang 0.138601107561493,kiss 0.138601107561493
Kanye West,2013,gwaan 0.6097146546108592,bound 0.3353430600359726,dem 0.3130283221646935,aaaaaaaaaaaaahhhhhhhhhhhh 0.21340012911380074,chop 0.12521132886587744,reputation 0.12194293092217184,honey 0.09145719819162888,possessed 0.09145719819162888,shit's 0.09145719819162888,mi 0.09145719819162888
Kanye West,2016,bam 0.8643471605854317,fadin 0.12710987655668113,deep 0.11439888890101302,dilla 0.08897691358967678,equinox 0.07626592593400867,x6 0.07626592593400867,beam 0.07626592593400867,corny 0.07626592593400867,yeezy 0.07271433386962768,rah 0.06355493827834056
Kendrick Lamar,2009,word 0.16878116461548645,cloud 0.10288916028599637,mirror 0.10288916028599637,south 0.10068299569824854,shoulder 0.10068299569824854,world's 0.10068299569824854,school 0.09873065212810408,tryna 0.09873065212810408,faith 0.0823113282287971,gucci 0.0823113282287971
Kendrick Lamar,2010,h.o.c 0.44975799094742663,wire 0.19676912103949917,blase-blah 0.168659246605285,dom 0.168659246605285,celebrate 0.11243949773685666,shot 0.10874383835886221,o.d 0.0843296233026425,far 0.0843296233026425,barbed 0.0843296233026425,wayne 0.0843296233026425
Kendrick Lamar,2011,hol’ 0.6906763087241019,whoa 0.3280712466439484,r-i-p 0.24173670805343567,hiiipower 0.1799816519166117,yup 0.12086835402671783,makeup 0.10360144630861529,poppin’ 0.08633453859051274,throw 0.08633453859051274,amen 0.08469724796075843,aaliyah 0.08469724796075843
Kendrick Lamar,2012,women 0.33160452976640925,drank 0.22472474301190834,coltrane 0.20943443985246898,pool 0.20332238653458373,weather 0.19262120829592144,swimming 0.15707582988935173,beeitch 0.139622959901646,liquor 0.12828214323182552,weed 0.12828214323182552,faded 0.12217008991394025
Kendrick Lamar,2015,lucy 0.4155566514547782,fan 0.3291133009379105,funk 0.3116674885910836,kunta 0.16986492951634088,lookin 0.1558337442955418,depression 0.12739869713725568,resentment 0.12120402334097699,starin 0.12120402334097699,boo 0.10388916286369455,askin 0.10388916286369455
Kendrick Lamar,2016,’em 0.31087765051582533,levitate 0.31087765051582533,i’m 0.3069812373764675,don’t 0.26239394576405617,bam 0.2543544413311298,hooray 0.2543544413311298,pimp 0.22609283673878203,won’t 0.17328523518845415,youth 0.15595671166960873,pimp-pimp 0.11304641836939101
Lil Wayne,1999,what 0.4477833844900946,wobblety 0.3752832231670828,wha 0.24637629760674276,kisha 0.22075483715710756,watcha 0.19867935344139678,like-a 0.17660386972568604,tha 0.15928422012964255,cmr 0.14431797628499746,nobody 0.12929627158225934,hot 0.10550325330574378
Lil Wayne,2000,jiggy 0.8119075401701132,wheezy 0.23732236387356168,biznite 0.18847853611091916,wha 0.1402359422889228,pa 0.12649061843455922,whee 0.10148844252126415,jump 0.09464885812674097,breakin 0.07551166123249689,whaaat!! 0.07249174465804584,nope 0.0647242810564259
Lil Wayne,2002,young'n 0.3858801601776441,degreez 0.29412054662064835,dro 0.1425486624519259,– 0.1425486624519259,bloodline 0.1317670043841582,petey 0.1317670043841582,s-q 0.1317670043841582,wee 0.11125153241826737,mami 0.10718893338267892,player 0.09942203018085508
Lil Wayne,2004,leg 0.17404442411583387,dj 0.1519949896295365,err 0.1455100901766915,bruisa 0.1455100901766915,rim 0.1455100901766915,carter 0.13748934212331546,cus 0.10913256763251863,thrown 0.10913256763251863,ooowee 0.10913256763251863,li 0.10913256763251863
Lil Wayne,2005,fi-ya 0.4805586328339844,fi- 0.17162808315499445,shooter 0.15317883935362378,hollering 0.13730246652399555,fireman 0.12532814128932854,pavement 0.10297684989299666,thooouugh 0.10297684989299666,blum 0.10297684989299666,gooonnee...i 0.10297684989299666,ii 0.10215879839099784
Lil Wayne,2006,ki 0.25836768511975183,gangster 0.13566414024442086,vrooom 0.1337634053653843,cannon 0.13057554261413484,homey 0.12440698542028233,chromed 0.11704297969471125,dit 0.11704297969471125,yamaha 0.11704297969471125,stunting 0.1085313121955367,steerin 0.10032255402403822
Lil Wayne,2007,di-diamonds 0.30023743675042863,status 0.28822793928041146,im 0.19255718297539579,fantasy 0.19215195952027433,knew 0.1561234671102229,didnt 0.14988619897919947,dogg 0.14067943121397639,dem 0.12544720721392277,dat 0.12544720721392277,dey 0.12509798306086312
Lil Wayne,2008,wee 0.4934694190143256,ooh 0.3883278727650153,they've 0.1326279438390318,boom 0.1295034019866445,im 0.11125183207607607,gudda 0.1078688535458376,flying 0.10674054868406709,lollipop 0.10420767015923926,wrapper 0.09564025708521183,ryda 0.09564025708521183
Lil Wayne,2009,ceilings 0.5953100333296484,i’m 0.18635329812053944,da 0.15284325142163413,po-po-pokerface 0.13794875066379042,goooooood 0.13794875066379042,po-po-po-pokerface 0.13794875066379042,badd 0.09838220098025872,sumthin 0.09838220098025872,im 0.09367770349190684,muthafucking 0.08211172873512392
Lil Wayne,2010,i’m 0.43783415745539617,ye 0.3270002385680696,salute 0.2801787169641654,it’s 0.2199394869273062,u.s.a 0.16500065565446415,paradice 0.16500065565446415,prom 0.1414291334181121,heartless 0.11785761118176012,landslide 0.10522921177784827,im 0.09781968812141956
Lil Wayne,2011,i’m 0.49561162955720095,novacane 0.1621988840641365,carter 0.14861403451797026,tunechi 0.1411233606009512,don’t 0.10192242710068697,president 0.09615867397534704,tunechi's 0.092685076608078,iv 0.092685076608078,up 0.08741697634122458,belly 0.08620198433765991
Lil Wayne,2012,i’m 0.7614504618842685,trukfit 0.1765859579684619,that’s 0.15059016462396949,tunechi 0.13651621320093477,it’s 0.13479522440213568,gettin’ 0.1186666638823198,d4 0.1186666638823198,bass! 0.09493333110585583,bands 0.08829297898423095,stupid 0.08463061477215418
Lil Wayne,2013,romance 0.6019593201376678,i’m 0.2644486380460076,tunechi 0.2086455658804879,d5 0.14681934637504096,pussy-ass 0.1310877077676208,dedication 0.11316825749565507,eh 0.10923975647301734,limp 0.1047085267054249,arguin 0.08809160782502456,compass 0.08739180517841387
Lil Wayne,2015,finessin 0.31326728392902053,ceilings 0.2039485076098862,tunechi 0.19874348300489444,hollywood 0.17201332514813067,plug 0.14358083846746775,he's 0.14297341998120275,i’m 0.13592007279043866,screaming 0.12625383804421528,laughing 0.12411986633418985,muddy 0.10683017065279753
Lil Wayne,2017,grindin 0.5468230721628227,skrrt 0.33610390491431497,cumin 0.2778615703128677,suckin 0.22406926994287665,hoppita 0.1867243916190639,bj's 0.14937951329525112,gotti 0.13316798112188513,tunechi 0.12635942227788177,weekday 0.11203463497143833,c5 0.11203463497143833
LL Cool J,1985,lie 0.46842105580673504,liar 0.374736844645388,yvette 0.187368422322694,creator 0.15952337995562565,cut-creator 0.13673432567625055,keepin 0.13673432567625055,radio 0.12237589267311816,rush 0.11633281793345832,dj's 0.09115621711750037,he'll 0.08926273156682525
LL Cool J,1987,creator 0.603496194500966,aaaahhhhhhhh 0.413488453912915,l.l 0.34043053522025807,kanday 0.2067442269564575,whoooo 0.17228685579704792,go 0.15508175387190884,cut 0.1284397912602799,bristol 0.12060079905793356,good 0.08828937400401894,c 0.07701769022283993
LL Cool J,1989,motherland 0.6166161675302659,cali 0.38413178865705844,shot 0.19494265536273697,jealous 0.1658632608722422,ole 0.14267752150119312,rougher 0.1353547684822535,guy 0.1314729536167296,aww 0.12896662325002442,knowhati'msayin 0.12031534976200312,jealousy 0.10975193961630242
LL Cool J,1990,cereal 0.3142583650913883,illegal 0.19998259596724716,goodbar 0.1714136536862118,eat 0.15168973921086415,marley 0.14593966831547392,youknowmsayin 0.14284471140517652,shook 0.1250911442704062,milky 0.1181529522819009,marl 0.11427576912414122,funky 0.10334340781410327
LL Cool J,1993,diggy 0.6877536463290221,buckin 0.502589203086593,buck 0.30748444651503176,down 0.21474451269832093,stoppin 0.1663440448360008,survivor 0.14989502548196634,stand 0.08211744081696108,funk 0.07235300583885203,jeep 0.048621399101506625,bring 0.04172494169076235
LL Cool J,1995,hollis 0.31001294446377453,papa 0.31001294446377453,that'cha 0.25834412038647875,y'nahmean 0.20667529630918302,hollywood 0.17722902440573718,y'knowi'msayin 0.12917206019323937,niggas 0.11548801760162378,bless 0.11311780925165245,mista 0.10333764815459151,swerve 0.10333764815459151
LL Cool J,1997,aeiyo 0.21510694598280083,busta 0.17208555678624066,anutha 0.17208555678624066,chips 0.1290641675896805,mickens 0.1290641675896805,dolla 0.1290641675896805,keisha 0.1290641675896805,tyheim 0.1290641675896805,john 0.12558147351672927,candy 0.12459626917140346
LL Cool J,2000,fuhgidabowdit 0.4866871059807924,killa 0.2433435529903962,niggas 0.24173841798428908,nigga 0.22662976686027103,fuck 0.17374948792620779,greatest 0.16278427031027778,imagine 0.16278427031027778,g.o.a.t 0.13318713025386364,ass 0.12235394301882732,ayo 0.1216717764951981
LL Cool J,2002,ha 0.20905242940676036,mmm 0.18107019135422966,uhh 0.1692329190435679,nuts 0.13887427913573944,focused 0.13887427913573944,g's 0.12668143780584099,ghetto 0.10465722066900292,hotness 0.10415570935180458,amazing 0.10415570935180458,head-boppin 0.10415570935180458
LL Cool J,2004,hush 0.4748564369094835,i’m 0.36963425043320713,sprung 0.2772256878249053,cobbler 0.15828547896982784,definition 0.13861284391245265,v.i.p 0.13861284391245265,rub 0.13092466959166793,freak 0.10362079864382952,mornin 0.09434484079607834,homey 0.09048906349359044
LL Cool J,2006,freeze 0.5099649931532929,shawty 0.2329367204963962,preserve 0.16638337178314014,sexy 0.1331658837448066,vow 0.1331066974265121,fightin 0.122331361835199,leave 0.11156796837700253,radio 0.10031070614215437,changed 0.09983002306988407,altar 0.09983002306988407
LL Cool J,2008,left 0.3522901095948075,march 0.3202637359952796,heartbeat 0.313611257692778,war 0.20505278934254148,ya'll 0.17141682419790524,ima 0.15360121699755824,sweating 0.13165818599790705,culture 0.10971515499825589,goat 0.10971515499825589,president 0.09075008339889101
LL Cool J,2013,whaddup 0.5809370844569008,swag 0.2420571185237087,salt 0.19430845450265335,salty 0.19364569481896696,refuse 0.19364569481896696,push 0.15329354902302353,yea 0.15329354902302353,slip 0.1522178428539039,– 0.1452342711142252,feel 0.1282901524693113
MC Hammer,1987,posse 0.7830647769245286,go 0.34802878974423496,effect 0.2572870770395862,best 0.1286435385197931,hammer 0.10365483388595705,mc's 0.08700719743605874,rhyme 0.08700719743605874,rap 0.08700719743605874,hook 0.08700719743605874,soul 0.08619861495988308
MC Hammer,1988,posse 0.45268218961150286,mix 0.2716093137669017,i? 0.2599082649220474,effect 0.2342579021552536,beat 0.22634109480575143,still 0.20792661193763792,hammer 0.1887538559166698,go 0.18107287584460116,mutha 0.15594495895322846,m.c 0.15594495895322846
MC Hammer,1990,pray 0.4876307670736067,word,we 0.35878467467197384,children 0.30563138953538505,will 0.25247810439879637,dancing 0.23918978311464922,today 0.21387314345333625,word 0.17358200527904638,love 0.15398866328640212,black 0.15398866328640212,crime 0.13288321284147178
MC Hammer,1991,addams 0.5767191616740971,momentum 0.32178263116382094,friend 0.2691356087812453,live 0.23068766466963886,too 0.2176355318215796,slap 0.1537917764464259,ha 0.1537917764464259,family 0.14851506053714814,kick 0.14851506053714814,legit 0.12376255044762342
MC Hammer,1994,pumps 0.5818454943373204,proper 0.4631015159011326,bump 0.3975219034353722,em 0.16053769177197721,y'all 0.14249277412342543,g 0.11874397843618784,it's 0.11610680857860188,bust 0.10340818553383914,huh 0.09499518274895027,hey 0.08312078490533148
MC Hammer,1995,yonder 0.701776269989286,shine 0.31190056443968267,soon 0.31190056443968267,witness 0.23392542332976202,where 0.2007993417232189,comfort 0.15595028221984134,him 0.15595028221984134,victory 0.15595028221984134,anybody 0.15595028221984134,knowing 0.15595028221984134
MC Hammer,2001,hood 0.4523644551670792,thug 0.35132766793016496,respect 0.2261822275835396,rain 0.17566383396508248,somebody's 0.17566383396508248,they're 0.17566383396508248,teenage 0.17566383396508248,try 0.17566383396508248,peers 0.17566383396508248,sooner 0.17566383396508248
Nas,1994,yours! 0.4442543778174963,whose 0.37706058818711724,halftime 0.28559210002553337,buddha 0.12692982223357038,represent 0.11614558582925476,aiyyo 0.10102090912073437,hennessey 0.0951973666751778,mic 0.08296113273518196,crab 0.06654010379772658,phillies 0.06654010379772658
Nas,1996,sosa 0.14525282950453333,firm 0.13670931103154854,sons 0.11620226360362668,niggaz 0.1126116287739306,jeep 0.10632946413564887,peep 0.10152737086860265,jake 0.09113954068769903,q.b.c 0.08715169770272001,cristal 0.08715169770272001,venus 0.08715169770272001
Nas,1999,rise 0.35375609982591033,ohhh 0.3198971762408222,world.. 0.1591893534057799,prisoners 0.13929068423005742,nastrodamus 0.11939201505433493,favor 0.11939201505433493,showin 0.09949334587861243,still 0.09364132054215273,call 0.08323672937080243,grime 0.07959467670288994
Nas,2001,poison 0.3519761649988955,mic 0.21750282925469983,mega 0.1789242047821478,chair 0.15998916590858886,return 0.1279913327268711,jay-z 0.1279913327268711,nas.. 0.09599349954515332,childhood 0.09599349954515332,jaz 0.09599349954515332,belly 0.09599349954515332
Nas,2002,mastermind 0.40270838121891106,ugh 0.09665001149253866,killz 0.09218327051993273,irrational 0.09218327051993273,papa 0.08253767580776733,drunk 0.07230100923795053,energy 0.07230100923795053,dance 0.07230100923795053,aw 0.06913745288994955,chick- 0.06913745288994955
Nas,2004,bap 0.5286056146528733,street's 0.39687722743894405,disciple 0.388344596084404,ahhh 0.10843192095443556,daa 0.10843192095443556,aaa 0.10843192095443556,deee 0.10843192095443556,thief's 0.1042121578570664,dimes 0.09473832532460581,virgo 0.08526449279214524
Nas,2006,carry 0.417604909923747,tradition 0.32432589522238237,hip 0.16983301325187342,afraid 0.14557115421589148,playa 0.13920163664124902,brawn 0.13920163664124902,join 0.13920163664124902,coast 0.1292524344817544,ash 0.1160013638677075,situation 0.10917836566191862
Nas,2008,america 0.30911726701800013,testifyyyyy 0.2796457096581946,nigger 0.1520275266940401,farrakhan. 0.1242869820703087,capacity 0.1242869820703087,toast 0.11128221612648004,breathe 0.10859109049574292,gangstas 0.09748053185940422,fox 0.08655283476504004,round 0.06738303993191307
Nas,2010,sabali 0.5664929350025212,mean 0.241586101503937,spear 0.2360387229177172,deserve 0.18883097833417375,tribal 0.17309506347299258,nah 0.1710586587651014,mi 0.14298612222376308,lets 0.12588731888944915,jah 0.12588731888944915,despair 0.12588731888944915
Nas,2012,city-city 0.49792634635748284,i’m 0.28896118794015185,smash 0.2311689503521215,murderer 0.18672237988405604,‘em 0.14522851768759915,summer 0.13808042167556042,accident 0.1305133426771904,can’t 0.12448158658937071,wit’ 0.10373465549114225,ova 0.10373465549114225
NWA,1987,l.a 0.502715687848413,zone 0.3296496313760085,panic 0.26371970510080683,dopeman 0.23899598274760617,girl 0.22251350117880575,pa-panic 0.1977897788256051,it 0.1895485380412049,fat 0.11537737098160299,fila 0.11537737098160299,ha 0.11537737098160299
NWA,1988,dopeman 0.28375652865111195,yourself 0.28375652865111195,express 0.28375652865111195,ice 0.1891710191007413,ren 0.18450570675346484,cube 0.17971246814570424,gangsta 0.17971246814570424,type 0.11350261146044478,i'ma 0.11350261146044478,or 0.09458550955037065
NWA,1990,mutherfucker 0.26748968176073906,world's 0.24074071358466517,niggaz 0.22203649720174176,fbi 0.16049380905644345,mutherfuckin 0.16049380905644345,muthafucking 0.16049380905644345,brothers 0.16049380905644345,por 0.16049380905644345,stupid 0.10699587270429563,shootin 0.10699587270429563
NWA,1991,nut 0.3606461422714499,hotel 0.20608350986939997,mothafuckin 0.18032307113572496,dayz 0.15456263240204998,holiday 0.15456263240204998,motel 0.15456263240204998,world's 0.14168241303521248,niggaz 0.13899012494055435,ei 0.12880219366837498,wayback 0.12880219366837498
Outkast,1994,cuz 0.2889911515669353,git 0.22985578148946206,d.e.e.p 0.20112380880327932,playas 0.12331849876602752,hat 0.11492789074473103,dolemite 0.11492789074473103,organized 0.11492789074473103,smoke 0.10003539861932376,dippin 0.08808464197573394,deeper 0.08619591805854827
Outkast,1996,tha 0.16977539159688124,uh 0.10757381017512366,zone 0.10409730475828413,boyz 0.10409730475828413,delowe 0.10186523495812874,mainstream 0.10186523495812874,lacin 0.10186523495812874,headland 0.10186523495812874,jupiter 0.10186523495812874,occasion 0.10186523495812874
Outkast,1998,mamma 0.2447196162928839,synthesizer 0.2447196162928839,digital 0.21412966425627344,sasha 0.12235980814644196,mamacita 0.12235980814644196,cybersexy 0.09176985610983146,hump 0.09176985610983146,west 0.09176985610983146,walkin 0.09176985610983146,wendy 0.09176985610983146
Outkast,2000,ha 0.539944360025103,hoez 0.35384854389484427,weave 0.1572660195088197,baghdad 0.1572660195088197,fake 0.1572660195088197,junction 0.13760776707021724,bouncing 0.11794951463161477,a.k.a 0.11794951463161477,mamas 0.11794951463161477,bounce 0.1064679019767809
Outkast,2003,boom 0.23881684250436477,ghettomusick 0.20321399691879505,waaay 0.20321399691879505,tomb 0.18627949717556214,everything 0.18627949717556214,young 0.18627949717556214,valentine's 0.15241049768909629,spread 0.13547599794586337,speakerboxxx 0.13547599794586337,must 0.11854149820263046
Outkast,2006,jam 0.34868133342081525,whoa 0.26064259887919794,note 0.21999342777016212,blah 0.21325303544661647,chronomentrophobia 0.18955825373032575,ode 0.18955825373032575,idlewild 0.16586347201403506,hollywood 0.14528388892533967,im 0.14216869029774432,makes 0.11622711114027173
Public Enemy,1987,so- 0.45616799361603716,posse 0.20167830591399077,oldsmobile's 0.19006999734001548,motion 0.16965979180136426,defy 0.14845231782619372,force 0.1272448438510232,an 0.11404199840400929,oldsmobile 0.11404199840400929,let's 0.09375019252012803,start 0.09070100868071455
Public Enemy,1988,dat 0.28162712284490243,best 0.2296570270302376,ha 0.18702058966024268,louder 0.17694471813223558,lampin 0.17694471813223558,um 0.17694471813223558,tappin 0.1415557745057885,rebel 0.1382009465010011,steel 0.11845795414371522,sell 0.10616683087934137
Public Enemy,1990,hollywood 0.22714049511329634,excuse 0.21000695552301252,burn 0.18928374592774697,supposin 0.1575052166422594,let's 0.14797700686498938,nigger 0.11715991756162983,sister 0.11605879745172833,generation 0.11098275514874203,it...get 0.10500347776150626,cab 0.10500347776150626
Public Enemy,1991,post 0.31332323992589284,niga 0.17904185138622447,liquor 0.17904185138622447,jet 0.16046458081982623,nighttrain 0.12034843561486967,shorty 0.12034843561486967,dodge 0.12034843561486967,talin 0.12034843561486967,bottle 0.11190115711639029,digger 0.08023229040991312
Public Enemy,1994,dat 0.28874839871302393,iz 0.24667675725376362,aight 0.17940127800273717,kind 0.1533997016913758,da 0.14716594463795338,were 0.11212579875171072,trigga 0.10410283202523493,uptown 0.09330118725733517,partner 0.09330118725733517,suckas 0.09330118725733517
Public Enemy,1998,agent 0.687354385549448,unstoppable 0.2673044832692298,super 0.1950773148136662,yea 0.19274178332035766,solutions 0.13767270237168402,revelations 0.12390543213451562,flagrant 0.11455906425824135,duty 0.11455906425824135,swayze 0.11455906425824135,p.e 0.08441363097963255
Public Enemy,1999,kill 0.5760424641618579,headed 0.20616415703462596,swindler's 0.20616415703462596,crayola 0.20616415703462596,lust 0.14865611978370527,/ 0.12939308381457149,world's 0.11501607450184131,live 0.10782756984547623,ol 0.10063906518911116,madd 0.08626205587638099
Public Enemy,2002,month 0.22552357626009178,po 0.19513843870118944,bush 0.14301942208728258,lights 0.13531414575605508,fed 0.13531414575605508,cameras 0.13531414575605508,whiplash 0.13531414575605508,civil 0.13009229246745962,hes 0.13009229246745962,cmon 0.12581642135153442
Public Enemy,2005,allright 0.4941060582376582,cmon 0.4226706913365686,/ 0.2205238389582097,yall 0.1500458823936489,aint 0.12863890605895564,put 0.114320672299923,heaven 0.10194392111861814,m 0.09882121164753163,jumpback 0.09882121164753163,pemoby 0.09882121164753163
Public Enemy,2006,#1 0.4055599888561838,coincidence 0.24784221541211227,soldier 0.22744702627608923,at 0.2253111049201021,nothin 0.1508374639063777,it 0.13518666295206125,message 0.12569788658864808,guerilla 0.11372351313804462,paris 0.11265555246005104,truth 0.10751799215665683
Public Enemy,2007,frankenstar 0.5012944276324361,hard...just 0.4010355421059489,eve 0.2673570280706326,dont 0.20016175641498277,im 0.1927796711200785,aint 0.1491547139011081,destruction 0.1305103746634696,drugs 0.10025888552648722,snitch 0.10025888552648722,revolutionaries 0.10025888552648722
Public Enemy,2012,stamp 0.34685909953766136,fassfood 0.30061121959930653,thrown 0.30061121959930653,decay 0.13874363981506455,brush 0.13874363981506455,census 0.13874363981506455,wtf 0.13874363981506455,facts 0.10004208023469105,depression 0.0924957598767097,survey 0.0924957598767097
Run the Jewels,2013,i'mma 0.11978298307959837,hey 0.10653092090039261,ya'll 0.10267112835394146,fat 0.10267112835394146,pocket 0.10267112835394146,tomorrow 0.10267112835394146,move 0.10267112835394146,sanity 0.10267112835394146,chill 0.10267112835394146,ok 0.10267112835394146
Run the Jewels,2014,i’m 0.3868569912687776,shame 0.2018384302271883,i’ll 0.16819869185599026,‘em 0.16819869185599026,nod 0.1345589534847922,don’t 0.1345589534847922,ho 0.10091921511359415,it’s 0.10091921511359415,causin 0.10091921511359415,crown 0.10091921511359415
Run the Jewels,2015,meow-meow-meow-meow 0.3438346506798978,album 0.27506772054391826,kitten 0.2063007904079387,hoe 0.1719173253399489,truth's 0.13753386027195913,tounge 0.13753386027195913,doin 0.13753386027195913,everybody's 0.13753386027195913,feeling 0.12843384622523962,steal 0.10315039520396935
Run the Jewels,2016,garden 0.48249453253444324,g-o-l-d 0.3897071224316657,gold 0.26908348929805487,kill- 0.1670173381849996,bumaye 0.14845985616444407,thieves 0.12990237414388858,jewels- 0.11134489212333305,woo 0.09278741010277755,pressure 0.09278741010277755,fucking 0.09278741010277755
Run-DMC,1984,wake 0.8643895925261618,dream 0.3273457689452754,hard 0.06580218226441092,fresh 0.05534953071913885,devastatin 0.050846446619185984,drivin 0.050846446619185984,bus 0.050846446619185984,offer 0.050846446619185984,scratch 0.050846446619185984,blaster 0.050846446619185984
Run-DMC,1985,funny 0.49145754895319405,couldn't 0.3545536302683544,not 0.3434738293224683,jammin 0.26211069277503685,reggae 0.24572877447659702,ha 0.21296493787971743,roots 0.20356758224560706,blind 0.19658301958127763,up 0.16381918298439802,wait 0.12759776911559423
Run-DMC,1986,tricky 0.6791566266745875,perfection 0.40749397600475257,dumb 0.2331926160432318,cos 0.2263855422248625,proud 0.1165963080216159,it 0.11319277111243126,adidas 0.07437530173701073,tricky...(how 0.06791566266745876,ball 0.05829815401080795,ronald's 0.04527710844497251
Run-DMC,1988,mary 0.5083738714519515,going 0.3715039829841183,elaine 0.2737397769356661,mary.. 0.2541869357259757,roll! 0.2541869357259757,why 0.19552841209690436,buggin 0.1564227296775235,miss 0.1510557437090015,name 0.11731704725814263,that! 0.09776420604845218
Run-DMC,1990,pause 0.41808862883059406,ruff 0.3484071906921617,bob 0.20904431441529703,tree 0.1858171683691529,afros 0.1625900223230088,ounce 0.11613573023072056,deal 0.1046742878194993,brother's 0.1046742878194993,livin 0.10113679276174833,doo 0.09290858418457645
Run-DMC,1993,little 0.29973006895285076,witness 0.2118037407442216,i'ma 0.2118037407442216,shop 0.18532827315119388,shots 0.1323773379651385,murder 0.1323773379651385,check 0.10659549481929192,ooh 0.1059018703721108,mark 0.1059018703721108,stiggidy 0.1059018703721108
Run-DMC,2001,them 0.498745056815827,dum 0.37405879261187025,diddi 0.32062182223874597,q 0.2493725284079135,b-o-r-o 0.2315602049502054,patrol 0.17812323457708107,drum 0.12614190405277628,rev 0.12468626420395675,gina 0.12468626420395675,cash 0.09732879557677315
Slum Village,2000,uh-huh 0.3344269036708788,c'mon 0.3229524555315444,felatio 0.18811513331486934,jay 0.14631177035600948,wit 0.13825353240857174,interference 0.12541008887657956,permiscuous 0.12541008887657956,jam 0.12541008887657956,thelonious 0.12541008887657956,aight 0.12110717082432915
Slum Village,2002,disco 0.4120179873050419,real 0.25599415156824656,one 0.24721079238302518,funk 0.17066276771216438,soon 0.17066276771216438,forth 0.13733932910168062,fluid 0.12799707578412328,mary 0.12799707578412328,try 0.1098714632813445,club 0.09288853727423878
Slum Village,2004,selfish 0.32472992530836936,holdin 0.2351911410500366,callin 0.18292644303891736,kill'n 0.16236496265418468,thinkin 0.1590699562528279,there's 0.15175494551844992,i 0.11673457347573071,new 0.10604663750188528,let 0.10604663750188528,out 0.10452939602223849
Slum Village,2005,ez 0.4273849995886647,forth 0.34393423884127905,aiyyo 0.30273104137530416,s.v 0.17196711942063952,niggaz 0.15507841574325434,bullshit 0.14246166652955491,crew 0.12803102349727266,fuckin 0.1240627325946035,tch 0.10684624989716618,ey 0.10684624989716618
Slum Village,2010,earl 0.308209447296984,moving 0.308209447296984,flinn 0.308209447296984,whoa 0.25684120608082,dj 0.19842302703520714,play'n 0.154104723648492,math 0.102736482432328,pray 0.102736482432328,faster 0.102736482432328,facts 0.102736482432328
Slum Village,2012,bonita 0.811593188419603,applebum 0.22544255233877858,duty 0.09017702093551144,tribe 0.09017702093551144,next 0.09017702093551144,cough 0.09017702093551144,hammer 0.08708297694943753,reppin 0.08708297694943753,weapon 0.058897989404992065,summer 0.05805531796629168
Slum Village,2013,hustle 0.39875938967884206,gone 0.3384015656956578,spirit 0.14500341442866985,u 0.1268779876250861,nigga's 0.1268779876250861,effect 0.1268779876250861,la 0.10946485640810809,faithfulness 0.10875256082150239,picture 0.09062713401791865,earth 0.07818918314864864
Snoop Dogg,1993,do-owww-ohhhh-oggg 0.2873435751647293,toc 0.2586092176482564,pump 0.24629174421316646,aiy 0.14367178758236465,suicide 0.13022688823589343,whas 0.13022688823589343,whassup 0.12314587210658323,bowwowwowyippyyoyippyyay 0.11493743006589173,gz 0.11493743006589173,tanqueray 0.11493743006589173
Snoop Dogg,1996,cos 0.5562958747802487,ta 0.2528617612637494,groupie 0.22317419540076144,doggz 0.2022894090109995,wake 0.1722757042648087,corleone 0.15171705675824962,rush 0.11800215525641637,doggyland 0.08926967816030458,mcs 0.08926967816030458,beyotch 0.08926967816030458
Snoop Dogg,1998,na 0.4558486316115235,bow-wow-wow-yippie-yo-yippie-yay 0.3309481526060206,woof 0.32202108954531583,mothafucker 0.2622128967170661,yah 0.24998150765793226,mutha 0.1557403071087156,limit 0.12948267317905232,slow 0.12165241160600822,twista 0.1168052303315367,murda 0.09733769194294724
Snoop Dogg,1999,boom 0.40208396355753934,teasin 0.2659660825124326,momma 0.21525569213238796,daytona's 0.19947456188432444,understand 0.1764041063447054,bendin 0.15067300218052881,symphony 0.1329830412562163,ayyo 0.1329830412562163,drama 0.11106002319250809,cinderfella 0.1108192010468469
Snoop Dogg,2000,shake 0.28511545044414427,villain 0.1639944963389586,adams 0.14056671114767882,d-o-double-giz-ee 0.1240632925426508,meech 0.1240632925426508,limit 0.10727222093268213,dogghouse 0.09503848348138144,stacey 0.0949453376988328,trust 0.09377861253270091,sunshine 0.0937111407651192
Snoop Dogg,2001,deee 0.3636503560689594,tray 0.27660087751638773,ragy 0.24071663272834268,eastsidaz 0.1842198567820637,mothafuckin 0.16579787110385735,dogghouse 0.13830043875819387,deeper 0.12035831636417134,trayz 0.12035831636417134,wit 0.11095701687854195,zoom 0.09210992839103185
Snoop Dogg,2002,ballin 0.43143344945713674,batman 0.34775971769581665,jamel 0.26081978827186253,chuuuch 0.22984509995532212,robin 0.19561484120389688,yeh 0.1477575642569928,ehh 0.13040989413593126,gotham 0.11492254997766106, 0.10986857743338985,coz 0.1086749117799427
Snoop Dogg,2004,fairy 0.2220299207987485,wit'chu 0.19735992959888757,downs 0.19596220749831203,la 0.13902780426899472,treble 0.13064147166554135,snooooooooooop 0.13064147166554135,comeon 0.13064147166554135,itttt 0.13064147166554135,colone 0.13064147166554135,victory 0.13064147166554135
Snoop Dogg,2006,plow 0.3171704038655933,imagine 0.29774848463278825,cali? 0.2748810166835142,go-ooooood 0.2537363230924747,ca-rip 0.2325916295014351,lax 0.2076312269338833,psst 0.16915754872831645,candy 0.139063596682579,welcome 0.10046540349033531,which 0.08638857672877073
Snoop Dogg,2008,eruption 0.3646442903527112,goodbye 0.35644382793101764,yack 0.2573959696607373,waste 0.24302988268023928,weee 0.2268278905015567,medicine 0.21908640437940935,sexual 0.21449664138394775,evenin 0.12869798483036865,oooh 0.12615406250324732,sheets 0.10724832069197388
Snoop Dogg,2009,luv 0.24987513955148372,doggystyle 0.2409859200337541,sittin’ 0.23592881399793228,pronto 0.210351723891358,bouta 0.1561719622196773,drawls 0.1561719622196773,blunted 0.1561719622196773,cert 0.1561719622196773,sizzz-ore 0.1561719622196773,upside 0.14155728839875936
Snoop Dogg,2010,squeeze 0.25674972011638036,heh 0.1939357619012051,clack 0.1939357619012051,nah 0.1827278167671735,pronto 0.15719195182346196,soulja 0.15526031609967772,tay 0.15404983206982822,cudi 0.15404983206982822,hov 0.11636145714072306,s.o.d 0.11636145714072306
Snoop Dogg,2011,drip 0.4674142853871076,platinum 0.20559757466571432,it’s 0.16838118953560094,peer 0.15362873469433352,i’m 0.1483809198646359,la 0.14429586053316407,wa 0.13559175212768804,talent 0.13559175212768804,superman 0.13489845191451916,you’re 0.12802394557861127
Snoop Dogg,2013,fruit 0.3303616979692646,faden 0.30676443382860286,dividin 0.18877811312529408,unified 0.18877811312529408,i’mma 0.1651808489846323,won’t 0.16041762608527693,la 0.15067232993045124,tired 0.13002429002277943,it’s 0.1223109534031607,yuh 0.11798632070330879
Snoop Dogg,2014,edge 0.5529071422647515,birthday 0.21265659317875057,tongue 0.17024776427997326,dpgc 0.16558144734137917,dick 0.14662772363369586,hurt 0.1448837664237068,walk 0.13328584516418374,wax 0.12759395590725037,poak 0.11261362060157075,ich 0.11261362060157075
Snoop Dogg,2015,somebody’s 0.3305199561402636,angeles 0.25319427485857204,los 0.25319427485857204,dear 0.2496580696896558,information 0.2478899671051977,dutchie 0.20657497258766475,winner 0.2023568983784781,in 0.1822425178918055,peaches 0.1652599780701318,poochie 0.1652599780701318
Snoop Dogg,2016,dm 0.426453936188664,don’t 0.36840420148457226,coolaid 0.3637401220432723,tap 0.322121749511656,legend 0.22738005847881598,revolution 0.18948338206567997,i’m 0.1745641532216566,super 0.12811150754979292,drugs 0.12542762829078352,slide 0.10678341285424936
The Notorius BIG,1994,dee 0.18098996052358754,knocking 0.14479196841887004,muthafucka 0.14479196841887004,funk 0.12637920312690804,aw 0.10859397631415253,days 0.10859397631415253,motherfuckin 0.09191214772866041,eatin 0.08243346182355966,living 0.08243346182355966,stick 0.08243346182355966
The Notorius BIG,1997,downfall 0.31169812060737295,playahh 0.27013837119305656,pray 0.24843986561274192,limit 0.22477892603057603,pressin 0.18701887236442374,hater 0.15379610728407833,guess 0.13013516770191244,cali 0.12467924824294918,here's 0.12467924824294918,thank 0.12467924824294918
The Notorius BIG,1999,can 0.21443365119955912,cock 0.14486401780946104,around 0.11589121424756885,niggas!!) 0.11589121424756885,beotch 0.11589121424756885,hahhh 0.08691841068567664,seperate 0.08691841068567664,-> 0.08691841068567664,b-u-t 0.08691841068567664,slash 0.08691841068567664
The Notorius BIG,2005,u 0.4164748919099522,n 0.244985230535266,ma 0.2204867074817394,ur 0.19526616853732934,da 0.1813185850703772,breakin 0.17148966137468621,pow 0.122492615267633,yall 0.122492615267633,grind 0.122492615267633,phizzle 0.0979940922141064
The Notorius BIG,2009,chaaaance 0.3718711378784965,chaaaaaaance 0.34530891374431816, 0.1601830226163982,party 0.1601830226163982,guess 0.1361024718236675,paaaapeerrrr 0.1328111206708916,first 0.1328111206708916,rum 0.11802959561208287,westcoast 0.10624889653671328,eastcoast 0.10624889653671328
Tupac,1991,soulja 0.4990401542940927,wicked 0.41354918736727037,behaviour 0.2679220075835691,nightmare 0.18379963882989794,america's 0.18379963882989794,rebel 0.16152723366347108,erection 0.1564154069789784,brenda's 0.13686348110660612,trapped 0.1225330925532653,something 0.11731155523423381
Tupac,1993,boom 0.26606807668143,finga 0.22883353796060268,committee 0.13076202169177295,puzzle 0.13076202169177295,censorship 0.13076202169177295,builder 0.13076202169177295,niggas 0.11497242704416599,pops 0.1121315703792948,muthafucker 0.0980715162688297,middle! 0.0980715162688297
Tupac,1995,knows 0.7975800871914093,world! 0.27820087753590406,he 0.23845789503077489,lord 0.09965509084118765,sweet 0.07952130869856248,way. 0.0794859650102583,g'd 0.0794859650102583,kill 0.07673434754758965,outlaw 0.07407094919407092,peers 0.07250728065376448
Tupac,1996,l.a 0.2672973463750236,girlfriend 0.23742183440457157,sistas 0.23742183440457157,stories 0.22555074268434297,shorty's 0.1543241923629715,mary 0.14930294014857032,jealous 0.14930294014857032,only 0.14245310064274294,video 0.12994604704074858,hail 0.1289434483101289
Tupac,1997,hellraiser 0.4209345706500069,bye 0.27072111892612977,these 0.15785046399375258,sucka 0.1571613937040702,juvenile 0.13298271774959786,raise 0.11760694183700554,hold 0.1142895386916578,are 0.10880404179512553,gs 0.10528043513793935,heaven 0.09806455514700242
Tupac,1998,l.a 0.31480253767702443,video 0.27774034205039266,party 0.2143255566300719,mary 0.15955641056549352,shake 0.1515715922148636,california 0.13991223896756638,hail 0.13054615409904013,brenda's 0.12961215962351658,troublesome 0.12961215962351658,trapped 0.11604102586581345
Tupac,1999,ni**az 0.507703258677295,s**t 0.4542608103954745,ni**a 0.3473759138318334,f**k 0.22713040519773725,turns 0.21376979312728212,bi**h 0.13360612070455133,precious 0.1202455086340962,teardrops 0.10725071414767562,collide 0.10725071414767562,motherf**kin 0.10688489656364106
Tupac,2001,ballad 0.3766111457246254,ha..ppy 0.25107409714975026,nature 0.19137960994228154,wessyde 0.16738273143316684,dogz 0.16738273143316684,body 0.16352351503536994,niggaz 0.15597971030924557,rock 0.1349824416137702,westside 0.13465330316579932,swisher 0.10461420714572928
Tupac,2002,mansion 0.20711398257383692,exchange 0.18985448402601718,heyyy 0.17259498547819743,last 0.16555605170057572,fortune 0.16224946944776403,days 0.15859030127486484,something 0.13807598838255794,bye 0.13520789120647003,cha 0.12334801210267268,mama's 0.10868132566985814
Tupac,2003,panther 0.326591618513882,collide 0.2993756503043919,rearview 0.2721596820949017,rebel 0.26981199202870276,simple 0.18851383461813995,mothafucken 0.1491772603602341,tha 0.14614816234888067,niggaz 0.12297436082314532,getten 0.11188294527017557,mystery 0.11188294527017557
Tupac,2004,loyal 0.3221484776779429,soulja 0.27001985523767835,cotton 0.2684570647316191,thuglife 0.23509166761868502,hennessey 0.2097160482091884,everywhere 0.19737981007923616,model 0.17631875071401376,cuz 0.17270733381933162,gotchu 0.16107423883897146,naaaa 0.16107423883897146
Tupac,2006,tupac 0.3358555988903634,cardz 0.2817380573568646,pac's 0.26728219011624926,locate 0.2535642516211781,gats 0.22539044588549167,soon 0.1812514368738496,motherfucker's 0.12336101082288428,whatz 0.11269522294274584,scar 0.11269522294274584,outlaws 0.10191406693243721
Tupac,2011,psychopath 0.4965277052537958,firepower 0.2856140757721953,wrath 0.24568291668254008,slash 0.1904093838481302,icicle 0.1904093838481302,ambassador 0.1904093838481302,constantly 0.17733132330492707,assassin 0.1389535033713684,ridaz 0.1389535033713684,murderous 0.1389535033713684
Tyler the Creator,2009,press 0.21062649707267775,keys 0.18053699749086663,gucci 0.15044749790905554,bass 0.13540274811814998,father's 0.12035799832724442,eighteen 0.12035799832724442,pig 0.10531324853633887,o.f 0.10531324853633887,swag 0.09366202995740021,pictures 0.09026849874543331
Tyler the Creator,2011,lake 0.18537603820577708,boppin 0.1588937470335232,dracula 0.13241145586126934,free 0.13241145586126934,spirit 0.10592916468901548,feel 0.10592916468901548,kidnapping 0.10592916468901548,bed 0.10592916468901548,attacking 0.10592916468901548,earl 0.09268801910288854
Tyler the Creator,2013,bum 0.3563396189122615,slater 0.29694968242688463,tamale 0.25735639143663336,trash 0.21776310044638206,bimmer 0.19796645495125642,sorry 0.14847484121344232,wang 0.1478943043273212,loiter 0.13857651846587948,golf 0.11913707848589762,girlfriend 0.11877987297075385
Tyler the Creator,2015,camera 0.22988104036909665,coach 0.20114591032295956,cuz 0.20114591032295956,cherry 0.1724107802768225,bomb 0.1436756502306854,hair 0.12930808520761686,seater 0.11494052018454833,coat 0.11494052018454833,purpose 0.11494052018454833,pack 0.11494052018454833
Wu-Tang Clan,1993,aw 0.1764716529450521,ta 0.15126141681004468,m-e-t 0.12605118067503723,h-o-d 0.12605118067503723,c.r.e.a.m 0.12605118067503723,niggaz 0.1138267251119965,c'mon 0.1125154804489525,ruckus 0.11145801078888382,heh 0.11145801078888382,punks 0.10906811164168748
Wu-Tang Clan,1997,yaknowhati'msayin 0.13734076494598998,youknowhatimean 0.12378815926747011,youknowhati'msayin 0.1030055737094925,tang 0.1005423672778701,niggaz 0.09341358794463506,percent 0.08619803444703122,poi 0.08583797809124373,chao 0.08583797809124373,breeze 0.07427289556048207,yourz 0.07427289556048207
Wu-Tang Clan,1998,im 0.24336178040123319,strength 0.12552691722908416,gorge 0.11250232277434878,prostitution 0.11250232277434878,collapse 0.11250232277434878,sight 0.09414518792181312,wit 0.08629975559499535,begga 0.0843767420807616,raped 0.0843767420807616,yall 0.0843767420807616
Wu-Tang Clan,2000,clack 0.5441876859873526,went 0.34011730374209537,bloood 0.25508797780657155,blooood 0.20407038224525723,clap 0.1707719806309322,bang 0.16602831450229522,click 0.1517973161163842,forth 0.14714638870161312,boxcutter 0.13604692149683814,somethin 0.11435003270060955
Wu-Tang Clan,2001,warned 0.21402914010455953,nying 0.21402914010455953,been 0.19290902663576914,s.p.i.c.e 0.14268609340303967,in 0.11574541598146146,table+ 0.10701457005227977,+the 0.10701457005227977, 0.09462530251267112,blah 0.0891788083768998,y'all 0.08053023900745614
Wu-Tang Clan,2002,gunz 0.23585684378392166,girlz 0.1965473698199347,thugz 0.1965473698199347,mitzvah 0.17689263283794124,spin 0.1651030939271686,knights 0.15589405427461814,daddy 0.15351140643315278,bluntz 0.13758315887395428,martinez 0.13758315887395428,round 0.1315683418659691
Wu-Tang Clan,2005,middle 0.11524137805585499,ahead 0.09774742746445744,fronting 0.09774742746445744,silence 0.09774742746445744,ruck 0.09774742746445744,try'nna 0.09397529615693537,homey 0.08643103354189126,i'mma 0.08035495932538805,waste 0.07270921425801576,brooklyn 0.07067404505713129
Wu-Tang Clan,2007,gun'll 0.5745298210219577,eastside 0.27577431409053976,westside 0.19884901458320467,somebody 0.11538794926100254,starter 0.09942450729160233,shh 0.09192477136351325,kindness 0.06894357852263494,gwop 0.06894357852263494,crook 0.06628300486106822,cold 0.06477286663788902
Wu-Tang Clan,2009,buddha 0.2644159590011977,y'knahmean 0.22919125938651533,vehicle 0.1375147556319092,architecture 0.1375147556319092,ya'll 0.12919586012442352,i'mma 0.12919586012442352,step 0.11304637760887057,person 0.10132868936498184,abbot 0.09915598462544914,hero 0.09915598462544914
Wu-Tang Clan,2011,direct 0.1106166184537696,islam 0.1106166184537696,wallet 0.10698087343908243,lottery 0.10173640361720497,c'mon 0.08558469875126594,billy 0.08558469875126594,islamic 0.0829624638403272,vodka 0.0829624638403272,i’m 0.0829624638403272,pocket 0.08107231435182705
Wu-Tang Clan,2014,identity 0.18993541791361865,reunion 0.18993541791361865,mistaken 0.12662361194241242,pioneer 0.12662361194241242,preacher 0.12662361194241242,wake 0.11412856079776289,robe 0.09496770895680932,preacher's 0.09496770895680932,ignorance 0.09496770895680932,frontier 0.09496770895680932
Wu-Tang Clan,2015,flashnet 0.37111730454010033,poisonous 0.37111730454010033,saga 0.26759675042957726,motherfuckers 0.26759675042957726,once 0.26759675042957726,ahold 0.26759675042957726,wtc 0.26759675042957726,cuban 0.207041108221046,idea 0.207041108221046,darts 0.207041108221046
