{
    "album": "Hot Sauce Committee Part Two", 
    "artist": "Beastie Boys", 
    "lyrics": "On and on, to the break of dawn\nOn and on, to the break of dawn\nOn and on, to the break of dawn\nOn and on, to the break of dawn\n\nNow, let me introduce myself, I'm Ad Rock (Rock)\nNo matter what you order well I got it in stock (stock)\nThe dooty rhyme thing, well we got it on lock (lock)\nTop off the look with the argyle sock\n\nTake it from me now I'm gonna give it all I got (got)\nI take a licking, still tick tick tock (tock)\nBut smoked salmon ain't old school lox (lox)\nSo go to Peter Brady and buy Greg's sox\n\nIt's Mike on the mic and I'm known to please (please)\nStinky, nasty, like the head cheese (cheese)\nCaps gowns honorary degrees\nRhymes fresh pressed like eighty-three Lees\nYou can't stop you got to keep on\nKeep, keep-keep-keep, keep-keep on\nYou can't stop you got to keep on\nI mean that's all I got, except I've just got...\nEven Michael Diamond him never learn\nAtop him head him have a curly perm\n\nTissue up my nose and my dick's in a cast (cast)\nI don't wanna talk about it, past is past (past)\nAll you crusty punks that are into crass (crass)\nGo and take a shower and wash that ass\n\nWe rock non stop here in New York City (City)\nSweet on the mic looking so damn pretty (pretty)\nServed by me well it must feel shitty (shitty)\nWeird thing to say here it goes tough titty!\n\nI've got my rhymes in a pitcher and it's time to pour (pour)\nI'm at the tee and I'm screaming \"FORE!\" (FORE)\nHit into your party as I declare war (war)\nRoberta Peterson's got a spine like a dinosaur\nYou can't stop you got to keep on\nKeep, keep-keep-keep, keep-keep on\nYou can't stop you got to keep on\nKeep, keep-keep-keep, keep-keep on\nYou can't stop you got to keep on\nOn and on, to the break of dawn\nBrass monkey you're the funky...\nBrass monkey you're the funky...\nBrass monkey you're the funky...\nBrass monkey you're the funky...\n", 
    "ngrams": {
        "2": {
            "": 1406, 
            "a cast": 1, 
            "a curly": 1, 
            "a dinosaur": 1, 
            "a licking,": 1, 
            "a pitcher": 1, 
            "a shower": 1, 
            "a spine": 1, 
            "about it,": 1, 
            "ad rock": 1, 
            "ain't old": 1, 
            "all i": 2, 
            "all you": 1, 
            "and buy": 1, 
            "and i'm": 2, 
            "and it's": 1, 
            "and my": 1, 
            "and on,": 5, 
            "and take": 1, 
            "and wash": 1, 
            "are into": 1, 
            "argyle sock": 1, 
            "as i": 1, 
            "ass we": 1, 
            "at the": 1, 
            "atop him": 1, 
            "brady and": 1, 
            "brass monkey": 4, 
            "break of": 5, 
            "but smoked": 1, 
            "buy greg's": 1, 
            "by me": 1, 
            "can't stop": 5, 
            "caps gowns": 1, 
            "cast cast": 1, 
            "cast i": 1, 
            "cheese caps": 1, 
            "cheese cheese": 1, 
            "city city": 1, 
            "city sweet": 1, 
            "crass crass": 1, 
            "crass go": 1, 
            "crusty punks": 1, 
            "curly perm": 1, 
            "damn pretty": 1, 
            "dawn brass": 1, 
            "dawn now,": 1, 
            "dawn on": 3, 
            "declare war": 1, 
            "degrees rhymes": 1, 
            "diamond him": 1, 
            "dick's in": 1, 
            "dinosaur you": 1, 
            "don't wanna": 1, 
            "dooty rhyme": 1, 
            "eighty-three lees": 1, 
            "even michael": 1, 
            "except i've": 1, 
            "feel shitty": 1, 
            "fore fore": 1, 
            "fore hit": 1, 
            "fresh pressed": 1, 
            "from me": 1, 
            "funky": 1, 
            "funky brass": 3, 
            "give it": 1, 
            "go and": 1, 
            "go to": 1, 
            "goes tough": 1, 
            "gonna give": 1, 
            "got a": 1, 
            "got even": 1, 
            "got got": 1, 
            "got i": 1, 
            "got it": 2, 
            "got my": 1, 
            "got to": 5, 
            "got, except": 1, 
            "gowns honorary": 1, 
            "greg's sox": 1, 
            "have a": 1, 
            "head cheese": 1, 
            "head him": 1, 
            "here in": 1, 
            "here it": 1, 
            "him have": 1, 
            "him head": 1, 
            "him never": 1, 
            "hit into": 1, 
            "honorary degrees": 1, 
            "i declare": 1, 
            "i don't": 1, 
            "i got": 2, 
            "i got,": 1, 
            "i mean": 1, 
            "i take": 1, 
            "i'm ad": 1, 
            "i'm at": 1, 
            "i'm gonna": 1, 
            "i'm known": 1, 
            "i'm screaming": 1, 
            "i've got": 1, 
            "i've just": 1, 
            "in a": 2, 
            "in new": 1, 
            "in stock": 1, 
            "into crass": 1, 
            "into your": 1, 
            "introduce myself,": 1, 
            "is past": 1, 
            "it all": 1, 
            "it from": 1, 
            "it goes": 1, 
            "it in": 1, 
            "it must": 1, 
            "it on": 1, 
            "it's mike": 1, 
            "it's time": 1, 
            "it, past": 1, 
            "just got": 1, 
            "keep on": 5, 
            "keep, keep-keep-keep,": 3, 
            "keep-keep on": 3, 
            "keep-keep-keep, keep-keep": 3, 
            "known to": 1, 
            "learn atop": 1, 
            "lees you": 1, 
            "let me": 1, 
            "licking, still": 1, 
            "like a": 1, 
            "like eighty-three": 1, 
            "like the": 1, 
            "lock lock": 1, 
            "lock top": 1, 
            "look with": 1, 
            "looking so": 1, 
            "lox lox": 1, 
            "lox so": 1, 
            "matter what": 1, 
            "me introduce": 1, 
            "me now": 1, 
            "me well": 1, 
            "mean that's": 1, 
            "mic and": 1, 
            "mic looking": 1, 
            "michael diamond": 1, 
            "mike on": 1, 
            "monkey you're": 4, 
            "must feel": 1, 
            "my dick's": 1, 
            "my nose": 1, 
            "my rhymes": 1, 
            "myself, i'm": 1, 
            "nasty, like": 1, 
            "never learn": 1, 
            "new york": 1, 
            "no matter": 1, 
            "non stop": 1, 
            "nose and": 1, 
            "now i'm": 1, 
            "now, let": 1, 
            "of dawn": 5, 
            "off the": 1, 
            "old school": 1, 
            "on and": 5, 
            "on i": 1, 
            "on keep,": 3, 
            "on lock": 1, 
            "on on": 1, 
            "on the": 2, 
            "on you": 3, 
            "on, to": 5, 
            "order well": 1, 
            "party as": 1, 
            "past all": 1, 
            "past is": 1, 
            "past past": 1, 
            "perm tissue": 1, 
            "peter brady": 1, 
            "peterson's got": 1, 
            "pitcher and": 1, 
            "please please": 1, 
            "please stinky,": 1, 
            "pour i'm": 1, 
            "pour pour": 1, 
            "pressed like": 1, 
            "pretty pretty": 1, 
            "pretty served": 1, 
            "punks that": 1, 
            "rhyme thing,": 1, 
            "rhymes fresh": 1, 
            "rhymes in": 1, 
            "roberta peterson's": 1, 
            "rock no": 1, 
            "rock non": 1, 
            "rock rock": 1, 
            "salmon ain't": 1, 
            "say here": 1, 
            "school lox": 1, 
            "screaming fore": 1, 
            "served by": 1, 
            "shitty shitty": 1, 
            "shitty weird": 1, 
            "shower and": 1, 
            "smoked salmon": 1, 
            "so damn": 1, 
            "so go": 1, 
            "sock take": 1, 
            "sox it's": 1, 
            "spine like": 1, 
            "still tick": 1, 
            "stinky, nasty,": 1, 
            "stock stock": 1, 
            "stock the": 1, 
            "stop here": 1, 
            "stop you": 5, 
            "sweet on": 1, 
            "take a": 2, 
            "take it": 1, 
            "talk about": 1, 
            "tee and": 1, 
            "that are": 1, 
            "that ass": 1, 
            "that's all": 1, 
            "the argyle": 1, 
            "the break": 5, 
            "the dooty": 1, 
            "the funky": 4, 
            "the head": 1, 
            "the look": 1, 
            "the mic": 2, 
            "the tee": 1, 
            "thing to": 1, 
            "thing, well": 1, 
            "tick tick": 1, 
            "tick tock": 1, 
            "time to": 1, 
            "tissue up": 1, 
            "titty i've": 1, 
            "to keep": 5, 
            "to peter": 1, 
            "to please": 1, 
            "to pour": 1, 
            "to say": 1, 
            "to the": 5, 
            "tock but": 1, 
            "tock tock": 1, 
            "top off": 1, 
            "tough titty": 1, 
            "up my": 1, 
            "wanna talk": 1, 
            "war roberta": 1, 
            "war war": 1, 
            "wash that": 1, 
            "we got": 1, 
            "we rock": 1, 
            "weird thing": 1, 
            "well i": 1, 
            "well it": 1, 
            "well we": 1, 
            "what you": 1, 
            "with the": 1, 
            "york city": 1, 
            "you can't": 5, 
            "you crusty": 1, 
            "you got": 5, 
            "you order": 1, 
            "you're the": 4, 
            "your party": 1
        }, 
        "3": {
            "": 1405, 
            "a cast cast": 1, 
            "a curly perm": 1, 
            "a dinosaur you": 1, 
            "a licking, still": 1, 
            "a pitcher and": 1, 
            "a shower and": 1, 
            "a spine like": 1, 
            "about it, past": 1, 
            "ad rock rock": 1, 
            "ain't old school": 1, 
            "all i got": 1, 
            "all i got,": 1, 
            "all you crusty": 1, 
            "and buy greg's": 1, 
            "and i'm known": 1, 
            "and i'm screaming": 1, 
            "and it's time": 1, 
            "and my dick's": 1, 
            "and on, to": 5, 
            "and take a": 1, 
            "and wash that": 1, 
            "are into crass": 1, 
            "argyle sock take": 1, 
            "as i declare": 1, 
            "ass we rock": 1, 
            "at the tee": 1, 
            "atop him head": 1, 
            "brady and buy": 1, 
            "brass monkey you're": 4, 
            "break of dawn": 5, 
            "but smoked salmon": 1, 
            "buy greg's sox": 1, 
            "by me well": 1, 
            "can't stop you": 5, 
            "caps gowns honorary": 1, 
            "cast cast i": 1, 
            "cast i don't": 1, 
            "cheese caps gowns": 1, 
            "cheese cheese caps": 1, 
            "city city sweet": 1, 
            "city sweet on": 1, 
            "crass crass go": 1, 
            "crass go and": 1, 
            "crusty punks that": 1, 
            "curly perm tissue": 1, 
            "damn pretty pretty": 1, 
            "dawn brass monkey": 1, 
            "dawn now, let": 1, 
            "dawn on and": 3, 
            "declare war war": 1, 
            "degrees rhymes fresh": 1, 
            "diamond him never": 1, 
            "dick's in a": 1, 
            "dinosaur you can't": 1, 
            "don't wanna talk": 1, 
            "dooty rhyme thing,": 1, 
            "eighty-three lees you": 1, 
            "even michael diamond": 1, 
            "except i've just": 1, 
            "feel shitty shitty": 1, 
            "fore fore hit": 1, 
            "fore hit into": 1, 
            "fresh pressed like": 1, 
            "from me now": 1, 
            "funky": 1, 
            "funky brass monkey": 3, 
            "give it all": 1, 
            "go and take": 1, 
            "go to peter": 1, 
            "goes tough titty": 1, 
            "gonna give it": 1, 
            "got a spine": 1, 
            "got even michael": 1, 
            "got got i": 1, 
            "got i take": 1, 
            "got it in": 1, 
            "got it on": 1, 
            "got my rhymes": 1, 
            "got to keep": 5, 
            "got, except i've": 1, 
            "gowns honorary degrees": 1, 
            "greg's sox it's": 1, 
            "have a curly": 1, 
            "head cheese cheese": 1, 
            "head him have": 1, 
            "here in new": 1, 
            "here it goes": 1, 
            "him have a": 1, 
            "him head him": 1, 
            "him never learn": 1, 
            "hit into your": 1, 
            "honorary degrees rhymes": 1, 
            "i declare war": 1, 
            "i don't wanna": 1, 
            "i got got": 1, 
            "i got it": 1, 
            "i got, except": 1, 
            "i mean that's": 1, 
            "i take a": 1, 
            "i'm ad rock": 1, 
            "i'm at the": 1, 
            "i'm gonna give": 1, 
            "i'm known to": 1, 
            "i'm screaming fore": 1, 
            "i've got my": 1, 
            "i've just got": 1, 
            "in a cast": 1, 
            "in a pitcher": 1, 
            "in new york": 1, 
            "in stock stock": 1, 
            "into crass crass": 1, 
            "into your party": 1, 
            "introduce myself, i'm": 1, 
            "is past past": 1, 
            "it all i": 1, 
            "it from me": 1, 
            "it goes tough": 1, 
            "it in stock": 1, 
            "it must feel": 1, 
            "it on lock": 1, 
            "it's mike on": 1, 
            "it's time to": 1, 
            "it, past is": 1, 
            "just got even": 1, 
            "keep on i": 1, 
            "keep on keep,": 3, 
            "keep on on": 1, 
            "keep, keep-keep-keep, keep-keep": 3, 
            "keep-keep on you": 3, 
            "keep-keep-keep, keep-keep on": 3, 
            "known to please": 1, 
            "learn atop him": 1, 
            "lees you can't": 1, 
            "let me introduce": 1, 
            "licking, still tick": 1, 
            "like a dinosaur": 1, 
            "like eighty-three lees": 1, 
            "like the head": 1, 
            "lock lock top": 1, 
            "lock top off": 1, 
            "look with the": 1, 
            "looking so damn": 1, 
            "lox lox so": 1, 
            "lox so go": 1, 
            "matter what you": 1, 
            "me introduce myself,": 1, 
            "me now i'm": 1, 
            "me well it": 1, 
            "mean that's all": 1, 
            "mic and i'm": 1, 
            "mic looking so": 1, 
            "michael diamond him": 1, 
            "mike on the": 1, 
            "monkey you're the": 4, 
            "must feel shitty": 1, 
            "my dick's in": 1, 
            "my nose and": 1, 
            "my rhymes in": 1, 
            "myself, i'm ad": 1, 
            "nasty, like the": 1, 
            "never learn atop": 1, 
            "new york city": 1, 
            "no matter what": 1, 
            "non stop here": 1, 
            "nose and my": 1, 
            "now i'm gonna": 1, 
            "now, let me": 1, 
            "of dawn brass": 1, 
            "of dawn now,": 1, 
            "of dawn on": 3, 
            "off the look": 1, 
            "old school lox": 1, 
            "on and on,": 5, 
            "on i mean": 1, 
            "on keep, keep-keep-keep,": 3, 
            "on lock lock": 1, 
            "on on and": 1, 
            "on the mic": 2, 
            "on you can't": 3, 
            "on, to the": 5, 
            "order well i": 1, 
            "party as i": 1, 
            "past all you": 1, 
            "past is past": 1, 
            "past past all": 1, 
            "perm tissue up": 1, 
            "peter brady and": 1, 
            "peterson's got a": 1, 
            "pitcher and it's": 1, 
            "please please stinky,": 1, 
            "please stinky, nasty,": 1, 
            "pour i'm at": 1, 
            "pour pour i'm": 1, 
            "pressed like eighty-three": 1, 
            "pretty pretty served": 1, 
            "pretty served by": 1, 
            "punks that are": 1, 
            "rhyme thing, well": 1, 
            "rhymes fresh pressed": 1, 
            "rhymes in a": 1, 
            "roberta peterson's got": 1, 
            "rock no matter": 1, 
            "rock non stop": 1, 
            "rock rock no": 1, 
            "salmon ain't old": 1, 
            "say here it": 1, 
            "school lox lox": 1, 
            "screaming fore fore": 1, 
            "served by me": 1, 
            "shitty shitty weird": 1, 
            "shitty weird thing": 1, 
            "shower and wash": 1, 
            "smoked salmon ain't": 1, 
            "so damn pretty": 1, 
            "so go to": 1, 
            "sock take it": 1, 
            "sox it's mike": 1, 
            "spine like a": 1, 
            "still tick tick": 1, 
            "stinky, nasty, like": 1, 
            "stock stock the": 1, 
            "stock the dooty": 1, 
            "stop here in": 1, 
            "stop you got": 5, 
            "sweet on the": 1, 
            "take a licking,": 1, 
            "take a shower": 1, 
            "take it from": 1, 
            "talk about it,": 1, 
            "tee and i'm": 1, 
            "that are into": 1, 
            "that ass we": 1, 
            "that's all i": 1, 
            "the argyle sock": 1, 
            "the break of": 5, 
            "the dooty rhyme": 1, 
            "the funky": 1, 
            "the funky brass": 3, 
            "the head cheese": 1, 
            "the look with": 1, 
            "the mic and": 1, 
            "the mic looking": 1, 
            "the tee and": 1, 
            "thing to say": 1, 
            "thing, well we": 1, 
            "tick tick tock": 1, 
            "tick tock tock": 1, 
            "time to pour": 1, 
            "tissue up my": 1, 
            "titty i've got": 1, 
            "to keep on": 5, 
            "to peter brady": 1, 
            "to please please": 1, 
            "to pour pour": 1, 
            "to say here": 1, 
            "to the break": 5, 
            "tock but smoked": 1, 
            "tock tock but": 1, 
            "top off the": 1, 
            "tough titty i've": 1, 
            "up my nose": 1, 
            "wanna talk about": 1, 
            "war roberta peterson's": 1, 
            "war war roberta": 1, 
            "wash that ass": 1, 
            "we got it": 1, 
            "we rock non": 1, 
            "weird thing to": 1, 
            "well i got": 1, 
            "well it must": 1, 
            "well we got": 1, 
            "what you order": 1, 
            "with the argyle": 1, 
            "york city city": 1, 
            "you can't stop": 5, 
            "you crusty punks": 1, 
            "you got to": 5, 
            "you order well": 1, 
            "you're the funky": 4, 
            "your party as": 1
        }, 
        "4": {
            "": 1404, 
            "a cast cast i": 1, 
            "a curly perm tissue": 1, 
            "a dinosaur you can't": 1, 
            "a licking, still tick": 1, 
            "a pitcher and it's": 1, 
            "a shower and wash": 1, 
            "a spine like a": 1, 
            "about it, past is": 1, 
            "ad rock rock no": 1, 
            "ain't old school lox": 1, 
            "all i got got": 1, 
            "all i got, except": 1, 
            "all you crusty punks": 1, 
            "and buy greg's sox": 1, 
            "and i'm known to": 1, 
            "and i'm screaming fore": 1, 
            "and it's time to": 1, 
            "and my dick's in": 1, 
            "and on, to the": 5, 
            "and take a shower": 1, 
            "and wash that ass": 1, 
            "are into crass crass": 1, 
            "argyle sock take it": 1, 
            "as i declare war": 1, 
            "ass we rock non": 1, 
            "at the tee and": 1, 
            "atop him head him": 1, 
            "brady and buy greg's": 1, 
            "brass monkey you're the": 4, 
            "break of dawn brass": 1, 
            "break of dawn now,": 1, 
            "break of dawn on": 3, 
            "but smoked salmon ain't": 1, 
            "buy greg's sox it's": 1, 
            "by me well it": 1, 
            "can't stop you got": 5, 
            "caps gowns honorary degrees": 1, 
            "cast cast i don't": 1, 
            "cast i don't wanna": 1, 
            "cheese caps gowns honorary": 1, 
            "cheese cheese caps gowns": 1, 
            "city city sweet on": 1, 
            "city sweet on the": 1, 
            "crass crass go and": 1, 
            "crass go and take": 1, 
            "crusty punks that are": 1, 
            "curly perm tissue up": 1, 
            "damn pretty pretty served": 1, 
            "dawn brass monkey you're": 1, 
            "dawn now, let me": 1, 
            "dawn on and on,": 3, 
            "declare war war roberta": 1, 
            "degrees rhymes fresh pressed": 1, 
            "diamond him never learn": 1, 
            "dick's in a cast": 1, 
            "dinosaur you can't stop": 1, 
            "don't wanna talk about": 1, 
            "dooty rhyme thing, well": 1, 
            "eighty-three lees you can't": 1, 
            "even michael diamond him": 1, 
            "except i've just got": 1, 
            "feel shitty shitty weird": 1, 
            "fore fore hit into": 1, 
            "fore hit into your": 1, 
            "fresh pressed like eighty-three": 1, 
            "from me now i'm": 1, 
            "funky": 1, 
            "funky brass monkey you're": 3, 
            "give it all i": 1, 
            "go and take a": 1, 
            "go to peter brady": 1, 
            "goes tough titty i've": 1, 
            "gonna give it all": 1, 
            "got a spine like": 1, 
            "got even michael diamond": 1, 
            "got got i take": 1, 
            "got i take a": 1, 
            "got it in stock": 1, 
            "got it on lock": 1, 
            "got my rhymes in": 1, 
            "got to keep on": 5, 
            "got, except i've just": 1, 
            "gowns honorary degrees rhymes": 1, 
            "greg's sox it's mike": 1, 
            "have a curly perm": 1, 
            "head cheese cheese caps": 1, 
            "head him have a": 1, 
            "here in new york": 1, 
            "here it goes tough": 1, 
            "him have a curly": 1, 
            "him head him have": 1, 
            "him never learn atop": 1, 
            "hit into your party": 1, 
            "honorary degrees rhymes fresh": 1, 
            "i declare war war": 1, 
            "i don't wanna talk": 1, 
            "i got got i": 1, 
            "i got it in": 1, 
            "i got, except i've": 1, 
            "i mean that's all": 1, 
            "i take a licking,": 1, 
            "i'm ad rock rock": 1, 
            "i'm at the tee": 1, 
            "i'm gonna give it": 1, 
            "i'm known to please": 1, 
            "i'm screaming fore fore": 1, 
            "i've got my rhymes": 1, 
            "i've just got even": 1, 
            "in a cast cast": 1, 
            "in a pitcher and": 1, 
            "in new york city": 1, 
            "in stock stock the": 1, 
            "into crass crass go": 1, 
            "into your party as": 1, 
            "introduce myself, i'm ad": 1, 
            "is past past all": 1, 
            "it all i got": 1, 
            "it from me now": 1, 
            "it goes tough titty": 1, 
            "it in stock stock": 1, 
            "it must feel shitty": 1, 
            "it on lock lock": 1, 
            "it's mike on the": 1, 
            "it's time to pour": 1, 
            "it, past is past": 1, 
            "just got even michael": 1, 
            "keep on i mean": 1, 
            "keep on keep, keep-keep-keep,": 3, 
            "keep on on and": 1, 
            "keep, keep-keep-keep, keep-keep on": 3, 
            "keep-keep on you can't": 3, 
            "keep-keep-keep, keep-keep on you": 3, 
            "known to please please": 1, 
            "learn atop him head": 1, 
            "lees you can't stop": 1, 
            "let me introduce myself,": 1, 
            "licking, still tick tick": 1, 
            "like a dinosaur you": 1, 
            "like eighty-three lees you": 1, 
            "like the head cheese": 1, 
            "lock lock top off": 1, 
            "lock top off the": 1, 
            "look with the argyle": 1, 
            "looking so damn pretty": 1, 
            "lox lox so go": 1, 
            "lox so go to": 1, 
            "matter what you order": 1, 
            "me introduce myself, i'm": 1, 
            "me now i'm gonna": 1, 
            "me well it must": 1, 
            "mean that's all i": 1, 
            "mic and i'm known": 1, 
            "mic looking so damn": 1, 
            "michael diamond him never": 1, 
            "mike on the mic": 1, 
            "monkey you're the funky": 4, 
            "must feel shitty shitty": 1, 
            "my dick's in a": 1, 
            "my nose and my": 1, 
            "my rhymes in a": 1, 
            "myself, i'm ad rock": 1, 
            "nasty, like the head": 1, 
            "never learn atop him": 1, 
            "new york city city": 1, 
            "no matter what you": 1, 
            "non stop here in": 1, 
            "nose and my dick's": 1, 
            "now i'm gonna give": 1, 
            "now, let me introduce": 1, 
            "of dawn brass monkey": 1, 
            "of dawn now, let": 1, 
            "of dawn on and": 3, 
            "off the look with": 1, 
            "old school lox lox": 1, 
            "on and on, to": 5, 
            "on i mean that's": 1, 
            "on keep, keep-keep-keep, keep-keep": 3, 
            "on lock lock top": 1, 
            "on on and on,": 1, 
            "on the mic and": 1, 
            "on the mic looking": 1, 
            "on you can't stop": 3, 
            "on, to the break": 5, 
            "order well i got": 1, 
            "party as i declare": 1, 
            "past all you crusty": 1, 
            "past is past past": 1, 
            "past past all you": 1, 
            "perm tissue up my": 1, 
            "peter brady and buy": 1, 
            "peterson's got a spine": 1, 
            "pitcher and it's time": 1, 
            "please please stinky, nasty,": 1, 
            "please stinky, nasty, like": 1, 
            "pour i'm at the": 1, 
            "pour pour i'm at": 1, 
            "pressed like eighty-three lees": 1, 
            "pretty pretty served by": 1, 
            "pretty served by me": 1, 
            "punks that are into": 1, 
            "rhyme thing, well we": 1, 
            "rhymes fresh pressed like": 1, 
            "rhymes in a pitcher": 1, 
            "roberta peterson's got a": 1, 
            "rock no matter what": 1, 
            "rock non stop here": 1, 
            "rock rock no matter": 1, 
            "salmon ain't old school": 1, 
            "say here it goes": 1, 
            "school lox lox so": 1, 
            "screaming fore fore hit": 1, 
            "served by me well": 1, 
            "shitty shitty weird thing": 1, 
            "shitty weird thing to": 1, 
            "shower and wash that": 1, 
            "smoked salmon ain't old": 1, 
            "so damn pretty pretty": 1, 
            "so go to peter": 1, 
            "sock take it from": 1, 
            "sox it's mike on": 1, 
            "spine like a dinosaur": 1, 
            "still tick tick tock": 1, 
            "stinky, nasty, like the": 1, 
            "stock stock the dooty": 1, 
            "stock the dooty rhyme": 1, 
            "stop here in new": 1, 
            "stop you got to": 5, 
            "sweet on the mic": 1, 
            "take a licking, still": 1, 
            "take a shower and": 1, 
            "take it from me": 1, 
            "talk about it, past": 1, 
            "tee and i'm screaming": 1, 
            "that are into crass": 1, 
            "that ass we rock": 1, 
            "that's all i got,": 1, 
            "the argyle sock take": 1, 
            "the break of dawn": 5, 
            "the dooty rhyme thing,": 1, 
            "the funky": 1, 
            "the funky brass monkey": 3, 
            "the head cheese cheese": 1, 
            "the look with the": 1, 
            "the mic and i'm": 1, 
            "the mic looking so": 1, 
            "the tee and i'm": 1, 
            "thing to say here": 1, 
            "thing, well we got": 1, 
            "tick tick tock tock": 1, 
            "tick tock tock but": 1, 
            "time to pour pour": 1, 
            "tissue up my nose": 1, 
            "titty i've got my": 1, 
            "to keep on i": 1, 
            "to keep on keep,": 3, 
            "to keep on on": 1, 
            "to peter brady and": 1, 
            "to please please stinky,": 1, 
            "to pour pour i'm": 1, 
            "to say here it": 1, 
            "to the break of": 5, 
            "tock but smoked salmon": 1, 
            "tock tock but smoked": 1, 
            "top off the look": 1, 
            "tough titty i've got": 1, 
            "up my nose and": 1, 
            "wanna talk about it,": 1, 
            "war roberta peterson's got": 1, 
            "war war roberta peterson's": 1, 
            "wash that ass we": 1, 
            "we got it on": 1, 
            "we rock non stop": 1, 
            "weird thing to say": 1, 
            "well i got it": 1, 
            "well it must feel": 1, 
            "well we got it": 1, 
            "what you order well": 1, 
            "with the argyle sock": 1, 
            "york city city sweet": 1, 
            "you can't stop you": 5, 
            "you crusty punks that": 1, 
            "you got to keep": 5, 
            "you order well i": 1, 
            "you're the funky": 1, 
            "you're the funky brass": 3, 
            "your party as i": 1
        }, 
        "5": {
            "": 1403, 
            "a cast cast i don't": 1, 
            "a curly perm tissue up": 1, 
            "a dinosaur you can't stop": 1, 
            "a licking, still tick tick": 1, 
            "a pitcher and it's time": 1, 
            "a shower and wash that": 1, 
            "a spine like a dinosaur": 1, 
            "about it, past is past": 1, 
            "ad rock rock no matter": 1, 
            "ain't old school lox lox": 1, 
            "all i got got i": 1, 
            "all i got, except i've": 1, 
            "all you crusty punks that": 1, 
            "and buy greg's sox it's": 1, 
            "and i'm known to please": 1, 
            "and i'm screaming fore fore": 1, 
            "and it's time to pour": 1, 
            "and my dick's in a": 1, 
            "and on, to the break": 5, 
            "and take a shower and": 1, 
            "and wash that ass we": 1, 
            "are into crass crass go": 1, 
            "argyle sock take it from": 1, 
            "as i declare war war": 1, 
            "ass we rock non stop": 1, 
            "at the tee and i'm": 1, 
            "atop him head him have": 1, 
            "brady and buy greg's sox": 1, 
            "brass monkey you're the funky": 4, 
            "break of dawn brass monkey": 1, 
            "break of dawn now, let": 1, 
            "break of dawn on and": 3, 
            "but smoked salmon ain't old": 1, 
            "buy greg's sox it's mike": 1, 
            "by me well it must": 1, 
            "can't stop you got to": 5, 
            "caps gowns honorary degrees rhymes": 1, 
            "cast cast i don't wanna": 1, 
            "cast i don't wanna talk": 1, 
            "cheese caps gowns honorary degrees": 1, 
            "cheese cheese caps gowns honorary": 1, 
            "city city sweet on the": 1, 
            "city sweet on the mic": 1, 
            "crass crass go and take": 1, 
            "crass go and take a": 1, 
            "crusty punks that are into": 1, 
            "curly perm tissue up my": 1, 
            "damn pretty pretty served by": 1, 
            "dawn brass monkey you're the": 1, 
            "dawn now, let me introduce": 1, 
            "dawn on and on, to": 3, 
            "declare war war roberta peterson's": 1, 
            "degrees rhymes fresh pressed like": 1, 
            "diamond him never learn atop": 1, 
            "dick's in a cast cast": 1, 
            "dinosaur you can't stop you": 1, 
            "don't wanna talk about it,": 1, 
            "dooty rhyme thing, well we": 1, 
            "eighty-three lees you can't stop": 1, 
            "even michael diamond him never": 1, 
            "except i've just got even": 1, 
            "feel shitty shitty weird thing": 1, 
            "fore fore hit into your": 1, 
            "fore hit into your party": 1, 
            "fresh pressed like eighty-three lees": 1, 
            "from me now i'm gonna": 1, 
            "funky": 1, 
            "funky brass monkey you're the": 3, 
            "give it all i got": 1, 
            "go and take a shower": 1, 
            "go to peter brady and": 1, 
            "goes tough titty i've got": 1, 
            "gonna give it all i": 1, 
            "got a spine like a": 1, 
            "got even michael diamond him": 1, 
            "got got i take a": 1, 
            "got i take a licking,": 1, 
            "got it in stock stock": 1, 
            "got it on lock lock": 1, 
            "got my rhymes in a": 1, 
            "got to keep on i": 1, 
            "got to keep on keep,": 3, 
            "got to keep on on": 1, 
            "got, except i've just got": 1, 
            "gowns honorary degrees rhymes fresh": 1, 
            "greg's sox it's mike on": 1, 
            "have a curly perm tissue": 1, 
            "head cheese cheese caps gowns": 1, 
            "head him have a curly": 1, 
            "here in new york city": 1, 
            "here it goes tough titty": 1, 
            "him have a curly perm": 1, 
            "him head him have a": 1, 
            "him never learn atop him": 1, 
            "hit into your party as": 1, 
            "honorary degrees rhymes fresh pressed": 1, 
            "i declare war war roberta": 1, 
            "i don't wanna talk about": 1, 
            "i got got i take": 1, 
            "i got it in stock": 1, 
            "i got, except i've just": 1, 
            "i mean that's all i": 1, 
            "i take a licking, still": 1, 
            "i'm ad rock rock no": 1, 
            "i'm at the tee and": 1, 
            "i'm gonna give it all": 1, 
            "i'm known to please please": 1, 
            "i'm screaming fore fore hit": 1, 
            "i've got my rhymes in": 1, 
            "i've just got even michael": 1, 
            "in a cast cast i": 1, 
            "in a pitcher and it's": 1, 
            "in new york city city": 1, 
            "in stock stock the dooty": 1, 
            "into crass crass go and": 1, 
            "into your party as i": 1, 
            "introduce myself, i'm ad rock": 1, 
            "is past past all you": 1, 
            "it all i got got": 1, 
            "it from me now i'm": 1, 
            "it goes tough titty i've": 1, 
            "it in stock stock the": 1, 
            "it must feel shitty shitty": 1, 
            "it on lock lock top": 1, 
            "it's mike on the mic": 1, 
            "it's time to pour pour": 1, 
            "it, past is past past": 1, 
            "just got even michael diamond": 1, 
            "keep on i mean that's": 1, 
            "keep on keep, keep-keep-keep, keep-keep": 3, 
            "keep on on and on,": 1, 
            "keep, keep-keep-keep, keep-keep on you": 3, 
            "keep-keep on you can't stop": 3, 
            "keep-keep-keep, keep-keep on you can't": 3, 
            "known to please please stinky,": 1, 
            "learn atop him head him": 1, 
            "lees you can't stop you": 1, 
            "let me introduce myself, i'm": 1, 
            "licking, still tick tick tock": 1, 
            "like a dinosaur you can't": 1, 
            "like eighty-three lees you can't": 1, 
            "like the head cheese cheese": 1, 
            "lock lock top off the": 1, 
            "lock top off the look": 1, 
            "look with the argyle sock": 1, 
            "looking so damn pretty pretty": 1, 
            "lox lox so go to": 1, 
            "lox so go to peter": 1, 
            "matter what you order well": 1, 
            "me introduce myself, i'm ad": 1, 
            "me now i'm gonna give": 1, 
            "me well it must feel": 1, 
            "mean that's all i got,": 1, 
            "mic and i'm known to": 1, 
            "mic looking so damn pretty": 1, 
            "michael diamond him never learn": 1, 
            "mike on the mic and": 1, 
            "monkey you're the funky": 1, 
            "monkey you're the funky brass": 3, 
            "must feel shitty shitty weird": 1, 
            "my dick's in a cast": 1, 
            "my nose and my dick's": 1, 
            "my rhymes in a pitcher": 1, 
            "myself, i'm ad rock rock": 1, 
            "nasty, like the head cheese": 1, 
            "never learn atop him head": 1, 
            "new york city city sweet": 1, 
            "no matter what you order": 1, 
            "non stop here in new": 1, 
            "nose and my dick's in": 1, 
            "now i'm gonna give it": 1, 
            "now, let me introduce myself,": 1, 
            "of dawn brass monkey you're": 1, 
            "of dawn now, let me": 1, 
            "of dawn on and on,": 3, 
            "off the look with the": 1, 
            "old school lox lox so": 1, 
            "on and on, to the": 5, 
            "on i mean that's all": 1, 
            "on keep, keep-keep-keep, keep-keep on": 3, 
            "on lock lock top off": 1, 
            "on on and on, to": 1, 
            "on the mic and i'm": 1, 
            "on the mic looking so": 1, 
            "on you can't stop you": 3, 
            "on, to the break of": 5, 
            "order well i got it": 1, 
            "party as i declare war": 1, 
            "past all you crusty punks": 1, 
            "past is past past all": 1, 
            "past past all you crusty": 1, 
            "perm tissue up my nose": 1, 
            "peter brady and buy greg's": 1, 
            "peterson's got a spine like": 1, 
            "pitcher and it's time to": 1, 
            "please please stinky, nasty, like": 1, 
            "please stinky, nasty, like the": 1, 
            "pour i'm at the tee": 1, 
            "pour pour i'm at the": 1, 
            "pressed like eighty-three lees you": 1, 
            "pretty pretty served by me": 1, 
            "pretty served by me well": 1, 
            "punks that are into crass": 1, 
            "rhyme thing, well we got": 1, 
            "rhymes fresh pressed like eighty-three": 1, 
            "rhymes in a pitcher and": 1, 
            "roberta peterson's got a spine": 1, 
            "rock no matter what you": 1, 
            "rock non stop here in": 1, 
            "rock rock no matter what": 1, 
            "salmon ain't old school lox": 1, 
            "say here it goes tough": 1, 
            "school lox lox so go": 1, 
            "screaming fore fore hit into": 1, 
            "served by me well it": 1, 
            "shitty shitty weird thing to": 1, 
            "shitty weird thing to say": 1, 
            "shower and wash that ass": 1, 
            "smoked salmon ain't old school": 1, 
            "so damn pretty pretty served": 1, 
            "so go to peter brady": 1, 
            "sock take it from me": 1, 
            "sox it's mike on the": 1, 
            "spine like a dinosaur you": 1, 
            "still tick tick tock tock": 1, 
            "stinky, nasty, like the head": 1, 
            "stock stock the dooty rhyme": 1, 
            "stock the dooty rhyme thing,": 1, 
            "stop here in new york": 1, 
            "stop you got to keep": 5, 
            "sweet on the mic looking": 1, 
            "take a licking, still tick": 1, 
            "take a shower and wash": 1, 
            "take it from me now": 1, 
            "talk about it, past is": 1, 
            "tee and i'm screaming fore": 1, 
            "that are into crass crass": 1, 
            "that ass we rock non": 1, 
            "that's all i got, except": 1, 
            "the argyle sock take it": 1, 
            "the break of dawn brass": 1, 
            "the break of dawn now,": 1, 
            "the break of dawn on": 3, 
            "the dooty rhyme thing, well": 1, 
            "the funky": 1, 
            "the funky brass monkey you're": 3, 
            "the head cheese cheese caps": 1, 
            "the look with the argyle": 1, 
            "the mic and i'm known": 1, 
            "the mic looking so damn": 1, 
            "the tee and i'm screaming": 1, 
            "thing to say here it": 1, 
            "thing, well we got it": 1, 
            "tick tick tock tock but": 1, 
            "tick tock tock but smoked": 1, 
            "time to pour pour i'm": 1, 
            "tissue up my nose and": 1, 
            "titty i've got my rhymes": 1, 
            "to keep on i mean": 1, 
            "to keep on keep, keep-keep-keep,": 3, 
            "to keep on on and": 1, 
            "to peter brady and buy": 1, 
            "to please please stinky, nasty,": 1, 
            "to pour pour i'm at": 1, 
            "to say here it goes": 1, 
            "to the break of dawn": 5, 
            "tock but smoked salmon ain't": 1, 
            "tock tock but smoked salmon": 1, 
            "top off the look with": 1, 
            "tough titty i've got my": 1, 
            "up my nose and my": 1, 
            "wanna talk about it, past": 1, 
            "war roberta peterson's got a": 1, 
            "war war roberta peterson's got": 1, 
            "wash that ass we rock": 1, 
            "we got it on lock": 1, 
            "we rock non stop here": 1, 
            "weird thing to say here": 1, 
            "well i got it in": 1, 
            "well it must feel shitty": 1, 
            "well we got it on": 1, 
            "what you order well i": 1, 
            "with the argyle sock take": 1, 
            "york city city sweet on": 1, 
            "you can't stop you got": 5, 
            "you crusty punks that are": 1, 
            "you got to keep on": 5, 
            "you order well i got": 1, 
            "you're the funky": 1, 
            "you're the funky brass monkey": 3, 
            "your party as i declare": 1
        }, 
        "6": {
            "": 1402, 
            "a cast cast i don't wanna": 1, 
            "a curly perm tissue up my": 1, 
            "a dinosaur you can't stop you": 1, 
            "a licking, still tick tick tock": 1, 
            "a pitcher and it's time to": 1, 
            "a shower and wash that ass": 1, 
            "a spine like a dinosaur you": 1, 
            "about it, past is past past": 1, 
            "ad rock rock no matter what": 1, 
            "ain't old school lox lox so": 1, 
            "all i got got i take": 1, 
            "all i got, except i've just": 1, 
            "all you crusty punks that are": 1, 
            "and buy greg's sox it's mike": 1, 
            "and i'm known to please please": 1, 
            "and i'm screaming fore fore hit": 1, 
            "and it's time to pour pour": 1, 
            "and my dick's in a cast": 1, 
            "and on, to the break of": 5, 
            "and take a shower and wash": 1, 
            "and wash that ass we rock": 1, 
            "are into crass crass go and": 1, 
            "argyle sock take it from me": 1, 
            "as i declare war war roberta": 1, 
            "ass we rock non stop here": 1, 
            "at the tee and i'm screaming": 1, 
            "atop him head him have a": 1, 
            "brady and buy greg's sox it's": 1, 
            "brass monkey you're the funky": 1, 
            "brass monkey you're the funky brass": 3, 
            "break of dawn brass monkey you're": 1, 
            "break of dawn now, let me": 1, 
            "break of dawn on and on,": 3, 
            "but smoked salmon ain't old school": 1, 
            "buy greg's sox it's mike on": 1, 
            "by me well it must feel": 1, 
            "can't stop you got to keep": 5, 
            "caps gowns honorary degrees rhymes fresh": 1, 
            "cast cast i don't wanna talk": 1, 
            "cast i don't wanna talk about": 1, 
            "cheese caps gowns honorary degrees rhymes": 1, 
            "cheese cheese caps gowns honorary degrees": 1, 
            "city city sweet on the mic": 1, 
            "city sweet on the mic looking": 1, 
            "crass crass go and take a": 1, 
            "crass go and take a shower": 1, 
            "crusty punks that are into crass": 1, 
            "curly perm tissue up my nose": 1, 
            "damn pretty pretty served by me": 1, 
            "dawn brass monkey you're the funky": 1, 
            "dawn now, let me introduce myself,": 1, 
            "dawn on and on, to the": 3, 
            "declare war war roberta peterson's got": 1, 
            "degrees rhymes fresh pressed like eighty-three": 1, 
            "diamond him never learn atop him": 1, 
            "dick's in a cast cast i": 1, 
            "dinosaur you can't stop you got": 1, 
            "don't wanna talk about it, past": 1, 
            "dooty rhyme thing, well we got": 1, 
            "eighty-three lees you can't stop you": 1, 
            "even michael diamond him never learn": 1, 
            "except i've just got even michael": 1, 
            "feel shitty shitty weird thing to": 1, 
            "fore fore hit into your party": 1, 
            "fore hit into your party as": 1, 
            "fresh pressed like eighty-three lees you": 1, 
            "from me now i'm gonna give": 1, 
            "funky": 1, 
            "funky brass monkey you're the funky": 3, 
            "give it all i got got": 1, 
            "go and take a shower and": 1, 
            "go to peter brady and buy": 1, 
            "goes tough titty i've got my": 1, 
            "gonna give it all i got": 1, 
            "got a spine like a dinosaur": 1, 
            "got even michael diamond him never": 1, 
            "got got i take a licking,": 1, 
            "got i take a licking, still": 1, 
            "got it in stock stock the": 1, 
            "got it on lock lock top": 1, 
            "got my rhymes in a pitcher": 1, 
            "got to keep on i mean": 1, 
            "got to keep on keep, keep-keep-keep,": 3, 
            "got to keep on on and": 1, 
            "got, except i've just got even": 1, 
            "gowns honorary degrees rhymes fresh pressed": 1, 
            "greg's sox it's mike on the": 1, 
            "have a curly perm tissue up": 1, 
            "head cheese cheese caps gowns honorary": 1, 
            "head him have a curly perm": 1, 
            "here in new york city city": 1, 
            "here it goes tough titty i've": 1, 
            "him have a curly perm tissue": 1, 
            "him head him have a curly": 1, 
            "him never learn atop him head": 1, 
            "hit into your party as i": 1, 
            "honorary degrees rhymes fresh pressed like": 1, 
            "i declare war war roberta peterson's": 1, 
            "i don't wanna talk about it,": 1, 
            "i got got i take a": 1, 
            "i got it in stock stock": 1, 
            "i got, except i've just got": 1, 
            "i mean that's all i got,": 1, 
            "i take a licking, still tick": 1, 
            "i'm ad rock rock no matter": 1, 
            "i'm at the tee and i'm": 1, 
            "i'm gonna give it all i": 1, 
            "i'm known to please please stinky,": 1, 
            "i'm screaming fore fore hit into": 1, 
            "i've got my rhymes in a": 1, 
            "i've just got even michael diamond": 1, 
            "in a cast cast i don't": 1, 
            "in a pitcher and it's time": 1, 
            "in new york city city sweet": 1, 
            "in stock stock the dooty rhyme": 1, 
            "into crass crass go and take": 1, 
            "into your party as i declare": 1, 
            "introduce myself, i'm ad rock rock": 1, 
            "is past past all you crusty": 1, 
            "it all i got got i": 1, 
            "it from me now i'm gonna": 1, 
            "it goes tough titty i've got": 1, 
            "it in stock stock the dooty": 1, 
            "it must feel shitty shitty weird": 1, 
            "it on lock lock top off": 1, 
            "it's mike on the mic and": 1, 
            "it's time to pour pour i'm": 1, 
            "it, past is past past all": 1, 
            "just got even michael diamond him": 1, 
            "keep on i mean that's all": 1, 
            "keep on keep, keep-keep-keep, keep-keep on": 3, 
            "keep on on and on, to": 1, 
            "keep, keep-keep-keep, keep-keep on you can't": 3, 
            "keep-keep on you can't stop you": 3, 
            "keep-keep-keep, keep-keep on you can't stop": 3, 
            "known to please please stinky, nasty,": 1, 
            "learn atop him head him have": 1, 
            "lees you can't stop you got": 1, 
            "let me introduce myself, i'm ad": 1, 
            "licking, still tick tick tock tock": 1, 
            "like a dinosaur you can't stop": 1, 
            "like eighty-three lees you can't stop": 1, 
            "like the head cheese cheese caps": 1, 
            "lock lock top off the look": 1, 
            "lock top off the look with": 1, 
            "look with the argyle sock take": 1, 
            "looking so damn pretty pretty served": 1, 
            "lox lox so go to peter": 1, 
            "lox so go to peter brady": 1, 
            "matter what you order well i": 1, 
            "me introduce myself, i'm ad rock": 1, 
            "me now i'm gonna give it": 1, 
            "me well it must feel shitty": 1, 
            "mean that's all i got, except": 1, 
            "mic and i'm known to please": 1, 
            "mic looking so damn pretty pretty": 1, 
            "michael diamond him never learn atop": 1, 
            "mike on the mic and i'm": 1, 
            "monkey you're the funky": 1, 
            "monkey you're the funky brass monkey": 3, 
            "must feel shitty shitty weird thing": 1, 
            "my dick's in a cast cast": 1, 
            "my nose and my dick's in": 1, 
            "my rhymes in a pitcher and": 1, 
            "myself, i'm ad rock rock no": 1, 
            "nasty, like the head cheese cheese": 1, 
            "never learn atop him head him": 1, 
            "new york city city sweet on": 1, 
            "no matter what you order well": 1, 
            "non stop here in new york": 1, 
            "nose and my dick's in a": 1, 
            "now i'm gonna give it all": 1, 
            "now, let me introduce myself, i'm": 1, 
            "of dawn brass monkey you're the": 1, 
            "of dawn now, let me introduce": 1, 
            "of dawn on and on, to": 3, 
            "off the look with the argyle": 1, 
            "old school lox lox so go": 1, 
            "on and on, to the break": 5, 
            "on i mean that's all i": 1, 
            "on keep, keep-keep-keep, keep-keep on you": 3, 
            "on lock lock top off the": 1, 
            "on on and on, to the": 1, 
            "on the mic and i'm known": 1, 
            "on the mic looking so damn": 1, 
            "on you can't stop you got": 3, 
            "on, to the break of dawn": 5, 
            "order well i got it in": 1, 
            "party as i declare war war": 1, 
            "past all you crusty punks that": 1, 
            "past is past past all you": 1, 
            "past past all you crusty punks": 1, 
            "perm tissue up my nose and": 1, 
            "peter brady and buy greg's sox": 1, 
            "peterson's got a spine like a": 1, 
            "pitcher and it's time to pour": 1, 
            "please please stinky, nasty, like the": 1, 
            "please stinky, nasty, like the head": 1, 
            "pour i'm at the tee and": 1, 
            "pour pour i'm at the tee": 1, 
            "pressed like eighty-three lees you can't": 1, 
            "pretty pretty served by me well": 1, 
            "pretty served by me well it": 1, 
            "punks that are into crass crass": 1, 
            "rhyme thing, well we got it": 1, 
            "rhymes fresh pressed like eighty-three lees": 1, 
            "rhymes in a pitcher and it's": 1, 
            "roberta peterson's got a spine like": 1, 
            "rock no matter what you order": 1, 
            "rock non stop here in new": 1, 
            "rock rock no matter what you": 1, 
            "salmon ain't old school lox lox": 1, 
            "say here it goes tough titty": 1, 
            "school lox lox so go to": 1, 
            "screaming fore fore hit into your": 1, 
            "served by me well it must": 1, 
            "shitty shitty weird thing to say": 1, 
            "shitty weird thing to say here": 1, 
            "shower and wash that ass we": 1, 
            "smoked salmon ain't old school lox": 1, 
            "so damn pretty pretty served by": 1, 
            "so go to peter brady and": 1, 
            "sock take it from me now": 1, 
            "sox it's mike on the mic": 1, 
            "spine like a dinosaur you can't": 1, 
            "still tick tick tock tock but": 1, 
            "stinky, nasty, like the head cheese": 1, 
            "stock stock the dooty rhyme thing,": 1, 
            "stock the dooty rhyme thing, well": 1, 
            "stop here in new york city": 1, 
            "stop you got to keep on": 5, 
            "sweet on the mic looking so": 1, 
            "take a licking, still tick tick": 1, 
            "take a shower and wash that": 1, 
            "take it from me now i'm": 1, 
            "talk about it, past is past": 1, 
            "tee and i'm screaming fore fore": 1, 
            "that are into crass crass go": 1, 
            "that ass we rock non stop": 1, 
            "that's all i got, except i've": 1, 
            "the argyle sock take it from": 1, 
            "the break of dawn brass monkey": 1, 
            "the break of dawn now, let": 1, 
            "the break of dawn on and": 3, 
            "the dooty rhyme thing, well we": 1, 
            "the funky": 1, 
            "the funky brass monkey you're the": 3, 
            "the head cheese cheese caps gowns": 1, 
            "the look with the argyle sock": 1, 
            "the mic and i'm known to": 1, 
            "the mic looking so damn pretty": 1, 
            "the tee and i'm screaming fore": 1, 
            "thing to say here it goes": 1, 
            "thing, well we got it on": 1, 
            "tick tick tock tock but smoked": 1, 
            "tick tock tock but smoked salmon": 1, 
            "time to pour pour i'm at": 1, 
            "tissue up my nose and my": 1, 
            "titty i've got my rhymes in": 1, 
            "to keep on i mean that's": 1, 
            "to keep on keep, keep-keep-keep, keep-keep": 3, 
            "to keep on on and on,": 1, 
            "to peter brady and buy greg's": 1, 
            "to please please stinky, nasty, like": 1, 
            "to pour pour i'm at the": 1, 
            "to say here it goes tough": 1, 
            "to the break of dawn brass": 1, 
            "to the break of dawn now,": 1, 
            "to the break of dawn on": 3, 
            "tock but smoked salmon ain't old": 1, 
            "tock tock but smoked salmon ain't": 1, 
            "top off the look with the": 1, 
            "tough titty i've got my rhymes": 1, 
            "up my nose and my dick's": 1, 
            "wanna talk about it, past is": 1, 
            "war roberta peterson's got a spine": 1, 
            "war war roberta peterson's got a": 1, 
            "wash that ass we rock non": 1, 
            "we got it on lock lock": 1, 
            "we rock non stop here in": 1, 
            "weird thing to say here it": 1, 
            "well i got it in stock": 1, 
            "well it must feel shitty shitty": 1, 
            "well we got it on lock": 1, 
            "what you order well i got": 1, 
            "with the argyle sock take it": 1, 
            "york city city sweet on the": 1, 
            "you can't stop you got to": 5, 
            "you crusty punks that are into": 1, 
            "you got to keep on i": 1, 
            "you got to keep on keep,": 3, 
            "you got to keep on on": 1, 
            "you order well i got it": 1, 
            "you're the funky": 1, 
            "you're the funky brass monkey you're": 3, 
            "your party as i declare war": 1
        }, 
        "7": {
            "": 1401, 
            "a cast cast i don't wanna talk": 1, 
            "a curly perm tissue up my nose": 1, 
            "a dinosaur you can't stop you got": 1, 
            "a licking, still tick tick tock tock": 1, 
            "a pitcher and it's time to pour": 1, 
            "a shower and wash that ass we": 1, 
            "a spine like a dinosaur you can't": 1, 
            "about it, past is past past all": 1, 
            "ad rock rock no matter what you": 1, 
            "ain't old school lox lox so go": 1, 
            "all i got got i take a": 1, 
            "all i got, except i've just got": 1, 
            "all you crusty punks that are into": 1, 
            "and buy greg's sox it's mike on": 1, 
            "and i'm known to please please stinky,": 1, 
            "and i'm screaming fore fore hit into": 1, 
            "and it's time to pour pour i'm": 1, 
            "and my dick's in a cast cast": 1, 
            "and on, to the break of dawn": 5, 
            "and take a shower and wash that": 1, 
            "and wash that ass we rock non": 1, 
            "are into crass crass go and take": 1, 
            "argyle sock take it from me now": 1, 
            "as i declare war war roberta peterson's": 1, 
            "ass we rock non stop here in": 1, 
            "at the tee and i'm screaming fore": 1, 
            "atop him head him have a curly": 1, 
            "brady and buy greg's sox it's mike": 1, 
            "brass monkey you're the funky": 1, 
            "brass monkey you're the funky brass monkey": 3, 
            "break of dawn brass monkey you're the": 1, 
            "break of dawn now, let me introduce": 1, 
            "break of dawn on and on, to": 3, 
            "but smoked salmon ain't old school lox": 1, 
            "buy greg's sox it's mike on the": 1, 
            "by me well it must feel shitty": 1, 
            "can't stop you got to keep on": 5, 
            "caps gowns honorary degrees rhymes fresh pressed": 1, 
            "cast cast i don't wanna talk about": 1, 
            "cast i don't wanna talk about it,": 1, 
            "cheese caps gowns honorary degrees rhymes fresh": 1, 
            "cheese cheese caps gowns honorary degrees rhymes": 1, 
            "city city sweet on the mic looking": 1, 
            "city sweet on the mic looking so": 1, 
            "crass crass go and take a shower": 1, 
            "crass go and take a shower and": 1, 
            "crusty punks that are into crass crass": 1, 
            "curly perm tissue up my nose and": 1, 
            "damn pretty pretty served by me well": 1, 
            "dawn brass monkey you're the funky brass": 1, 
            "dawn now, let me introduce myself, i'm": 1, 
            "dawn on and on, to the break": 3, 
            "declare war war roberta peterson's got a": 1, 
            "degrees rhymes fresh pressed like eighty-three lees": 1, 
            "diamond him never learn atop him head": 1, 
            "dick's in a cast cast i don't": 1, 
            "dinosaur you can't stop you got to": 1, 
            "don't wanna talk about it, past is": 1, 
            "dooty rhyme thing, well we got it": 1, 
            "eighty-three lees you can't stop you got": 1, 
            "even michael diamond him never learn atop": 1, 
            "except i've just got even michael diamond": 1, 
            "feel shitty shitty weird thing to say": 1, 
            "fore fore hit into your party as": 1, 
            "fore hit into your party as i": 1, 
            "fresh pressed like eighty-three lees you can't": 1, 
            "from me now i'm gonna give it": 1, 
            "funky": 1, 
            "funky brass monkey you're the funky": 1, 
            "funky brass monkey you're the funky brass": 2, 
            "give it all i got got i": 1, 
            "go and take a shower and wash": 1, 
            "go to peter brady and buy greg's": 1, 
            "goes tough titty i've got my rhymes": 1, 
            "gonna give it all i got got": 1, 
            "got a spine like a dinosaur you": 1, 
            "got even michael diamond him never learn": 1, 
            "got got i take a licking, still": 1, 
            "got i take a licking, still tick": 1, 
            "got it in stock stock the dooty": 1, 
            "got it on lock lock top off": 1, 
            "got my rhymes in a pitcher and": 1, 
            "got to keep on i mean that's": 1, 
            "got to keep on keep, keep-keep-keep, keep-keep": 3, 
            "got to keep on on and on,": 1, 
            "got, except i've just got even michael": 1, 
            "gowns honorary degrees rhymes fresh pressed like": 1, 
            "greg's sox it's mike on the mic": 1, 
            "have a curly perm tissue up my": 1, 
            "head cheese cheese caps gowns honorary degrees": 1, 
            "head him have a curly perm tissue": 1, 
            "here in new york city city sweet": 1, 
            "here it goes tough titty i've got": 1, 
            "him have a curly perm tissue up": 1, 
            "him head him have a curly perm": 1, 
            "him never learn atop him head him": 1, 
            "hit into your party as i declare": 1, 
            "honorary degrees rhymes fresh pressed like eighty-three": 1, 
            "i declare war war roberta peterson's got": 1, 
            "i don't wanna talk about it, past": 1, 
            "i got got i take a licking,": 1, 
            "i got it in stock stock the": 1, 
            "i got, except i've just got even": 1, 
            "i mean that's all i got, except": 1, 
            "i take a licking, still tick tick": 1, 
            "i'm ad rock rock no matter what": 1, 
            "i'm at the tee and i'm screaming": 1, 
            "i'm gonna give it all i got": 1, 
            "i'm known to please please stinky, nasty,": 1, 
            "i'm screaming fore fore hit into your": 1, 
            "i've got my rhymes in a pitcher": 1, 
            "i've just got even michael diamond him": 1, 
            "in a cast cast i don't wanna": 1, 
            "in a pitcher and it's time to": 1, 
            "in new york city city sweet on": 1, 
            "in stock stock the dooty rhyme thing,": 1, 
            "into crass crass go and take a": 1, 
            "into your party as i declare war": 1, 
            "introduce myself, i'm ad rock rock no": 1, 
            "is past past all you crusty punks": 1, 
            "it all i got got i take": 1, 
            "it from me now i'm gonna give": 1, 
            "it goes tough titty i've got my": 1, 
            "it in stock stock the dooty rhyme": 1, 
            "it must feel shitty shitty weird thing": 1, 
            "it on lock lock top off the": 1, 
            "it's mike on the mic and i'm": 1, 
            "it's time to pour pour i'm at": 1, 
            "it, past is past past all you": 1, 
            "just got even michael diamond him never": 1, 
            "keep on i mean that's all i": 1, 
            "keep on keep, keep-keep-keep, keep-keep on you": 3, 
            "keep on on and on, to the": 1, 
            "keep, keep-keep-keep, keep-keep on you can't stop": 3, 
            "keep-keep on you can't stop you got": 3, 
            "keep-keep-keep, keep-keep on you can't stop you": 3, 
            "known to please please stinky, nasty, like": 1, 
            "learn atop him head him have a": 1, 
            "lees you can't stop you got to": 1, 
            "let me introduce myself, i'm ad rock": 1, 
            "licking, still tick tick tock tock but": 1, 
            "like a dinosaur you can't stop you": 1, 
            "like eighty-three lees you can't stop you": 1, 
            "like the head cheese cheese caps gowns": 1, 
            "lock lock top off the look with": 1, 
            "lock top off the look with the": 1, 
            "look with the argyle sock take it": 1, 
            "looking so damn pretty pretty served by": 1, 
            "lox lox so go to peter brady": 1, 
            "lox so go to peter brady and": 1, 
            "matter what you order well i got": 1, 
            "me introduce myself, i'm ad rock rock": 1, 
            "me now i'm gonna give it all": 1, 
            "me well it must feel shitty shitty": 1, 
            "mean that's all i got, except i've": 1, 
            "mic and i'm known to please please": 1, 
            "mic looking so damn pretty pretty served": 1, 
            "michael diamond him never learn atop him": 1, 
            "mike on the mic and i'm known": 1, 
            "monkey you're the funky": 1, 
            "monkey you're the funky brass monkey you're": 3, 
            "must feel shitty shitty weird thing to": 1, 
            "my dick's in a cast cast i": 1, 
            "my nose and my dick's in a": 1, 
            "my rhymes in a pitcher and it's": 1, 
            "myself, i'm ad rock rock no matter": 1, 
            "nasty, like the head cheese cheese caps": 1, 
            "never learn atop him head him have": 1, 
            "new york city city sweet on the": 1, 
            "no matter what you order well i": 1, 
            "non stop here in new york city": 1, 
            "nose and my dick's in a cast": 1, 
            "now i'm gonna give it all i": 1, 
            "now, let me introduce myself, i'm ad": 1, 
            "of dawn brass monkey you're the funky": 1, 
            "of dawn now, let me introduce myself,": 1, 
            "of dawn on and on, to the": 3, 
            "off the look with the argyle sock": 1, 
            "old school lox lox so go to": 1, 
            "on and on, to the break of": 5, 
            "on i mean that's all i got,": 1, 
            "on keep, keep-keep-keep, keep-keep on you can't": 3, 
            "on lock lock top off the look": 1, 
            "on on and on, to the break": 1, 
            "on the mic and i'm known to": 1, 
            "on the mic looking so damn pretty": 1, 
            "on you can't stop you got to": 3, 
            "on, to the break of dawn brass": 1, 
            "on, to the break of dawn now,": 1, 
            "on, to the break of dawn on": 3, 
            "order well i got it in stock": 1, 
            "party as i declare war war roberta": 1, 
            "past all you crusty punks that are": 1, 
            "past is past past all you crusty": 1, 
            "past past all you crusty punks that": 1, 
            "perm tissue up my nose and my": 1, 
            "peter brady and buy greg's sox it's": 1, 
            "peterson's got a spine like a dinosaur": 1, 
            "pitcher and it's time to pour pour": 1, 
            "please please stinky, nasty, like the head": 1, 
            "please stinky, nasty, like the head cheese": 1, 
            "pour i'm at the tee and i'm": 1, 
            "pour pour i'm at the tee and": 1, 
            "pressed like eighty-three lees you can't stop": 1, 
            "pretty pretty served by me well it": 1, 
            "pretty served by me well it must": 1, 
            "punks that are into crass crass go": 1, 
            "rhyme thing, well we got it on": 1, 
            "rhymes fresh pressed like eighty-three lees you": 1, 
            "rhymes in a pitcher and it's time": 1, 
            "roberta peterson's got a spine like a": 1, 
            "rock no matter what you order well": 1, 
            "rock non stop here in new york": 1, 
            "rock rock no matter what you order": 1, 
            "salmon ain't old school lox lox so": 1, 
            "say here it goes tough titty i've": 1, 
            "school lox lox so go to peter": 1, 
            "screaming fore fore hit into your party": 1, 
            "served by me well it must feel": 1, 
            "shitty shitty weird thing to say here": 1, 
            "shitty weird thing to say here it": 1, 
            "shower and wash that ass we rock": 1, 
            "smoked salmon ain't old school lox lox": 1, 
            "so damn pretty pretty served by me": 1, 
            "so go to peter brady and buy": 1, 
            "sock take it from me now i'm": 1, 
            "sox it's mike on the mic and": 1, 
            "spine like a dinosaur you can't stop": 1, 
            "still tick tick tock tock but smoked": 1, 
            "stinky, nasty, like the head cheese cheese": 1, 
            "stock stock the dooty rhyme thing, well": 1, 
            "stock the dooty rhyme thing, well we": 1, 
            "stop here in new york city city": 1, 
            "stop you got to keep on i": 1, 
            "stop you got to keep on keep,": 3, 
            "stop you got to keep on on": 1, 
            "sweet on the mic looking so damn": 1, 
            "take a licking, still tick tick tock": 1, 
            "take a shower and wash that ass": 1, 
            "take it from me now i'm gonna": 1, 
            "talk about it, past is past past": 1, 
            "tee and i'm screaming fore fore hit": 1, 
            "that are into crass crass go and": 1, 
            "that ass we rock non stop here": 1, 
            "that's all i got, except i've just": 1, 
            "the argyle sock take it from me": 1, 
            "the break of dawn brass monkey you're": 1, 
            "the break of dawn now, let me": 1, 
            "the break of dawn on and on,": 3, 
            "the dooty rhyme thing, well we got": 1, 
            "the funky": 1, 
            "the funky brass monkey you're the funky": 3, 
            "the head cheese cheese caps gowns honorary": 1, 
            "the look with the argyle sock take": 1, 
            "the mic and i'm known to please": 1, 
            "the mic looking so damn pretty pretty": 1, 
            "the tee and i'm screaming fore fore": 1, 
            "thing to say here it goes tough": 1, 
            "thing, well we got it on lock": 1, 
            "tick tick tock tock but smoked salmon": 1, 
            "tick tock tock but smoked salmon ain't": 1, 
            "time to pour pour i'm at the": 1, 
            "tissue up my nose and my dick's": 1, 
            "titty i've got my rhymes in a": 1, 
            "to keep on i mean that's all": 1, 
            "to keep on keep, keep-keep-keep, keep-keep on": 3, 
            "to keep on on and on, to": 1, 
            "to peter brady and buy greg's sox": 1, 
            "to please please stinky, nasty, like the": 1, 
            "to pour pour i'm at the tee": 1, 
            "to say here it goes tough titty": 1, 
            "to the break of dawn brass monkey": 1, 
            "to the break of dawn now, let": 1, 
            "to the break of dawn on and": 3, 
            "tock but smoked salmon ain't old school": 1, 
            "tock tock but smoked salmon ain't old": 1, 
            "top off the look with the argyle": 1, 
            "tough titty i've got my rhymes in": 1, 
            "up my nose and my dick's in": 1, 
            "wanna talk about it, past is past": 1, 
            "war roberta peterson's got a spine like": 1, 
            "war war roberta peterson's got a spine": 1, 
            "wash that ass we rock non stop": 1, 
            "we got it on lock lock top": 1, 
            "we rock non stop here in new": 1, 
            "weird thing to say here it goes": 1, 
            "well i got it in stock stock": 1, 
            "well it must feel shitty shitty weird": 1, 
            "well we got it on lock lock": 1, 
            "what you order well i got it": 1, 
            "with the argyle sock take it from": 1, 
            "york city city sweet on the mic": 1, 
            "you can't stop you got to keep": 5, 
            "you crusty punks that are into crass": 1, 
            "you got to keep on i mean": 1, 
            "you got to keep on keep, keep-keep-keep,": 3, 
            "you got to keep on on and": 1, 
            "you order well i got it in": 1, 
            "you're the funky": 1, 
            "you're the funky brass monkey you're the": 3, 
            "your party as i declare war war": 1
        }, 
        "8": {
            "": 1400, 
            "a cast cast i don't wanna talk about": 1, 
            "a curly perm tissue up my nose and": 1, 
            "a dinosaur you can't stop you got to": 1, 
            "a licking, still tick tick tock tock but": 1, 
            "a pitcher and it's time to pour pour": 1, 
            "a shower and wash that ass we rock": 1, 
            "a spine like a dinosaur you can't stop": 1, 
            "about it, past is past past all you": 1, 
            "ad rock rock no matter what you order": 1, 
            "ain't old school lox lox so go to": 1, 
            "all i got got i take a licking,": 1, 
            "all i got, except i've just got even": 1, 
            "all you crusty punks that are into crass": 1, 
            "and buy greg's sox it's mike on the": 1, 
            "and i'm known to please please stinky, nasty,": 1, 
            "and i'm screaming fore fore hit into your": 1, 
            "and it's time to pour pour i'm at": 1, 
            "and my dick's in a cast cast i": 1, 
            "and on, to the break of dawn brass": 1, 
            "and on, to the break of dawn now,": 1, 
            "and on, to the break of dawn on": 3, 
            "and take a shower and wash that ass": 1, 
            "and wash that ass we rock non stop": 1, 
            "are into crass crass go and take a": 1, 
            "argyle sock take it from me now i'm": 1, 
            "as i declare war war roberta peterson's got": 1, 
            "ass we rock non stop here in new": 1, 
            "at the tee and i'm screaming fore fore": 1, 
            "atop him head him have a curly perm": 1, 
            "brady and buy greg's sox it's mike on": 1, 
            "brass monkey you're the funky": 1, 
            "brass monkey you're the funky brass monkey you're": 3, 
            "break of dawn brass monkey you're the funky": 1, 
            "break of dawn now, let me introduce myself,": 1, 
            "break of dawn on and on, to the": 3, 
            "but smoked salmon ain't old school lox lox": 1, 
            "buy greg's sox it's mike on the mic": 1, 
            "by me well it must feel shitty shitty": 1, 
            "can't stop you got to keep on i": 1, 
            "can't stop you got to keep on keep,": 3, 
            "can't stop you got to keep on on": 1, 
            "caps gowns honorary degrees rhymes fresh pressed like": 1, 
            "cast cast i don't wanna talk about it,": 1, 
            "cast i don't wanna talk about it, past": 1, 
            "cheese caps gowns honorary degrees rhymes fresh pressed": 1, 
            "cheese cheese caps gowns honorary degrees rhymes fresh": 1, 
            "city city sweet on the mic looking so": 1, 
            "city sweet on the mic looking so damn": 1, 
            "crass crass go and take a shower and": 1, 
            "crass go and take a shower and wash": 1, 
            "crusty punks that are into crass crass go": 1, 
            "curly perm tissue up my nose and my": 1, 
            "damn pretty pretty served by me well it": 1, 
            "dawn brass monkey you're the funky brass monkey": 1, 
            "dawn now, let me introduce myself, i'm ad": 1, 
            "dawn on and on, to the break of": 3, 
            "declare war war roberta peterson's got a spine": 1, 
            "degrees rhymes fresh pressed like eighty-three lees you": 1, 
            "diamond him never learn atop him head him": 1, 
            "dick's in a cast cast i don't wanna": 1, 
            "dinosaur you can't stop you got to keep": 1, 
            "don't wanna talk about it, past is past": 1, 
            "dooty rhyme thing, well we got it on": 1, 
            "eighty-three lees you can't stop you got to": 1, 
            "even michael diamond him never learn atop him": 1, 
            "except i've just got even michael diamond him": 1, 
            "feel shitty shitty weird thing to say here": 1, 
            "fore fore hit into your party as i": 1, 
            "fore hit into your party as i declare": 1, 
            "fresh pressed like eighty-three lees you can't stop": 1, 
            "from me now i'm gonna give it all": 1, 
            "funky": 1, 
            "funky brass monkey you're the funky": 1, 
            "funky brass monkey you're the funky brass monkey": 2, 
            "give it all i got got i take": 1, 
            "go and take a shower and wash that": 1, 
            "go to peter brady and buy greg's sox": 1, 
            "goes tough titty i've got my rhymes in": 1, 
            "gonna give it all i got got i": 1, 
            "got a spine like a dinosaur you can't": 1, 
            "got even michael diamond him never learn atop": 1, 
            "got got i take a licking, still tick": 1, 
            "got i take a licking, still tick tick": 1, 
            "got it in stock stock the dooty rhyme": 1, 
            "got it on lock lock top off the": 1, 
            "got my rhymes in a pitcher and it's": 1, 
            "got to keep on i mean that's all": 1, 
            "got to keep on keep, keep-keep-keep, keep-keep on": 3, 
            "got to keep on on and on, to": 1, 
            "got, except i've just got even michael diamond": 1, 
            "gowns honorary degrees rhymes fresh pressed like eighty-three": 1, 
            "greg's sox it's mike on the mic and": 1, 
            "have a curly perm tissue up my nose": 1, 
            "head cheese cheese caps gowns honorary degrees rhymes": 1, 
            "head him have a curly perm tissue up": 1, 
            "here in new york city city sweet on": 1, 
            "here it goes tough titty i've got my": 1, 
            "him have a curly perm tissue up my": 1, 
            "him head him have a curly perm tissue": 1, 
            "him never learn atop him head him have": 1, 
            "hit into your party as i declare war": 1, 
            "honorary degrees rhymes fresh pressed like eighty-three lees": 1, 
            "i declare war war roberta peterson's got a": 1, 
            "i don't wanna talk about it, past is": 1, 
            "i got got i take a licking, still": 1, 
            "i got it in stock stock the dooty": 1, 
            "i got, except i've just got even michael": 1, 
            "i mean that's all i got, except i've": 1, 
            "i take a licking, still tick tick tock": 1, 
            "i'm ad rock rock no matter what you": 1, 
            "i'm at the tee and i'm screaming fore": 1, 
            "i'm gonna give it all i got got": 1, 
            "i'm known to please please stinky, nasty, like": 1, 
            "i'm screaming fore fore hit into your party": 1, 
            "i've got my rhymes in a pitcher and": 1, 
            "i've just got even michael diamond him never": 1, 
            "in a cast cast i don't wanna talk": 1, 
            "in a pitcher and it's time to pour": 1, 
            "in new york city city sweet on the": 1, 
            "in stock stock the dooty rhyme thing, well": 1, 
            "into crass crass go and take a shower": 1, 
            "into your party as i declare war war": 1, 
            "introduce myself, i'm ad rock rock no matter": 1, 
            "is past past all you crusty punks that": 1, 
            "it all i got got i take a": 1, 
            "it from me now i'm gonna give it": 1, 
            "it goes tough titty i've got my rhymes": 1, 
            "it in stock stock the dooty rhyme thing,": 1, 
            "it must feel shitty shitty weird thing to": 1, 
            "it on lock lock top off the look": 1, 
            "it's mike on the mic and i'm known": 1, 
            "it's time to pour pour i'm at the": 1, 
            "it, past is past past all you crusty": 1, 
            "just got even michael diamond him never learn": 1, 
            "keep on i mean that's all i got,": 1, 
            "keep on keep, keep-keep-keep, keep-keep on you can't": 3, 
            "keep on on and on, to the break": 1, 
            "keep, keep-keep-keep, keep-keep on you can't stop you": 3, 
            "keep-keep on you can't stop you got to": 3, 
            "keep-keep-keep, keep-keep on you can't stop you got": 3, 
            "known to please please stinky, nasty, like the": 1, 
            "learn atop him head him have a curly": 1, 
            "lees you can't stop you got to keep": 1, 
            "let me introduce myself, i'm ad rock rock": 1, 
            "licking, still tick tick tock tock but smoked": 1, 
            "like a dinosaur you can't stop you got": 1, 
            "like eighty-three lees you can't stop you got": 1, 
            "like the head cheese cheese caps gowns honorary": 1, 
            "lock lock top off the look with the": 1, 
            "lock top off the look with the argyle": 1, 
            "look with the argyle sock take it from": 1, 
            "looking so damn pretty pretty served by me": 1, 
            "lox lox so go to peter brady and": 1, 
            "lox so go to peter brady and buy": 1, 
            "matter what you order well i got it": 1, 
            "me introduce myself, i'm ad rock rock no": 1, 
            "me now i'm gonna give it all i": 1, 
            "me well it must feel shitty shitty weird": 1, 
            "mean that's all i got, except i've just": 1, 
            "mic and i'm known to please please stinky,": 1, 
            "mic looking so damn pretty pretty served by": 1, 
            "michael diamond him never learn atop him head": 1, 
            "mike on the mic and i'm known to": 1, 
            "monkey you're the funky": 1, 
            "monkey you're the funky brass monkey you're the": 3, 
            "must feel shitty shitty weird thing to say": 1, 
            "my dick's in a cast cast i don't": 1, 
            "my nose and my dick's in a cast": 1, 
            "my rhymes in a pitcher and it's time": 1, 
            "myself, i'm ad rock rock no matter what": 1, 
            "nasty, like the head cheese cheese caps gowns": 1, 
            "never learn atop him head him have a": 1, 
            "new york city city sweet on the mic": 1, 
            "no matter what you order well i got": 1, 
            "non stop here in new york city city": 1, 
            "nose and my dick's in a cast cast": 1, 
            "now i'm gonna give it all i got": 1, 
            "now, let me introduce myself, i'm ad rock": 1, 
            "of dawn brass monkey you're the funky brass": 1, 
            "of dawn now, let me introduce myself, i'm": 1, 
            "of dawn on and on, to the break": 3, 
            "off the look with the argyle sock take": 1, 
            "old school lox lox so go to peter": 1, 
            "on and on, to the break of dawn": 5, 
            "on i mean that's all i got, except": 1, 
            "on keep, keep-keep-keep, keep-keep on you can't stop": 3, 
            "on lock lock top off the look with": 1, 
            "on on and on, to the break of": 1, 
            "on the mic and i'm known to please": 1, 
            "on the mic looking so damn pretty pretty": 1, 
            "on you can't stop you got to keep": 3, 
            "on, to the break of dawn brass monkey": 1, 
            "on, to the break of dawn now, let": 1, 
            "on, to the break of dawn on and": 3, 
            "order well i got it in stock stock": 1, 
            "party as i declare war war roberta peterson's": 1, 
            "past all you crusty punks that are into": 1, 
            "past is past past all you crusty punks": 1, 
            "past past all you crusty punks that are": 1, 
            "perm tissue up my nose and my dick's": 1, 
            "peter brady and buy greg's sox it's mike": 1, 
            "peterson's got a spine like a dinosaur you": 1, 
            "pitcher and it's time to pour pour i'm": 1, 
            "please please stinky, nasty, like the head cheese": 1, 
            "please stinky, nasty, like the head cheese cheese": 1, 
            "pour i'm at the tee and i'm screaming": 1, 
            "pour pour i'm at the tee and i'm": 1, 
            "pressed like eighty-three lees you can't stop you": 1, 
            "pretty pretty served by me well it must": 1, 
            "pretty served by me well it must feel": 1, 
            "punks that are into crass crass go and": 1, 
            "rhyme thing, well we got it on lock": 1, 
            "rhymes fresh pressed like eighty-three lees you can't": 1, 
            "rhymes in a pitcher and it's time to": 1, 
            "roberta peterson's got a spine like a dinosaur": 1, 
            "rock no matter what you order well i": 1, 
            "rock non stop here in new york city": 1, 
            "rock rock no matter what you order well": 1, 
            "salmon ain't old school lox lox so go": 1, 
            "say here it goes tough titty i've got": 1, 
            "school lox lox so go to peter brady": 1, 
            "screaming fore fore hit into your party as": 1, 
            "served by me well it must feel shitty": 1, 
            "shitty shitty weird thing to say here it": 1, 
            "shitty weird thing to say here it goes": 1, 
            "shower and wash that ass we rock non": 1, 
            "smoked salmon ain't old school lox lox so": 1, 
            "so damn pretty pretty served by me well": 1, 
            "so go to peter brady and buy greg's": 1, 
            "sock take it from me now i'm gonna": 1, 
            "sox it's mike on the mic and i'm": 1, 
            "spine like a dinosaur you can't stop you": 1, 
            "still tick tick tock tock but smoked salmon": 1, 
            "stinky, nasty, like the head cheese cheese caps": 1, 
            "stock stock the dooty rhyme thing, well we": 1, 
            "stock the dooty rhyme thing, well we got": 1, 
            "stop here in new york city city sweet": 1, 
            "stop you got to keep on i mean": 1, 
            "stop you got to keep on keep, keep-keep-keep,": 3, 
            "stop you got to keep on on and": 1, 
            "sweet on the mic looking so damn pretty": 1, 
            "take a licking, still tick tick tock tock": 1, 
            "take a shower and wash that ass we": 1, 
            "take it from me now i'm gonna give": 1, 
            "talk about it, past is past past all": 1, 
            "tee and i'm screaming fore fore hit into": 1, 
            "that are into crass crass go and take": 1, 
            "that ass we rock non stop here in": 1, 
            "that's all i got, except i've just got": 1, 
            "the argyle sock take it from me now": 1, 
            "the break of dawn brass monkey you're the": 1, 
            "the break of dawn now, let me introduce": 1, 
            "the break of dawn on and on, to": 3, 
            "the dooty rhyme thing, well we got it": 1, 
            "the funky": 1, 
            "the funky brass monkey you're the funky": 1, 
            "the funky brass monkey you're the funky brass": 2, 
            "the head cheese cheese caps gowns honorary degrees": 1, 
            "the look with the argyle sock take it": 1, 
            "the mic and i'm known to please please": 1, 
            "the mic looking so damn pretty pretty served": 1, 
            "the tee and i'm screaming fore fore hit": 1, 
            "thing to say here it goes tough titty": 1, 
            "thing, well we got it on lock lock": 1, 
            "tick tick tock tock but smoked salmon ain't": 1, 
            "tick tock tock but smoked salmon ain't old": 1, 
            "time to pour pour i'm at the tee": 1, 
            "tissue up my nose and my dick's in": 1, 
            "titty i've got my rhymes in a pitcher": 1, 
            "to keep on i mean that's all i": 1, 
            "to keep on keep, keep-keep-keep, keep-keep on you": 3, 
            "to keep on on and on, to the": 1, 
            "to peter brady and buy greg's sox it's": 1, 
            "to please please stinky, nasty, like the head": 1, 
            "to pour pour i'm at the tee and": 1, 
            "to say here it goes tough titty i've": 1, 
            "to the break of dawn brass monkey you're": 1, 
            "to the break of dawn now, let me": 1, 
            "to the break of dawn on and on,": 3, 
            "tock but smoked salmon ain't old school lox": 1, 
            "tock tock but smoked salmon ain't old school": 1, 
            "top off the look with the argyle sock": 1, 
            "tough titty i've got my rhymes in a": 1, 
            "up my nose and my dick's in a": 1, 
            "wanna talk about it, past is past past": 1, 
            "war roberta peterson's got a spine like a": 1, 
            "war war roberta peterson's got a spine like": 1, 
            "wash that ass we rock non stop here": 1, 
            "we got it on lock lock top off": 1, 
            "we rock non stop here in new york": 1, 
            "weird thing to say here it goes tough": 1, 
            "well i got it in stock stock the": 1, 
            "well it must feel shitty shitty weird thing": 1, 
            "well we got it on lock lock top": 1, 
            "what you order well i got it in": 1, 
            "with the argyle sock take it from me": 1, 
            "york city city sweet on the mic looking": 1, 
            "you can't stop you got to keep on": 5, 
            "you crusty punks that are into crass crass": 1, 
            "you got to keep on i mean that's": 1, 
            "you got to keep on keep, keep-keep-keep, keep-keep": 3, 
            "you got to keep on on and on,": 1, 
            "you order well i got it in stock": 1, 
            "you're the funky": 1, 
            "you're the funky brass monkey you're the funky": 3, 
            "your party as i declare war war roberta": 1
        }
    }, 
    "song_title": "Crazy Ass Shi", 
    "total_words": [
        358, 
        {
            "a": 7, 
            "about": 1, 
            "ad": 1, 
            "ain't": 1, 
            "all": 3, 
            "and": 12, 
            "are": 1, 
            "argyle": 1, 
            "as": 1, 
            "ass": 1, 
            "at": 1, 
            "atop": 1, 
            "brady": 1, 
            "brass": 4, 
            "break": 5, 
            "but": 1, 
            "buy": 1, 
            "by": 1, 
            "can't": 5, 
            "caps": 1, 
            "cast": 2, 
            "cheese": 2, 
            "city": 2, 
            "crass": 2, 
            "crusty": 1, 
            "curly": 1, 
            "damn": 1, 
            "dawn": 5, 
            "declare": 1, 
            "degrees": 1, 
            "diamond": 1, 
            "dick's": 1, 
            "dinosaur": 1, 
            "don't": 1, 
            "dooty": 1, 
            "eighty-three": 1, 
            "even": 1, 
            "except": 1, 
            "feel": 1, 
            "fore": 2, 
            "fresh": 1, 
            "from": 1, 
            "funky": 4, 
            "give": 1, 
            "go": 2, 
            "goes": 1, 
            "gonna": 1, 
            "got": 12, 
            "got,": 1, 
            "gowns": 1, 
            "greg's": 1, 
            "have": 1, 
            "head": 2, 
            "here": 2, 
            "him": 3, 
            "hit": 1, 
            "honorary": 1, 
            "i": 7, 
            "i'm": 5, 
            "i've": 2, 
            "in": 4, 
            "into": 2, 
            "introduce": 1, 
            "is": 1, 
            "it": 6, 
            "it's": 2, 
            "it,": 1, 
            "just": 1, 
            "keep": 5, 
            "keep,": 3, 
            "keep-keep": 3, 
            "keep-keep-keep,": 3, 
            "known": 1, 
            "learn": 1, 
            "lees": 1, 
            "let": 1, 
            "licking,": 1, 
            "like": 3, 
            "lock": 2, 
            "look": 1, 
            "looking": 1, 
            "lox": 2, 
            "matter": 1, 
            "me": 3, 
            "mean": 1, 
            "mic": 2, 
            "michael": 1, 
            "mike": 1, 
            "monkey": 4, 
            "must": 1, 
            "my": 3, 
            "myself,": 1, 
            "nasty,": 1, 
            "never": 1, 
            "new": 1, 
            "no": 1, 
            "non": 1, 
            "nose": 1, 
            "now": 1, 
            "now,": 1, 
            "of": 5, 
            "off": 1, 
            "old": 1, 
            "on": 16, 
            "on,": 5, 
            "order": 1, 
            "party": 1, 
            "past": 3, 
            "perm": 1, 
            "peter": 1, 
            "peterson's": 1, 
            "pitcher": 1, 
            "please": 2, 
            "pour": 2, 
            "pressed": 1, 
            "pretty": 2, 
            "punks": 1, 
            "rhyme": 1, 
            "rhymes": 2, 
            "roberta": 1, 
            "rock": 3, 
            "salmon": 1, 
            "say": 1, 
            "school": 1, 
            "screaming": 1, 
            "served": 1, 
            "shitty": 2, 
            "shower": 1, 
            "smoked": 1, 
            "so": 2, 
            "sock": 1, 
            "sox": 1, 
            "spine": 1, 
            "still": 1, 
            "stinky,": 1, 
            "stock": 2, 
            "stop": 6, 
            "sweet": 1, 
            "take": 3, 
            "talk": 1, 
            "tee": 1, 
            "that": 2, 
            "that's": 1, 
            "the": 16, 
            "thing": 1, 
            "thing,": 1, 
            "tick": 2, 
            "time": 1, 
            "tissue": 1, 
            "titty": 1, 
            "to": 14, 
            "tock": 2, 
            "top": 1, 
            "tough": 1, 
            "up": 1, 
            "wanna": 1, 
            "war": 2, 
            "wash": 1, 
            "we": 2, 
            "weird": 1, 
            "well": 3, 
            "what": 1, 
            "with": 1, 
            "york": 1, 
            "you": 12, 
            "you're": 4, 
            "your": 1
        }
    ], 
    "unique_words": [
        167, 
        [
            "all", 
            "just", 
            "don't", 
            "argyle", 
            "go", 
            "still", 
            "tick", 
            "curly", 
            "except", 
            "keep-keep", 
            "to", 
            "degrees", 
            "pretty", 
            "must", 
            "take", 
            "tock", 
            "non", 
            "crusty", 
            "rhyme", 
            "introduce", 
            "caps", 
            "break", 
            "shitty", 
            "it,", 
            "new", 
            "now", 
            "screaming", 
            "him", 
            "crass", 
            "school", 
            "like", 
            "spine", 
            "diamond", 
            "michael", 
            "dinosaur", 
            "nose", 
            "rock", 
            "served", 
            "peterson's", 
            "mean", 
            "old", 
            "got,", 
            "tee", 
            "past", 
            "are", 
            "dawn", 
            "peter", 
            "even", 
            "what", 
            "cast", 
            "please", 
            "looking", 
            "goes", 
            "got", 
            "ass", 
            "we", 
            "city", 
            "never", 
            "here", 
            "titty", 
            "let", 
            "punks", 
            "by", 
            "on", 
            "about", 
            "keep-keep-keep,", 
            "of", 
            "keep", 
            "thing", 
            "funky", 
            "greg's", 
            "nasty,", 
            "weird", 
            "wanna", 
            "can't", 
            "york", 
            "cheese", 
            "tough", 
            "myself,", 
            "feel", 
            "sweet", 
            "into", 
            "wash", 
            "dooty", 
            "sox", 
            "your", 
            "now,", 
            "you're", 
            "from", 
            "monkey", 
            "it's", 
            "top", 
            "sock", 
            "perm", 
            "damn", 
            "gowns", 
            "lox", 
            "war", 
            "mike", 
            "buy", 
            "on,", 
            "i've", 
            "honorary", 
            "pitcher", 
            "but", 
            "ain't", 
            "known", 
            "with", 
            "licking,", 
            "me", 
            "eighty-three", 
            "roberta", 
            "fore", 
            "look", 
            "up", 
            "rhymes", 
            "shower", 
            "matter", 
            "pressed", 
            "learn", 
            "my", 
            "declare", 
            "and", 
            "ad", 
            "give", 
            "lock", 
            "is", 
            "it", 
            "say", 
            "tissue", 
            "at", 
            "have", 
            "in", 
            "hit", 
            "as", 
            "lees", 
            "no", 
            "keep,", 
            "mic", 
            "that", 
            "stinky,", 
            "pour", 
            "party", 
            "you", 
            "atop", 
            "stock", 
            "stop", 
            "dick's", 
            "salmon", 
            "gonna", 
            "head", 
            "brass", 
            "i'm", 
            "a", 
            "off", 
            "brady", 
            "i", 
            "well", 
            "so", 
            "thing,", 
            "time", 
            "fresh", 
            "the", 
            "smoked", 
            "order", 
            "talk", 
            "that's"
        ]
    ], 
    "year": 2011
}