{
    "album": "Hot Sauce Committee Part Two", 
    "artist": "Beastie Boys", 
    "lyrics": "Put this on a zip disk, send it to your lawyer\nFile me under funky\nLike sipping lemonade and Arnold Palmers\nBig holiday parties like Dolly Partner\nSometime I get Pad Thai as a starter\nMy other order pad see yew is much darker\nAdam Horovitz, I take a shvitz\nI'm known for my glamour and my glitz, check it\nAs I bust I really must encrust\nThis microphone rust with Diamond fairy dust\nI don't wear Crocs and I don't wear sandals\nThe pump don't work 'cause the vandals took the handle\nStop singing that song in the wrong key\nWhat you looking at?\nFunky Donkey\nFunky Donkey\nI go woooo like a fire engine\nFlashing lights to get your attention\nStop sweating me about the weather\nGo shave a sheep and knit yourself a sweater\nDon't get me heated or y'all in trouble\nBass bins booming make the dancehall bubble\nLetting loose all up in the honkey tonk\nWith the shoopa doopa doo bedonk\nWell I was swimming in the water of the ocean\nLike Dr. Jeckyl with the magic potion\nWe're brand new, never ever the same\n\"What's that what's that what's the name?\"\nFunky Donkey\nFunky Donkey\nFunky Donkey\n", 
    "ngrams": {
        "2": {
            "": 866, 
            "'cause the": 1, 
            "a fire": 1, 
            "a sheep": 1, 
            "a shvitz": 1, 
            "a starter": 1, 
            "a sweater": 1, 
            "a zip": 1, 
            "about the": 1, 
            "adam horovitz,": 1, 
            "all up": 1, 
            "and arnold": 1, 
            "and i": 1, 
            "and knit": 1, 
            "and my": 1, 
            "arnold palmers": 1, 
            "as a": 1, 
            "as i": 1, 
            "at funky": 1, 
            "attention stop": 1, 
            "bass bins": 1, 
            "bedonk well": 1, 
            "big holiday": 1, 
            "bins booming": 1, 
            "booming make": 1, 
            "brand new,": 1, 
            "bubble letting": 1, 
            "bust i": 1, 
            "check it": 1, 
            "crocs and": 1, 
            "dancehall bubble": 1, 
            "darker adam": 1, 
            "diamond fairy": 1, 
            "disk, send": 1, 
            "dolly partner": 1, 
            "don't get": 1, 
            "don't wear": 2, 
            "don't work": 1, 
            "donkey": 1, 
            "donkey funky": 3, 
            "donkey i": 1, 
            "doo bedonk": 1, 
            "doopa doo": 1, 
            "dr jeckyl": 1, 
            "dust i": 1, 
            "encrust this": 1, 
            "engine flashing": 1, 
            "ever the": 1, 
            "fairy dust": 1, 
            "file me": 1, 
            "fire engine": 1, 
            "flashing lights": 1, 
            "for my": 1, 
            "funky donkey": 5, 
            "funky like": 1, 
            "get me": 1, 
            "get pad": 1, 
            "get your": 1, 
            "glamour and": 1, 
            "glitz, check": 1, 
            "go shave": 1, 
            "go woooo": 1, 
            "handle stop": 1, 
            "heated or": 1, 
            "holiday parties": 1, 
            "honkey tonk": 1, 
            "horovitz, i": 1, 
            "i bust": 1, 
            "i don't": 2, 
            "i get": 1, 
            "i go": 1, 
            "i really": 1, 
            "i take": 1, 
            "i was": 1, 
            "i'm known": 1, 
            "in the": 3, 
            "in trouble": 1, 
            "is much": 1, 
            "it as": 1, 
            "it to": 1, 
            "jeckyl with": 1, 
            "key what": 1, 
            "knit yourself": 1, 
            "known for": 1, 
            "lawyer file": 1, 
            "lemonade and": 1, 
            "letting loose": 1, 
            "lights to": 1, 
            "like a": 1, 
            "like dolly": 1, 
            "like dr": 1, 
            "like sipping": 1, 
            "looking at": 1, 
            "loose all": 1, 
            "magic potion": 1, 
            "make the": 1, 
            "me about": 1, 
            "me heated": 1, 
            "me under": 1, 
            "microphone rust": 1, 
            "much darker": 1, 
            "must encrust": 1, 
            "my glamour": 1, 
            "my glitz,": 1, 
            "my other": 1, 
            "name funky": 1, 
            "never ever": 1, 
            "new, never": 1, 
            "ocean like": 1, 
            "of the": 1, 
            "on a": 1, 
            "or y'all": 1, 
            "order pad": 1, 
            "other order": 1, 
            "pad see": 1, 
            "pad thai": 1, 
            "palmers big": 1, 
            "parties like": 1, 
            "partner sometime": 1, 
            "potion we're": 1, 
            "pump don't": 1, 
            "put this": 1, 
            "really must": 1, 
            "rust with": 1, 
            "same what's": 1, 
            "sandals the": 1, 
            "see yew": 1, 
            "send it": 1, 
            "shave a": 1, 
            "sheep and": 1, 
            "shoopa doopa": 1, 
            "shvitz i'm": 1, 
            "singing that": 1, 
            "sipping lemonade": 1, 
            "sometime i": 1, 
            "song in": 1, 
            "starter my": 1, 
            "stop singing": 1, 
            "stop sweating": 1, 
            "sweater don't": 1, 
            "sweating me": 1, 
            "swimming in": 1, 
            "take a": 1, 
            "thai as": 1, 
            "that song": 1, 
            "that what's": 2, 
            "the dancehall": 1, 
            "the handle": 1, 
            "the honkey": 1, 
            "the magic": 1, 
            "the name": 1, 
            "the ocean": 1, 
            "the pump": 1, 
            "the same": 1, 
            "the shoopa": 1, 
            "the vandals": 1, 
            "the water": 1, 
            "the weather": 1, 
            "the wrong": 1, 
            "this microphone": 1, 
            "this on": 1, 
            "to get": 1, 
            "to your": 1, 
            "tonk with": 1, 
            "took the": 1, 
            "trouble bass": 1, 
            "under funky": 1, 
            "up in": 1, 
            "vandals took": 1, 
            "was swimming": 1, 
            "water of": 1, 
            "we're brand": 1, 
            "wear crocs": 1, 
            "wear sandals": 1, 
            "weather go": 1, 
            "well i": 1, 
            "what you": 1, 
            "what's that": 2, 
            "what's the": 1, 
            "with diamond": 1, 
            "with the": 2, 
            "woooo like": 1, 
            "work 'cause": 1, 
            "wrong key": 1, 
            "y'all in": 1, 
            "yew is": 1, 
            "you looking": 1, 
            "your attention": 1, 
            "your lawyer": 1, 
            "yourself a": 1, 
            "zip disk,": 1
        }, 
        "3": {
            "": 865, 
            "'cause the vandals": 1, 
            "a fire engine": 1, 
            "a sheep and": 1, 
            "a shvitz i'm": 1, 
            "a starter my": 1, 
            "a sweater don't": 1, 
            "a zip disk,": 1, 
            "about the weather": 1, 
            "adam horovitz, i": 1, 
            "all up in": 1, 
            "and arnold palmers": 1, 
            "and i don't": 1, 
            "and knit yourself": 1, 
            "and my glitz,": 1, 
            "arnold palmers big": 1, 
            "as a starter": 1, 
            "as i bust": 1, 
            "at funky donkey": 1, 
            "attention stop sweating": 1, 
            "bass bins booming": 1, 
            "bedonk well i": 1, 
            "big holiday parties": 1, 
            "bins booming make": 1, 
            "booming make the": 1, 
            "brand new, never": 1, 
            "bubble letting loose": 1, 
            "bust i really": 1, 
            "check it as": 1, 
            "crocs and i": 1, 
            "dancehall bubble letting": 1, 
            "darker adam horovitz,": 1, 
            "diamond fairy dust": 1, 
            "disk, send it": 1, 
            "dolly partner sometime": 1, 
            "don't get me": 1, 
            "don't wear crocs": 1, 
            "don't wear sandals": 1, 
            "don't work 'cause": 1, 
            "donkey": 1, 
            "donkey funky donkey": 3, 
            "donkey i go": 1, 
            "doo bedonk well": 1, 
            "doopa doo bedonk": 1, 
            "dr jeckyl with": 1, 
            "dust i don't": 1, 
            "encrust this microphone": 1, 
            "engine flashing lights": 1, 
            "ever the same": 1, 
            "fairy dust i": 1, 
            "file me under": 1, 
            "fire engine flashing": 1, 
            "flashing lights to": 1, 
            "for my glamour": 1, 
            "funky donkey": 1, 
            "funky donkey funky": 3, 
            "funky donkey i": 1, 
            "funky like sipping": 1, 
            "get me heated": 1, 
            "get pad thai": 1, 
            "get your attention": 1, 
            "glamour and my": 1, 
            "glitz, check it": 1, 
            "go shave a": 1, 
            "go woooo like": 1, 
            "handle stop singing": 1, 
            "heated or y'all": 1, 
            "holiday parties like": 1, 
            "honkey tonk with": 1, 
            "horovitz, i take": 1, 
            "i bust i": 1, 
            "i don't wear": 2, 
            "i get pad": 1, 
            "i go woooo": 1, 
            "i really must": 1, 
            "i take a": 1, 
            "i was swimming": 1, 
            "i'm known for": 1, 
            "in the honkey": 1, 
            "in the water": 1, 
            "in the wrong": 1, 
            "in trouble bass": 1, 
            "is much darker": 1, 
            "it as i": 1, 
            "it to your": 1, 
            "jeckyl with the": 1, 
            "key what you": 1, 
            "knit yourself a": 1, 
            "known for my": 1, 
            "lawyer file me": 1, 
            "lemonade and arnold": 1, 
            "letting loose all": 1, 
            "lights to get": 1, 
            "like a fire": 1, 
            "like dolly partner": 1, 
            "like dr jeckyl": 1, 
            "like sipping lemonade": 1, 
            "looking at funky": 1, 
            "loose all up": 1, 
            "magic potion we're": 1, 
            "make the dancehall": 1, 
            "me about the": 1, 
            "me heated or": 1, 
            "me under funky": 1, 
            "microphone rust with": 1, 
            "much darker adam": 1, 
            "must encrust this": 1, 
            "my glamour and": 1, 
            "my glitz, check": 1, 
            "my other order": 1, 
            "name funky donkey": 1, 
            "never ever the": 1, 
            "new, never ever": 1, 
            "ocean like dr": 1, 
            "of the ocean": 1, 
            "on a zip": 1, 
            "or y'all in": 1, 
            "order pad see": 1, 
            "other order pad": 1, 
            "pad see yew": 1, 
            "pad thai as": 1, 
            "palmers big holiday": 1, 
            "parties like dolly": 1, 
            "partner sometime i": 1, 
            "potion we're brand": 1, 
            "pump don't work": 1, 
            "put this on": 1, 
            "really must encrust": 1, 
            "rust with diamond": 1, 
            "same what's that": 1, 
            "sandals the pump": 1, 
            "see yew is": 1, 
            "send it to": 1, 
            "shave a sheep": 1, 
            "sheep and knit": 1, 
            "shoopa doopa doo": 1, 
            "shvitz i'm known": 1, 
            "singing that song": 1, 
            "sipping lemonade and": 1, 
            "sometime i get": 1, 
            "song in the": 1, 
            "starter my other": 1, 
            "stop singing that": 1, 
            "stop sweating me": 1, 
            "sweater don't get": 1, 
            "sweating me about": 1, 
            "swimming in the": 1, 
            "take a shvitz": 1, 
            "thai as a": 1, 
            "that song in": 1, 
            "that what's that": 1, 
            "that what's the": 1, 
            "the dancehall bubble": 1, 
            "the handle stop": 1, 
            "the honkey tonk": 1, 
            "the magic potion": 1, 
            "the name funky": 1, 
            "the ocean like": 1, 
            "the pump don't": 1, 
            "the same what's": 1, 
            "the shoopa doopa": 1, 
            "the vandals took": 1, 
            "the water of": 1, 
            "the weather go": 1, 
            "the wrong key": 1, 
            "this microphone rust": 1, 
            "this on a": 1, 
            "to get your": 1, 
            "to your lawyer": 1, 
            "tonk with the": 1, 
            "took the handle": 1, 
            "trouble bass bins": 1, 
            "under funky like": 1, 
            "up in the": 1, 
            "vandals took the": 1, 
            "was swimming in": 1, 
            "water of the": 1, 
            "we're brand new,": 1, 
            "wear crocs and": 1, 
            "wear sandals the": 1, 
            "weather go shave": 1, 
            "well i was": 1, 
            "what you looking": 1, 
            "what's that what's": 2, 
            "what's the name": 1, 
            "with diamond fairy": 1, 
            "with the magic": 1, 
            "with the shoopa": 1, 
            "woooo like a": 1, 
            "work 'cause the": 1, 
            "wrong key what": 1, 
            "y'all in trouble": 1, 
            "yew is much": 1, 
            "you looking at": 1, 
            "your attention stop": 1, 
            "your lawyer file": 1, 
            "yourself a sweater": 1, 
            "zip disk, send": 1
        }, 
        "4": {
            "": 864, 
            "'cause the vandals took": 1, 
            "a fire engine flashing": 1, 
            "a sheep and knit": 1, 
            "a shvitz i'm known": 1, 
            "a starter my other": 1, 
            "a sweater don't get": 1, 
            "a zip disk, send": 1, 
            "about the weather go": 1, 
            "adam horovitz, i take": 1, 
            "all up in the": 1, 
            "and arnold palmers big": 1, 
            "and i don't wear": 1, 
            "and knit yourself a": 1, 
            "and my glitz, check": 1, 
            "arnold palmers big holiday": 1, 
            "as a starter my": 1, 
            "as i bust i": 1, 
            "at funky donkey funky": 1, 
            "attention stop sweating me": 1, 
            "bass bins booming make": 1, 
            "bedonk well i was": 1, 
            "big holiday parties like": 1, 
            "bins booming make the": 1, 
            "booming make the dancehall": 1, 
            "brand new, never ever": 1, 
            "bubble letting loose all": 1, 
            "bust i really must": 1, 
            "check it as i": 1, 
            "crocs and i don't": 1, 
            "dancehall bubble letting loose": 1, 
            "darker adam horovitz, i": 1, 
            "diamond fairy dust i": 1, 
            "disk, send it to": 1, 
            "dolly partner sometime i": 1, 
            "don't get me heated": 1, 
            "don't wear crocs and": 1, 
            "don't wear sandals the": 1, 
            "don't work 'cause the": 1, 
            "donkey": 1, 
            "donkey funky donkey": 1, 
            "donkey funky donkey funky": 1, 
            "donkey funky donkey i": 1, 
            "donkey i go woooo": 1, 
            "doo bedonk well i": 1, 
            "doopa doo bedonk well": 1, 
            "dr jeckyl with the": 1, 
            "dust i don't wear": 1, 
            "encrust this microphone rust": 1, 
            "engine flashing lights to": 1, 
            "ever the same what's": 1, 
            "fairy dust i don't": 1, 
            "file me under funky": 1, 
            "fire engine flashing lights": 1, 
            "flashing lights to get": 1, 
            "for my glamour and": 1, 
            "funky donkey": 1, 
            "funky donkey funky donkey": 3, 
            "funky donkey i go": 1, 
            "funky like sipping lemonade": 1, 
            "get me heated or": 1, 
            "get pad thai as": 1, 
            "get your attention stop": 1, 
            "glamour and my glitz,": 1, 
            "glitz, check it as": 1, 
            "go shave a sheep": 1, 
            "go woooo like a": 1, 
            "handle stop singing that": 1, 
            "heated or y'all in": 1, 
            "holiday parties like dolly": 1, 
            "honkey tonk with the": 1, 
            "horovitz, i take a": 1, 
            "i bust i really": 1, 
            "i don't wear crocs": 1, 
            "i don't wear sandals": 1, 
            "i get pad thai": 1, 
            "i go woooo like": 1, 
            "i really must encrust": 1, 
            "i take a shvitz": 1, 
            "i was swimming in": 1, 
            "i'm known for my": 1, 
            "in the honkey tonk": 1, 
            "in the water of": 1, 
            "in the wrong key": 1, 
            "in trouble bass bins": 1, 
            "is much darker adam": 1, 
            "it as i bust": 1, 
            "it to your lawyer": 1, 
            "jeckyl with the magic": 1, 
            "key what you looking": 1, 
            "knit yourself a sweater": 1, 
            "known for my glamour": 1, 
            "lawyer file me under": 1, 
            "lemonade and arnold palmers": 1, 
            "letting loose all up": 1, 
            "lights to get your": 1, 
            "like a fire engine": 1, 
            "like dolly partner sometime": 1, 
            "like dr jeckyl with": 1, 
            "like sipping lemonade and": 1, 
            "looking at funky donkey": 1, 
            "loose all up in": 1, 
            "magic potion we're brand": 1, 
            "make the dancehall bubble": 1, 
            "me about the weather": 1, 
            "me heated or y'all": 1, 
            "me under funky like": 1, 
            "microphone rust with diamond": 1, 
            "much darker adam horovitz,": 1, 
            "must encrust this microphone": 1, 
            "my glamour and my": 1, 
            "my glitz, check it": 1, 
            "my other order pad": 1, 
            "name funky donkey funky": 1, 
            "never ever the same": 1, 
            "new, never ever the": 1, 
            "ocean like dr jeckyl": 1, 
            "of the ocean like": 1, 
            "on a zip disk,": 1, 
            "or y'all in trouble": 1, 
            "order pad see yew": 1, 
            "other order pad see": 1, 
            "pad see yew is": 1, 
            "pad thai as a": 1, 
            "palmers big holiday parties": 1, 
            "parties like dolly partner": 1, 
            "partner sometime i get": 1, 
            "potion we're brand new,": 1, 
            "pump don't work 'cause": 1, 
            "put this on a": 1, 
            "really must encrust this": 1, 
            "rust with diamond fairy": 1, 
            "same what's that what's": 1, 
            "sandals the pump don't": 1, 
            "see yew is much": 1, 
            "send it to your": 1, 
            "shave a sheep and": 1, 
            "sheep and knit yourself": 1, 
            "shoopa doopa doo bedonk": 1, 
            "shvitz i'm known for": 1, 
            "singing that song in": 1, 
            "sipping lemonade and arnold": 1, 
            "sometime i get pad": 1, 
            "song in the wrong": 1, 
            "starter my other order": 1, 
            "stop singing that song": 1, 
            "stop sweating me about": 1, 
            "sweater don't get me": 1, 
            "sweating me about the": 1, 
            "swimming in the water": 1, 
            "take a shvitz i'm": 1, 
            "thai as a starter": 1, 
            "that song in the": 1, 
            "that what's that what's": 1, 
            "that what's the name": 1, 
            "the dancehall bubble letting": 1, 
            "the handle stop singing": 1, 
            "the honkey tonk with": 1, 
            "the magic potion we're": 1, 
            "the name funky donkey": 1, 
            "the ocean like dr": 1, 
            "the pump don't work": 1, 
            "the same what's that": 1, 
            "the shoopa doopa doo": 1, 
            "the vandals took the": 1, 
            "the water of the": 1, 
            "the weather go shave": 1, 
            "the wrong key what": 1, 
            "this microphone rust with": 1, 
            "this on a zip": 1, 
            "to get your attention": 1, 
            "to your lawyer file": 1, 
            "tonk with the shoopa": 1, 
            "took the handle stop": 1, 
            "trouble bass bins booming": 1, 
            "under funky like sipping": 1, 
            "up in the honkey": 1, 
            "vandals took the handle": 1, 
            "was swimming in the": 1, 
            "water of the ocean": 1, 
            "we're brand new, never": 1, 
            "wear crocs and i": 1, 
            "wear sandals the pump": 1, 
            "weather go shave a": 1, 
            "well i was swimming": 1, 
            "what you looking at": 1, 
            "what's that what's that": 1, 
            "what's that what's the": 1, 
            "what's the name funky": 1, 
            "with diamond fairy dust": 1, 
            "with the magic potion": 1, 
            "with the shoopa doopa": 1, 
            "woooo like a fire": 1, 
            "work 'cause the vandals": 1, 
            "wrong key what you": 1, 
            "y'all in trouble bass": 1, 
            "yew is much darker": 1, 
            "you looking at funky": 1, 
            "your attention stop sweating": 1, 
            "your lawyer file me": 1, 
            "yourself a sweater don't": 1, 
            "zip disk, send it": 1
        }, 
        "5": {
            "": 863, 
            "'cause the vandals took the": 1, 
            "a fire engine flashing lights": 1, 
            "a sheep and knit yourself": 1, 
            "a shvitz i'm known for": 1, 
            "a starter my other order": 1, 
            "a sweater don't get me": 1, 
            "a zip disk, send it": 1, 
            "about the weather go shave": 1, 
            "adam horovitz, i take a": 1, 
            "all up in the honkey": 1, 
            "and arnold palmers big holiday": 1, 
            "and i don't wear sandals": 1, 
            "and knit yourself a sweater": 1, 
            "and my glitz, check it": 1, 
            "arnold palmers big holiday parties": 1, 
            "as a starter my other": 1, 
            "as i bust i really": 1, 
            "at funky donkey funky donkey": 1, 
            "attention stop sweating me about": 1, 
            "bass bins booming make the": 1, 
            "bedonk well i was swimming": 1, 
            "big holiday parties like dolly": 1, 
            "bins booming make the dancehall": 1, 
            "booming make the dancehall bubble": 1, 
            "brand new, never ever the": 1, 
            "bubble letting loose all up": 1, 
            "bust i really must encrust": 1, 
            "check it as i bust": 1, 
            "crocs and i don't wear": 1, 
            "dancehall bubble letting loose all": 1, 
            "darker adam horovitz, i take": 1, 
            "diamond fairy dust i don't": 1, 
            "disk, send it to your": 1, 
            "dolly partner sometime i get": 1, 
            "don't get me heated or": 1, 
            "don't wear crocs and i": 1, 
            "don't wear sandals the pump": 1, 
            "don't work 'cause the vandals": 1, 
            "donkey": 1, 
            "donkey funky donkey": 1, 
            "donkey funky donkey funky donkey": 1, 
            "donkey funky donkey i go": 1, 
            "donkey i go woooo like": 1, 
            "doo bedonk well i was": 1, 
            "doopa doo bedonk well i": 1, 
            "dr jeckyl with the magic": 1, 
            "dust i don't wear crocs": 1, 
            "encrust this microphone rust with": 1, 
            "engine flashing lights to get": 1, 
            "ever the same what's that": 1, 
            "fairy dust i don't wear": 1, 
            "file me under funky like": 1, 
            "fire engine flashing lights to": 1, 
            "flashing lights to get your": 1, 
            "for my glamour and my": 1, 
            "funky donkey": 1, 
            "funky donkey funky donkey": 1, 
            "funky donkey funky donkey funky": 1, 
            "funky donkey funky donkey i": 1, 
            "funky donkey i go woooo": 1, 
            "funky like sipping lemonade and": 1, 
            "get me heated or y'all": 1, 
            "get pad thai as a": 1, 
            "get your attention stop sweating": 1, 
            "glamour and my glitz, check": 1, 
            "glitz, check it as i": 1, 
            "go shave a sheep and": 1, 
            "go woooo like a fire": 1, 
            "handle stop singing that song": 1, 
            "heated or y'all in trouble": 1, 
            "holiday parties like dolly partner": 1, 
            "honkey tonk with the shoopa": 1, 
            "horovitz, i take a shvitz": 1, 
            "i bust i really must": 1, 
            "i don't wear crocs and": 1, 
            "i don't wear sandals the": 1, 
            "i get pad thai as": 1, 
            "i go woooo like a": 1, 
            "i really must encrust this": 1, 
            "i take a shvitz i'm": 1, 
            "i was swimming in the": 1, 
            "i'm known for my glamour": 1, 
            "in the honkey tonk with": 1, 
            "in the water of the": 1, 
            "in the wrong key what": 1, 
            "in trouble bass bins booming": 1, 
            "is much darker adam horovitz,": 1, 
            "it as i bust i": 1, 
            "it to your lawyer file": 1, 
            "jeckyl with the magic potion": 1, 
            "key what you looking at": 1, 
            "knit yourself a sweater don't": 1, 
            "known for my glamour and": 1, 
            "lawyer file me under funky": 1, 
            "lemonade and arnold palmers big": 1, 
            "letting loose all up in": 1, 
            "lights to get your attention": 1, 
            "like a fire engine flashing": 1, 
            "like dolly partner sometime i": 1, 
            "like dr jeckyl with the": 1, 
            "like sipping lemonade and arnold": 1, 
            "looking at funky donkey funky": 1, 
            "loose all up in the": 1, 
            "magic potion we're brand new,": 1, 
            "make the dancehall bubble letting": 1, 
            "me about the weather go": 1, 
            "me heated or y'all in": 1, 
            "me under funky like sipping": 1, 
            "microphone rust with diamond fairy": 1, 
            "much darker adam horovitz, i": 1, 
            "must encrust this microphone rust": 1, 
            "my glamour and my glitz,": 1, 
            "my glitz, check it as": 1, 
            "my other order pad see": 1, 
            "name funky donkey funky donkey": 1, 
            "never ever the same what's": 1, 
            "new, never ever the same": 1, 
            "ocean like dr jeckyl with": 1, 
            "of the ocean like dr": 1, 
            "on a zip disk, send": 1, 
            "or y'all in trouble bass": 1, 
            "order pad see yew is": 1, 
            "other order pad see yew": 1, 
            "pad see yew is much": 1, 
            "pad thai as a starter": 1, 
            "palmers big holiday parties like": 1, 
            "parties like dolly partner sometime": 1, 
            "partner sometime i get pad": 1, 
            "potion we're brand new, never": 1, 
            "pump don't work 'cause the": 1, 
            "put this on a zip": 1, 
            "really must encrust this microphone": 1, 
            "rust with diamond fairy dust": 1, 
            "same what's that what's that": 1, 
            "sandals the pump don't work": 1, 
            "see yew is much darker": 1, 
            "send it to your lawyer": 1, 
            "shave a sheep and knit": 1, 
            "sheep and knit yourself a": 1, 
            "shoopa doopa doo bedonk well": 1, 
            "shvitz i'm known for my": 1, 
            "singing that song in the": 1, 
            "sipping lemonade and arnold palmers": 1, 
            "sometime i get pad thai": 1, 
            "song in the wrong key": 1, 
            "starter my other order pad": 1, 
            "stop singing that song in": 1, 
            "stop sweating me about the": 1, 
            "sweater don't get me heated": 1, 
            "sweating me about the weather": 1, 
            "swimming in the water of": 1, 
            "take a shvitz i'm known": 1, 
            "thai as a starter my": 1, 
            "that song in the wrong": 1, 
            "that what's that what's the": 1, 
            "that what's the name funky": 1, 
            "the dancehall bubble letting loose": 1, 
            "the handle stop singing that": 1, 
            "the honkey tonk with the": 1, 
            "the magic potion we're brand": 1, 
            "the name funky donkey funky": 1, 
            "the ocean like dr jeckyl": 1, 
            "the pump don't work 'cause": 1, 
            "the same what's that what's": 1, 
            "the shoopa doopa doo bedonk": 1, 
            "the vandals took the handle": 1, 
            "the water of the ocean": 1, 
            "the weather go shave a": 1, 
            "the wrong key what you": 1, 
            "this microphone rust with diamond": 1, 
            "this on a zip disk,": 1, 
            "to get your attention stop": 1, 
            "to your lawyer file me": 1, 
            "tonk with the shoopa doopa": 1, 
            "took the handle stop singing": 1, 
            "trouble bass bins booming make": 1, 
            "under funky like sipping lemonade": 1, 
            "up in the honkey tonk": 1, 
            "vandals took the handle stop": 1, 
            "was swimming in the water": 1, 
            "water of the ocean like": 1, 
            "we're brand new, never ever": 1, 
            "wear crocs and i don't": 1, 
            "wear sandals the pump don't": 1, 
            "weather go shave a sheep": 1, 
            "well i was swimming in": 1, 
            "what you looking at funky": 1, 
            "what's that what's that what's": 1, 
            "what's that what's the name": 1, 
            "what's the name funky donkey": 1, 
            "with diamond fairy dust i": 1, 
            "with the magic potion we're": 1, 
            "with the shoopa doopa doo": 1, 
            "woooo like a fire engine": 1, 
            "work 'cause the vandals took": 1, 
            "wrong key what you looking": 1, 
            "y'all in trouble bass bins": 1, 
            "yew is much darker adam": 1, 
            "you looking at funky donkey": 1, 
            "your attention stop sweating me": 1, 
            "your lawyer file me under": 1, 
            "yourself a sweater don't get": 1, 
            "zip disk, send it to": 1
        }, 
        "6": {
            "": 862, 
            "'cause the vandals took the handle": 1, 
            "a fire engine flashing lights to": 1, 
            "a sheep and knit yourself a": 1, 
            "a shvitz i'm known for my": 1, 
            "a starter my other order pad": 1, 
            "a sweater don't get me heated": 1, 
            "a zip disk, send it to": 1, 
            "about the weather go shave a": 1, 
            "adam horovitz, i take a shvitz": 1, 
            "all up in the honkey tonk": 1, 
            "and arnold palmers big holiday parties": 1, 
            "and i don't wear sandals the": 1, 
            "and knit yourself a sweater don't": 1, 
            "and my glitz, check it as": 1, 
            "arnold palmers big holiday parties like": 1, 
            "as a starter my other order": 1, 
            "as i bust i really must": 1, 
            "at funky donkey funky donkey i": 1, 
            "attention stop sweating me about the": 1, 
            "bass bins booming make the dancehall": 1, 
            "bedonk well i was swimming in": 1, 
            "big holiday parties like dolly partner": 1, 
            "bins booming make the dancehall bubble": 1, 
            "booming make the dancehall bubble letting": 1, 
            "brand new, never ever the same": 1, 
            "bubble letting loose all up in": 1, 
            "bust i really must encrust this": 1, 
            "check it as i bust i": 1, 
            "crocs and i don't wear sandals": 1, 
            "dancehall bubble letting loose all up": 1, 
            "darker adam horovitz, i take a": 1, 
            "diamond fairy dust i don't wear": 1, 
            "disk, send it to your lawyer": 1, 
            "dolly partner sometime i get pad": 1, 
            "don't get me heated or y'all": 1, 
            "don't wear crocs and i don't": 1, 
            "don't wear sandals the pump don't": 1, 
            "don't work 'cause the vandals took": 1, 
            "donkey": 1, 
            "donkey funky donkey": 1, 
            "donkey funky donkey funky donkey": 1, 
            "donkey funky donkey i go woooo": 1, 
            "donkey i go woooo like a": 1, 
            "doo bedonk well i was swimming": 1, 
            "doopa doo bedonk well i was": 1, 
            "dr jeckyl with the magic potion": 1, 
            "dust i don't wear crocs and": 1, 
            "encrust this microphone rust with diamond": 1, 
            "engine flashing lights to get your": 1, 
            "ever the same what's that what's": 1, 
            "fairy dust i don't wear crocs": 1, 
            "file me under funky like sipping": 1, 
            "fire engine flashing lights to get": 1, 
            "flashing lights to get your attention": 1, 
            "for my glamour and my glitz,": 1, 
            "funky donkey": 1, 
            "funky donkey funky donkey": 1, 
            "funky donkey funky donkey funky donkey": 1, 
            "funky donkey funky donkey i go": 1, 
            "funky donkey i go woooo like": 1, 
            "funky like sipping lemonade and arnold": 1, 
            "get me heated or y'all in": 1, 
            "get pad thai as a starter": 1, 
            "get your attention stop sweating me": 1, 
            "glamour and my glitz, check it": 1, 
            "glitz, check it as i bust": 1, 
            "go shave a sheep and knit": 1, 
            "go woooo like a fire engine": 1, 
            "handle stop singing that song in": 1, 
            "heated or y'all in trouble bass": 1, 
            "holiday parties like dolly partner sometime": 1, 
            "honkey tonk with the shoopa doopa": 1, 
            "horovitz, i take a shvitz i'm": 1, 
            "i bust i really must encrust": 1, 
            "i don't wear crocs and i": 1, 
            "i don't wear sandals the pump": 1, 
            "i get pad thai as a": 1, 
            "i go woooo like a fire": 1, 
            "i really must encrust this microphone": 1, 
            "i take a shvitz i'm known": 1, 
            "i was swimming in the water": 1, 
            "i'm known for my glamour and": 1, 
            "in the honkey tonk with the": 1, 
            "in the water of the ocean": 1, 
            "in the wrong key what you": 1, 
            "in trouble bass bins booming make": 1, 
            "is much darker adam horovitz, i": 1, 
            "it as i bust i really": 1, 
            "it to your lawyer file me": 1, 
            "jeckyl with the magic potion we're": 1, 
            "key what you looking at funky": 1, 
            "knit yourself a sweater don't get": 1, 
            "known for my glamour and my": 1, 
            "lawyer file me under funky like": 1, 
            "lemonade and arnold palmers big holiday": 1, 
            "letting loose all up in the": 1, 
            "lights to get your attention stop": 1, 
            "like a fire engine flashing lights": 1, 
            "like dolly partner sometime i get": 1, 
            "like dr jeckyl with the magic": 1, 
            "like sipping lemonade and arnold palmers": 1, 
            "looking at funky donkey funky donkey": 1, 
            "loose all up in the honkey": 1, 
            "magic potion we're brand new, never": 1, 
            "make the dancehall bubble letting loose": 1, 
            "me about the weather go shave": 1, 
            "me heated or y'all in trouble": 1, 
            "me under funky like sipping lemonade": 1, 
            "microphone rust with diamond fairy dust": 1, 
            "much darker adam horovitz, i take": 1, 
            "must encrust this microphone rust with": 1, 
            "my glamour and my glitz, check": 1, 
            "my glitz, check it as i": 1, 
            "my other order pad see yew": 1, 
            "name funky donkey funky donkey funky": 1, 
            "never ever the same what's that": 1, 
            "new, never ever the same what's": 1, 
            "ocean like dr jeckyl with the": 1, 
            "of the ocean like dr jeckyl": 1, 
            "on a zip disk, send it": 1, 
            "or y'all in trouble bass bins": 1, 
            "order pad see yew is much": 1, 
            "other order pad see yew is": 1, 
            "pad see yew is much darker": 1, 
            "pad thai as a starter my": 1, 
            "palmers big holiday parties like dolly": 1, 
            "parties like dolly partner sometime i": 1, 
            "partner sometime i get pad thai": 1, 
            "potion we're brand new, never ever": 1, 
            "pump don't work 'cause the vandals": 1, 
            "put this on a zip disk,": 1, 
            "really must encrust this microphone rust": 1, 
            "rust with diamond fairy dust i": 1, 
            "same what's that what's that what's": 1, 
            "sandals the pump don't work 'cause": 1, 
            "see yew is much darker adam": 1, 
            "send it to your lawyer file": 1, 
            "shave a sheep and knit yourself": 1, 
            "sheep and knit yourself a sweater": 1, 
            "shoopa doopa doo bedonk well i": 1, 
            "shvitz i'm known for my glamour": 1, 
            "singing that song in the wrong": 1, 
            "sipping lemonade and arnold palmers big": 1, 
            "sometime i get pad thai as": 1, 
            "song in the wrong key what": 1, 
            "starter my other order pad see": 1, 
            "stop singing that song in the": 1, 
            "stop sweating me about the weather": 1, 
            "sweater don't get me heated or": 1, 
            "sweating me about the weather go": 1, 
            "swimming in the water of the": 1, 
            "take a shvitz i'm known for": 1, 
            "thai as a starter my other": 1, 
            "that song in the wrong key": 1, 
            "that what's that what's the name": 1, 
            "that what's the name funky donkey": 1, 
            "the dancehall bubble letting loose all": 1, 
            "the handle stop singing that song": 1, 
            "the honkey tonk with the shoopa": 1, 
            "the magic potion we're brand new,": 1, 
            "the name funky donkey funky donkey": 1, 
            "the ocean like dr jeckyl with": 1, 
            "the pump don't work 'cause the": 1, 
            "the same what's that what's that": 1, 
            "the shoopa doopa doo bedonk well": 1, 
            "the vandals took the handle stop": 1, 
            "the water of the ocean like": 1, 
            "the weather go shave a sheep": 1, 
            "the wrong key what you looking": 1, 
            "this microphone rust with diamond fairy": 1, 
            "this on a zip disk, send": 1, 
            "to get your attention stop sweating": 1, 
            "to your lawyer file me under": 1, 
            "tonk with the shoopa doopa doo": 1, 
            "took the handle stop singing that": 1, 
            "trouble bass bins booming make the": 1, 
            "under funky like sipping lemonade and": 1, 
            "up in the honkey tonk with": 1, 
            "vandals took the handle stop singing": 1, 
            "was swimming in the water of": 1, 
            "water of the ocean like dr": 1, 
            "we're brand new, never ever the": 1, 
            "wear crocs and i don't wear": 1, 
            "wear sandals the pump don't work": 1, 
            "weather go shave a sheep and": 1, 
            "well i was swimming in the": 1, 
            "what you looking at funky donkey": 1, 
            "what's that what's that what's the": 1, 
            "what's that what's the name funky": 1, 
            "what's the name funky donkey funky": 1, 
            "with diamond fairy dust i don't": 1, 
            "with the magic potion we're brand": 1, 
            "with the shoopa doopa doo bedonk": 1, 
            "woooo like a fire engine flashing": 1, 
            "work 'cause the vandals took the": 1, 
            "wrong key what you looking at": 1, 
            "y'all in trouble bass bins booming": 1, 
            "yew is much darker adam horovitz,": 1, 
            "you looking at funky donkey funky": 1, 
            "your attention stop sweating me about": 1, 
            "your lawyer file me under funky": 1, 
            "yourself a sweater don't get me": 1, 
            "zip disk, send it to your": 1
        }, 
        "7": {
            "": 861, 
            "'cause the vandals took the handle stop": 1, 
            "a fire engine flashing lights to get": 1, 
            "a sheep and knit yourself a sweater": 1, 
            "a shvitz i'm known for my glamour": 1, 
            "a starter my other order pad see": 1, 
            "a sweater don't get me heated or": 1, 
            "a zip disk, send it to your": 1, 
            "about the weather go shave a sheep": 1, 
            "adam horovitz, i take a shvitz i'm": 1, 
            "all up in the honkey tonk with": 1, 
            "and arnold palmers big holiday parties like": 1, 
            "and i don't wear sandals the pump": 1, 
            "and knit yourself a sweater don't get": 1, 
            "and my glitz, check it as i": 1, 
            "arnold palmers big holiday parties like dolly": 1, 
            "as a starter my other order pad": 1, 
            "as i bust i really must encrust": 1, 
            "at funky donkey funky donkey i go": 1, 
            "attention stop sweating me about the weather": 1, 
            "bass bins booming make the dancehall bubble": 1, 
            "bedonk well i was swimming in the": 1, 
            "big holiday parties like dolly partner sometime": 1, 
            "bins booming make the dancehall bubble letting": 1, 
            "booming make the dancehall bubble letting loose": 1, 
            "brand new, never ever the same what's": 1, 
            "bubble letting loose all up in the": 1, 
            "bust i really must encrust this microphone": 1, 
            "check it as i bust i really": 1, 
            "crocs and i don't wear sandals the": 1, 
            "dancehall bubble letting loose all up in": 1, 
            "darker adam horovitz, i take a shvitz": 1, 
            "diamond fairy dust i don't wear crocs": 1, 
            "disk, send it to your lawyer file": 1, 
            "dolly partner sometime i get pad thai": 1, 
            "don't get me heated or y'all in": 1, 
            "don't wear crocs and i don't wear": 1, 
            "don't wear sandals the pump don't work": 1, 
            "don't work 'cause the vandals took the": 1, 
            "donkey": 1, 
            "donkey funky donkey": 1, 
            "donkey funky donkey funky donkey": 1, 
            "donkey funky donkey i go woooo like": 1, 
            "donkey i go woooo like a fire": 1, 
            "doo bedonk well i was swimming in": 1, 
            "doopa doo bedonk well i was swimming": 1, 
            "dr jeckyl with the magic potion we're": 1, 
            "dust i don't wear crocs and i": 1, 
            "encrust this microphone rust with diamond fairy": 1, 
            "engine flashing lights to get your attention": 1, 
            "ever the same what's that what's that": 1, 
            "fairy dust i don't wear crocs and": 1, 
            "file me under funky like sipping lemonade": 1, 
            "fire engine flashing lights to get your": 1, 
            "flashing lights to get your attention stop": 1, 
            "for my glamour and my glitz, check": 1, 
            "funky donkey": 1, 
            "funky donkey funky donkey": 1, 
            "funky donkey funky donkey funky donkey": 1, 
            "funky donkey funky donkey i go woooo": 1, 
            "funky donkey i go woooo like a": 1, 
            "funky like sipping lemonade and arnold palmers": 1, 
            "get me heated or y'all in trouble": 1, 
            "get pad thai as a starter my": 1, 
            "get your attention stop sweating me about": 1, 
            "glamour and my glitz, check it as": 1, 
            "glitz, check it as i bust i": 1, 
            "go shave a sheep and knit yourself": 1, 
            "go woooo like a fire engine flashing": 1, 
            "handle stop singing that song in the": 1, 
            "heated or y'all in trouble bass bins": 1, 
            "holiday parties like dolly partner sometime i": 1, 
            "honkey tonk with the shoopa doopa doo": 1, 
            "horovitz, i take a shvitz i'm known": 1, 
            "i bust i really must encrust this": 1, 
            "i don't wear crocs and i don't": 1, 
            "i don't wear sandals the pump don't": 1, 
            "i get pad thai as a starter": 1, 
            "i go woooo like a fire engine": 1, 
            "i really must encrust this microphone rust": 1, 
            "i take a shvitz i'm known for": 1, 
            "i was swimming in the water of": 1, 
            "i'm known for my glamour and my": 1, 
            "in the honkey tonk with the shoopa": 1, 
            "in the water of the ocean like": 1, 
            "in the wrong key what you looking": 1, 
            "in trouble bass bins booming make the": 1, 
            "is much darker adam horovitz, i take": 1, 
            "it as i bust i really must": 1, 
            "it to your lawyer file me under": 1, 
            "jeckyl with the magic potion we're brand": 1, 
            "key what you looking at funky donkey": 1, 
            "knit yourself a sweater don't get me": 1, 
            "known for my glamour and my glitz,": 1, 
            "lawyer file me under funky like sipping": 1, 
            "lemonade and arnold palmers big holiday parties": 1, 
            "letting loose all up in the honkey": 1, 
            "lights to get your attention stop sweating": 1, 
            "like a fire engine flashing lights to": 1, 
            "like dolly partner sometime i get pad": 1, 
            "like dr jeckyl with the magic potion": 1, 
            "like sipping lemonade and arnold palmers big": 1, 
            "looking at funky donkey funky donkey i": 1, 
            "loose all up in the honkey tonk": 1, 
            "magic potion we're brand new, never ever": 1, 
            "make the dancehall bubble letting loose all": 1, 
            "me about the weather go shave a": 1, 
            "me heated or y'all in trouble bass": 1, 
            "me under funky like sipping lemonade and": 1, 
            "microphone rust with diamond fairy dust i": 1, 
            "much darker adam horovitz, i take a": 1, 
            "must encrust this microphone rust with diamond": 1, 
            "my glamour and my glitz, check it": 1, 
            "my glitz, check it as i bust": 1, 
            "my other order pad see yew is": 1, 
            "name funky donkey funky donkey funky donkey": 1, 
            "never ever the same what's that what's": 1, 
            "new, never ever the same what's that": 1, 
            "ocean like dr jeckyl with the magic": 1, 
            "of the ocean like dr jeckyl with": 1, 
            "on a zip disk, send it to": 1, 
            "or y'all in trouble bass bins booming": 1, 
            "order pad see yew is much darker": 1, 
            "other order pad see yew is much": 1, 
            "pad see yew is much darker adam": 1, 
            "pad thai as a starter my other": 1, 
            "palmers big holiday parties like dolly partner": 1, 
            "parties like dolly partner sometime i get": 1, 
            "partner sometime i get pad thai as": 1, 
            "potion we're brand new, never ever the": 1, 
            "pump don't work 'cause the vandals took": 1, 
            "put this on a zip disk, send": 1, 
            "really must encrust this microphone rust with": 1, 
            "rust with diamond fairy dust i don't": 1, 
            "same what's that what's that what's the": 1, 
            "sandals the pump don't work 'cause the": 1, 
            "see yew is much darker adam horovitz,": 1, 
            "send it to your lawyer file me": 1, 
            "shave a sheep and knit yourself a": 1, 
            "sheep and knit yourself a sweater don't": 1, 
            "shoopa doopa doo bedonk well i was": 1, 
            "shvitz i'm known for my glamour and": 1, 
            "singing that song in the wrong key": 1, 
            "sipping lemonade and arnold palmers big holiday": 1, 
            "sometime i get pad thai as a": 1, 
            "song in the wrong key what you": 1, 
            "starter my other order pad see yew": 1, 
            "stop singing that song in the wrong": 1, 
            "stop sweating me about the weather go": 1, 
            "sweater don't get me heated or y'all": 1, 
            "sweating me about the weather go shave": 1, 
            "swimming in the water of the ocean": 1, 
            "take a shvitz i'm known for my": 1, 
            "thai as a starter my other order": 1, 
            "that song in the wrong key what": 1, 
            "that what's that what's the name funky": 1, 
            "that what's the name funky donkey funky": 1, 
            "the dancehall bubble letting loose all up": 1, 
            "the handle stop singing that song in": 1, 
            "the honkey tonk with the shoopa doopa": 1, 
            "the magic potion we're brand new, never": 1, 
            "the name funky donkey funky donkey funky": 1, 
            "the ocean like dr jeckyl with the": 1, 
            "the pump don't work 'cause the vandals": 1, 
            "the same what's that what's that what's": 1, 
            "the shoopa doopa doo bedonk well i": 1, 
            "the vandals took the handle stop singing": 1, 
            "the water of the ocean like dr": 1, 
            "the weather go shave a sheep and": 1, 
            "the wrong key what you looking at": 1, 
            "this microphone rust with diamond fairy dust": 1, 
            "this on a zip disk, send it": 1, 
            "to get your attention stop sweating me": 1, 
            "to your lawyer file me under funky": 1, 
            "tonk with the shoopa doopa doo bedonk": 1, 
            "took the handle stop singing that song": 1, 
            "trouble bass bins booming make the dancehall": 1, 
            "under funky like sipping lemonade and arnold": 1, 
            "up in the honkey tonk with the": 1, 
            "vandals took the handle stop singing that": 1, 
            "was swimming in the water of the": 1, 
            "water of the ocean like dr jeckyl": 1, 
            "we're brand new, never ever the same": 1, 
            "wear crocs and i don't wear sandals": 1, 
            "wear sandals the pump don't work 'cause": 1, 
            "weather go shave a sheep and knit": 1, 
            "well i was swimming in the water": 1, 
            "what you looking at funky donkey funky": 1, 
            "what's that what's that what's the name": 1, 
            "what's that what's the name funky donkey": 1, 
            "what's the name funky donkey funky donkey": 1, 
            "with diamond fairy dust i don't wear": 1, 
            "with the magic potion we're brand new,": 1, 
            "with the shoopa doopa doo bedonk well": 1, 
            "woooo like a fire engine flashing lights": 1, 
            "work 'cause the vandals took the handle": 1, 
            "wrong key what you looking at funky": 1, 
            "y'all in trouble bass bins booming make": 1, 
            "yew is much darker adam horovitz, i": 1, 
            "you looking at funky donkey funky donkey": 1, 
            "your attention stop sweating me about the": 1, 
            "your lawyer file me under funky like": 1, 
            "yourself a sweater don't get me heated": 1, 
            "zip disk, send it to your lawyer": 1
        }, 
        "8": {
            "": 860, 
            "'cause the vandals took the handle stop singing": 1, 
            "a fire engine flashing lights to get your": 1, 
            "a sheep and knit yourself a sweater don't": 1, 
            "a shvitz i'm known for my glamour and": 1, 
            "a starter my other order pad see yew": 1, 
            "a sweater don't get me heated or y'all": 1, 
            "a zip disk, send it to your lawyer": 1, 
            "about the weather go shave a sheep and": 1, 
            "adam horovitz, i take a shvitz i'm known": 1, 
            "all up in the honkey tonk with the": 1, 
            "and arnold palmers big holiday parties like dolly": 1, 
            "and i don't wear sandals the pump don't": 1, 
            "and knit yourself a sweater don't get me": 1, 
            "and my glitz, check it as i bust": 1, 
            "arnold palmers big holiday parties like dolly partner": 1, 
            "as a starter my other order pad see": 1, 
            "as i bust i really must encrust this": 1, 
            "at funky donkey funky donkey i go woooo": 1, 
            "attention stop sweating me about the weather go": 1, 
            "bass bins booming make the dancehall bubble letting": 1, 
            "bedonk well i was swimming in the water": 1, 
            "big holiday parties like dolly partner sometime i": 1, 
            "bins booming make the dancehall bubble letting loose": 1, 
            "booming make the dancehall bubble letting loose all": 1, 
            "brand new, never ever the same what's that": 1, 
            "bubble letting loose all up in the honkey": 1, 
            "bust i really must encrust this microphone rust": 1, 
            "check it as i bust i really must": 1, 
            "crocs and i don't wear sandals the pump": 1, 
            "dancehall bubble letting loose all up in the": 1, 
            "darker adam horovitz, i take a shvitz i'm": 1, 
            "diamond fairy dust i don't wear crocs and": 1, 
            "disk, send it to your lawyer file me": 1, 
            "dolly partner sometime i get pad thai as": 1, 
            "don't get me heated or y'all in trouble": 1, 
            "don't wear crocs and i don't wear sandals": 1, 
            "don't wear sandals the pump don't work 'cause": 1, 
            "don't work 'cause the vandals took the handle": 1, 
            "donkey": 1, 
            "donkey funky donkey": 1, 
            "donkey funky donkey funky donkey": 1, 
            "donkey funky donkey i go woooo like a": 1, 
            "donkey i go woooo like a fire engine": 1, 
            "doo bedonk well i was swimming in the": 1, 
            "doopa doo bedonk well i was swimming in": 1, 
            "dr jeckyl with the magic potion we're brand": 1, 
            "dust i don't wear crocs and i don't": 1, 
            "encrust this microphone rust with diamond fairy dust": 1, 
            "engine flashing lights to get your attention stop": 1, 
            "ever the same what's that what's that what's": 1, 
            "fairy dust i don't wear crocs and i": 1, 
            "file me under funky like sipping lemonade and": 1, 
            "fire engine flashing lights to get your attention": 1, 
            "flashing lights to get your attention stop sweating": 1, 
            "for my glamour and my glitz, check it": 1, 
            "funky donkey": 1, 
            "funky donkey funky donkey": 1, 
            "funky donkey funky donkey funky donkey": 1, 
            "funky donkey funky donkey i go woooo like": 1, 
            "funky donkey i go woooo like a fire": 1, 
            "funky like sipping lemonade and arnold palmers big": 1, 
            "get me heated or y'all in trouble bass": 1, 
            "get pad thai as a starter my other": 1, 
            "get your attention stop sweating me about the": 1, 
            "glamour and my glitz, check it as i": 1, 
            "glitz, check it as i bust i really": 1, 
            "go shave a sheep and knit yourself a": 1, 
            "go woooo like a fire engine flashing lights": 1, 
            "handle stop singing that song in the wrong": 1, 
            "heated or y'all in trouble bass bins booming": 1, 
            "holiday parties like dolly partner sometime i get": 1, 
            "honkey tonk with the shoopa doopa doo bedonk": 1, 
            "horovitz, i take a shvitz i'm known for": 1, 
            "i bust i really must encrust this microphone": 1, 
            "i don't wear crocs and i don't wear": 1, 
            "i don't wear sandals the pump don't work": 1, 
            "i get pad thai as a starter my": 1, 
            "i go woooo like a fire engine flashing": 1, 
            "i really must encrust this microphone rust with": 1, 
            "i take a shvitz i'm known for my": 1, 
            "i was swimming in the water of the": 1, 
            "i'm known for my glamour and my glitz,": 1, 
            "in the honkey tonk with the shoopa doopa": 1, 
            "in the water of the ocean like dr": 1, 
            "in the wrong key what you looking at": 1, 
            "in trouble bass bins booming make the dancehall": 1, 
            "is much darker adam horovitz, i take a": 1, 
            "it as i bust i really must encrust": 1, 
            "it to your lawyer file me under funky": 1, 
            "jeckyl with the magic potion we're brand new,": 1, 
            "key what you looking at funky donkey funky": 1, 
            "knit yourself a sweater don't get me heated": 1, 
            "known for my glamour and my glitz, check": 1, 
            "lawyer file me under funky like sipping lemonade": 1, 
            "lemonade and arnold palmers big holiday parties like": 1, 
            "letting loose all up in the honkey tonk": 1, 
            "lights to get your attention stop sweating me": 1, 
            "like a fire engine flashing lights to get": 1, 
            "like dolly partner sometime i get pad thai": 1, 
            "like dr jeckyl with the magic potion we're": 1, 
            "like sipping lemonade and arnold palmers big holiday": 1, 
            "looking at funky donkey funky donkey i go": 1, 
            "loose all up in the honkey tonk with": 1, 
            "magic potion we're brand new, never ever the": 1, 
            "make the dancehall bubble letting loose all up": 1, 
            "me about the weather go shave a sheep": 1, 
            "me heated or y'all in trouble bass bins": 1, 
            "me under funky like sipping lemonade and arnold": 1, 
            "microphone rust with diamond fairy dust i don't": 1, 
            "much darker adam horovitz, i take a shvitz": 1, 
            "must encrust this microphone rust with diamond fairy": 1, 
            "my glamour and my glitz, check it as": 1, 
            "my glitz, check it as i bust i": 1, 
            "my other order pad see yew is much": 1, 
            "name funky donkey funky donkey funky donkey": 1, 
            "never ever the same what's that what's that": 1, 
            "new, never ever the same what's that what's": 1, 
            "ocean like dr jeckyl with the magic potion": 1, 
            "of the ocean like dr jeckyl with the": 1, 
            "on a zip disk, send it to your": 1, 
            "or y'all in trouble bass bins booming make": 1, 
            "order pad see yew is much darker adam": 1, 
            "other order pad see yew is much darker": 1, 
            "pad see yew is much darker adam horovitz,": 1, 
            "pad thai as a starter my other order": 1, 
            "palmers big holiday parties like dolly partner sometime": 1, 
            "parties like dolly partner sometime i get pad": 1, 
            "partner sometime i get pad thai as a": 1, 
            "potion we're brand new, never ever the same": 1, 
            "pump don't work 'cause the vandals took the": 1, 
            "put this on a zip disk, send it": 1, 
            "really must encrust this microphone rust with diamond": 1, 
            "rust with diamond fairy dust i don't wear": 1, 
            "same what's that what's that what's the name": 1, 
            "sandals the pump don't work 'cause the vandals": 1, 
            "see yew is much darker adam horovitz, i": 1, 
            "send it to your lawyer file me under": 1, 
            "shave a sheep and knit yourself a sweater": 1, 
            "sheep and knit yourself a sweater don't get": 1, 
            "shoopa doopa doo bedonk well i was swimming": 1, 
            "shvitz i'm known for my glamour and my": 1, 
            "singing that song in the wrong key what": 1, 
            "sipping lemonade and arnold palmers big holiday parties": 1, 
            "sometime i get pad thai as a starter": 1, 
            "song in the wrong key what you looking": 1, 
            "starter my other order pad see yew is": 1, 
            "stop singing that song in the wrong key": 1, 
            "stop sweating me about the weather go shave": 1, 
            "sweater don't get me heated or y'all in": 1, 
            "sweating me about the weather go shave a": 1, 
            "swimming in the water of the ocean like": 1, 
            "take a shvitz i'm known for my glamour": 1, 
            "thai as a starter my other order pad": 1, 
            "that song in the wrong key what you": 1, 
            "that what's that what's the name funky donkey": 1, 
            "that what's the name funky donkey funky donkey": 1, 
            "the dancehall bubble letting loose all up in": 1, 
            "the handle stop singing that song in the": 1, 
            "the honkey tonk with the shoopa doopa doo": 1, 
            "the magic potion we're brand new, never ever": 1, 
            "the name funky donkey funky donkey funky donkey": 1, 
            "the ocean like dr jeckyl with the magic": 1, 
            "the pump don't work 'cause the vandals took": 1, 
            "the same what's that what's that what's the": 1, 
            "the shoopa doopa doo bedonk well i was": 1, 
            "the vandals took the handle stop singing that": 1, 
            "the water of the ocean like dr jeckyl": 1, 
            "the weather go shave a sheep and knit": 1, 
            "the wrong key what you looking at funky": 1, 
            "this microphone rust with diamond fairy dust i": 1, 
            "this on a zip disk, send it to": 1, 
            "to get your attention stop sweating me about": 1, 
            "to your lawyer file me under funky like": 1, 
            "tonk with the shoopa doopa doo bedonk well": 1, 
            "took the handle stop singing that song in": 1, 
            "trouble bass bins booming make the dancehall bubble": 1, 
            "under funky like sipping lemonade and arnold palmers": 1, 
            "up in the honkey tonk with the shoopa": 1, 
            "vandals took the handle stop singing that song": 1, 
            "was swimming in the water of the ocean": 1, 
            "water of the ocean like dr jeckyl with": 1, 
            "we're brand new, never ever the same what's": 1, 
            "wear crocs and i don't wear sandals the": 1, 
            "wear sandals the pump don't work 'cause the": 1, 
            "weather go shave a sheep and knit yourself": 1, 
            "well i was swimming in the water of": 1, 
            "what you looking at funky donkey funky donkey": 1, 
            "what's that what's that what's the name funky": 1, 
            "what's that what's the name funky donkey funky": 1, 
            "what's the name funky donkey funky donkey funky": 1, 
            "with diamond fairy dust i don't wear crocs": 1, 
            "with the magic potion we're brand new, never": 1, 
            "with the shoopa doopa doo bedonk well i": 1, 
            "woooo like a fire engine flashing lights to": 1, 
            "work 'cause the vandals took the handle stop": 1, 
            "wrong key what you looking at funky donkey": 1, 
            "y'all in trouble bass bins booming make the": 1, 
            "yew is much darker adam horovitz, i take": 1, 
            "you looking at funky donkey funky donkey i": 1, 
            "your attention stop sweating me about the weather": 1, 
            "your lawyer file me under funky like sipping": 1, 
            "yourself a sweater don't get me heated or": 1, 
            "zip disk, send it to your lawyer file": 1
        }
    }, 
    "song_title": "Funky Donkey", 
    "total_words": [
        203, 
        {
            "'cause": 1, 
            "a": 6, 
            "about": 1, 
            "adam": 1, 
            "all": 1, 
            "and": 4, 
            "arnold": 1, 
            "as": 2, 
            "at": 1, 
            "attention": 1, 
            "bass": 1, 
            "bedonk": 1, 
            "big": 1, 
            "bins": 1, 
            "booming": 1, 
            "brand": 1, 
            "bubble": 1, 
            "bust": 1, 
            "check": 1, 
            "crocs": 1, 
            "dancehall": 1, 
            "darker": 1, 
            "diamond": 1, 
            "disk,": 1, 
            "dolly": 1, 
            "don't": 4, 
            "donkey": 5, 
            "doo": 1, 
            "doopa": 1, 
            "dr": 1, 
            "dust": 1, 
            "encrust": 1, 
            "engine": 1, 
            "ever": 1, 
            "fairy": 1, 
            "file": 1, 
            "fire": 1, 
            "flashing": 1, 
            "for": 1, 
            "funky": 6, 
            "get": 3, 
            "glamour": 1, 
            "glitz,": 1, 
            "go": 2, 
            "handle": 1, 
            "heated": 1, 
            "holiday": 1, 
            "honkey": 1, 
            "horovitz,": 1, 
            "i": 8, 
            "i'm": 1, 
            "in": 4, 
            "is": 1, 
            "it": 2, 
            "jeckyl": 1, 
            "key": 1, 
            "knit": 1, 
            "known": 1, 
            "lawyer": 1, 
            "lemonade": 1, 
            "letting": 1, 
            "lights": 1, 
            "like": 4, 
            "looking": 1, 
            "loose": 1, 
            "magic": 1, 
            "make": 1, 
            "me": 3, 
            "microphone": 1, 
            "much": 1, 
            "must": 1, 
            "my": 3, 
            "name": 1, 
            "never": 1, 
            "new,": 1, 
            "ocean": 1, 
            "of": 1, 
            "on": 1, 
            "or": 1, 
            "order": 1, 
            "other": 1, 
            "pad": 2, 
            "palmers": 1, 
            "parties": 1, 
            "partner": 1, 
            "potion": 1, 
            "pump": 1, 
            "put": 1, 
            "really": 1, 
            "rust": 1, 
            "same": 1, 
            "sandals": 1, 
            "see": 1, 
            "send": 1, 
            "shave": 1, 
            "sheep": 1, 
            "shoopa": 1, 
            "shvitz": 1, 
            "singing": 1, 
            "sipping": 1, 
            "sometime": 1, 
            "song": 1, 
            "starter": 1, 
            "stop": 2, 
            "sweater": 1, 
            "sweating": 1, 
            "swimming": 1, 
            "take": 1, 
            "thai": 1, 
            "that": 3, 
            "the": 13, 
            "this": 2, 
            "to": 2, 
            "tonk": 1, 
            "took": 1, 
            "trouble": 1, 
            "under": 1, 
            "up": 1, 
            "vandals": 1, 
            "was": 1, 
            "water": 1, 
            "we're": 1, 
            "wear": 2, 
            "weather": 1, 
            "well": 1, 
            "what": 1, 
            "what's": 3, 
            "with": 3, 
            "woooo": 1, 
            "work": 1, 
            "wrong": 1, 
            "y'all": 1, 
            "yew": 1, 
            "you": 1, 
            "your": 2, 
            "yourself": 1, 
            "zip": 1
        }
    ], 
    "unique_words": [
        137, 
        [
            "all", 
            "shoopa", 
            "don't", 
            "go", 
            "encrust", 
            "yew", 
            "letting", 
            "doopa", 
            "send", 
            "to", 
            "disk,", 
            "dolly", 
            "under", 
            "flashing", 
            "holiday", 
            "dancehall", 
            "handle", 
            "get", 
            "big", 
            "stop", 
            "sipping", 
            "trouble", 
            "dr", 
            "vandals", 
            "like", 
            "magic", 
            "name", 
            "honkey", 
            "fairy", 
            "crocs", 
            "y'all", 
            "new,", 
            "lemonade", 
            "see", 
            "lawyer", 
            "really", 
            "booming", 
            "what", 
            "for", 
            "horovitz,", 
            "looking", 
            "lights", 
            "pump", 
            "ever", 
            "sweating", 
            "loose", 
            "bass", 
            "attention", 
            "water", 
            "wear", 
            "key", 
            "put", 
            "knit", 
            "on", 
            "about", 
            "never", 
            "of", 
            "wrong", 
            "funky", 
            "i'm", 
            "or", 
            "swimming", 
            "shave", 
            "tonk", 
            "glitz,", 
            "yourself", 
            "weather", 
            "bust", 
            "heated", 
            "singing", 
            "your", 
            "sheep", 
            "zip", 
            "sweater", 
            "parties", 
            "much", 
            "we're", 
            "bubble", 
            "engine", 
            "diamond", 
            "that", 
            "fire", 
            "brand", 
            "took", 
            "shvitz", 
            "glamour", 
            "known", 
            "thai", 
            "with", 
            "starter", 
            "must", 
            "me", 
            "this", 
            "was", 
            "work", 
            "up", 
            "arnold", 
            "bedonk", 
            "my", 
            "rust", 
            "darker", 
            "and", 
            "donkey", 
            "is", 
            "it", 
            "as", 
            "sometime", 
            "at", 
            "file", 
            "in", 
            "partner", 
            "check", 
            "microphone", 
            "make", 
            "song", 
            "same", 
            "other", 
            "pad", 
            "take", 
            "you", 
            "what's", 
            "potion", 
            "jeckyl", 
            "palmers", 
            "'cause", 
            "dust", 
            "sandals", 
            "woooo", 
            "a", 
            "doo", 
            "i", 
            "well", 
            "ocean", 
            "adam", 
            "the", 
            "order", 
            "bins"
        ]
    ], 
    "year": 2011
}