{
    "album": "Hot Sauce Committee Part Two", 
    "artist": "Beastie Boys", 
    "lyrics": "We can make it happen\n", 
    "ngrams": {
        "2": {
            "": 15, 
            "can make": 1, 
            "happen": 1, 
            "it happen": 1, 
            "make it": 1, 
            "we can": 1
        }, 
        "3": {
            "": 14, 
            "can make it": 1, 
            "happen": 1, 
            "it happen": 1, 
            "make it happen": 1, 
            "we can make": 1
        }, 
        "4": {
            "": 13, 
            "can make it happen": 1, 
            "happen": 1, 
            "it happen": 1, 
            "make it happen": 1, 
            "we can make it": 1
        }, 
        "5": {
            "": 12, 
            "can make it happen": 1, 
            "happen": 1, 
            "it happen": 1, 
            "make it happen": 1, 
            "we can make it happen": 1
        }, 
        "6": {
            "": 11, 
            "can make it happen": 1, 
            "happen": 1, 
            "it happen": 1, 
            "make it happen": 1, 
            "we can make it happen": 1
        }, 
        "7": {
            "": 10, 
            "can make it happen": 1, 
            "happen": 1, 
            "it happen": 1, 
            "make it happen": 1, 
            "we can make it happen": 1
        }, 
        "8": {
            "": 9, 
            "can make it happen": 1, 
            "happen": 1, 
            "it happen": 1, 
            "make it happen": 1, 
            "we can make it happen": 1
        }
    }, 
    "song_title": "Multilateral Nuclear Disarmament[Instrumental]", 
    "total_words": [
        5, 
        {
            "can": 1, 
            "happen": 1, 
            "it": 1, 
            "make": 1, 
            "we": 1
        }
    ], 
    "unique_words": [
        5, 
        [
            "make", 
            "we", 
            "it", 
            "happen", 
            "can"
        ]
    ], 
    "year": 2011
}