{
    "album": "Hot Sauce Committee Part Two", 
    "artist": "Beastie Boys", 
    "lyrics": "Oah-kayyyyy!\n\nYou talk and talk and you just can't stop\nA word comes to mind, it's \"crock\"\nWhat you say, is lackluster\nPlus it seems you're trying to pull a filibuster\n\nYeah right yeah okay\nTell me somethin new to start the day\nSaid see you later, when you coming home?\nIt's a gift, it's a curse, it's the telephone\n\nNow let's start over with a nice clean slate\nPlease stop stressing with the hurry up wait\nHeard you the first time, that sounds great\nBut back up out my space, ok?\nYeah yeah right right - ok!\nOk\n\nWrapped in pink ribbon so pretty\nMy name's Mike D from New York City\nI guess it's all in the mind\nBut I fell behind\n\nI thought it'd be smooth like a nice nutter butter\nBut I start to cringe every word that you utter\nYes you said yo're a big deal\nBut money calm down for real\n\nGot to control my mind\nGot to slow down rewind\nWhat is going on in my head?\nWhy's this sky gone red?\nWhat is goin on in my head?\nWhy's this sky gone red?\nWhat is going on in my head?\nHeard you the fist time that sounds great now\n\nWhat is goin on in my head? Why's this sky gone red?\nWhat is going on in my head?\n\nNow, I don't give a fuck who the hell you are\nPlease stop shouting in your cellular\nI never asked to be part of your day\nSo please stop shouting in your phone ok?\n\nYou lie like a plain clothes cop\nTake a minute take a look and take stock\nTake a minute get your mind unlocked\nGet open and I'll throw you the rock\n\nWhat's goin on in my head?\nAnd why has the sky gone all red?\nBe kind rewind or at least\nTell me what it is I did or just say\nWhat should I say\nHmm, ok?\nYeah yeah right right - Ok\nOk!\n", 
    "ngrams": {
        "2": {
            "": 1243, 
            "- ok": 2, 
            "a big": 1, 
            "a curse,": 1, 
            "a filibuster": 1, 
            "a fuck": 1, 
            "a gift,": 1, 
            "a look": 1, 
            "a minute": 2, 
            "a nice": 2, 
            "a plain": 1, 
            "a word": 1, 
            "all in": 1, 
            "all red": 1, 
            "and i'll": 1, 
            "and take": 1, 
            "and talk": 1, 
            "and why": 1, 
            "and you": 1, 
            "are please": 1, 
            "asked to": 1, 
            "at least": 1, 
            "back up": 1, 
            "be kind": 1, 
            "be part": 1, 
            "be smooth": 1, 
            "behind i": 1, 
            "big deal": 1, 
            "but back": 1, 
            "but i": 2, 
            "but money": 1, 
            "butter but": 1, 
            "calm down": 1, 
            "can't stop": 1, 
            "cellular i": 1, 
            "city i": 1, 
            "clean slate": 1, 
            "clothes cop": 1, 
            "comes to": 1, 
            "coming home": 1, 
            "control my": 1, 
            "cop take": 1, 
            "cringe every": 1, 
            "crock what": 1, 
            "curse, it's": 1, 
            "d from": 1, 
            "day said": 1, 
            "day so": 1, 
            "deal but": 1, 
            "did or": 1, 
            "don't give": 1, 
            "down for": 1, 
            "down rewind": 1, 
            "every word": 1, 
            "fell behind": 1, 
            "filibuster yeah": 1, 
            "first time,": 1, 
            "fist time": 1, 
            "for real": 1, 
            "from new": 1, 
            "fuck who": 1, 
            "get open": 1, 
            "get your": 1, 
            "gift, it's": 1, 
            "give a": 1, 
            "goin on": 3, 
            "going on": 3, 
            "gone all": 1, 
            "gone red": 3, 
            "got to": 2, 
            "great but": 1, 
            "great now": 1, 
            "guess it's": 1, 
            "has the": 1, 
            "head and": 1, 
            "head heard": 1, 
            "head now,": 1, 
            "head why's": 3, 
            "heard you": 2, 
            "hell you": 1, 
            "hmm, ok": 1, 
            "home it's": 1, 
            "hurry up": 1, 
            "i did": 1, 
            "i don't": 1, 
            "i fell": 1, 
            "i guess": 1, 
            "i never": 1, 
            "i say": 1, 
            "i start": 1, 
            "i thought": 1, 
            "i'll throw": 1, 
            "in my": 6, 
            "in pink": 1, 
            "in the": 1, 
            "in your": 2, 
            "is goin": 2, 
            "is going": 3, 
            "is i": 1, 
            "is lackluster": 1, 
            "it is": 1, 
            "it seems": 1, 
            "it'd be": 1, 
            "it's a": 2, 
            "it's all": 1, 
            "it's crock": 1, 
            "it's the": 1, 
            "just can't": 1, 
            "just say": 1, 
            "kind rewind": 1, 
            "lackluster plus": 1, 
            "later, when": 1, 
            "least tell": 1, 
            "let's start": 1, 
            "lie like": 1, 
            "like a": 2, 
            "look and": 1, 
            "me somethin": 1, 
            "me what": 1, 
            "mike d": 1, 
            "mind but": 1, 
            "mind got": 1, 
            "mind unlocked": 1, 
            "mind, it's": 1, 
            "minute get": 1, 
            "minute take": 1, 
            "money calm": 1, 
            "my head": 6, 
            "my mind": 1, 
            "my name's": 1, 
            "my space,": 1, 
            "name's mike": 1, 
            "never asked": 1, 
            "new to": 1, 
            "new york": 1, 
            "nice clean": 1, 
            "nice nutter": 1, 
            "now let's": 1, 
            "now what": 1, 
            "now, i": 1, 
            "nutter butter": 1, 
            "oah-kayyyyy you": 1, 
            "of your": 1, 
            "ok": 1, 
            "ok ok": 2, 
            "ok wrapped": 1, 
            "ok yeah": 2, 
            "ok you": 1, 
            "okay tell": 1, 
            "on in": 6, 
            "open and": 1, 
            "or at": 1, 
            "or just": 1, 
            "out my": 1, 
            "over with": 1, 
            "part of": 1, 
            "phone ok": 1, 
            "pink ribbon": 1, 
            "plain clothes": 1, 
            "please stop": 3, 
            "plus it": 1, 
            "pretty my": 1, 
            "pull a": 1, 
            "real got": 1, 
            "red be": 1, 
            "red what": 3, 
            "rewind or": 1, 
            "rewind what": 1, 
            "ribbon so": 1, 
            "right -": 2, 
            "right right": 2, 
            "right yeah": 1, 
            "rock what's": 1, 
            "said see": 1, 
            "said yo're": 1, 
            "say hmm,": 1, 
            "say what": 1, 
            "say, is": 1, 
            "see you": 1, 
            "seems you're": 1, 
            "should i": 1, 
            "shouting in": 2, 
            "sky gone": 4, 
            "slate please": 1, 
            "slow down": 1, 
            "smooth like": 1, 
            "so please": 1, 
            "so pretty": 1, 
            "somethin new": 1, 
            "sounds great": 2, 
            "space, ok": 1, 
            "start over": 1, 
            "start the": 1, 
            "start to": 1, 
            "stock take": 1, 
            "stop a": 1, 
            "stop shouting": 2, 
            "stop stressing": 1, 
            "stressing with": 1, 
            "take a": 3, 
            "take stock": 1, 
            "talk and": 2, 
            "telephone now": 1, 
            "tell me": 2, 
            "that sounds": 2, 
            "that you": 1, 
            "the day": 1, 
            "the first": 1, 
            "the fist": 1, 
            "the hell": 1, 
            "the hurry": 1, 
            "the mind": 1, 
            "the rock": 1, 
            "the sky": 1, 
            "the telephone": 1, 
            "this sky": 3, 
            "thought it'd": 1, 
            "throw you": 1, 
            "time that": 1, 
            "time, that": 1, 
            "to be": 1, 
            "to control": 1, 
            "to cringe": 1, 
            "to mind,": 1, 
            "to pull": 1, 
            "to slow": 1, 
            "to start": 1, 
            "trying to": 1, 
            "unlocked get": 1, 
            "up out": 1, 
            "up wait": 1, 
            "utter yes": 1, 
            "wait heard": 1, 
            "what is": 5, 
            "what it": 1, 
            "what should": 1, 
            "what you": 1, 
            "what's goin": 1, 
            "when you": 1, 
            "who the": 1, 
            "why has": 1, 
            "why's this": 3, 
            "with a": 1, 
            "with the": 1, 
            "word comes": 1, 
            "word that": 1, 
            "wrapped in": 1, 
            "yeah okay": 1, 
            "yeah right": 3, 
            "yeah yeah": 2, 
            "yes you": 1, 
            "yo're a": 1, 
            "york city": 1, 
            "you are": 1, 
            "you coming": 1, 
            "you just": 1, 
            "you later,": 1, 
            "you lie": 1, 
            "you said": 1, 
            "you say,": 1, 
            "you talk": 1, 
            "you the": 3, 
            "you utter": 1, 
            "you're trying": 1, 
            "your cellular": 1, 
            "your day": 1, 
            "your mind": 1, 
            "your phone": 1
        }, 
        "3": {
            "": 1242, 
            "- ok ok": 2, 
            "a big deal": 1, 
            "a curse, it's": 1, 
            "a filibuster yeah": 1, 
            "a fuck who": 1, 
            "a gift, it's": 1, 
            "a look and": 1, 
            "a minute get": 1, 
            "a minute take": 1, 
            "a nice clean": 1, 
            "a nice nutter": 1, 
            "a plain clothes": 1, 
            "a word comes": 1, 
            "all in the": 1, 
            "all red be": 1, 
            "and i'll throw": 1, 
            "and take stock": 1, 
            "and talk and": 1, 
            "and why has": 1, 
            "and you just": 1, 
            "are please stop": 1, 
            "asked to be": 1, 
            "at least tell": 1, 
            "back up out": 1, 
            "be kind rewind": 1, 
            "be part of": 1, 
            "be smooth like": 1, 
            "behind i thought": 1, 
            "big deal but": 1, 
            "but back up": 1, 
            "but i fell": 1, 
            "but i start": 1, 
            "but money calm": 1, 
            "butter but i": 1, 
            "calm down for": 1, 
            "can't stop a": 1, 
            "cellular i never": 1, 
            "city i guess": 1, 
            "clean slate please": 1, 
            "clothes cop take": 1, 
            "comes to mind,": 1, 
            "coming home it's": 1, 
            "control my mind": 1, 
            "cop take a": 1, 
            "cringe every word": 1, 
            "crock what you": 1, 
            "curse, it's the": 1, 
            "d from new": 1, 
            "day said see": 1, 
            "day so please": 1, 
            "deal but money": 1, 
            "did or just": 1, 
            "don't give a": 1, 
            "down for real": 1, 
            "down rewind what": 1, 
            "every word that": 1, 
            "fell behind i": 1, 
            "filibuster yeah right": 1, 
            "first time, that": 1, 
            "fist time that": 1, 
            "for real got": 1, 
            "from new york": 1, 
            "fuck who the": 1, 
            "get open and": 1, 
            "get your mind": 1, 
            "gift, it's a": 1, 
            "give a fuck": 1, 
            "goin on in": 3, 
            "going on in": 3, 
            "gone all red": 1, 
            "gone red what": 3, 
            "got to control": 1, 
            "got to slow": 1, 
            "great but back": 1, 
            "great now what": 1, 
            "guess it's all": 1, 
            "has the sky": 1, 
            "head and why": 1, 
            "head heard you": 1, 
            "head now, i": 1, 
            "head why's this": 3, 
            "heard you the": 2, 
            "hell you are": 1, 
            "hmm, ok yeah": 1, 
            "home it's a": 1, 
            "hurry up wait": 1, 
            "i did or": 1, 
            "i don't give": 1, 
            "i fell behind": 1, 
            "i guess it's": 1, 
            "i never asked": 1, 
            "i say hmm,": 1, 
            "i start to": 1, 
            "i thought it'd": 1, 
            "i'll throw you": 1, 
            "in my head": 6, 
            "in pink ribbon": 1, 
            "in the mind": 1, 
            "in your cellular": 1, 
            "in your phone": 1, 
            "is goin on": 2, 
            "is going on": 3, 
            "is i did": 1, 
            "is lackluster plus": 1, 
            "it is i": 1, 
            "it seems you're": 1, 
            "it'd be smooth": 1, 
            "it's a curse,": 1, 
            "it's a gift,": 1, 
            "it's all in": 1, 
            "it's crock what": 1, 
            "it's the telephone": 1, 
            "just can't stop": 1, 
            "just say what": 1, 
            "kind rewind or": 1, 
            "lackluster plus it": 1, 
            "later, when you": 1, 
            "least tell me": 1, 
            "let's start over": 1, 
            "lie like a": 1, 
            "like a nice": 1, 
            "like a plain": 1, 
            "look and take": 1, 
            "me somethin new": 1, 
            "me what it": 1, 
            "mike d from": 1, 
            "mind but i": 1, 
            "mind got to": 1, 
            "mind unlocked get": 1, 
            "mind, it's crock": 1, 
            "minute get your": 1, 
            "minute take a": 1, 
            "money calm down": 1, 
            "my head and": 1, 
            "my head heard": 1, 
            "my head now,": 1, 
            "my head why's": 3, 
            "my mind got": 1, 
            "my name's mike": 1, 
            "my space, ok": 1, 
            "name's mike d": 1, 
            "never asked to": 1, 
            "new to start": 1, 
            "new york city": 1, 
            "nice clean slate": 1, 
            "nice nutter butter": 1, 
            "now let's start": 1, 
            "now what is": 1, 
            "now, i don't": 1, 
            "nutter butter but": 1, 
            "oah-kayyyyy you talk": 1, 
            "of your day": 1, 
            "ok": 1, 
            "ok ok": 1, 
            "ok ok wrapped": 1, 
            "ok wrapped in": 1, 
            "ok yeah yeah": 2, 
            "ok you lie": 1, 
            "okay tell me": 1, 
            "on in my": 6, 
            "open and i'll": 1, 
            "or at least": 1, 
            "or just say": 1, 
            "out my space,": 1, 
            "over with a": 1, 
            "part of your": 1, 
            "phone ok you": 1, 
            "pink ribbon so": 1, 
            "plain clothes cop": 1, 
            "please stop shouting": 2, 
            "please stop stressing": 1, 
            "plus it seems": 1, 
            "pretty my name's": 1, 
            "pull a filibuster": 1, 
            "real got to": 1, 
            "red be kind": 1, 
            "red what is": 3, 
            "rewind or at": 1, 
            "rewind what is": 1, 
            "ribbon so pretty": 1, 
            "right - ok": 2, 
            "right right -": 2, 
            "right yeah okay": 1, 
            "rock what's goin": 1, 
            "said see you": 1, 
            "said yo're a": 1, 
            "say hmm, ok": 1, 
            "say what should": 1, 
            "say, is lackluster": 1, 
            "see you later,": 1, 
            "seems you're trying": 1, 
            "should i say": 1, 
            "shouting in your": 2, 
            "sky gone all": 1, 
            "sky gone red": 3, 
            "slate please stop": 1, 
            "slow down rewind": 1, 
            "smooth like a": 1, 
            "so please stop": 1, 
            "so pretty my": 1, 
            "somethin new to": 1, 
            "sounds great but": 1, 
            "sounds great now": 1, 
            "space, ok yeah": 1, 
            "start over with": 1, 
            "start the day": 1, 
            "start to cringe": 1, 
            "stock take a": 1, 
            "stop a word": 1, 
            "stop shouting in": 2, 
            "stop stressing with": 1, 
            "stressing with the": 1, 
            "take a look": 1, 
            "take a minute": 2, 
            "take stock take": 1, 
            "talk and talk": 1, 
            "talk and you": 1, 
            "telephone now let's": 1, 
            "tell me somethin": 1, 
            "tell me what": 1, 
            "that sounds great": 2, 
            "that you utter": 1, 
            "the day said": 1, 
            "the first time,": 1, 
            "the fist time": 1, 
            "the hell you": 1, 
            "the hurry up": 1, 
            "the mind but": 1, 
            "the rock what's": 1, 
            "the sky gone": 1, 
            "the telephone now": 1, 
            "this sky gone": 3, 
            "thought it'd be": 1, 
            "throw you the": 1, 
            "time that sounds": 1, 
            "time, that sounds": 1, 
            "to be part": 1, 
            "to control my": 1, 
            "to cringe every": 1, 
            "to mind, it's": 1, 
            "to pull a": 1, 
            "to slow down": 1, 
            "to start the": 1, 
            "trying to pull": 1, 
            "unlocked get open": 1, 
            "up out my": 1, 
            "up wait heard": 1, 
            "utter yes you": 1, 
            "wait heard you": 1, 
            "what is goin": 2, 
            "what is going": 3, 
            "what it is": 1, 
            "what should i": 1, 
            "what you say,": 1, 
            "what's goin on": 1, 
            "when you coming": 1, 
            "who the hell": 1, 
            "why has the": 1, 
            "why's this sky": 3, 
            "with a nice": 1, 
            "with the hurry": 1, 
            "word comes to": 1, 
            "word that you": 1, 
            "wrapped in pink": 1, 
            "yeah okay tell": 1, 
            "yeah right right": 2, 
            "yeah right yeah": 1, 
            "yeah yeah right": 2, 
            "yes you said": 1, 
            "yo're a big": 1, 
            "york city i": 1, 
            "you are please": 1, 
            "you coming home": 1, 
            "you just can't": 1, 
            "you later, when": 1, 
            "you lie like": 1, 
            "you said yo're": 1, 
            "you say, is": 1, 
            "you talk and": 1, 
            "you the first": 1, 
            "you the fist": 1, 
            "you the rock": 1, 
            "you utter yes": 1, 
            "you're trying to": 1, 
            "your cellular i": 1, 
            "your day so": 1, 
            "your mind unlocked": 1, 
            "your phone ok": 1
        }, 
        "4": {
            "": 1241, 
            "- ok ok": 1, 
            "- ok ok wrapped": 1, 
            "a big deal but": 1, 
            "a curse, it's the": 1, 
            "a filibuster yeah right": 1, 
            "a fuck who the": 1, 
            "a gift, it's a": 1, 
            "a look and take": 1, 
            "a minute get your": 1, 
            "a minute take a": 1, 
            "a nice clean slate": 1, 
            "a nice nutter butter": 1, 
            "a plain clothes cop": 1, 
            "a word comes to": 1, 
            "all in the mind": 1, 
            "all red be kind": 1, 
            "and i'll throw you": 1, 
            "and take stock take": 1, 
            "and talk and you": 1, 
            "and why has the": 1, 
            "and you just can't": 1, 
            "are please stop shouting": 1, 
            "asked to be part": 1, 
            "at least tell me": 1, 
            "back up out my": 1, 
            "be kind rewind or": 1, 
            "be part of your": 1, 
            "be smooth like a": 1, 
            "behind i thought it'd": 1, 
            "big deal but money": 1, 
            "but back up out": 1, 
            "but i fell behind": 1, 
            "but i start to": 1, 
            "but money calm down": 1, 
            "butter but i start": 1, 
            "calm down for real": 1, 
            "can't stop a word": 1, 
            "cellular i never asked": 1, 
            "city i guess it's": 1, 
            "clean slate please stop": 1, 
            "clothes cop take a": 1, 
            "comes to mind, it's": 1, 
            "coming home it's a": 1, 
            "control my mind got": 1, 
            "cop take a minute": 1, 
            "cringe every word that": 1, 
            "crock what you say,": 1, 
            "curse, it's the telephone": 1, 
            "d from new york": 1, 
            "day said see you": 1, 
            "day so please stop": 1, 
            "deal but money calm": 1, 
            "did or just say": 1, 
            "don't give a fuck": 1, 
            "down for real got": 1, 
            "down rewind what is": 1, 
            "every word that you": 1, 
            "fell behind i thought": 1, 
            "filibuster yeah right yeah": 1, 
            "first time, that sounds": 1, 
            "fist time that sounds": 1, 
            "for real got to": 1, 
            "from new york city": 1, 
            "fuck who the hell": 1, 
            "get open and i'll": 1, 
            "get your mind unlocked": 1, 
            "gift, it's a curse,": 1, 
            "give a fuck who": 1, 
            "goin on in my": 3, 
            "going on in my": 3, 
            "gone all red be": 1, 
            "gone red what is": 3, 
            "got to control my": 1, 
            "got to slow down": 1, 
            "great but back up": 1, 
            "great now what is": 1, 
            "guess it's all in": 1, 
            "has the sky gone": 1, 
            "head and why has": 1, 
            "head heard you the": 1, 
            "head now, i don't": 1, 
            "head why's this sky": 3, 
            "heard you the first": 1, 
            "heard you the fist": 1, 
            "hell you are please": 1, 
            "hmm, ok yeah yeah": 1, 
            "home it's a gift,": 1, 
            "hurry up wait heard": 1, 
            "i did or just": 1, 
            "i don't give a": 1, 
            "i fell behind i": 1, 
            "i guess it's all": 1, 
            "i never asked to": 1, 
            "i say hmm, ok": 1, 
            "i start to cringe": 1, 
            "i thought it'd be": 1, 
            "i'll throw you the": 1, 
            "in my head and": 1, 
            "in my head heard": 1, 
            "in my head now,": 1, 
            "in my head why's": 3, 
            "in pink ribbon so": 1, 
            "in the mind but": 1, 
            "in your cellular i": 1, 
            "in your phone ok": 1, 
            "is goin on in": 2, 
            "is going on in": 3, 
            "is i did or": 1, 
            "is lackluster plus it": 1, 
            "it is i did": 1, 
            "it seems you're trying": 1, 
            "it'd be smooth like": 1, 
            "it's a curse, it's": 1, 
            "it's a gift, it's": 1, 
            "it's all in the": 1, 
            "it's crock what you": 1, 
            "it's the telephone now": 1, 
            "just can't stop a": 1, 
            "just say what should": 1, 
            "kind rewind or at": 1, 
            "lackluster plus it seems": 1, 
            "later, when you coming": 1, 
            "least tell me what": 1, 
            "let's start over with": 1, 
            "lie like a plain": 1, 
            "like a nice nutter": 1, 
            "like a plain clothes": 1, 
            "look and take stock": 1, 
            "me somethin new to": 1, 
            "me what it is": 1, 
            "mike d from new": 1, 
            "mind but i fell": 1, 
            "mind got to slow": 1, 
            "mind unlocked get open": 1, 
            "mind, it's crock what": 1, 
            "minute get your mind": 1, 
            "minute take a look": 1, 
            "money calm down for": 1, 
            "my head and why": 1, 
            "my head heard you": 1, 
            "my head now, i": 1, 
            "my head why's this": 3, 
            "my mind got to": 1, 
            "my name's mike d": 1, 
            "my space, ok yeah": 1, 
            "name's mike d from": 1, 
            "never asked to be": 1, 
            "new to start the": 1, 
            "new york city i": 1, 
            "nice clean slate please": 1, 
            "nice nutter butter but": 1, 
            "now let's start over": 1, 
            "now what is goin": 1, 
            "now, i don't give": 1, 
            "nutter butter but i": 1, 
            "oah-kayyyyy you talk and": 1, 
            "of your day so": 1, 
            "ok": 1, 
            "ok ok": 1, 
            "ok ok wrapped in": 1, 
            "ok wrapped in pink": 1, 
            "ok yeah yeah right": 2, 
            "ok you lie like": 1, 
            "okay tell me somethin": 1, 
            "on in my head": 6, 
            "open and i'll throw": 1, 
            "or at least tell": 1, 
            "or just say what": 1, 
            "out my space, ok": 1, 
            "over with a nice": 1, 
            "part of your day": 1, 
            "phone ok you lie": 1, 
            "pink ribbon so pretty": 1, 
            "plain clothes cop take": 1, 
            "please stop shouting in": 2, 
            "please stop stressing with": 1, 
            "plus it seems you're": 1, 
            "pretty my name's mike": 1, 
            "pull a filibuster yeah": 1, 
            "real got to control": 1, 
            "red be kind rewind": 1, 
            "red what is goin": 1, 
            "red what is going": 2, 
            "rewind or at least": 1, 
            "rewind what is going": 1, 
            "ribbon so pretty my": 1, 
            "right - ok ok": 2, 
            "right right - ok": 2, 
            "right yeah okay tell": 1, 
            "rock what's goin on": 1, 
            "said see you later,": 1, 
            "said yo're a big": 1, 
            "say hmm, ok yeah": 1, 
            "say what should i": 1, 
            "say, is lackluster plus": 1, 
            "see you later, when": 1, 
            "seems you're trying to": 1, 
            "should i say hmm,": 1, 
            "shouting in your cellular": 1, 
            "shouting in your phone": 1, 
            "sky gone all red": 1, 
            "sky gone red what": 3, 
            "slate please stop stressing": 1, 
            "slow down rewind what": 1, 
            "smooth like a nice": 1, 
            "so please stop shouting": 1, 
            "so pretty my name's": 1, 
            "somethin new to start": 1, 
            "sounds great but back": 1, 
            "sounds great now what": 1, 
            "space, ok yeah yeah": 1, 
            "start over with a": 1, 
            "start the day said": 1, 
            "start to cringe every": 1, 
            "stock take a minute": 1, 
            "stop a word comes": 1, 
            "stop shouting in your": 2, 
            "stop stressing with the": 1, 
            "stressing with the hurry": 1, 
            "take a look and": 1, 
            "take a minute get": 1, 
            "take a minute take": 1, 
            "take stock take a": 1, 
            "talk and talk and": 1, 
            "talk and you just": 1, 
            "telephone now let's start": 1, 
            "tell me somethin new": 1, 
            "tell me what it": 1, 
            "that sounds great but": 1, 
            "that sounds great now": 1, 
            "that you utter yes": 1, 
            "the day said see": 1, 
            "the first time, that": 1, 
            "the fist time that": 1, 
            "the hell you are": 1, 
            "the hurry up wait": 1, 
            "the mind but i": 1, 
            "the rock what's goin": 1, 
            "the sky gone all": 1, 
            "the telephone now let's": 1, 
            "this sky gone red": 3, 
            "thought it'd be smooth": 1, 
            "throw you the rock": 1, 
            "time that sounds great": 1, 
            "time, that sounds great": 1, 
            "to be part of": 1, 
            "to control my mind": 1, 
            "to cringe every word": 1, 
            "to mind, it's crock": 1, 
            "to pull a filibuster": 1, 
            "to slow down rewind": 1, 
            "to start the day": 1, 
            "trying to pull a": 1, 
            "unlocked get open and": 1, 
            "up out my space,": 1, 
            "up wait heard you": 1, 
            "utter yes you said": 1, 
            "wait heard you the": 1, 
            "what is goin on": 2, 
            "what is going on": 3, 
            "what it is i": 1, 
            "what should i say": 1, 
            "what you say, is": 1, 
            "what's goin on in": 1, 
            "when you coming home": 1, 
            "who the hell you": 1, 
            "why has the sky": 1, 
            "why's this sky gone": 3, 
            "with a nice clean": 1, 
            "with the hurry up": 1, 
            "word comes to mind,": 1, 
            "word that you utter": 1, 
            "wrapped in pink ribbon": 1, 
            "yeah okay tell me": 1, 
            "yeah right right -": 2, 
            "yeah right yeah okay": 1, 
            "yeah yeah right right": 2, 
            "yes you said yo're": 1, 
            "yo're a big deal": 1, 
            "york city i guess": 1, 
            "you are please stop": 1, 
            "you coming home it's": 1, 
            "you just can't stop": 1, 
            "you later, when you": 1, 
            "you lie like a": 1, 
            "you said yo're a": 1, 
            "you say, is lackluster": 1, 
            "you talk and talk": 1, 
            "you the first time,": 1, 
            "you the fist time": 1, 
            "you the rock what's": 1, 
            "you utter yes you": 1, 
            "you're trying to pull": 1, 
            "your cellular i never": 1, 
            "your day so please": 1, 
            "your mind unlocked get": 1, 
            "your phone ok you": 1
        }, 
        "5": {
            "": 1240, 
            "- ok ok": 1, 
            "- ok ok wrapped in": 1, 
            "a big deal but money": 1, 
            "a curse, it's the telephone": 1, 
            "a filibuster yeah right yeah": 1, 
            "a fuck who the hell": 1, 
            "a gift, it's a curse,": 1, 
            "a look and take stock": 1, 
            "a minute get your mind": 1, 
            "a minute take a look": 1, 
            "a nice clean slate please": 1, 
            "a nice nutter butter but": 1, 
            "a plain clothes cop take": 1, 
            "a word comes to mind,": 1, 
            "all in the mind but": 1, 
            "all red be kind rewind": 1, 
            "and i'll throw you the": 1, 
            "and take stock take a": 1, 
            "and talk and you just": 1, 
            "and why has the sky": 1, 
            "and you just can't stop": 1, 
            "are please stop shouting in": 1, 
            "asked to be part of": 1, 
            "at least tell me what": 1, 
            "back up out my space,": 1, 
            "be kind rewind or at": 1, 
            "be part of your day": 1, 
            "be smooth like a nice": 1, 
            "behind i thought it'd be": 1, 
            "big deal but money calm": 1, 
            "but back up out my": 1, 
            "but i fell behind i": 1, 
            "but i start to cringe": 1, 
            "but money calm down for": 1, 
            "butter but i start to": 1, 
            "calm down for real got": 1, 
            "can't stop a word comes": 1, 
            "cellular i never asked to": 1, 
            "city i guess it's all": 1, 
            "clean slate please stop stressing": 1, 
            "clothes cop take a minute": 1, 
            "comes to mind, it's crock": 1, 
            "coming home it's a gift,": 1, 
            "control my mind got to": 1, 
            "cop take a minute take": 1, 
            "cringe every word that you": 1, 
            "crock what you say, is": 1, 
            "curse, it's the telephone now": 1, 
            "d from new york city": 1, 
            "day said see you later,": 1, 
            "day so please stop shouting": 1, 
            "deal but money calm down": 1, 
            "did or just say what": 1, 
            "don't give a fuck who": 1, 
            "down for real got to": 1, 
            "down rewind what is going": 1, 
            "every word that you utter": 1, 
            "fell behind i thought it'd": 1, 
            "filibuster yeah right yeah okay": 1, 
            "first time, that sounds great": 1, 
            "fist time that sounds great": 1, 
            "for real got to control": 1, 
            "from new york city i": 1, 
            "fuck who the hell you": 1, 
            "get open and i'll throw": 1, 
            "get your mind unlocked get": 1, 
            "gift, it's a curse, it's": 1, 
            "give a fuck who the": 1, 
            "goin on in my head": 3, 
            "going on in my head": 3, 
            "gone all red be kind": 1, 
            "gone red what is goin": 1, 
            "gone red what is going": 2, 
            "got to control my mind": 1, 
            "got to slow down rewind": 1, 
            "great but back up out": 1, 
            "great now what is goin": 1, 
            "guess it's all in the": 1, 
            "has the sky gone all": 1, 
            "head and why has the": 1, 
            "head heard you the fist": 1, 
            "head now, i don't give": 1, 
            "head why's this sky gone": 3, 
            "heard you the first time,": 1, 
            "heard you the fist time": 1, 
            "hell you are please stop": 1, 
            "hmm, ok yeah yeah right": 1, 
            "home it's a gift, it's": 1, 
            "hurry up wait heard you": 1, 
            "i did or just say": 1, 
            "i don't give a fuck": 1, 
            "i fell behind i thought": 1, 
            "i guess it's all in": 1, 
            "i never asked to be": 1, 
            "i say hmm, ok yeah": 1, 
            "i start to cringe every": 1, 
            "i thought it'd be smooth": 1, 
            "i'll throw you the rock": 1, 
            "in my head and why": 1, 
            "in my head heard you": 1, 
            "in my head now, i": 1, 
            "in my head why's this": 3, 
            "in pink ribbon so pretty": 1, 
            "in the mind but i": 1, 
            "in your cellular i never": 1, 
            "in your phone ok you": 1, 
            "is goin on in my": 2, 
            "is going on in my": 3, 
            "is i did or just": 1, 
            "is lackluster plus it seems": 1, 
            "it is i did or": 1, 
            "it seems you're trying to": 1, 
            "it'd be smooth like a": 1, 
            "it's a curse, it's the": 1, 
            "it's a gift, it's a": 1, 
            "it's all in the mind": 1, 
            "it's crock what you say,": 1, 
            "it's the telephone now let's": 1, 
            "just can't stop a word": 1, 
            "just say what should i": 1, 
            "kind rewind or at least": 1, 
            "lackluster plus it seems you're": 1, 
            "later, when you coming home": 1, 
            "least tell me what it": 1, 
            "let's start over with a": 1, 
            "lie like a plain clothes": 1, 
            "like a nice nutter butter": 1, 
            "like a plain clothes cop": 1, 
            "look and take stock take": 1, 
            "me somethin new to start": 1, 
            "me what it is i": 1, 
            "mike d from new york": 1, 
            "mind but i fell behind": 1, 
            "mind got to slow down": 1, 
            "mind unlocked get open and": 1, 
            "mind, it's crock what you": 1, 
            "minute get your mind unlocked": 1, 
            "minute take a look and": 1, 
            "money calm down for real": 1, 
            "my head and why has": 1, 
            "my head heard you the": 1, 
            "my head now, i don't": 1, 
            "my head why's this sky": 3, 
            "my mind got to slow": 1, 
            "my name's mike d from": 1, 
            "my space, ok yeah yeah": 1, 
            "name's mike d from new": 1, 
            "never asked to be part": 1, 
            "new to start the day": 1, 
            "new york city i guess": 1, 
            "nice clean slate please stop": 1, 
            "nice nutter butter but i": 1, 
            "now let's start over with": 1, 
            "now what is goin on": 1, 
            "now, i don't give a": 1, 
            "nutter butter but i start": 1, 
            "oah-kayyyyy you talk and talk": 1, 
            "of your day so please": 1, 
            "ok": 1, 
            "ok ok": 1, 
            "ok ok wrapped in pink": 1, 
            "ok wrapped in pink ribbon": 1, 
            "ok yeah yeah right right": 2, 
            "ok you lie like a": 1, 
            "okay tell me somethin new": 1, 
            "on in my head and": 1, 
            "on in my head heard": 1, 
            "on in my head now,": 1, 
            "on in my head why's": 3, 
            "open and i'll throw you": 1, 
            "or at least tell me": 1, 
            "or just say what should": 1, 
            "out my space, ok yeah": 1, 
            "over with a nice clean": 1, 
            "part of your day so": 1, 
            "phone ok you lie like": 1, 
            "pink ribbon so pretty my": 1, 
            "plain clothes cop take a": 1, 
            "please stop shouting in your": 2, 
            "please stop stressing with the": 1, 
            "plus it seems you're trying": 1, 
            "pretty my name's mike d": 1, 
            "pull a filibuster yeah right": 1, 
            "real got to control my": 1, 
            "red be kind rewind or": 1, 
            "red what is goin on": 1, 
            "red what is going on": 2, 
            "rewind or at least tell": 1, 
            "rewind what is going on": 1, 
            "ribbon so pretty my name's": 1, 
            "right - ok ok": 1, 
            "right - ok ok wrapped": 1, 
            "right right - ok ok": 2, 
            "right yeah okay tell me": 1, 
            "rock what's goin on in": 1, 
            "said see you later, when": 1, 
            "said yo're a big deal": 1, 
            "say hmm, ok yeah yeah": 1, 
            "say what should i say": 1, 
            "say, is lackluster plus it": 1, 
            "see you later, when you": 1, 
            "seems you're trying to pull": 1, 
            "should i say hmm, ok": 1, 
            "shouting in your cellular i": 1, 
            "shouting in your phone ok": 1, 
            "sky gone all red be": 1, 
            "sky gone red what is": 3, 
            "slate please stop stressing with": 1, 
            "slow down rewind what is": 1, 
            "smooth like a nice nutter": 1, 
            "so please stop shouting in": 1, 
            "so pretty my name's mike": 1, 
            "somethin new to start the": 1, 
            "sounds great but back up": 1, 
            "sounds great now what is": 1, 
            "space, ok yeah yeah right": 1, 
            "start over with a nice": 1, 
            "start the day said see": 1, 
            "start to cringe every word": 1, 
            "stock take a minute get": 1, 
            "stop a word comes to": 1, 
            "stop shouting in your cellular": 1, 
            "stop shouting in your phone": 1, 
            "stop stressing with the hurry": 1, 
            "stressing with the hurry up": 1, 
            "take a look and take": 1, 
            "take a minute get your": 1, 
            "take a minute take a": 1, 
            "take stock take a minute": 1, 
            "talk and talk and you": 1, 
            "talk and you just can't": 1, 
            "telephone now let's start over": 1, 
            "tell me somethin new to": 1, 
            "tell me what it is": 1, 
            "that sounds great but back": 1, 
            "that sounds great now what": 1, 
            "that you utter yes you": 1, 
            "the day said see you": 1, 
            "the first time, that sounds": 1, 
            "the fist time that sounds": 1, 
            "the hell you are please": 1, 
            "the hurry up wait heard": 1, 
            "the mind but i fell": 1, 
            "the rock what's goin on": 1, 
            "the sky gone all red": 1, 
            "the telephone now let's start": 1, 
            "this sky gone red what": 3, 
            "thought it'd be smooth like": 1, 
            "throw you the rock what's": 1, 
            "time that sounds great now": 1, 
            "time, that sounds great but": 1, 
            "to be part of your": 1, 
            "to control my mind got": 1, 
            "to cringe every word that": 1, 
            "to mind, it's crock what": 1, 
            "to pull a filibuster yeah": 1, 
            "to slow down rewind what": 1, 
            "to start the day said": 1, 
            "trying to pull a filibuster": 1, 
            "unlocked get open and i'll": 1, 
            "up out my space, ok": 1, 
            "up wait heard you the": 1, 
            "utter yes you said yo're": 1, 
            "wait heard you the first": 1, 
            "what is goin on in": 2, 
            "what is going on in": 3, 
            "what it is i did": 1, 
            "what should i say hmm,": 1, 
            "what you say, is lackluster": 1, 
            "what's goin on in my": 1, 
            "when you coming home it's": 1, 
            "who the hell you are": 1, 
            "why has the sky gone": 1, 
            "why's this sky gone red": 3, 
            "with a nice clean slate": 1, 
            "with the hurry up wait": 1, 
            "word comes to mind, it's": 1, 
            "word that you utter yes": 1, 
            "wrapped in pink ribbon so": 1, 
            "yeah okay tell me somethin": 1, 
            "yeah right right - ok": 2, 
            "yeah right yeah okay tell": 1, 
            "yeah yeah right right -": 2, 
            "yes you said yo're a": 1, 
            "yo're a big deal but": 1, 
            "york city i guess it's": 1, 
            "you are please stop shouting": 1, 
            "you coming home it's a": 1, 
            "you just can't stop a": 1, 
            "you later, when you coming": 1, 
            "you lie like a plain": 1, 
            "you said yo're a big": 1, 
            "you say, is lackluster plus": 1, 
            "you talk and talk and": 1, 
            "you the first time, that": 1, 
            "you the fist time that": 1, 
            "you the rock what's goin": 1, 
            "you utter yes you said": 1, 
            "you're trying to pull a": 1, 
            "your cellular i never asked": 1, 
            "your day so please stop": 1, 
            "your mind unlocked get open": 1, 
            "your phone ok you lie": 1
        }, 
        "6": {
            "": 1239, 
            "- ok ok": 1, 
            "- ok ok wrapped in pink": 1, 
            "a big deal but money calm": 1, 
            "a curse, it's the telephone now": 1, 
            "a filibuster yeah right yeah okay": 1, 
            "a fuck who the hell you": 1, 
            "a gift, it's a curse, it's": 1, 
            "a look and take stock take": 1, 
            "a minute get your mind unlocked": 1, 
            "a minute take a look and": 1, 
            "a nice clean slate please stop": 1, 
            "a nice nutter butter but i": 1, 
            "a plain clothes cop take a": 1, 
            "a word comes to mind, it's": 1, 
            "all in the mind but i": 1, 
            "all red be kind rewind or": 1, 
            "and i'll throw you the rock": 1, 
            "and take stock take a minute": 1, 
            "and talk and you just can't": 1, 
            "and why has the sky gone": 1, 
            "and you just can't stop a": 1, 
            "are please stop shouting in your": 1, 
            "asked to be part of your": 1, 
            "at least tell me what it": 1, 
            "back up out my space, ok": 1, 
            "be kind rewind or at least": 1, 
            "be part of your day so": 1, 
            "be smooth like a nice nutter": 1, 
            "behind i thought it'd be smooth": 1, 
            "big deal but money calm down": 1, 
            "but back up out my space,": 1, 
            "but i fell behind i thought": 1, 
            "but i start to cringe every": 1, 
            "but money calm down for real": 1, 
            "butter but i start to cringe": 1, 
            "calm down for real got to": 1, 
            "can't stop a word comes to": 1, 
            "cellular i never asked to be": 1, 
            "city i guess it's all in": 1, 
            "clean slate please stop stressing with": 1, 
            "clothes cop take a minute take": 1, 
            "comes to mind, it's crock what": 1, 
            "coming home it's a gift, it's": 1, 
            "control my mind got to slow": 1, 
            "cop take a minute take a": 1, 
            "cringe every word that you utter": 1, 
            "crock what you say, is lackluster": 1, 
            "curse, it's the telephone now let's": 1, 
            "d from new york city i": 1, 
            "day said see you later, when": 1, 
            "day so please stop shouting in": 1, 
            "deal but money calm down for": 1, 
            "did or just say what should": 1, 
            "don't give a fuck who the": 1, 
            "down for real got to control": 1, 
            "down rewind what is going on": 1, 
            "every word that you utter yes": 1, 
            "fell behind i thought it'd be": 1, 
            "filibuster yeah right yeah okay tell": 1, 
            "first time, that sounds great but": 1, 
            "fist time that sounds great now": 1, 
            "for real got to control my": 1, 
            "from new york city i guess": 1, 
            "fuck who the hell you are": 1, 
            "get open and i'll throw you": 1, 
            "get your mind unlocked get open": 1, 
            "gift, it's a curse, it's the": 1, 
            "give a fuck who the hell": 1, 
            "goin on in my head and": 1, 
            "goin on in my head why's": 2, 
            "going on in my head heard": 1, 
            "going on in my head now,": 1, 
            "going on in my head why's": 1, 
            "gone all red be kind rewind": 1, 
            "gone red what is goin on": 1, 
            "gone red what is going on": 2, 
            "got to control my mind got": 1, 
            "got to slow down rewind what": 1, 
            "great but back up out my": 1, 
            "great now what is goin on": 1, 
            "guess it's all in the mind": 1, 
            "has the sky gone all red": 1, 
            "head and why has the sky": 1, 
            "head heard you the fist time": 1, 
            "head now, i don't give a": 1, 
            "head why's this sky gone red": 3, 
            "heard you the first time, that": 1, 
            "heard you the fist time that": 1, 
            "hell you are please stop shouting": 1, 
            "hmm, ok yeah yeah right right": 1, 
            "home it's a gift, it's a": 1, 
            "hurry up wait heard you the": 1, 
            "i did or just say what": 1, 
            "i don't give a fuck who": 1, 
            "i fell behind i thought it'd": 1, 
            "i guess it's all in the": 1, 
            "i never asked to be part": 1, 
            "i say hmm, ok yeah yeah": 1, 
            "i start to cringe every word": 1, 
            "i thought it'd be smooth like": 1, 
            "i'll throw you the rock what's": 1, 
            "in my head and why has": 1, 
            "in my head heard you the": 1, 
            "in my head now, i don't": 1, 
            "in my head why's this sky": 3, 
            "in pink ribbon so pretty my": 1, 
            "in the mind but i fell": 1, 
            "in your cellular i never asked": 1, 
            "in your phone ok you lie": 1, 
            "is goin on in my head": 2, 
            "is going on in my head": 3, 
            "is i did or just say": 1, 
            "is lackluster plus it seems you're": 1, 
            "it is i did or just": 1, 
            "it seems you're trying to pull": 1, 
            "it'd be smooth like a nice": 1, 
            "it's a curse, it's the telephone": 1, 
            "it's a gift, it's a curse,": 1, 
            "it's all in the mind but": 1, 
            "it's crock what you say, is": 1, 
            "it's the telephone now let's start": 1, 
            "just can't stop a word comes": 1, 
            "just say what should i say": 1, 
            "kind rewind or at least tell": 1, 
            "lackluster plus it seems you're trying": 1, 
            "later, when you coming home it's": 1, 
            "least tell me what it is": 1, 
            "let's start over with a nice": 1, 
            "lie like a plain clothes cop": 1, 
            "like a nice nutter butter but": 1, 
            "like a plain clothes cop take": 1, 
            "look and take stock take a": 1, 
            "me somethin new to start the": 1, 
            "me what it is i did": 1, 
            "mike d from new york city": 1, 
            "mind but i fell behind i": 1, 
            "mind got to slow down rewind": 1, 
            "mind unlocked get open and i'll": 1, 
            "mind, it's crock what you say,": 1, 
            "minute get your mind unlocked get": 1, 
            "minute take a look and take": 1, 
            "money calm down for real got": 1, 
            "my head and why has the": 1, 
            "my head heard you the fist": 1, 
            "my head now, i don't give": 1, 
            "my head why's this sky gone": 3, 
            "my mind got to slow down": 1, 
            "my name's mike d from new": 1, 
            "my space, ok yeah yeah right": 1, 
            "name's mike d from new york": 1, 
            "never asked to be part of": 1, 
            "new to start the day said": 1, 
            "new york city i guess it's": 1, 
            "nice clean slate please stop stressing": 1, 
            "nice nutter butter but i start": 1, 
            "now let's start over with a": 1, 
            "now what is goin on in": 1, 
            "now, i don't give a fuck": 1, 
            "nutter butter but i start to": 1, 
            "oah-kayyyyy you talk and talk and": 1, 
            "of your day so please stop": 1, 
            "ok": 1, 
            "ok ok": 1, 
            "ok ok wrapped in pink ribbon": 1, 
            "ok wrapped in pink ribbon so": 1, 
            "ok yeah yeah right right -": 2, 
            "ok you lie like a plain": 1, 
            "okay tell me somethin new to": 1, 
            "on in my head and why": 1, 
            "on in my head heard you": 1, 
            "on in my head now, i": 1, 
            "on in my head why's this": 3, 
            "open and i'll throw you the": 1, 
            "or at least tell me what": 1, 
            "or just say what should i": 1, 
            "out my space, ok yeah yeah": 1, 
            "over with a nice clean slate": 1, 
            "part of your day so please": 1, 
            "phone ok you lie like a": 1, 
            "pink ribbon so pretty my name's": 1, 
            "plain clothes cop take a minute": 1, 
            "please stop shouting in your cellular": 1, 
            "please stop shouting in your phone": 1, 
            "please stop stressing with the hurry": 1, 
            "plus it seems you're trying to": 1, 
            "pretty my name's mike d from": 1, 
            "pull a filibuster yeah right yeah": 1, 
            "real got to control my mind": 1, 
            "red be kind rewind or at": 1, 
            "red what is goin on in": 1, 
            "red what is going on in": 2, 
            "rewind or at least tell me": 1, 
            "rewind what is going on in": 1, 
            "ribbon so pretty my name's mike": 1, 
            "right - ok ok": 1, 
            "right - ok ok wrapped in": 1, 
            "right right - ok ok": 1, 
            "right right - ok ok wrapped": 1, 
            "right yeah okay tell me somethin": 1, 
            "rock what's goin on in my": 1, 
            "said see you later, when you": 1, 
            "said yo're a big deal but": 1, 
            "say hmm, ok yeah yeah right": 1, 
            "say what should i say hmm,": 1, 
            "say, is lackluster plus it seems": 1, 
            "see you later, when you coming": 1, 
            "seems you're trying to pull a": 1, 
            "should i say hmm, ok yeah": 1, 
            "shouting in your cellular i never": 1, 
            "shouting in your phone ok you": 1, 
            "sky gone all red be kind": 1, 
            "sky gone red what is goin": 1, 
            "sky gone red what is going": 2, 
            "slate please stop stressing with the": 1, 
            "slow down rewind what is going": 1, 
            "smooth like a nice nutter butter": 1, 
            "so please stop shouting in your": 1, 
            "so pretty my name's mike d": 1, 
            "somethin new to start the day": 1, 
            "sounds great but back up out": 1, 
            "sounds great now what is goin": 1, 
            "space, ok yeah yeah right right": 1, 
            "start over with a nice clean": 1, 
            "start the day said see you": 1, 
            "start to cringe every word that": 1, 
            "stock take a minute get your": 1, 
            "stop a word comes to mind,": 1, 
            "stop shouting in your cellular i": 1, 
            "stop shouting in your phone ok": 1, 
            "stop stressing with the hurry up": 1, 
            "stressing with the hurry up wait": 1, 
            "take a look and take stock": 1, 
            "take a minute get your mind": 1, 
            "take a minute take a look": 1, 
            "take stock take a minute get": 1, 
            "talk and talk and you just": 1, 
            "talk and you just can't stop": 1, 
            "telephone now let's start over with": 1, 
            "tell me somethin new to start": 1, 
            "tell me what it is i": 1, 
            "that sounds great but back up": 1, 
            "that sounds great now what is": 1, 
            "that you utter yes you said": 1, 
            "the day said see you later,": 1, 
            "the first time, that sounds great": 1, 
            "the fist time that sounds great": 1, 
            "the hell you are please stop": 1, 
            "the hurry up wait heard you": 1, 
            "the mind but i fell behind": 1, 
            "the rock what's goin on in": 1, 
            "the sky gone all red be": 1, 
            "the telephone now let's start over": 1, 
            "this sky gone red what is": 3, 
            "thought it'd be smooth like a": 1, 
            "throw you the rock what's goin": 1, 
            "time that sounds great now what": 1, 
            "time, that sounds great but back": 1, 
            "to be part of your day": 1, 
            "to control my mind got to": 1, 
            "to cringe every word that you": 1, 
            "to mind, it's crock what you": 1, 
            "to pull a filibuster yeah right": 1, 
            "to slow down rewind what is": 1, 
            "to start the day said see": 1, 
            "trying to pull a filibuster yeah": 1, 
            "unlocked get open and i'll throw": 1, 
            "up out my space, ok yeah": 1, 
            "up wait heard you the first": 1, 
            "utter yes you said yo're a": 1, 
            "wait heard you the first time,": 1, 
            "what is goin on in my": 2, 
            "what is going on in my": 3, 
            "what it is i did or": 1, 
            "what should i say hmm, ok": 1, 
            "what you say, is lackluster plus": 1, 
            "what's goin on in my head": 1, 
            "when you coming home it's a": 1, 
            "who the hell you are please": 1, 
            "why has the sky gone all": 1, 
            "why's this sky gone red what": 3, 
            "with a nice clean slate please": 1, 
            "with the hurry up wait heard": 1, 
            "word comes to mind, it's crock": 1, 
            "word that you utter yes you": 1, 
            "wrapped in pink ribbon so pretty": 1, 
            "yeah okay tell me somethin new": 1, 
            "yeah right right - ok ok": 2, 
            "yeah right yeah okay tell me": 1, 
            "yeah yeah right right - ok": 2, 
            "yes you said yo're a big": 1, 
            "yo're a big deal but money": 1, 
            "york city i guess it's all": 1, 
            "you are please stop shouting in": 1, 
            "you coming home it's a gift,": 1, 
            "you just can't stop a word": 1, 
            "you later, when you coming home": 1, 
            "you lie like a plain clothes": 1, 
            "you said yo're a big deal": 1, 
            "you say, is lackluster plus it": 1, 
            "you talk and talk and you": 1, 
            "you the first time, that sounds": 1, 
            "you the fist time that sounds": 1, 
            "you the rock what's goin on": 1, 
            "you utter yes you said yo're": 1, 
            "you're trying to pull a filibuster": 1, 
            "your cellular i never asked to": 1, 
            "your day so please stop shouting": 1, 
            "your mind unlocked get open and": 1, 
            "your phone ok you lie like": 1
        }, 
        "7": {
            "": 1238, 
            "- ok ok": 1, 
            "- ok ok wrapped in pink ribbon": 1, 
            "a big deal but money calm down": 1, 
            "a curse, it's the telephone now let's": 1, 
            "a filibuster yeah right yeah okay tell": 1, 
            "a fuck who the hell you are": 1, 
            "a gift, it's a curse, it's the": 1, 
            "a look and take stock take a": 1, 
            "a minute get your mind unlocked get": 1, 
            "a minute take a look and take": 1, 
            "a nice clean slate please stop stressing": 1, 
            "a nice nutter butter but i start": 1, 
            "a plain clothes cop take a minute": 1, 
            "a word comes to mind, it's crock": 1, 
            "all in the mind but i fell": 1, 
            "all red be kind rewind or at": 1, 
            "and i'll throw you the rock what's": 1, 
            "and take stock take a minute get": 1, 
            "and talk and you just can't stop": 1, 
            "and why has the sky gone all": 1, 
            "and you just can't stop a word": 1, 
            "are please stop shouting in your cellular": 1, 
            "asked to be part of your day": 1, 
            "at least tell me what it is": 1, 
            "back up out my space, ok yeah": 1, 
            "be kind rewind or at least tell": 1, 
            "be part of your day so please": 1, 
            "be smooth like a nice nutter butter": 1, 
            "behind i thought it'd be smooth like": 1, 
            "big deal but money calm down for": 1, 
            "but back up out my space, ok": 1, 
            "but i fell behind i thought it'd": 1, 
            "but i start to cringe every word": 1, 
            "but money calm down for real got": 1, 
            "butter but i start to cringe every": 1, 
            "calm down for real got to control": 1, 
            "can't stop a word comes to mind,": 1, 
            "cellular i never asked to be part": 1, 
            "city i guess it's all in the": 1, 
            "clean slate please stop stressing with the": 1, 
            "clothes cop take a minute take a": 1, 
            "comes to mind, it's crock what you": 1, 
            "coming home it's a gift, it's a": 1, 
            "control my mind got to slow down": 1, 
            "cop take a minute take a look": 1, 
            "cringe every word that you utter yes": 1, 
            "crock what you say, is lackluster plus": 1, 
            "curse, it's the telephone now let's start": 1, 
            "d from new york city i guess": 1, 
            "day said see you later, when you": 1, 
            "day so please stop shouting in your": 1, 
            "deal but money calm down for real": 1, 
            "did or just say what should i": 1, 
            "don't give a fuck who the hell": 1, 
            "down for real got to control my": 1, 
            "down rewind what is going on in": 1, 
            "every word that you utter yes you": 1, 
            "fell behind i thought it'd be smooth": 1, 
            "filibuster yeah right yeah okay tell me": 1, 
            "first time, that sounds great but back": 1, 
            "fist time that sounds great now what": 1, 
            "for real got to control my mind": 1, 
            "from new york city i guess it's": 1, 
            "fuck who the hell you are please": 1, 
            "get open and i'll throw you the": 1, 
            "get your mind unlocked get open and": 1, 
            "gift, it's a curse, it's the telephone": 1, 
            "give a fuck who the hell you": 1, 
            "goin on in my head and why": 1, 
            "goin on in my head why's this": 2, 
            "going on in my head heard you": 1, 
            "going on in my head now, i": 1, 
            "going on in my head why's this": 1, 
            "gone all red be kind rewind or": 1, 
            "gone red what is goin on in": 1, 
            "gone red what is going on in": 2, 
            "got to control my mind got to": 1, 
            "got to slow down rewind what is": 1, 
            "great but back up out my space,": 1, 
            "great now what is goin on in": 1, 
            "guess it's all in the mind but": 1, 
            "has the sky gone all red be": 1, 
            "head and why has the sky gone": 1, 
            "head heard you the fist time that": 1, 
            "head now, i don't give a fuck": 1, 
            "head why's this sky gone red what": 3, 
            "heard you the first time, that sounds": 1, 
            "heard you the fist time that sounds": 1, 
            "hell you are please stop shouting in": 1, 
            "hmm, ok yeah yeah right right -": 1, 
            "home it's a gift, it's a curse,": 1, 
            "hurry up wait heard you the first": 1, 
            "i did or just say what should": 1, 
            "i don't give a fuck who the": 1, 
            "i fell behind i thought it'd be": 1, 
            "i guess it's all in the mind": 1, 
            "i never asked to be part of": 1, 
            "i say hmm, ok yeah yeah right": 1, 
            "i start to cringe every word that": 1, 
            "i thought it'd be smooth like a": 1, 
            "i'll throw you the rock what's goin": 1, 
            "in my head and why has the": 1, 
            "in my head heard you the fist": 1, 
            "in my head now, i don't give": 1, 
            "in my head why's this sky gone": 3, 
            "in pink ribbon so pretty my name's": 1, 
            "in the mind but i fell behind": 1, 
            "in your cellular i never asked to": 1, 
            "in your phone ok you lie like": 1, 
            "is goin on in my head why's": 2, 
            "is going on in my head heard": 1, 
            "is going on in my head now,": 1, 
            "is going on in my head why's": 1, 
            "is i did or just say what": 1, 
            "is lackluster plus it seems you're trying": 1, 
            "it is i did or just say": 1, 
            "it seems you're trying to pull a": 1, 
            "it'd be smooth like a nice nutter": 1, 
            "it's a curse, it's the telephone now": 1, 
            "it's a gift, it's a curse, it's": 1, 
            "it's all in the mind but i": 1, 
            "it's crock what you say, is lackluster": 1, 
            "it's the telephone now let's start over": 1, 
            "just can't stop a word comes to": 1, 
            "just say what should i say hmm,": 1, 
            "kind rewind or at least tell me": 1, 
            "lackluster plus it seems you're trying to": 1, 
            "later, when you coming home it's a": 1, 
            "least tell me what it is i": 1, 
            "let's start over with a nice clean": 1, 
            "lie like a plain clothes cop take": 1, 
            "like a nice nutter butter but i": 1, 
            "like a plain clothes cop take a": 1, 
            "look and take stock take a minute": 1, 
            "me somethin new to start the day": 1, 
            "me what it is i did or": 1, 
            "mike d from new york city i": 1, 
            "mind but i fell behind i thought": 1, 
            "mind got to slow down rewind what": 1, 
            "mind unlocked get open and i'll throw": 1, 
            "mind, it's crock what you say, is": 1, 
            "minute get your mind unlocked get open": 1, 
            "minute take a look and take stock": 1, 
            "money calm down for real got to": 1, 
            "my head and why has the sky": 1, 
            "my head heard you the fist time": 1, 
            "my head now, i don't give a": 1, 
            "my head why's this sky gone red": 3, 
            "my mind got to slow down rewind": 1, 
            "my name's mike d from new york": 1, 
            "my space, ok yeah yeah right right": 1, 
            "name's mike d from new york city": 1, 
            "never asked to be part of your": 1, 
            "new to start the day said see": 1, 
            "new york city i guess it's all": 1, 
            "nice clean slate please stop stressing with": 1, 
            "nice nutter butter but i start to": 1, 
            "now let's start over with a nice": 1, 
            "now what is goin on in my": 1, 
            "now, i don't give a fuck who": 1, 
            "nutter butter but i start to cringe": 1, 
            "oah-kayyyyy you talk and talk and you": 1, 
            "of your day so please stop shouting": 1, 
            "ok": 1, 
            "ok ok": 1, 
            "ok ok wrapped in pink ribbon so": 1, 
            "ok wrapped in pink ribbon so pretty": 1, 
            "ok yeah yeah right right - ok": 2, 
            "ok you lie like a plain clothes": 1, 
            "okay tell me somethin new to start": 1, 
            "on in my head and why has": 1, 
            "on in my head heard you the": 1, 
            "on in my head now, i don't": 1, 
            "on in my head why's this sky": 3, 
            "open and i'll throw you the rock": 1, 
            "or at least tell me what it": 1, 
            "or just say what should i say": 1, 
            "out my space, ok yeah yeah right": 1, 
            "over with a nice clean slate please": 1, 
            "part of your day so please stop": 1, 
            "phone ok you lie like a plain": 1, 
            "pink ribbon so pretty my name's mike": 1, 
            "plain clothes cop take a minute take": 1, 
            "please stop shouting in your cellular i": 1, 
            "please stop shouting in your phone ok": 1, 
            "please stop stressing with the hurry up": 1, 
            "plus it seems you're trying to pull": 1, 
            "pretty my name's mike d from new": 1, 
            "pull a filibuster yeah right yeah okay": 1, 
            "real got to control my mind got": 1, 
            "red be kind rewind or at least": 1, 
            "red what is goin on in my": 1, 
            "red what is going on in my": 2, 
            "rewind or at least tell me what": 1, 
            "rewind what is going on in my": 1, 
            "ribbon so pretty my name's mike d": 1, 
            "right - ok ok": 1, 
            "right - ok ok wrapped in pink": 1, 
            "right right - ok ok": 1, 
            "right right - ok ok wrapped in": 1, 
            "right yeah okay tell me somethin new": 1, 
            "rock what's goin on in my head": 1, 
            "said see you later, when you coming": 1, 
            "said yo're a big deal but money": 1, 
            "say hmm, ok yeah yeah right right": 1, 
            "say what should i say hmm, ok": 1, 
            "say, is lackluster plus it seems you're": 1, 
            "see you later, when you coming home": 1, 
            "seems you're trying to pull a filibuster": 1, 
            "should i say hmm, ok yeah yeah": 1, 
            "shouting in your cellular i never asked": 1, 
            "shouting in your phone ok you lie": 1, 
            "sky gone all red be kind rewind": 1, 
            "sky gone red what is goin on": 1, 
            "sky gone red what is going on": 2, 
            "slate please stop stressing with the hurry": 1, 
            "slow down rewind what is going on": 1, 
            "smooth like a nice nutter butter but": 1, 
            "so please stop shouting in your phone": 1, 
            "so pretty my name's mike d from": 1, 
            "somethin new to start the day said": 1, 
            "sounds great but back up out my": 1, 
            "sounds great now what is goin on": 1, 
            "space, ok yeah yeah right right -": 1, 
            "start over with a nice clean slate": 1, 
            "start the day said see you later,": 1, 
            "start to cringe every word that you": 1, 
            "stock take a minute get your mind": 1, 
            "stop a word comes to mind, it's": 1, 
            "stop shouting in your cellular i never": 1, 
            "stop shouting in your phone ok you": 1, 
            "stop stressing with the hurry up wait": 1, 
            "stressing with the hurry up wait heard": 1, 
            "take a look and take stock take": 1, 
            "take a minute get your mind unlocked": 1, 
            "take a minute take a look and": 1, 
            "take stock take a minute get your": 1, 
            "talk and talk and you just can't": 1, 
            "talk and you just can't stop a": 1, 
            "telephone now let's start over with a": 1, 
            "tell me somethin new to start the": 1, 
            "tell me what it is i did": 1, 
            "that sounds great but back up out": 1, 
            "that sounds great now what is goin": 1, 
            "that you utter yes you said yo're": 1, 
            "the day said see you later, when": 1, 
            "the first time, that sounds great but": 1, 
            "the fist time that sounds great now": 1, 
            "the hell you are please stop shouting": 1, 
            "the hurry up wait heard you the": 1, 
            "the mind but i fell behind i": 1, 
            "the rock what's goin on in my": 1, 
            "the sky gone all red be kind": 1, 
            "the telephone now let's start over with": 1, 
            "this sky gone red what is goin": 1, 
            "this sky gone red what is going": 2, 
            "thought it'd be smooth like a nice": 1, 
            "throw you the rock what's goin on": 1, 
            "time that sounds great now what is": 1, 
            "time, that sounds great but back up": 1, 
            "to be part of your day so": 1, 
            "to control my mind got to slow": 1, 
            "to cringe every word that you utter": 1, 
            "to mind, it's crock what you say,": 1, 
            "to pull a filibuster yeah right yeah": 1, 
            "to slow down rewind what is going": 1, 
            "to start the day said see you": 1, 
            "trying to pull a filibuster yeah right": 1, 
            "unlocked get open and i'll throw you": 1, 
            "up out my space, ok yeah yeah": 1, 
            "up wait heard you the first time,": 1, 
            "utter yes you said yo're a big": 1, 
            "wait heard you the first time, that": 1, 
            "what is goin on in my head": 2, 
            "what is going on in my head": 3, 
            "what it is i did or just": 1, 
            "what should i say hmm, ok yeah": 1, 
            "what you say, is lackluster plus it": 1, 
            "what's goin on in my head and": 1, 
            "when you coming home it's a gift,": 1, 
            "who the hell you are please stop": 1, 
            "why has the sky gone all red": 1, 
            "why's this sky gone red what is": 3, 
            "with a nice clean slate please stop": 1, 
            "with the hurry up wait heard you": 1, 
            "word comes to mind, it's crock what": 1, 
            "word that you utter yes you said": 1, 
            "wrapped in pink ribbon so pretty my": 1, 
            "yeah okay tell me somethin new to": 1, 
            "yeah right right - ok ok": 1, 
            "yeah right right - ok ok wrapped": 1, 
            "yeah right yeah okay tell me somethin": 1, 
            "yeah yeah right right - ok ok": 2, 
            "yes you said yo're a big deal": 1, 
            "yo're a big deal but money calm": 1, 
            "york city i guess it's all in": 1, 
            "you are please stop shouting in your": 1, 
            "you coming home it's a gift, it's": 1, 
            "you just can't stop a word comes": 1, 
            "you later, when you coming home it's": 1, 
            "you lie like a plain clothes cop": 1, 
            "you said yo're a big deal but": 1, 
            "you say, is lackluster plus it seems": 1, 
            "you talk and talk and you just": 1, 
            "you the first time, that sounds great": 1, 
            "you the fist time that sounds great": 1, 
            "you the rock what's goin on in": 1, 
            "you utter yes you said yo're a": 1, 
            "you're trying to pull a filibuster yeah": 1, 
            "your cellular i never asked to be": 1, 
            "your day so please stop shouting in": 1, 
            "your mind unlocked get open and i'll": 1, 
            "your phone ok you lie like a": 1
        }, 
        "8": {
            "": 1237, 
            "- ok ok": 1, 
            "- ok ok wrapped in pink ribbon so": 1, 
            "a big deal but money calm down for": 1, 
            "a curse, it's the telephone now let's start": 1, 
            "a filibuster yeah right yeah okay tell me": 1, 
            "a fuck who the hell you are please": 1, 
            "a gift, it's a curse, it's the telephone": 1, 
            "a look and take stock take a minute": 1, 
            "a minute get your mind unlocked get open": 1, 
            "a minute take a look and take stock": 1, 
            "a nice clean slate please stop stressing with": 1, 
            "a nice nutter butter but i start to": 1, 
            "a plain clothes cop take a minute take": 1, 
            "a word comes to mind, it's crock what": 1, 
            "all in the mind but i fell behind": 1, 
            "all red be kind rewind or at least": 1, 
            "and i'll throw you the rock what's goin": 1, 
            "and take stock take a minute get your": 1, 
            "and talk and you just can't stop a": 1, 
            "and why has the sky gone all red": 1, 
            "and you just can't stop a word comes": 1, 
            "are please stop shouting in your cellular i": 1, 
            "asked to be part of your day so": 1, 
            "at least tell me what it is i": 1, 
            "back up out my space, ok yeah yeah": 1, 
            "be kind rewind or at least tell me": 1, 
            "be part of your day so please stop": 1, 
            "be smooth like a nice nutter butter but": 1, 
            "behind i thought it'd be smooth like a": 1, 
            "big deal but money calm down for real": 1, 
            "but back up out my space, ok yeah": 1, 
            "but i fell behind i thought it'd be": 1, 
            "but i start to cringe every word that": 1, 
            "but money calm down for real got to": 1, 
            "butter but i start to cringe every word": 1, 
            "calm down for real got to control my": 1, 
            "can't stop a word comes to mind, it's": 1, 
            "cellular i never asked to be part of": 1, 
            "city i guess it's all in the mind": 1, 
            "clean slate please stop stressing with the hurry": 1, 
            "clothes cop take a minute take a look": 1, 
            "comes to mind, it's crock what you say,": 1, 
            "coming home it's a gift, it's a curse,": 1, 
            "control my mind got to slow down rewind": 1, 
            "cop take a minute take a look and": 1, 
            "cringe every word that you utter yes you": 1, 
            "crock what you say, is lackluster plus it": 1, 
            "curse, it's the telephone now let's start over": 1, 
            "d from new york city i guess it's": 1, 
            "day said see you later, when you coming": 1, 
            "day so please stop shouting in your phone": 1, 
            "deal but money calm down for real got": 1, 
            "did or just say what should i say": 1, 
            "don't give a fuck who the hell you": 1, 
            "down for real got to control my mind": 1, 
            "down rewind what is going on in my": 1, 
            "every word that you utter yes you said": 1, 
            "fell behind i thought it'd be smooth like": 1, 
            "filibuster yeah right yeah okay tell me somethin": 1, 
            "first time, that sounds great but back up": 1, 
            "fist time that sounds great now what is": 1, 
            "for real got to control my mind got": 1, 
            "from new york city i guess it's all": 1, 
            "fuck who the hell you are please stop": 1, 
            "get open and i'll throw you the rock": 1, 
            "get your mind unlocked get open and i'll": 1, 
            "gift, it's a curse, it's the telephone now": 1, 
            "give a fuck who the hell you are": 1, 
            "goin on in my head and why has": 1, 
            "goin on in my head why's this sky": 2, 
            "going on in my head heard you the": 1, 
            "going on in my head now, i don't": 1, 
            "going on in my head why's this sky": 1, 
            "gone all red be kind rewind or at": 1, 
            "gone red what is goin on in my": 1, 
            "gone red what is going on in my": 2, 
            "got to control my mind got to slow": 1, 
            "got to slow down rewind what is going": 1, 
            "great but back up out my space, ok": 1, 
            "great now what is goin on in my": 1, 
            "guess it's all in the mind but i": 1, 
            "has the sky gone all red be kind": 1, 
            "head and why has the sky gone all": 1, 
            "head heard you the fist time that sounds": 1, 
            "head now, i don't give a fuck who": 1, 
            "head why's this sky gone red what is": 3, 
            "heard you the first time, that sounds great": 1, 
            "heard you the fist time that sounds great": 1, 
            "hell you are please stop shouting in your": 1, 
            "hmm, ok yeah yeah right right - ok": 1, 
            "home it's a gift, it's a curse, it's": 1, 
            "hurry up wait heard you the first time,": 1, 
            "i did or just say what should i": 1, 
            "i don't give a fuck who the hell": 1, 
            "i fell behind i thought it'd be smooth": 1, 
            "i guess it's all in the mind but": 1, 
            "i never asked to be part of your": 1, 
            "i say hmm, ok yeah yeah right right": 1, 
            "i start to cringe every word that you": 1, 
            "i thought it'd be smooth like a nice": 1, 
            "i'll throw you the rock what's goin on": 1, 
            "in my head and why has the sky": 1, 
            "in my head heard you the fist time": 1, 
            "in my head now, i don't give a": 1, 
            "in my head why's this sky gone red": 3, 
            "in pink ribbon so pretty my name's mike": 1, 
            "in the mind but i fell behind i": 1, 
            "in your cellular i never asked to be": 1, 
            "in your phone ok you lie like a": 1, 
            "is goin on in my head why's this": 2, 
            "is going on in my head heard you": 1, 
            "is going on in my head now, i": 1, 
            "is going on in my head why's this": 1, 
            "is i did or just say what should": 1, 
            "is lackluster plus it seems you're trying to": 1, 
            "it is i did or just say what": 1, 
            "it seems you're trying to pull a filibuster": 1, 
            "it'd be smooth like a nice nutter butter": 1, 
            "it's a curse, it's the telephone now let's": 1, 
            "it's a gift, it's a curse, it's the": 1, 
            "it's all in the mind but i fell": 1, 
            "it's crock what you say, is lackluster plus": 1, 
            "it's the telephone now let's start over with": 1, 
            "just can't stop a word comes to mind,": 1, 
            "just say what should i say hmm, ok": 1, 
            "kind rewind or at least tell me what": 1, 
            "lackluster plus it seems you're trying to pull": 1, 
            "later, when you coming home it's a gift,": 1, 
            "least tell me what it is i did": 1, 
            "let's start over with a nice clean slate": 1, 
            "lie like a plain clothes cop take a": 1, 
            "like a nice nutter butter but i start": 1, 
            "like a plain clothes cop take a minute": 1, 
            "look and take stock take a minute get": 1, 
            "me somethin new to start the day said": 1, 
            "me what it is i did or just": 1, 
            "mike d from new york city i guess": 1, 
            "mind but i fell behind i thought it'd": 1, 
            "mind got to slow down rewind what is": 1, 
            "mind unlocked get open and i'll throw you": 1, 
            "mind, it's crock what you say, is lackluster": 1, 
            "minute get your mind unlocked get open and": 1, 
            "minute take a look and take stock take": 1, 
            "money calm down for real got to control": 1, 
            "my head and why has the sky gone": 1, 
            "my head heard you the fist time that": 1, 
            "my head now, i don't give a fuck": 1, 
            "my head why's this sky gone red what": 3, 
            "my mind got to slow down rewind what": 1, 
            "my name's mike d from new york city": 1, 
            "my space, ok yeah yeah right right -": 1, 
            "name's mike d from new york city i": 1, 
            "never asked to be part of your day": 1, 
            "new to start the day said see you": 1, 
            "new york city i guess it's all in": 1, 
            "nice clean slate please stop stressing with the": 1, 
            "nice nutter butter but i start to cringe": 1, 
            "now let's start over with a nice clean": 1, 
            "now what is goin on in my head": 1, 
            "now, i don't give a fuck who the": 1, 
            "nutter butter but i start to cringe every": 1, 
            "oah-kayyyyy you talk and talk and you just": 1, 
            "of your day so please stop shouting in": 1, 
            "ok": 1, 
            "ok ok": 1, 
            "ok ok wrapped in pink ribbon so pretty": 1, 
            "ok wrapped in pink ribbon so pretty my": 1, 
            "ok yeah yeah right right - ok ok": 2, 
            "ok you lie like a plain clothes cop": 1, 
            "okay tell me somethin new to start the": 1, 
            "on in my head and why has the": 1, 
            "on in my head heard you the fist": 1, 
            "on in my head now, i don't give": 1, 
            "on in my head why's this sky gone": 3, 
            "open and i'll throw you the rock what's": 1, 
            "or at least tell me what it is": 1, 
            "or just say what should i say hmm,": 1, 
            "out my space, ok yeah yeah right right": 1, 
            "over with a nice clean slate please stop": 1, 
            "part of your day so please stop shouting": 1, 
            "phone ok you lie like a plain clothes": 1, 
            "pink ribbon so pretty my name's mike d": 1, 
            "plain clothes cop take a minute take a": 1, 
            "please stop shouting in your cellular i never": 1, 
            "please stop shouting in your phone ok you": 1, 
            "please stop stressing with the hurry up wait": 1, 
            "plus it seems you're trying to pull a": 1, 
            "pretty my name's mike d from new york": 1, 
            "pull a filibuster yeah right yeah okay tell": 1, 
            "real got to control my mind got to": 1, 
            "red be kind rewind or at least tell": 1, 
            "red what is goin on in my head": 1, 
            "red what is going on in my head": 2, 
            "rewind or at least tell me what it": 1, 
            "rewind what is going on in my head": 1, 
            "ribbon so pretty my name's mike d from": 1, 
            "right - ok ok": 1, 
            "right - ok ok wrapped in pink ribbon": 1, 
            "right right - ok ok": 1, 
            "right right - ok ok wrapped in pink": 1, 
            "right yeah okay tell me somethin new to": 1, 
            "rock what's goin on in my head and": 1, 
            "said see you later, when you coming home": 1, 
            "said yo're a big deal but money calm": 1, 
            "say hmm, ok yeah yeah right right -": 1, 
            "say what should i say hmm, ok yeah": 1, 
            "say, is lackluster plus it seems you're trying": 1, 
            "see you later, when you coming home it's": 1, 
            "seems you're trying to pull a filibuster yeah": 1, 
            "should i say hmm, ok yeah yeah right": 1, 
            "shouting in your cellular i never asked to": 1, 
            "shouting in your phone ok you lie like": 1, 
            "sky gone all red be kind rewind or": 1, 
            "sky gone red what is goin on in": 1, 
            "sky gone red what is going on in": 2, 
            "slate please stop stressing with the hurry up": 1, 
            "slow down rewind what is going on in": 1, 
            "smooth like a nice nutter butter but i": 1, 
            "so please stop shouting in your phone ok": 1, 
            "so pretty my name's mike d from new": 1, 
            "somethin new to start the day said see": 1, 
            "sounds great but back up out my space,": 1, 
            "sounds great now what is goin on in": 1, 
            "space, ok yeah yeah right right - ok": 1, 
            "start over with a nice clean slate please": 1, 
            "start the day said see you later, when": 1, 
            "start to cringe every word that you utter": 1, 
            "stock take a minute get your mind unlocked": 1, 
            "stop a word comes to mind, it's crock": 1, 
            "stop shouting in your cellular i never asked": 1, 
            "stop shouting in your phone ok you lie": 1, 
            "stop stressing with the hurry up wait heard": 1, 
            "stressing with the hurry up wait heard you": 1, 
            "take a look and take stock take a": 1, 
            "take a minute get your mind unlocked get": 1, 
            "take a minute take a look and take": 1, 
            "take stock take a minute get your mind": 1, 
            "talk and talk and you just can't stop": 1, 
            "talk and you just can't stop a word": 1, 
            "telephone now let's start over with a nice": 1, 
            "tell me somethin new to start the day": 1, 
            "tell me what it is i did or": 1, 
            "that sounds great but back up out my": 1, 
            "that sounds great now what is goin on": 1, 
            "that you utter yes you said yo're a": 1, 
            "the day said see you later, when you": 1, 
            "the first time, that sounds great but back": 1, 
            "the fist time that sounds great now what": 1, 
            "the hell you are please stop shouting in": 1, 
            "the hurry up wait heard you the first": 1, 
            "the mind but i fell behind i thought": 1, 
            "the rock what's goin on in my head": 1, 
            "the sky gone all red be kind rewind": 1, 
            "the telephone now let's start over with a": 1, 
            "this sky gone red what is goin on": 1, 
            "this sky gone red what is going on": 2, 
            "thought it'd be smooth like a nice nutter": 1, 
            "throw you the rock what's goin on in": 1, 
            "time that sounds great now what is goin": 1, 
            "time, that sounds great but back up out": 1, 
            "to be part of your day so please": 1, 
            "to control my mind got to slow down": 1, 
            "to cringe every word that you utter yes": 1, 
            "to mind, it's crock what you say, is": 1, 
            "to pull a filibuster yeah right yeah okay": 1, 
            "to slow down rewind what is going on": 1, 
            "to start the day said see you later,": 1, 
            "trying to pull a filibuster yeah right yeah": 1, 
            "unlocked get open and i'll throw you the": 1, 
            "up out my space, ok yeah yeah right": 1, 
            "up wait heard you the first time, that": 1, 
            "utter yes you said yo're a big deal": 1, 
            "wait heard you the first time, that sounds": 1, 
            "what is goin on in my head why's": 2, 
            "what is going on in my head heard": 1, 
            "what is going on in my head now,": 1, 
            "what is going on in my head why's": 1, 
            "what it is i did or just say": 1, 
            "what should i say hmm, ok yeah yeah": 1, 
            "what you say, is lackluster plus it seems": 1, 
            "what's goin on in my head and why": 1, 
            "when you coming home it's a gift, it's": 1, 
            "who the hell you are please stop shouting": 1, 
            "why has the sky gone all red be": 1, 
            "why's this sky gone red what is goin": 1, 
            "why's this sky gone red what is going": 2, 
            "with a nice clean slate please stop stressing": 1, 
            "with the hurry up wait heard you the": 1, 
            "word comes to mind, it's crock what you": 1, 
            "word that you utter yes you said yo're": 1, 
            "wrapped in pink ribbon so pretty my name's": 1, 
            "yeah okay tell me somethin new to start": 1, 
            "yeah right right - ok ok": 1, 
            "yeah right right - ok ok wrapped in": 1, 
            "yeah right yeah okay tell me somethin new": 1, 
            "yeah yeah right right - ok ok": 1, 
            "yeah yeah right right - ok ok wrapped": 1, 
            "yes you said yo're a big deal but": 1, 
            "yo're a big deal but money calm down": 1, 
            "york city i guess it's all in the": 1, 
            "you are please stop shouting in your cellular": 1, 
            "you coming home it's a gift, it's a": 1, 
            "you just can't stop a word comes to": 1, 
            "you later, when you coming home it's a": 1, 
            "you lie like a plain clothes cop take": 1, 
            "you said yo're a big deal but money": 1, 
            "you say, is lackluster plus it seems you're": 1, 
            "you talk and talk and you just can't": 1, 
            "you the first time, that sounds great but": 1, 
            "you the fist time that sounds great now": 1, 
            "you the rock what's goin on in my": 1, 
            "you utter yes you said yo're a big": 1, 
            "you're trying to pull a filibuster yeah right": 1, 
            "your cellular i never asked to be part": 1, 
            "your day so please stop shouting in your": 1, 
            "your mind unlocked get open and i'll throw": 1, 
            "your phone ok you lie like a plain": 1
        }
    }, 
    "song_title": "Ok", 
    "total_words": [
        334, 
        {
            "-": 2, 
            "a": 12, 
            "all": 2, 
            "and": 5, 
            "are": 1, 
            "asked": 1, 
            "at": 1, 
            "back": 1, 
            "be": 3, 
            "behind": 1, 
            "big": 1, 
            "but": 4, 
            "butter": 1, 
            "calm": 1, 
            "can't": 1, 
            "cellular": 1, 
            "city": 1, 
            "clean": 1, 
            "clothes": 1, 
            "comes": 1, 
            "coming": 1, 
            "control": 1, 
            "cop": 1, 
            "cringe": 1, 
            "crock": 1, 
            "curse,": 1, 
            "d": 1, 
            "day": 2, 
            "deal": 1, 
            "did": 1, 
            "don't": 1, 
            "down": 2, 
            "every": 1, 
            "fell": 1, 
            "filibuster": 1, 
            "first": 1, 
            "fist": 1, 
            "for": 1, 
            "from": 1, 
            "fuck": 1, 
            "get": 2, 
            "gift,": 1, 
            "give": 1, 
            "goin": 3, 
            "going": 3, 
            "gone": 4, 
            "got": 2, 
            "great": 2, 
            "guess": 1, 
            "has": 1, 
            "head": 6, 
            "heard": 2, 
            "hell": 1, 
            "hmm,": 1, 
            "home": 1, 
            "hurry": 1, 
            "i": 8, 
            "i'll": 1, 
            "in": 10, 
            "is": 7, 
            "it": 2, 
            "it'd": 1, 
            "it's": 5, 
            "just": 2, 
            "kind": 1, 
            "lackluster": 1, 
            "later,": 1, 
            "least": 1, 
            "let's": 1, 
            "lie": 1, 
            "like": 2, 
            "look": 1, 
            "me": 2, 
            "mike": 1, 
            "mind": 3, 
            "mind,": 1, 
            "minute": 2, 
            "money": 1, 
            "my": 9, 
            "name's": 1, 
            "never": 1, 
            "new": 2, 
            "nice": 2, 
            "now": 2, 
            "now,": 1, 
            "nutter": 1, 
            "oah-kayyyyy": 1, 
            "of": 1, 
            "ok": 7, 
            "okay": 1, 
            "on": 6, 
            "open": 1, 
            "or": 2, 
            "out": 1, 
            "over": 1, 
            "part": 1, 
            "phone": 1, 
            "pink": 1, 
            "plain": 1, 
            "please": 3, 
            "plus": 1, 
            "pretty": 1, 
            "pull": 1, 
            "real": 1, 
            "red": 4, 
            "rewind": 2, 
            "ribbon": 1, 
            "right": 5, 
            "rock": 1, 
            "said": 2, 
            "say": 2, 
            "say,": 1, 
            "see": 1, 
            "seems": 1, 
            "should": 1, 
            "shouting": 2, 
            "sky": 4, 
            "slate": 1, 
            "slow": 1, 
            "smooth": 1, 
            "so": 2, 
            "somethin": 1, 
            "sounds": 2, 
            "space,": 1, 
            "start": 3, 
            "stock": 1, 
            "stop": 4, 
            "stressing": 1, 
            "take": 4, 
            "talk": 2, 
            "telephone": 1, 
            "tell": 2, 
            "that": 3, 
            "the": 9, 
            "this": 3, 
            "thought": 1, 
            "throw": 1, 
            "time": 1, 
            "time,": 1, 
            "to": 7, 
            "trying": 1, 
            "unlocked": 1, 
            "up": 2, 
            "utter": 1, 
            "wait": 1, 
            "what": 8, 
            "what's": 1, 
            "when": 1, 
            "who": 1, 
            "why": 1, 
            "why's": 3, 
            "with": 2, 
            "word": 2, 
            "wrapped": 1, 
            "yeah": 6, 
            "yes": 1, 
            "yo're": 1, 
            "york": 1, 
            "you": 12, 
            "you're": 1, 
            "your": 4
        }
    ], 
    "unique_words": [
        161, 
        [
            "all", 
            "just", 
            "don't", 
            "money", 
            "over", 
            "utter", 
            "yes", 
            "slow", 
            "lackluster", 
            "trying", 
            "sky", 
            "should", 
            "to", 
            "going", 
            "hmm,", 
            "pretty", 
            "has", 
            "real", 
            "me", 
            "get", 
            "big", 
            "slate", 
            "space,", 
            "every", 
            "cellular", 
            "new", 
            "now", 
            "day", 
            "minute", 
            "d", 
            "crock", 
            "did", 
            "rock", 
            "nice", 
            "cringe", 
            "clothes", 
            "i'll", 
            "why's", 
            "right", 
            "deal", 
            "yeah", 
            "see", 
            "are", 
            "fist", 
            "hell", 
            "home", 
            "ribbon", 
            "out", 
            "what", 
            "said", 
            "for", 
            "unlocked", 
            "please", 
            "time,", 
            "mind,", 
            "behind", 
            "it", 
            "got", 
            "red", 
            "be", 
            "city", 
            "never", 
            "like", 
            "york", 
            "fuck", 
            "name's", 
            "say,", 
            "throw", 
            "wait", 
            "on", 
            "great", 
            "ok", 
            "of", 
            "plus", 
            "asked", 
            "comes", 
            "first", 
            "and", 
            "seems", 
            "down", 
            "sounds", 
            "open", 
            "your", 
            "now,", 
            "you're", 
            "guess", 
            "from", 
            "oah-kayyyyy", 
            "shouting", 
            "it's", 
            "least", 
            "start", 
            "calm", 
            "wrapped", 
            "tell", 
            "it'd", 
            "filibuster", 
            "butter", 
            "head", 
            "that", 
            "nutter", 
            "what's", 
            "-", 
            "but", 
            "back", 
            "phone", 
            "part", 
            "curse,", 
            "hurry", 
            "with", 
            "later,", 
            "pull", 
            "kind", 
            "word", 
            "look", 
            "this", 
            "plain", 
            "when", 
            "smooth", 
            "up", 
            "my", 
            "control", 
            "gone", 
            "give", 
            "is", 
            "cop", 
            "mind", 
            "stressing", 
            "gift,", 
            "heard", 
            "say", 
            "at", 
            "in", 
            "pink", 
            "lie", 
            "mike", 
            "take", 
            "rewind", 
            "you", 
            "stock", 
            "okay", 
            "stop", 
            "who", 
            "let's", 
            "fell", 
            "coming", 
            "why", 
            "goin", 
            "a", 
            "somethin", 
            "i", 
            "or", 
            "thought", 
            "so", 
            "can't", 
            "clean", 
            "time", 
            "telephone", 
            "yo're", 
            "the", 
            "talk"
        ]
    ], 
    "year": 2011
}