{
    "album": "Hot Sauce Committee Part Two", 
    "artist": "Beastie Boys", 
    "lyrics": "Say it\nTo the heart of the matter, the mic I shatter\nSo cold on the mic I make your teeth chatter\nWhile you climb the corporate ladder\nTo make your pockets fatter\nWe be flipping styles like pancake batter\nLooking through your binos spying on me\nBut I'm running like a Rhino on a drinking spree\nYou call yourself an MC but what's your truth?\nGotta let it loose inside the toll booth\nSuckers sniffin' on socks, chewin' on rocks\nMy complication want the combination to the lock\nYou wanna get inside well then you best knock knock\nAnd when you get on you got to rock non-stop\nOnce it hits your mind what'cha gonna do?\nDon't keep it inside you've got to;\nSay it: Let it out - let it out\nScream it: gonna shout - gonna shout\nWrite it: put it out - put it out\nSay it: get it out - get it out\nWatchout come again now sucker\nYaaaaaaaaaa\nWell I can feel it my bloodstream, see it in their eyes\nPeople lining up for their own demise\nTo help the man make weapons to monetize\nCorporate violence we can't abide\nYou can keep your bottle service and your cabana\nBust your ass drunk like you slipped on a banana\nLike nick nack patty wack you've got to let it out\nFrom the mind to the mic to the word to a shout\nMind to the rhyme paper to the pen\nThe brand new dance called the David Rodigan\nYou sure you really wanna let me begin\nYou can't stop me rhymin' when I'm on I'm all in\nLife is good and then it gets you\nStuff you thought, it comes true\nOnce it hits your mind what'cha gonna do?\nDon't keep it inside you've got to;\nSay it: Let it out - let it out\nScream it: gonna shout - gonna shout\nWrite it: put it out - put it out\nSay it: get it out - get it out\nWatchout come again now sucker\nWatchout come again now sucker\nWatchout come again now sucker\nWatchout come again now sucker\n", 
    "ngrams": {
        "2": {
            "": 1395, 
            "- get": 2, 
            "- gonna": 2, 
            "- let": 2, 
            "- put": 2, 
            "a banana": 1, 
            "a drinking": 1, 
            "a rhino": 1, 
            "a shout": 1, 
            "abide you": 1, 
            "again now": 5, 
            "all in": 1, 
            "an mc": 1, 
            "and then": 1, 
            "and when": 1, 
            "and your": 1, 
            "ass drunk": 1, 
            "banana like": 1, 
            "batter looking": 1, 
            "be flipping": 1, 
            "begin you": 1, 
            "best knock": 1, 
            "binos spying": 1, 
            "bloodstream, see": 1, 
            "booth suckers": 1, 
            "bottle service": 1, 
            "brand new": 1, 
            "bust your": 1, 
            "but i'm": 1, 
            "but what's": 1, 
            "cabana bust": 1, 
            "call yourself": 1, 
            "called the": 1, 
            "can feel": 1, 
            "can keep": 1, 
            "can't abide": 1, 
            "can't stop": 1, 
            "chatter while": 1, 
            "chewin' on": 1, 
            "climb the": 1, 
            "cold on": 1, 
            "combination to": 1, 
            "come again": 5, 
            "comes true": 1, 
            "complication want": 1, 
            "corporate ladder": 1, 
            "corporate violence": 1, 
            "dance called": 1, 
            "david rodigan": 1, 
            "demise to": 1, 
            "do don't": 2, 
            "don't keep": 2, 
            "drinking spree": 1, 
            "drunk like": 1, 
            "eyes people": 1, 
            "fatter we": 1, 
            "feel it": 1, 
            "flipping styles": 1, 
            "for their": 1, 
            "from the": 1, 
            "get inside": 1, 
            "get it": 4, 
            "get on": 1, 
            "gets you": 1, 
            "gonna do": 2, 
            "gonna shout": 4, 
            "good and": 1, 
            "got to": 4, 
            "gotta let": 1, 
            "heart of": 1, 
            "help the": 1, 
            "hits your": 2, 
            "i can": 1, 
            "i make": 1, 
            "i shatter": 1, 
            "i'm all": 1, 
            "i'm on": 1, 
            "i'm running": 1, 
            "in life": 1, 
            "in their": 1, 
            "inside the": 1, 
            "inside well": 1, 
            "inside you've": 2, 
            "is good": 1, 
            "it comes": 1, 
            "it get": 2, 
            "it gets": 1, 
            "it gonna": 2, 
            "it hits": 2, 
            "it in": 1, 
            "it inside": 2, 
            "it let": 2, 
            "it loose": 1, 
            "it my": 1, 
            "it out": 13, 
            "it put": 2, 
            "it to": 1, 
            "keep it": 2, 
            "keep your": 1, 
            "knock and": 1, 
            "knock knock": 1, 
            "ladder to": 1, 
            "let it": 6, 
            "let me": 1, 
            "life is": 1, 
            "like a": 1, 
            "like nick": 1, 
            "like pancake": 1, 
            "like you": 1, 
            "lining up": 1, 
            "lock you": 1, 
            "looking through": 1, 
            "loose inside": 1, 
            "make weapons": 1, 
            "make your": 2, 
            "man make": 1, 
            "matter, the": 1, 
            "mc but": 1, 
            "me begin": 1, 
            "me but": 1, 
            "me rhymin'": 1, 
            "mic i": 2, 
            "mic to": 1, 
            "mind to": 2, 
            "mind what'cha": 2, 
            "monetize corporate": 1, 
            "my bloodstream,": 1, 
            "my complication": 1, 
            "nack patty": 1, 
            "new dance": 1, 
            "nick nack": 1, 
            "non-stop once": 1, 
            "now sucker": 5, 
            "of the": 1, 
            "on a": 2, 
            "on i'm": 1, 
            "on me": 1, 
            "on rocks": 1, 
            "on socks,": 1, 
            "on the": 1, 
            "on you": 1, 
            "once it": 2, 
            "out -": 6, 
            "out from": 1, 
            "out say": 2, 
            "out scream": 2, 
            "out watchout": 2, 
            "own demise": 1, 
            "pancake batter": 1, 
            "paper to": 1, 
            "patty wack": 1, 
            "pen the": 1, 
            "people lining": 1, 
            "pockets fatter": 1, 
            "put it": 4, 
            "really wanna": 1, 
            "rhino on": 1, 
            "rhyme paper": 1, 
            "rhymin' when": 1, 
            "rock non-stop": 1, 
            "rocks my": 1, 
            "rodigan you": 1, 
            "running like": 1, 
            "say it": 5, 
            "scream it": 2, 
            "see it": 1, 
            "service and": 1, 
            "shatter so": 1, 
            "shout -": 2, 
            "shout mind": 1, 
            "shout write": 2, 
            "slipped on": 1, 
            "sniffin' on": 1, 
            "so cold": 1, 
            "socks, chewin'": 1, 
            "spree you": 1, 
            "spying on": 1, 
            "stop me": 1, 
            "stuff you": 1, 
            "styles like": 1, 
            "sucker": 1, 
            "sucker watchout": 3, 
            "sucker yaaaaaaaaaa": 1, 
            "suckers sniffin'": 1, 
            "sure you": 1, 
            "teeth chatter": 1, 
            "the brand": 1, 
            "the combination": 1, 
            "the corporate": 1, 
            "the david": 1, 
            "the heart": 1, 
            "the lock": 1, 
            "the man": 1, 
            "the matter,": 1, 
            "the mic": 3, 
            "the mind": 1, 
            "the pen": 1, 
            "the rhyme": 1, 
            "the toll": 1, 
            "the word": 1, 
            "their eyes": 1, 
            "their own": 1, 
            "then it": 1, 
            "then you": 1, 
            "thought, it": 1, 
            "through your": 1, 
            "to a": 1, 
            "to help": 1, 
            "to let": 1, 
            "to make": 1, 
            "to monetize": 1, 
            "to rock": 1, 
            "to say": 2, 
            "to the": 6, 
            "toll booth": 1, 
            "true once": 1, 
            "truth gotta": 1, 
            "up for": 1, 
            "violence we": 1, 
            "wack you've": 1, 
            "wanna get": 1, 
            "wanna let": 1, 
            "want the": 1, 
            "watchout come": 5, 
            "we be": 1, 
            "we can't": 1, 
            "weapons to": 1, 
            "well i": 1, 
            "well then": 1, 
            "what'cha gonna": 2, 
            "what's your": 1, 
            "when i'm": 1, 
            "when you": 1, 
            "while you": 1, 
            "word to": 1, 
            "write it": 2, 
            "yaaaaaaaaaa well": 1, 
            "you best": 1, 
            "you call": 1, 
            "you can": 1, 
            "you can't": 1, 
            "you climb": 1, 
            "you get": 1, 
            "you got": 1, 
            "you really": 1, 
            "you slipped": 1, 
            "you stuff": 1, 
            "you sure": 1, 
            "you thought,": 1, 
            "you wanna": 1, 
            "you've got": 3, 
            "your ass": 1, 
            "your binos": 1, 
            "your bottle": 1, 
            "your cabana": 1, 
            "your mind": 2, 
            "your pockets": 1, 
            "your teeth": 1, 
            "your truth": 1, 
            "yourself an": 1
        }, 
        "3": {
            "": 1394, 
            "- get it": 2, 
            "- gonna shout": 2, 
            "- let it": 2, 
            "- put it": 2, 
            "a banana like": 1, 
            "a drinking spree": 1, 
            "a rhino on": 1, 
            "a shout mind": 1, 
            "abide you can": 1, 
            "again now sucker": 5, 
            "all in life": 1, 
            "an mc but": 1, 
            "and then it": 1, 
            "and when you": 1, 
            "and your cabana": 1, 
            "ass drunk like": 1, 
            "banana like nick": 1, 
            "batter looking through": 1, 
            "be flipping styles": 1, 
            "begin you can't": 1, 
            "best knock knock": 1, 
            "binos spying on": 1, 
            "bloodstream, see it": 1, 
            "booth suckers sniffin'": 1, 
            "bottle service and": 1, 
            "brand new dance": 1, 
            "bust your ass": 1, 
            "but i'm running": 1, 
            "but what's your": 1, 
            "cabana bust your": 1, 
            "call yourself an": 1, 
            "called the david": 1, 
            "can feel it": 1, 
            "can keep your": 1, 
            "can't abide you": 1, 
            "can't stop me": 1, 
            "chatter while you": 1, 
            "chewin' on rocks": 1, 
            "climb the corporate": 1, 
            "cold on the": 1, 
            "combination to the": 1, 
            "come again now": 5, 
            "comes true once": 1, 
            "complication want the": 1, 
            "corporate ladder to": 1, 
            "corporate violence we": 1, 
            "dance called the": 1, 
            "david rodigan you": 1, 
            "demise to help": 1, 
            "do don't keep": 2, 
            "don't keep it": 2, 
            "drinking spree you": 1, 
            "drunk like you": 1, 
            "eyes people lining": 1, 
            "fatter we be": 1, 
            "feel it my": 1, 
            "flipping styles like": 1, 
            "for their own": 1, 
            "from the mind": 1, 
            "get inside well": 1, 
            "get it out": 4, 
            "get on you": 1, 
            "gets you stuff": 1, 
            "gonna do don't": 2, 
            "gonna shout -": 2, 
            "gonna shout write": 2, 
            "good and then": 1, 
            "got to let": 1, 
            "got to rock": 1, 
            "got to say": 2, 
            "gotta let it": 1, 
            "heart of the": 1, 
            "help the man": 1, 
            "hits your mind": 2, 
            "i can feel": 1, 
            "i make your": 1, 
            "i shatter so": 1, 
            "i'm all in": 1, 
            "i'm on i'm": 1, 
            "i'm running like": 1, 
            "in life is": 1, 
            "in their eyes": 1, 
            "inside the toll": 1, 
            "inside well then": 1, 
            "inside you've got": 2, 
            "is good and": 1, 
            "it comes true": 1, 
            "it get it": 2, 
            "it gets you": 1, 
            "it gonna shout": 2, 
            "it hits your": 2, 
            "it in their": 1, 
            "it inside you've": 2, 
            "it let it": 2, 
            "it loose inside": 1, 
            "it my bloodstream,": 1, 
            "it out -": 6, 
            "it out from": 1, 
            "it out say": 2, 
            "it out scream": 2, 
            "it out watchout": 2, 
            "it put it": 2, 
            "it to the": 1, 
            "keep it inside": 2, 
            "keep your bottle": 1, 
            "knock and when": 1, 
            "knock knock and": 1, 
            "ladder to make": 1, 
            "let it loose": 1, 
            "let it out": 5, 
            "let me begin": 1, 
            "life is good": 1, 
            "like a rhino": 1, 
            "like nick nack": 1, 
            "like pancake batter": 1, 
            "like you slipped": 1, 
            "lining up for": 1, 
            "lock you wanna": 1, 
            "looking through your": 1, 
            "loose inside the": 1, 
            "make weapons to": 1, 
            "make your pockets": 1, 
            "make your teeth": 1, 
            "man make weapons": 1, 
            "matter, the mic": 1, 
            "mc but what's": 1, 
            "me begin you": 1, 
            "me but i'm": 1, 
            "me rhymin' when": 1, 
            "mic i make": 1, 
            "mic i shatter": 1, 
            "mic to the": 1, 
            "mind to the": 2, 
            "mind what'cha gonna": 2, 
            "monetize corporate violence": 1, 
            "my bloodstream, see": 1, 
            "my complication want": 1, 
            "nack patty wack": 1, 
            "new dance called": 1, 
            "nick nack patty": 1, 
            "non-stop once it": 1, 
            "now sucker": 1, 
            "now sucker watchout": 3, 
            "now sucker yaaaaaaaaaa": 1, 
            "of the matter,": 1, 
            "on a banana": 1, 
            "on a drinking": 1, 
            "on i'm all": 1, 
            "on me but": 1, 
            "on rocks my": 1, 
            "on socks, chewin'": 1, 
            "on the mic": 1, 
            "on you got": 1, 
            "once it hits": 2, 
            "out - get": 2, 
            "out - let": 2, 
            "out - put": 2, 
            "out from the": 1, 
            "out say it": 2, 
            "out scream it": 2, 
            "out watchout come": 2, 
            "own demise to": 1, 
            "pancake batter looking": 1, 
            "paper to the": 1, 
            "patty wack you've": 1, 
            "pen the brand": 1, 
            "people lining up": 1, 
            "pockets fatter we": 1, 
            "put it out": 4, 
            "really wanna let": 1, 
            "rhino on a": 1, 
            "rhyme paper to": 1, 
            "rhymin' when i'm": 1, 
            "rock non-stop once": 1, 
            "rocks my complication": 1, 
            "rodigan you sure": 1, 
            "running like a": 1, 
            "say it get": 2, 
            "say it let": 2, 
            "say it to": 1, 
            "scream it gonna": 2, 
            "see it in": 1, 
            "service and your": 1, 
            "shatter so cold": 1, 
            "shout - gonna": 2, 
            "shout mind to": 1, 
            "shout write it": 2, 
            "slipped on a": 1, 
            "sniffin' on socks,": 1, 
            "so cold on": 1, 
            "socks, chewin' on": 1, 
            "spree you call": 1, 
            "spying on me": 1, 
            "stop me rhymin'": 1, 
            "stuff you thought,": 1, 
            "styles like pancake": 1, 
            "sucker": 1, 
            "sucker watchout come": 3, 
            "sucker yaaaaaaaaaa well": 1, 
            "suckers sniffin' on": 1, 
            "sure you really": 1, 
            "teeth chatter while": 1, 
            "the brand new": 1, 
            "the combination to": 1, 
            "the corporate ladder": 1, 
            "the david rodigan": 1, 
            "the heart of": 1, 
            "the lock you": 1, 
            "the man make": 1, 
            "the matter, the": 1, 
            "the mic i": 2, 
            "the mic to": 1, 
            "the mind to": 1, 
            "the pen the": 1, 
            "the rhyme paper": 1, 
            "the toll booth": 1, 
            "the word to": 1, 
            "their eyes people": 1, 
            "their own demise": 1, 
            "then it gets": 1, 
            "then you best": 1, 
            "thought, it comes": 1, 
            "through your binos": 1, 
            "to a shout": 1, 
            "to help the": 1, 
            "to let it": 1, 
            "to make your": 1, 
            "to monetize corporate": 1, 
            "to rock non-stop": 1, 
            "to say it": 2, 
            "to the heart": 1, 
            "to the lock": 1, 
            "to the mic": 1, 
            "to the pen": 1, 
            "to the rhyme": 1, 
            "to the word": 1, 
            "toll booth suckers": 1, 
            "true once it": 1, 
            "truth gotta let": 1, 
            "up for their": 1, 
            "violence we can't": 1, 
            "wack you've got": 1, 
            "wanna get inside": 1, 
            "wanna let me": 1, 
            "want the combination": 1, 
            "watchout come again": 5, 
            "we be flipping": 1, 
            "we can't abide": 1, 
            "weapons to monetize": 1, 
            "well i can": 1, 
            "well then you": 1, 
            "what'cha gonna do": 2, 
            "what's your truth": 1, 
            "when i'm on": 1, 
            "when you get": 1, 
            "while you climb": 1, 
            "word to a": 1, 
            "write it put": 2, 
            "yaaaaaaaaaa well i": 1, 
            "you best knock": 1, 
            "you call yourself": 1, 
            "you can keep": 1, 
            "you can't stop": 1, 
            "you climb the": 1, 
            "you get on": 1, 
            "you got to": 1, 
            "you really wanna": 1, 
            "you slipped on": 1, 
            "you stuff you": 1, 
            "you sure you": 1, 
            "you thought, it": 1, 
            "you wanna get": 1, 
            "you've got to": 3, 
            "your ass drunk": 1, 
            "your binos spying": 1, 
            "your bottle service": 1, 
            "your cabana bust": 1, 
            "your mind what'cha": 2, 
            "your pockets fatter": 1, 
            "your teeth chatter": 1, 
            "your truth gotta": 1, 
            "yourself an mc": 1
        }, 
        "4": {
            "": 1393, 
            "- get it out": 2, 
            "- gonna shout write": 2, 
            "- let it out": 2, 
            "- put it out": 2, 
            "a banana like nick": 1, 
            "a drinking spree you": 1, 
            "a rhino on a": 1, 
            "a shout mind to": 1, 
            "abide you can keep": 1, 
            "again now sucker": 1, 
            "again now sucker watchout": 3, 
            "again now sucker yaaaaaaaaaa": 1, 
            "all in life is": 1, 
            "an mc but what's": 1, 
            "and then it gets": 1, 
            "and when you get": 1, 
            "and your cabana bust": 1, 
            "ass drunk like you": 1, 
            "banana like nick nack": 1, 
            "batter looking through your": 1, 
            "be flipping styles like": 1, 
            "begin you can't stop": 1, 
            "best knock knock and": 1, 
            "binos spying on me": 1, 
            "bloodstream, see it in": 1, 
            "booth suckers sniffin' on": 1, 
            "bottle service and your": 1, 
            "brand new dance called": 1, 
            "bust your ass drunk": 1, 
            "but i'm running like": 1, 
            "but what's your truth": 1, 
            "cabana bust your ass": 1, 
            "call yourself an mc": 1, 
            "called the david rodigan": 1, 
            "can feel it my": 1, 
            "can keep your bottle": 1, 
            "can't abide you can": 1, 
            "can't stop me rhymin'": 1, 
            "chatter while you climb": 1, 
            "chewin' on rocks my": 1, 
            "climb the corporate ladder": 1, 
            "cold on the mic": 1, 
            "combination to the lock": 1, 
            "come again now sucker": 5, 
            "comes true once it": 1, 
            "complication want the combination": 1, 
            "corporate ladder to make": 1, 
            "corporate violence we can't": 1, 
            "dance called the david": 1, 
            "david rodigan you sure": 1, 
            "demise to help the": 1, 
            "do don't keep it": 2, 
            "don't keep it inside": 2, 
            "drinking spree you call": 1, 
            "drunk like you slipped": 1, 
            "eyes people lining up": 1, 
            "fatter we be flipping": 1, 
            "feel it my bloodstream,": 1, 
            "flipping styles like pancake": 1, 
            "for their own demise": 1, 
            "from the mind to": 1, 
            "get inside well then": 1, 
            "get it out -": 2, 
            "get it out watchout": 2, 
            "get on you got": 1, 
            "gets you stuff you": 1, 
            "gonna do don't keep": 2, 
            "gonna shout - gonna": 2, 
            "gonna shout write it": 2, 
            "good and then it": 1, 
            "got to let it": 1, 
            "got to rock non-stop": 1, 
            "got to say it": 2, 
            "gotta let it loose": 1, 
            "heart of the matter,": 1, 
            "help the man make": 1, 
            "hits your mind what'cha": 2, 
            "i can feel it": 1, 
            "i make your teeth": 1, 
            "i shatter so cold": 1, 
            "i'm all in life": 1, 
            "i'm on i'm all": 1, 
            "i'm running like a": 1, 
            "in life is good": 1, 
            "in their eyes people": 1, 
            "inside the toll booth": 1, 
            "inside well then you": 1, 
            "inside you've got to": 2, 
            "is good and then": 1, 
            "it comes true once": 1, 
            "it get it out": 2, 
            "it gets you stuff": 1, 
            "it gonna shout -": 2, 
            "it hits your mind": 2, 
            "it in their eyes": 1, 
            "it inside you've got": 2, 
            "it let it out": 2, 
            "it loose inside the": 1, 
            "it my bloodstream, see": 1, 
            "it out - get": 2, 
            "it out - let": 2, 
            "it out - put": 2, 
            "it out from the": 1, 
            "it out say it": 2, 
            "it out scream it": 2, 
            "it out watchout come": 2, 
            "it put it out": 2, 
            "it to the heart": 1, 
            "keep it inside you've": 2, 
            "keep your bottle service": 1, 
            "knock and when you": 1, 
            "knock knock and when": 1, 
            "ladder to make your": 1, 
            "let it loose inside": 1, 
            "let it out -": 2, 
            "let it out from": 1, 
            "let it out scream": 2, 
            "let me begin you": 1, 
            "life is good and": 1, 
            "like a rhino on": 1, 
            "like nick nack patty": 1, 
            "like pancake batter looking": 1, 
            "like you slipped on": 1, 
            "lining up for their": 1, 
            "lock you wanna get": 1, 
            "looking through your binos": 1, 
            "loose inside the toll": 1, 
            "make weapons to monetize": 1, 
            "make your pockets fatter": 1, 
            "make your teeth chatter": 1, 
            "man make weapons to": 1, 
            "matter, the mic i": 1, 
            "mc but what's your": 1, 
            "me begin you can't": 1, 
            "me but i'm running": 1, 
            "me rhymin' when i'm": 1, 
            "mic i make your": 1, 
            "mic i shatter so": 1, 
            "mic to the word": 1, 
            "mind to the mic": 1, 
            "mind to the rhyme": 1, 
            "mind what'cha gonna do": 2, 
            "monetize corporate violence we": 1, 
            "my bloodstream, see it": 1, 
            "my complication want the": 1, 
            "nack patty wack you've": 1, 
            "new dance called the": 1, 
            "nick nack patty wack": 1, 
            "non-stop once it hits": 1, 
            "now sucker": 1, 
            "now sucker watchout come": 3, 
            "now sucker yaaaaaaaaaa well": 1, 
            "of the matter, the": 1, 
            "on a banana like": 1, 
            "on a drinking spree": 1, 
            "on i'm all in": 1, 
            "on me but i'm": 1, 
            "on rocks my complication": 1, 
            "on socks, chewin' on": 1, 
            "on the mic i": 1, 
            "on you got to": 1, 
            "once it hits your": 2, 
            "out - get it": 2, 
            "out - let it": 2, 
            "out - put it": 2, 
            "out from the mind": 1, 
            "out say it get": 2, 
            "out scream it gonna": 2, 
            "out watchout come again": 2, 
            "own demise to help": 1, 
            "pancake batter looking through": 1, 
            "paper to the pen": 1, 
            "patty wack you've got": 1, 
            "pen the brand new": 1, 
            "people lining up for": 1, 
            "pockets fatter we be": 1, 
            "put it out -": 2, 
            "put it out say": 2, 
            "really wanna let me": 1, 
            "rhino on a drinking": 1, 
            "rhyme paper to the": 1, 
            "rhymin' when i'm on": 1, 
            "rock non-stop once it": 1, 
            "rocks my complication want": 1, 
            "rodigan you sure you": 1, 
            "running like a rhino": 1, 
            "say it get it": 2, 
            "say it let it": 2, 
            "say it to the": 1, 
            "scream it gonna shout": 2, 
            "see it in their": 1, 
            "service and your cabana": 1, 
            "shatter so cold on": 1, 
            "shout - gonna shout": 2, 
            "shout mind to the": 1, 
            "shout write it put": 2, 
            "slipped on a banana": 1, 
            "sniffin' on socks, chewin'": 1, 
            "so cold on the": 1, 
            "socks, chewin' on rocks": 1, 
            "spree you call yourself": 1, 
            "spying on me but": 1, 
            "stop me rhymin' when": 1, 
            "stuff you thought, it": 1, 
            "styles like pancake batter": 1, 
            "sucker": 1, 
            "sucker watchout come again": 3, 
            "sucker yaaaaaaaaaa well i": 1, 
            "suckers sniffin' on socks,": 1, 
            "sure you really wanna": 1, 
            "teeth chatter while you": 1, 
            "the brand new dance": 1, 
            "the combination to the": 1, 
            "the corporate ladder to": 1, 
            "the david rodigan you": 1, 
            "the heart of the": 1, 
            "the lock you wanna": 1, 
            "the man make weapons": 1, 
            "the matter, the mic": 1, 
            "the mic i make": 1, 
            "the mic i shatter": 1, 
            "the mic to the": 1, 
            "the mind to the": 1, 
            "the pen the brand": 1, 
            "the rhyme paper to": 1, 
            "the toll booth suckers": 1, 
            "the word to a": 1, 
            "their eyes people lining": 1, 
            "their own demise to": 1, 
            "then it gets you": 1, 
            "then you best knock": 1, 
            "thought, it comes true": 1, 
            "through your binos spying": 1, 
            "to a shout mind": 1, 
            "to help the man": 1, 
            "to let it out": 1, 
            "to make your pockets": 1, 
            "to monetize corporate violence": 1, 
            "to rock non-stop once": 1, 
            "to say it let": 2, 
            "to the heart of": 1, 
            "to the lock you": 1, 
            "to the mic to": 1, 
            "to the pen the": 1, 
            "to the rhyme paper": 1, 
            "to the word to": 1, 
            "toll booth suckers sniffin'": 1, 
            "true once it hits": 1, 
            "truth gotta let it": 1, 
            "up for their own": 1, 
            "violence we can't abide": 1, 
            "wack you've got to": 1, 
            "wanna get inside well": 1, 
            "wanna let me begin": 1, 
            "want the combination to": 1, 
            "watchout come again now": 5, 
            "we be flipping styles": 1, 
            "we can't abide you": 1, 
            "weapons to monetize corporate": 1, 
            "well i can feel": 1, 
            "well then you best": 1, 
            "what'cha gonna do don't": 2, 
            "what's your truth gotta": 1, 
            "when i'm on i'm": 1, 
            "when you get on": 1, 
            "while you climb the": 1, 
            "word to a shout": 1, 
            "write it put it": 2, 
            "yaaaaaaaaaa well i can": 1, 
            "you best knock knock": 1, 
            "you call yourself an": 1, 
            "you can keep your": 1, 
            "you can't stop me": 1, 
            "you climb the corporate": 1, 
            "you get on you": 1, 
            "you got to rock": 1, 
            "you really wanna let": 1, 
            "you slipped on a": 1, 
            "you stuff you thought,": 1, 
            "you sure you really": 1, 
            "you thought, it comes": 1, 
            "you wanna get inside": 1, 
            "you've got to let": 1, 
            "you've got to say": 2, 
            "your ass drunk like": 1, 
            "your binos spying on": 1, 
            "your bottle service and": 1, 
            "your cabana bust your": 1, 
            "your mind what'cha gonna": 2, 
            "your pockets fatter we": 1, 
            "your teeth chatter while": 1, 
            "your truth gotta let": 1, 
            "yourself an mc but": 1
        }, 
        "5": {
            "": 1392, 
            "- get it out watchout": 2, 
            "- gonna shout write it": 2, 
            "- let it out scream": 2, 
            "- put it out say": 2, 
            "a banana like nick nack": 1, 
            "a drinking spree you call": 1, 
            "a rhino on a drinking": 1, 
            "a shout mind to the": 1, 
            "abide you can keep your": 1, 
            "again now sucker": 1, 
            "again now sucker watchout come": 3, 
            "again now sucker yaaaaaaaaaa well": 1, 
            "all in life is good": 1, 
            "an mc but what's your": 1, 
            "and then it gets you": 1, 
            "and when you get on": 1, 
            "and your cabana bust your": 1, 
            "ass drunk like you slipped": 1, 
            "banana like nick nack patty": 1, 
            "batter looking through your binos": 1, 
            "be flipping styles like pancake": 1, 
            "begin you can't stop me": 1, 
            "best knock knock and when": 1, 
            "binos spying on me but": 1, 
            "bloodstream, see it in their": 1, 
            "booth suckers sniffin' on socks,": 1, 
            "bottle service and your cabana": 1, 
            "brand new dance called the": 1, 
            "bust your ass drunk like": 1, 
            "but i'm running like a": 1, 
            "but what's your truth gotta": 1, 
            "cabana bust your ass drunk": 1, 
            "call yourself an mc but": 1, 
            "called the david rodigan you": 1, 
            "can feel it my bloodstream,": 1, 
            "can keep your bottle service": 1, 
            "can't abide you can keep": 1, 
            "can't stop me rhymin' when": 1, 
            "chatter while you climb the": 1, 
            "chewin' on rocks my complication": 1, 
            "climb the corporate ladder to": 1, 
            "cold on the mic i": 1, 
            "combination to the lock you": 1, 
            "come again now sucker": 1, 
            "come again now sucker watchout": 3, 
            "come again now sucker yaaaaaaaaaa": 1, 
            "comes true once it hits": 1, 
            "complication want the combination to": 1, 
            "corporate ladder to make your": 1, 
            "corporate violence we can't abide": 1, 
            "dance called the david rodigan": 1, 
            "david rodigan you sure you": 1, 
            "demise to help the man": 1, 
            "do don't keep it inside": 2, 
            "don't keep it inside you've": 2, 
            "drinking spree you call yourself": 1, 
            "drunk like you slipped on": 1, 
            "eyes people lining up for": 1, 
            "fatter we be flipping styles": 1, 
            "feel it my bloodstream, see": 1, 
            "flipping styles like pancake batter": 1, 
            "for their own demise to": 1, 
            "from the mind to the": 1, 
            "get inside well then you": 1, 
            "get it out - get": 2, 
            "get it out watchout come": 2, 
            "get on you got to": 1, 
            "gets you stuff you thought,": 1, 
            "gonna do don't keep it": 2, 
            "gonna shout - gonna shout": 2, 
            "gonna shout write it put": 2, 
            "good and then it gets": 1, 
            "got to let it out": 1, 
            "got to rock non-stop once": 1, 
            "got to say it let": 2, 
            "gotta let it loose inside": 1, 
            "heart of the matter, the": 1, 
            "help the man make weapons": 1, 
            "hits your mind what'cha gonna": 2, 
            "i can feel it my": 1, 
            "i make your teeth chatter": 1, 
            "i shatter so cold on": 1, 
            "i'm all in life is": 1, 
            "i'm on i'm all in": 1, 
            "i'm running like a rhino": 1, 
            "in life is good and": 1, 
            "in their eyes people lining": 1, 
            "inside the toll booth suckers": 1, 
            "inside well then you best": 1, 
            "inside you've got to say": 2, 
            "is good and then it": 1, 
            "it comes true once it": 1, 
            "it get it out -": 2, 
            "it gets you stuff you": 1, 
            "it gonna shout - gonna": 2, 
            "it hits your mind what'cha": 2, 
            "it in their eyes people": 1, 
            "it inside you've got to": 2, 
            "it let it out -": 2, 
            "it loose inside the toll": 1, 
            "it my bloodstream, see it": 1, 
            "it out - get it": 2, 
            "it out - let it": 2, 
            "it out - put it": 2, 
            "it out from the mind": 1, 
            "it out say it get": 2, 
            "it out scream it gonna": 2, 
            "it out watchout come again": 2, 
            "it put it out -": 2, 
            "it to the heart of": 1, 
            "keep it inside you've got": 2, 
            "keep your bottle service and": 1, 
            "knock and when you get": 1, 
            "knock knock and when you": 1, 
            "ladder to make your pockets": 1, 
            "let it loose inside the": 1, 
            "let it out - let": 2, 
            "let it out from the": 1, 
            "let it out scream it": 2, 
            "let me begin you can't": 1, 
            "life is good and then": 1, 
            "like a rhino on a": 1, 
            "like nick nack patty wack": 1, 
            "like pancake batter looking through": 1, 
            "like you slipped on a": 1, 
            "lining up for their own": 1, 
            "lock you wanna get inside": 1, 
            "looking through your binos spying": 1, 
            "loose inside the toll booth": 1, 
            "make weapons to monetize corporate": 1, 
            "make your pockets fatter we": 1, 
            "make your teeth chatter while": 1, 
            "man make weapons to monetize": 1, 
            "matter, the mic i shatter": 1, 
            "mc but what's your truth": 1, 
            "me begin you can't stop": 1, 
            "me but i'm running like": 1, 
            "me rhymin' when i'm on": 1, 
            "mic i make your teeth": 1, 
            "mic i shatter so cold": 1, 
            "mic to the word to": 1, 
            "mind to the mic to": 1, 
            "mind to the rhyme paper": 1, 
            "mind what'cha gonna do don't": 2, 
            "monetize corporate violence we can't": 1, 
            "my bloodstream, see it in": 1, 
            "my complication want the combination": 1, 
            "nack patty wack you've got": 1, 
            "new dance called the david": 1, 
            "nick nack patty wack you've": 1, 
            "non-stop once it hits your": 1, 
            "now sucker": 1, 
            "now sucker watchout come again": 3, 
            "now sucker yaaaaaaaaaa well i": 1, 
            "of the matter, the mic": 1, 
            "on a banana like nick": 1, 
            "on a drinking spree you": 1, 
            "on i'm all in life": 1, 
            "on me but i'm running": 1, 
            "on rocks my complication want": 1, 
            "on socks, chewin' on rocks": 1, 
            "on the mic i make": 1, 
            "on you got to rock": 1, 
            "once it hits your mind": 2, 
            "out - get it out": 2, 
            "out - let it out": 2, 
            "out - put it out": 2, 
            "out from the mind to": 1, 
            "out say it get it": 2, 
            "out scream it gonna shout": 2, 
            "out watchout come again now": 2, 
            "own demise to help the": 1, 
            "pancake batter looking through your": 1, 
            "paper to the pen the": 1, 
            "patty wack you've got to": 1, 
            "pen the brand new dance": 1, 
            "people lining up for their": 1, 
            "pockets fatter we be flipping": 1, 
            "put it out - put": 2, 
            "put it out say it": 2, 
            "really wanna let me begin": 1, 
            "rhino on a drinking spree": 1, 
            "rhyme paper to the pen": 1, 
            "rhymin' when i'm on i'm": 1, 
            "rock non-stop once it hits": 1, 
            "rocks my complication want the": 1, 
            "rodigan you sure you really": 1, 
            "running like a rhino on": 1, 
            "say it get it out": 2, 
            "say it let it out": 2, 
            "say it to the heart": 1, 
            "scream it gonna shout -": 2, 
            "see it in their eyes": 1, 
            "service and your cabana bust": 1, 
            "shatter so cold on the": 1, 
            "shout - gonna shout write": 2, 
            "shout mind to the rhyme": 1, 
            "shout write it put it": 2, 
            "slipped on a banana like": 1, 
            "sniffin' on socks, chewin' on": 1, 
            "so cold on the mic": 1, 
            "socks, chewin' on rocks my": 1, 
            "spree you call yourself an": 1, 
            "spying on me but i'm": 1, 
            "stop me rhymin' when i'm": 1, 
            "stuff you thought, it comes": 1, 
            "styles like pancake batter looking": 1, 
            "sucker": 1, 
            "sucker watchout come again now": 3, 
            "sucker yaaaaaaaaaa well i can": 1, 
            "suckers sniffin' on socks, chewin'": 1, 
            "sure you really wanna let": 1, 
            "teeth chatter while you climb": 1, 
            "the brand new dance called": 1, 
            "the combination to the lock": 1, 
            "the corporate ladder to make": 1, 
            "the david rodigan you sure": 1, 
            "the heart of the matter,": 1, 
            "the lock you wanna get": 1, 
            "the man make weapons to": 1, 
            "the matter, the mic i": 1, 
            "the mic i make your": 1, 
            "the mic i shatter so": 1, 
            "the mic to the word": 1, 
            "the mind to the mic": 1, 
            "the pen the brand new": 1, 
            "the rhyme paper to the": 1, 
            "the toll booth suckers sniffin'": 1, 
            "the word to a shout": 1, 
            "their eyes people lining up": 1, 
            "their own demise to help": 1, 
            "then it gets you stuff": 1, 
            "then you best knock knock": 1, 
            "thought, it comes true once": 1, 
            "through your binos spying on": 1, 
            "to a shout mind to": 1, 
            "to help the man make": 1, 
            "to let it out from": 1, 
            "to make your pockets fatter": 1, 
            "to monetize corporate violence we": 1, 
            "to rock non-stop once it": 1, 
            "to say it let it": 2, 
            "to the heart of the": 1, 
            "to the lock you wanna": 1, 
            "to the mic to the": 1, 
            "to the pen the brand": 1, 
            "to the rhyme paper to": 1, 
            "to the word to a": 1, 
            "toll booth suckers sniffin' on": 1, 
            "true once it hits your": 1, 
            "truth gotta let it loose": 1, 
            "up for their own demise": 1, 
            "violence we can't abide you": 1, 
            "wack you've got to let": 1, 
            "wanna get inside well then": 1, 
            "wanna let me begin you": 1, 
            "want the combination to the": 1, 
            "watchout come again now sucker": 5, 
            "we be flipping styles like": 1, 
            "we can't abide you can": 1, 
            "weapons to monetize corporate violence": 1, 
            "well i can feel it": 1, 
            "well then you best knock": 1, 
            "what'cha gonna do don't keep": 2, 
            "what's your truth gotta let": 1, 
            "when i'm on i'm all": 1, 
            "when you get on you": 1, 
            "while you climb the corporate": 1, 
            "word to a shout mind": 1, 
            "write it put it out": 2, 
            "yaaaaaaaaaa well i can feel": 1, 
            "you best knock knock and": 1, 
            "you call yourself an mc": 1, 
            "you can keep your bottle": 1, 
            "you can't stop me rhymin'": 1, 
            "you climb the corporate ladder": 1, 
            "you get on you got": 1, 
            "you got to rock non-stop": 1, 
            "you really wanna let me": 1, 
            "you slipped on a banana": 1, 
            "you stuff you thought, it": 1, 
            "you sure you really wanna": 1, 
            "you thought, it comes true": 1, 
            "you wanna get inside well": 1, 
            "you've got to let it": 1, 
            "you've got to say it": 2, 
            "your ass drunk like you": 1, 
            "your binos spying on me": 1, 
            "your bottle service and your": 1, 
            "your cabana bust your ass": 1, 
            "your mind what'cha gonna do": 2, 
            "your pockets fatter we be": 1, 
            "your teeth chatter while you": 1, 
            "your truth gotta let it": 1, 
            "yourself an mc but what's": 1
        }, 
        "6": {
            "": 1391, 
            "- get it out watchout come": 2, 
            "- gonna shout write it put": 2, 
            "- let it out scream it": 2, 
            "- put it out say it": 2, 
            "a banana like nick nack patty": 1, 
            "a drinking spree you call yourself": 1, 
            "a rhino on a drinking spree": 1, 
            "a shout mind to the rhyme": 1, 
            "abide you can keep your bottle": 1, 
            "again now sucker": 1, 
            "again now sucker watchout come again": 3, 
            "again now sucker yaaaaaaaaaa well i": 1, 
            "all in life is good and": 1, 
            "an mc but what's your truth": 1, 
            "and then it gets you stuff": 1, 
            "and when you get on you": 1, 
            "and your cabana bust your ass": 1, 
            "ass drunk like you slipped on": 1, 
            "banana like nick nack patty wack": 1, 
            "batter looking through your binos spying": 1, 
            "be flipping styles like pancake batter": 1, 
            "begin you can't stop me rhymin'": 1, 
            "best knock knock and when you": 1, 
            "binos spying on me but i'm": 1, 
            "bloodstream, see it in their eyes": 1, 
            "booth suckers sniffin' on socks, chewin'": 1, 
            "bottle service and your cabana bust": 1, 
            "brand new dance called the david": 1, 
            "bust your ass drunk like you": 1, 
            "but i'm running like a rhino": 1, 
            "but what's your truth gotta let": 1, 
            "cabana bust your ass drunk like": 1, 
            "call yourself an mc but what's": 1, 
            "called the david rodigan you sure": 1, 
            "can feel it my bloodstream, see": 1, 
            "can keep your bottle service and": 1, 
            "can't abide you can keep your": 1, 
            "can't stop me rhymin' when i'm": 1, 
            "chatter while you climb the corporate": 1, 
            "chewin' on rocks my complication want": 1, 
            "climb the corporate ladder to make": 1, 
            "cold on the mic i make": 1, 
            "combination to the lock you wanna": 1, 
            "come again now sucker": 1, 
            "come again now sucker watchout come": 3, 
            "come again now sucker yaaaaaaaaaa well": 1, 
            "comes true once it hits your": 1, 
            "complication want the combination to the": 1, 
            "corporate ladder to make your pockets": 1, 
            "corporate violence we can't abide you": 1, 
            "dance called the david rodigan you": 1, 
            "david rodigan you sure you really": 1, 
            "demise to help the man make": 1, 
            "do don't keep it inside you've": 2, 
            "don't keep it inside you've got": 2, 
            "drinking spree you call yourself an": 1, 
            "drunk like you slipped on a": 1, 
            "eyes people lining up for their": 1, 
            "fatter we be flipping styles like": 1, 
            "feel it my bloodstream, see it": 1, 
            "flipping styles like pancake batter looking": 1, 
            "for their own demise to help": 1, 
            "from the mind to the mic": 1, 
            "get inside well then you best": 1, 
            "get it out - get it": 2, 
            "get it out watchout come again": 2, 
            "get on you got to rock": 1, 
            "gets you stuff you thought, it": 1, 
            "gonna do don't keep it inside": 2, 
            "gonna shout - gonna shout write": 2, 
            "gonna shout write it put it": 2, 
            "good and then it gets you": 1, 
            "got to let it out from": 1, 
            "got to rock non-stop once it": 1, 
            "got to say it let it": 2, 
            "gotta let it loose inside the": 1, 
            "heart of the matter, the mic": 1, 
            "help the man make weapons to": 1, 
            "hits your mind what'cha gonna do": 2, 
            "i can feel it my bloodstream,": 1, 
            "i make your teeth chatter while": 1, 
            "i shatter so cold on the": 1, 
            "i'm all in life is good": 1, 
            "i'm on i'm all in life": 1, 
            "i'm running like a rhino on": 1, 
            "in life is good and then": 1, 
            "in their eyes people lining up": 1, 
            "inside the toll booth suckers sniffin'": 1, 
            "inside well then you best knock": 1, 
            "inside you've got to say it": 2, 
            "is good and then it gets": 1, 
            "it comes true once it hits": 1, 
            "it get it out - get": 2, 
            "it gets you stuff you thought,": 1, 
            "it gonna shout - gonna shout": 2, 
            "it hits your mind what'cha gonna": 2, 
            "it in their eyes people lining": 1, 
            "it inside you've got to say": 2, 
            "it let it out - let": 2, 
            "it loose inside the toll booth": 1, 
            "it my bloodstream, see it in": 1, 
            "it out - get it out": 2, 
            "it out - let it out": 2, 
            "it out - put it out": 2, 
            "it out from the mind to": 1, 
            "it out say it get it": 2, 
            "it out scream it gonna shout": 2, 
            "it out watchout come again now": 2, 
            "it put it out - put": 2, 
            "it to the heart of the": 1, 
            "keep it inside you've got to": 2, 
            "keep your bottle service and your": 1, 
            "knock and when you get on": 1, 
            "knock knock and when you get": 1, 
            "ladder to make your pockets fatter": 1, 
            "let it loose inside the toll": 1, 
            "let it out - let it": 2, 
            "let it out from the mind": 1, 
            "let it out scream it gonna": 2, 
            "let me begin you can't stop": 1, 
            "life is good and then it": 1, 
            "like a rhino on a drinking": 1, 
            "like nick nack patty wack you've": 1, 
            "like pancake batter looking through your": 1, 
            "like you slipped on a banana": 1, 
            "lining up for their own demise": 1, 
            "lock you wanna get inside well": 1, 
            "looking through your binos spying on": 1, 
            "loose inside the toll booth suckers": 1, 
            "make weapons to monetize corporate violence": 1, 
            "make your pockets fatter we be": 1, 
            "make your teeth chatter while you": 1, 
            "man make weapons to monetize corporate": 1, 
            "matter, the mic i shatter so": 1, 
            "mc but what's your truth gotta": 1, 
            "me begin you can't stop me": 1, 
            "me but i'm running like a": 1, 
            "me rhymin' when i'm on i'm": 1, 
            "mic i make your teeth chatter": 1, 
            "mic i shatter so cold on": 1, 
            "mic to the word to a": 1, 
            "mind to the mic to the": 1, 
            "mind to the rhyme paper to": 1, 
            "mind what'cha gonna do don't keep": 2, 
            "monetize corporate violence we can't abide": 1, 
            "my bloodstream, see it in their": 1, 
            "my complication want the combination to": 1, 
            "nack patty wack you've got to": 1, 
            "new dance called the david rodigan": 1, 
            "nick nack patty wack you've got": 1, 
            "non-stop once it hits your mind": 1, 
            "now sucker": 1, 
            "now sucker watchout come again now": 3, 
            "now sucker yaaaaaaaaaa well i can": 1, 
            "of the matter, the mic i": 1, 
            "on a banana like nick nack": 1, 
            "on a drinking spree you call": 1, 
            "on i'm all in life is": 1, 
            "on me but i'm running like": 1, 
            "on rocks my complication want the": 1, 
            "on socks, chewin' on rocks my": 1, 
            "on the mic i make your": 1, 
            "on you got to rock non-stop": 1, 
            "once it hits your mind what'cha": 2, 
            "out - get it out watchout": 2, 
            "out - let it out scream": 2, 
            "out - put it out say": 2, 
            "out from the mind to the": 1, 
            "out say it get it out": 2, 
            "out scream it gonna shout -": 2, 
            "out watchout come again now sucker": 2, 
            "own demise to help the man": 1, 
            "pancake batter looking through your binos": 1, 
            "paper to the pen the brand": 1, 
            "patty wack you've got to let": 1, 
            "pen the brand new dance called": 1, 
            "people lining up for their own": 1, 
            "pockets fatter we be flipping styles": 1, 
            "put it out - put it": 2, 
            "put it out say it get": 2, 
            "really wanna let me begin you": 1, 
            "rhino on a drinking spree you": 1, 
            "rhyme paper to the pen the": 1, 
            "rhymin' when i'm on i'm all": 1, 
            "rock non-stop once it hits your": 1, 
            "rocks my complication want the combination": 1, 
            "rodigan you sure you really wanna": 1, 
            "running like a rhino on a": 1, 
            "say it get it out -": 2, 
            "say it let it out -": 2, 
            "say it to the heart of": 1, 
            "scream it gonna shout - gonna": 2, 
            "see it in their eyes people": 1, 
            "service and your cabana bust your": 1, 
            "shatter so cold on the mic": 1, 
            "shout - gonna shout write it": 2, 
            "shout mind to the rhyme paper": 1, 
            "shout write it put it out": 2, 
            "slipped on a banana like nick": 1, 
            "sniffin' on socks, chewin' on rocks": 1, 
            "so cold on the mic i": 1, 
            "socks, chewin' on rocks my complication": 1, 
            "spree you call yourself an mc": 1, 
            "spying on me but i'm running": 1, 
            "stop me rhymin' when i'm on": 1, 
            "stuff you thought, it comes true": 1, 
            "styles like pancake batter looking through": 1, 
            "sucker": 1, 
            "sucker watchout come again now sucker": 3, 
            "sucker yaaaaaaaaaa well i can feel": 1, 
            "suckers sniffin' on socks, chewin' on": 1, 
            "sure you really wanna let me": 1, 
            "teeth chatter while you climb the": 1, 
            "the brand new dance called the": 1, 
            "the combination to the lock you": 1, 
            "the corporate ladder to make your": 1, 
            "the david rodigan you sure you": 1, 
            "the heart of the matter, the": 1, 
            "the lock you wanna get inside": 1, 
            "the man make weapons to monetize": 1, 
            "the matter, the mic i shatter": 1, 
            "the mic i make your teeth": 1, 
            "the mic i shatter so cold": 1, 
            "the mic to the word to": 1, 
            "the mind to the mic to": 1, 
            "the pen the brand new dance": 1, 
            "the rhyme paper to the pen": 1, 
            "the toll booth suckers sniffin' on": 1, 
            "the word to a shout mind": 1, 
            "their eyes people lining up for": 1, 
            "their own demise to help the": 1, 
            "then it gets you stuff you": 1, 
            "then you best knock knock and": 1, 
            "thought, it comes true once it": 1, 
            "through your binos spying on me": 1, 
            "to a shout mind to the": 1, 
            "to help the man make weapons": 1, 
            "to let it out from the": 1, 
            "to make your pockets fatter we": 1, 
            "to monetize corporate violence we can't": 1, 
            "to rock non-stop once it hits": 1, 
            "to say it let it out": 2, 
            "to the heart of the matter,": 1, 
            "to the lock you wanna get": 1, 
            "to the mic to the word": 1, 
            "to the pen the brand new": 1, 
            "to the rhyme paper to the": 1, 
            "to the word to a shout": 1, 
            "toll booth suckers sniffin' on socks,": 1, 
            "true once it hits your mind": 1, 
            "truth gotta let it loose inside": 1, 
            "up for their own demise to": 1, 
            "violence we can't abide you can": 1, 
            "wack you've got to let it": 1, 
            "wanna get inside well then you": 1, 
            "wanna let me begin you can't": 1, 
            "want the combination to the lock": 1, 
            "watchout come again now sucker": 1, 
            "watchout come again now sucker watchout": 3, 
            "watchout come again now sucker yaaaaaaaaaa": 1, 
            "we be flipping styles like pancake": 1, 
            "we can't abide you can keep": 1, 
            "weapons to monetize corporate violence we": 1, 
            "well i can feel it my": 1, 
            "well then you best knock knock": 1, 
            "what'cha gonna do don't keep it": 2, 
            "what's your truth gotta let it": 1, 
            "when i'm on i'm all in": 1, 
            "when you get on you got": 1, 
            "while you climb the corporate ladder": 1, 
            "word to a shout mind to": 1, 
            "write it put it out -": 2, 
            "yaaaaaaaaaa well i can feel it": 1, 
            "you best knock knock and when": 1, 
            "you call yourself an mc but": 1, 
            "you can keep your bottle service": 1, 
            "you can't stop me rhymin' when": 1, 
            "you climb the corporate ladder to": 1, 
            "you get on you got to": 1, 
            "you got to rock non-stop once": 1, 
            "you really wanna let me begin": 1, 
            "you slipped on a banana like": 1, 
            "you stuff you thought, it comes": 1, 
            "you sure you really wanna let": 1, 
            "you thought, it comes true once": 1, 
            "you wanna get inside well then": 1, 
            "you've got to let it out": 1, 
            "you've got to say it let": 2, 
            "your ass drunk like you slipped": 1, 
            "your binos spying on me but": 1, 
            "your bottle service and your cabana": 1, 
            "your cabana bust your ass drunk": 1, 
            "your mind what'cha gonna do don't": 2, 
            "your pockets fatter we be flipping": 1, 
            "your teeth chatter while you climb": 1, 
            "your truth gotta let it loose": 1, 
            "yourself an mc but what's your": 1
        }, 
        "7": {
            "": 1390, 
            "- get it out watchout come again": 2, 
            "- gonna shout write it put it": 2, 
            "- let it out scream it gonna": 2, 
            "- put it out say it get": 2, 
            "a banana like nick nack patty wack": 1, 
            "a drinking spree you call yourself an": 1, 
            "a rhino on a drinking spree you": 1, 
            "a shout mind to the rhyme paper": 1, 
            "abide you can keep your bottle service": 1, 
            "again now sucker": 1, 
            "again now sucker watchout come again now": 3, 
            "again now sucker yaaaaaaaaaa well i can": 1, 
            "all in life is good and then": 1, 
            "an mc but what's your truth gotta": 1, 
            "and then it gets you stuff you": 1, 
            "and when you get on you got": 1, 
            "and your cabana bust your ass drunk": 1, 
            "ass drunk like you slipped on a": 1, 
            "banana like nick nack patty wack you've": 1, 
            "batter looking through your binos spying on": 1, 
            "be flipping styles like pancake batter looking": 1, 
            "begin you can't stop me rhymin' when": 1, 
            "best knock knock and when you get": 1, 
            "binos spying on me but i'm running": 1, 
            "bloodstream, see it in their eyes people": 1, 
            "booth suckers sniffin' on socks, chewin' on": 1, 
            "bottle service and your cabana bust your": 1, 
            "brand new dance called the david rodigan": 1, 
            "bust your ass drunk like you slipped": 1, 
            "but i'm running like a rhino on": 1, 
            "but what's your truth gotta let it": 1, 
            "cabana bust your ass drunk like you": 1, 
            "call yourself an mc but what's your": 1, 
            "called the david rodigan you sure you": 1, 
            "can feel it my bloodstream, see it": 1, 
            "can keep your bottle service and your": 1, 
            "can't abide you can keep your bottle": 1, 
            "can't stop me rhymin' when i'm on": 1, 
            "chatter while you climb the corporate ladder": 1, 
            "chewin' on rocks my complication want the": 1, 
            "climb the corporate ladder to make your": 1, 
            "cold on the mic i make your": 1, 
            "combination to the lock you wanna get": 1, 
            "come again now sucker": 1, 
            "come again now sucker watchout come again": 3, 
            "come again now sucker yaaaaaaaaaa well i": 1, 
            "comes true once it hits your mind": 1, 
            "complication want the combination to the lock": 1, 
            "corporate ladder to make your pockets fatter": 1, 
            "corporate violence we can't abide you can": 1, 
            "dance called the david rodigan you sure": 1, 
            "david rodigan you sure you really wanna": 1, 
            "demise to help the man make weapons": 1, 
            "do don't keep it inside you've got": 2, 
            "don't keep it inside you've got to": 2, 
            "drinking spree you call yourself an mc": 1, 
            "drunk like you slipped on a banana": 1, 
            "eyes people lining up for their own": 1, 
            "fatter we be flipping styles like pancake": 1, 
            "feel it my bloodstream, see it in": 1, 
            "flipping styles like pancake batter looking through": 1, 
            "for their own demise to help the": 1, 
            "from the mind to the mic to": 1, 
            "get inside well then you best knock": 1, 
            "get it out - get it out": 2, 
            "get it out watchout come again now": 2, 
            "get on you got to rock non-stop": 1, 
            "gets you stuff you thought, it comes": 1, 
            "gonna do don't keep it inside you've": 2, 
            "gonna shout - gonna shout write it": 2, 
            "gonna shout write it put it out": 2, 
            "good and then it gets you stuff": 1, 
            "got to let it out from the": 1, 
            "got to rock non-stop once it hits": 1, 
            "got to say it let it out": 2, 
            "gotta let it loose inside the toll": 1, 
            "heart of the matter, the mic i": 1, 
            "help the man make weapons to monetize": 1, 
            "hits your mind what'cha gonna do don't": 2, 
            "i can feel it my bloodstream, see": 1, 
            "i make your teeth chatter while you": 1, 
            "i shatter so cold on the mic": 1, 
            "i'm all in life is good and": 1, 
            "i'm on i'm all in life is": 1, 
            "i'm running like a rhino on a": 1, 
            "in life is good and then it": 1, 
            "in their eyes people lining up for": 1, 
            "inside the toll booth suckers sniffin' on": 1, 
            "inside well then you best knock knock": 1, 
            "inside you've got to say it let": 2, 
            "is good and then it gets you": 1, 
            "it comes true once it hits your": 1, 
            "it get it out - get it": 2, 
            "it gets you stuff you thought, it": 1, 
            "it gonna shout - gonna shout write": 2, 
            "it hits your mind what'cha gonna do": 2, 
            "it in their eyes people lining up": 1, 
            "it inside you've got to say it": 2, 
            "it let it out - let it": 2, 
            "it loose inside the toll booth suckers": 1, 
            "it my bloodstream, see it in their": 1, 
            "it out - get it out watchout": 2, 
            "it out - let it out scream": 2, 
            "it out - put it out say": 2, 
            "it out from the mind to the": 1, 
            "it out say it get it out": 2, 
            "it out scream it gonna shout -": 2, 
            "it out watchout come again now sucker": 2, 
            "it put it out - put it": 2, 
            "it to the heart of the matter,": 1, 
            "keep it inside you've got to say": 2, 
            "keep your bottle service and your cabana": 1, 
            "knock and when you get on you": 1, 
            "knock knock and when you get on": 1, 
            "ladder to make your pockets fatter we": 1, 
            "let it loose inside the toll booth": 1, 
            "let it out - let it out": 2, 
            "let it out from the mind to": 1, 
            "let it out scream it gonna shout": 2, 
            "let me begin you can't stop me": 1, 
            "life is good and then it gets": 1, 
            "like a rhino on a drinking spree": 1, 
            "like nick nack patty wack you've got": 1, 
            "like pancake batter looking through your binos": 1, 
            "like you slipped on a banana like": 1, 
            "lining up for their own demise to": 1, 
            "lock you wanna get inside well then": 1, 
            "looking through your binos spying on me": 1, 
            "loose inside the toll booth suckers sniffin'": 1, 
            "make weapons to monetize corporate violence we": 1, 
            "make your pockets fatter we be flipping": 1, 
            "make your teeth chatter while you climb": 1, 
            "man make weapons to monetize corporate violence": 1, 
            "matter, the mic i shatter so cold": 1, 
            "mc but what's your truth gotta let": 1, 
            "me begin you can't stop me rhymin'": 1, 
            "me but i'm running like a rhino": 1, 
            "me rhymin' when i'm on i'm all": 1, 
            "mic i make your teeth chatter while": 1, 
            "mic i shatter so cold on the": 1, 
            "mic to the word to a shout": 1, 
            "mind to the mic to the word": 1, 
            "mind to the rhyme paper to the": 1, 
            "mind what'cha gonna do don't keep it": 2, 
            "monetize corporate violence we can't abide you": 1, 
            "my bloodstream, see it in their eyes": 1, 
            "my complication want the combination to the": 1, 
            "nack patty wack you've got to let": 1, 
            "new dance called the david rodigan you": 1, 
            "nick nack patty wack you've got to": 1, 
            "non-stop once it hits your mind what'cha": 1, 
            "now sucker": 1, 
            "now sucker watchout come again now sucker": 3, 
            "now sucker yaaaaaaaaaa well i can feel": 1, 
            "of the matter, the mic i shatter": 1, 
            "on a banana like nick nack patty": 1, 
            "on a drinking spree you call yourself": 1, 
            "on i'm all in life is good": 1, 
            "on me but i'm running like a": 1, 
            "on rocks my complication want the combination": 1, 
            "on socks, chewin' on rocks my complication": 1, 
            "on the mic i make your teeth": 1, 
            "on you got to rock non-stop once": 1, 
            "once it hits your mind what'cha gonna": 2, 
            "out - get it out watchout come": 2, 
            "out - let it out scream it": 2, 
            "out - put it out say it": 2, 
            "out from the mind to the mic": 1, 
            "out say it get it out -": 2, 
            "out scream it gonna shout - gonna": 2, 
            "out watchout come again now sucker watchout": 1, 
            "out watchout come again now sucker yaaaaaaaaaa": 1, 
            "own demise to help the man make": 1, 
            "pancake batter looking through your binos spying": 1, 
            "paper to the pen the brand new": 1, 
            "patty wack you've got to let it": 1, 
            "pen the brand new dance called the": 1, 
            "people lining up for their own demise": 1, 
            "pockets fatter we be flipping styles like": 1, 
            "put it out - put it out": 2, 
            "put it out say it get it": 2, 
            "really wanna let me begin you can't": 1, 
            "rhino on a drinking spree you call": 1, 
            "rhyme paper to the pen the brand": 1, 
            "rhymin' when i'm on i'm all in": 1, 
            "rock non-stop once it hits your mind": 1, 
            "rocks my complication want the combination to": 1, 
            "rodigan you sure you really wanna let": 1, 
            "running like a rhino on a drinking": 1, 
            "say it get it out - get": 2, 
            "say it let it out - let": 2, 
            "say it to the heart of the": 1, 
            "scream it gonna shout - gonna shout": 2, 
            "see it in their eyes people lining": 1, 
            "service and your cabana bust your ass": 1, 
            "shatter so cold on the mic i": 1, 
            "shout - gonna shout write it put": 2, 
            "shout mind to the rhyme paper to": 1, 
            "shout write it put it out -": 2, 
            "slipped on a banana like nick nack": 1, 
            "sniffin' on socks, chewin' on rocks my": 1, 
            "so cold on the mic i make": 1, 
            "socks, chewin' on rocks my complication want": 1, 
            "spree you call yourself an mc but": 1, 
            "spying on me but i'm running like": 1, 
            "stop me rhymin' when i'm on i'm": 1, 
            "stuff you thought, it comes true once": 1, 
            "styles like pancake batter looking through your": 1, 
            "sucker": 1, 
            "sucker watchout come again now sucker": 1, 
            "sucker watchout come again now sucker watchout": 2, 
            "sucker yaaaaaaaaaa well i can feel it": 1, 
            "suckers sniffin' on socks, chewin' on rocks": 1, 
            "sure you really wanna let me begin": 1, 
            "teeth chatter while you climb the corporate": 1, 
            "the brand new dance called the david": 1, 
            "the combination to the lock you wanna": 1, 
            "the corporate ladder to make your pockets": 1, 
            "the david rodigan you sure you really": 1, 
            "the heart of the matter, the mic": 1, 
            "the lock you wanna get inside well": 1, 
            "the man make weapons to monetize corporate": 1, 
            "the matter, the mic i shatter so": 1, 
            "the mic i make your teeth chatter": 1, 
            "the mic i shatter so cold on": 1, 
            "the mic to the word to a": 1, 
            "the mind to the mic to the": 1, 
            "the pen the brand new dance called": 1, 
            "the rhyme paper to the pen the": 1, 
            "the toll booth suckers sniffin' on socks,": 1, 
            "the word to a shout mind to": 1, 
            "their eyes people lining up for their": 1, 
            "their own demise to help the man": 1, 
            "then it gets you stuff you thought,": 1, 
            "then you best knock knock and when": 1, 
            "thought, it comes true once it hits": 1, 
            "through your binos spying on me but": 1, 
            "to a shout mind to the rhyme": 1, 
            "to help the man make weapons to": 1, 
            "to let it out from the mind": 1, 
            "to make your pockets fatter we be": 1, 
            "to monetize corporate violence we can't abide": 1, 
            "to rock non-stop once it hits your": 1, 
            "to say it let it out -": 2, 
            "to the heart of the matter, the": 1, 
            "to the lock you wanna get inside": 1, 
            "to the mic to the word to": 1, 
            "to the pen the brand new dance": 1, 
            "to the rhyme paper to the pen": 1, 
            "to the word to a shout mind": 1, 
            "toll booth suckers sniffin' on socks, chewin'": 1, 
            "true once it hits your mind what'cha": 1, 
            "truth gotta let it loose inside the": 1, 
            "up for their own demise to help": 1, 
            "violence we can't abide you can keep": 1, 
            "wack you've got to let it out": 1, 
            "wanna get inside well then you best": 1, 
            "wanna let me begin you can't stop": 1, 
            "want the combination to the lock you": 1, 
            "watchout come again now sucker": 1, 
            "watchout come again now sucker watchout come": 3, 
            "watchout come again now sucker yaaaaaaaaaa well": 1, 
            "we be flipping styles like pancake batter": 1, 
            "we can't abide you can keep your": 1, 
            "weapons to monetize corporate violence we can't": 1, 
            "well i can feel it my bloodstream,": 1, 
            "well then you best knock knock and": 1, 
            "what'cha gonna do don't keep it inside": 2, 
            "what's your truth gotta let it loose": 1, 
            "when i'm on i'm all in life": 1, 
            "when you get on you got to": 1, 
            "while you climb the corporate ladder to": 1, 
            "word to a shout mind to the": 1, 
            "write it put it out - put": 2, 
            "yaaaaaaaaaa well i can feel it my": 1, 
            "you best knock knock and when you": 1, 
            "you call yourself an mc but what's": 1, 
            "you can keep your bottle service and": 1, 
            "you can't stop me rhymin' when i'm": 1, 
            "you climb the corporate ladder to make": 1, 
            "you get on you got to rock": 1, 
            "you got to rock non-stop once it": 1, 
            "you really wanna let me begin you": 1, 
            "you slipped on a banana like nick": 1, 
            "you stuff you thought, it comes true": 1, 
            "you sure you really wanna let me": 1, 
            "you thought, it comes true once it": 1, 
            "you wanna get inside well then you": 1, 
            "you've got to let it out from": 1, 
            "you've got to say it let it": 2, 
            "your ass drunk like you slipped on": 1, 
            "your binos spying on me but i'm": 1, 
            "your bottle service and your cabana bust": 1, 
            "your cabana bust your ass drunk like": 1, 
            "your mind what'cha gonna do don't keep": 2, 
            "your pockets fatter we be flipping styles": 1, 
            "your teeth chatter while you climb the": 1, 
            "your truth gotta let it loose inside": 1, 
            "yourself an mc but what's your truth": 1
        }, 
        "8": {
            "": 1389, 
            "- get it out watchout come again now": 2, 
            "- gonna shout write it put it out": 2, 
            "- let it out scream it gonna shout": 2, 
            "- put it out say it get it": 2, 
            "a banana like nick nack patty wack you've": 1, 
            "a drinking spree you call yourself an mc": 1, 
            "a rhino on a drinking spree you call": 1, 
            "a shout mind to the rhyme paper to": 1, 
            "abide you can keep your bottle service and": 1, 
            "again now sucker": 1, 
            "again now sucker watchout come again now sucker": 3, 
            "again now sucker yaaaaaaaaaa well i can feel": 1, 
            "all in life is good and then it": 1, 
            "an mc but what's your truth gotta let": 1, 
            "and then it gets you stuff you thought,": 1, 
            "and when you get on you got to": 1, 
            "and your cabana bust your ass drunk like": 1, 
            "ass drunk like you slipped on a banana": 1, 
            "banana like nick nack patty wack you've got": 1, 
            "batter looking through your binos spying on me": 1, 
            "be flipping styles like pancake batter looking through": 1, 
            "begin you can't stop me rhymin' when i'm": 1, 
            "best knock knock and when you get on": 1, 
            "binos spying on me but i'm running like": 1, 
            "bloodstream, see it in their eyes people lining": 1, 
            "booth suckers sniffin' on socks, chewin' on rocks": 1, 
            "bottle service and your cabana bust your ass": 1, 
            "brand new dance called the david rodigan you": 1, 
            "bust your ass drunk like you slipped on": 1, 
            "but i'm running like a rhino on a": 1, 
            "but what's your truth gotta let it loose": 1, 
            "cabana bust your ass drunk like you slipped": 1, 
            "call yourself an mc but what's your truth": 1, 
            "called the david rodigan you sure you really": 1, 
            "can feel it my bloodstream, see it in": 1, 
            "can keep your bottle service and your cabana": 1, 
            "can't abide you can keep your bottle service": 1, 
            "can't stop me rhymin' when i'm on i'm": 1, 
            "chatter while you climb the corporate ladder to": 1, 
            "chewin' on rocks my complication want the combination": 1, 
            "climb the corporate ladder to make your pockets": 1, 
            "cold on the mic i make your teeth": 1, 
            "combination to the lock you wanna get inside": 1, 
            "come again now sucker": 1, 
            "come again now sucker watchout come again now": 3, 
            "come again now sucker yaaaaaaaaaa well i can": 1, 
            "comes true once it hits your mind what'cha": 1, 
            "complication want the combination to the lock you": 1, 
            "corporate ladder to make your pockets fatter we": 1, 
            "corporate violence we can't abide you can keep": 1, 
            "dance called the david rodigan you sure you": 1, 
            "david rodigan you sure you really wanna let": 1, 
            "demise to help the man make weapons to": 1, 
            "do don't keep it inside you've got to": 2, 
            "don't keep it inside you've got to say": 2, 
            "drinking spree you call yourself an mc but": 1, 
            "drunk like you slipped on a banana like": 1, 
            "eyes people lining up for their own demise": 1, 
            "fatter we be flipping styles like pancake batter": 1, 
            "feel it my bloodstream, see it in their": 1, 
            "flipping styles like pancake batter looking through your": 1, 
            "for their own demise to help the man": 1, 
            "from the mind to the mic to the": 1, 
            "get inside well then you best knock knock": 1, 
            "get it out - get it out watchout": 2, 
            "get it out watchout come again now sucker": 2, 
            "get on you got to rock non-stop once": 1, 
            "gets you stuff you thought, it comes true": 1, 
            "gonna do don't keep it inside you've got": 2, 
            "gonna shout - gonna shout write it put": 2, 
            "gonna shout write it put it out -": 2, 
            "good and then it gets you stuff you": 1, 
            "got to let it out from the mind": 1, 
            "got to rock non-stop once it hits your": 1, 
            "got to say it let it out -": 2, 
            "gotta let it loose inside the toll booth": 1, 
            "heart of the matter, the mic i shatter": 1, 
            "help the man make weapons to monetize corporate": 1, 
            "hits your mind what'cha gonna do don't keep": 2, 
            "i can feel it my bloodstream, see it": 1, 
            "i make your teeth chatter while you climb": 1, 
            "i shatter so cold on the mic i": 1, 
            "i'm all in life is good and then": 1, 
            "i'm on i'm all in life is good": 1, 
            "i'm running like a rhino on a drinking": 1, 
            "in life is good and then it gets": 1, 
            "in their eyes people lining up for their": 1, 
            "inside the toll booth suckers sniffin' on socks,": 1, 
            "inside well then you best knock knock and": 1, 
            "inside you've got to say it let it": 2, 
            "is good and then it gets you stuff": 1, 
            "it comes true once it hits your mind": 1, 
            "it get it out - get it out": 2, 
            "it gets you stuff you thought, it comes": 1, 
            "it gonna shout - gonna shout write it": 2, 
            "it hits your mind what'cha gonna do don't": 2, 
            "it in their eyes people lining up for": 1, 
            "it inside you've got to say it let": 2, 
            "it let it out - let it out": 2, 
            "it loose inside the toll booth suckers sniffin'": 1, 
            "it my bloodstream, see it in their eyes": 1, 
            "it out - get it out watchout come": 2, 
            "it out - let it out scream it": 2, 
            "it out - put it out say it": 2, 
            "it out from the mind to the mic": 1, 
            "it out say it get it out -": 2, 
            "it out scream it gonna shout - gonna": 2, 
            "it out watchout come again now sucker watchout": 1, 
            "it out watchout come again now sucker yaaaaaaaaaa": 1, 
            "it put it out - put it out": 2, 
            "it to the heart of the matter, the": 1, 
            "keep it inside you've got to say it": 2, 
            "keep your bottle service and your cabana bust": 1, 
            "knock and when you get on you got": 1, 
            "knock knock and when you get on you": 1, 
            "ladder to make your pockets fatter we be": 1, 
            "let it loose inside the toll booth suckers": 1, 
            "let it out - let it out scream": 2, 
            "let it out from the mind to the": 1, 
            "let it out scream it gonna shout -": 2, 
            "let me begin you can't stop me rhymin'": 1, 
            "life is good and then it gets you": 1, 
            "like a rhino on a drinking spree you": 1, 
            "like nick nack patty wack you've got to": 1, 
            "like pancake batter looking through your binos spying": 1, 
            "like you slipped on a banana like nick": 1, 
            "lining up for their own demise to help": 1, 
            "lock you wanna get inside well then you": 1, 
            "looking through your binos spying on me but": 1, 
            "loose inside the toll booth suckers sniffin' on": 1, 
            "make weapons to monetize corporate violence we can't": 1, 
            "make your pockets fatter we be flipping styles": 1, 
            "make your teeth chatter while you climb the": 1, 
            "man make weapons to monetize corporate violence we": 1, 
            "matter, the mic i shatter so cold on": 1, 
            "mc but what's your truth gotta let it": 1, 
            "me begin you can't stop me rhymin' when": 1, 
            "me but i'm running like a rhino on": 1, 
            "me rhymin' when i'm on i'm all in": 1, 
            "mic i make your teeth chatter while you": 1, 
            "mic i shatter so cold on the mic": 1, 
            "mic to the word to a shout mind": 1, 
            "mind to the mic to the word to": 1, 
            "mind to the rhyme paper to the pen": 1, 
            "mind what'cha gonna do don't keep it inside": 2, 
            "monetize corporate violence we can't abide you can": 1, 
            "my bloodstream, see it in their eyes people": 1, 
            "my complication want the combination to the lock": 1, 
            "nack patty wack you've got to let it": 1, 
            "new dance called the david rodigan you sure": 1, 
            "nick nack patty wack you've got to let": 1, 
            "non-stop once it hits your mind what'cha gonna": 1, 
            "now sucker": 1, 
            "now sucker watchout come again now sucker": 1, 
            "now sucker watchout come again now sucker watchout": 2, 
            "now sucker yaaaaaaaaaa well i can feel it": 1, 
            "of the matter, the mic i shatter so": 1, 
            "on a banana like nick nack patty wack": 1, 
            "on a drinking spree you call yourself an": 1, 
            "on i'm all in life is good and": 1, 
            "on me but i'm running like a rhino": 1, 
            "on rocks my complication want the combination to": 1, 
            "on socks, chewin' on rocks my complication want": 1, 
            "on the mic i make your teeth chatter": 1, 
            "on you got to rock non-stop once it": 1, 
            "once it hits your mind what'cha gonna do": 2, 
            "out - get it out watchout come again": 2, 
            "out - let it out scream it gonna": 2, 
            "out - put it out say it get": 2, 
            "out from the mind to the mic to": 1, 
            "out say it get it out - get": 2, 
            "out scream it gonna shout - gonna shout": 2, 
            "out watchout come again now sucker watchout come": 1, 
            "out watchout come again now sucker yaaaaaaaaaa well": 1, 
            "own demise to help the man make weapons": 1, 
            "pancake batter looking through your binos spying on": 1, 
            "paper to the pen the brand new dance": 1, 
            "patty wack you've got to let it out": 1, 
            "pen the brand new dance called the david": 1, 
            "people lining up for their own demise to": 1, 
            "pockets fatter we be flipping styles like pancake": 1, 
            "put it out - put it out say": 2, 
            "put it out say it get it out": 2, 
            "really wanna let me begin you can't stop": 1, 
            "rhino on a drinking spree you call yourself": 1, 
            "rhyme paper to the pen the brand new": 1, 
            "rhymin' when i'm on i'm all in life": 1, 
            "rock non-stop once it hits your mind what'cha": 1, 
            "rocks my complication want the combination to the": 1, 
            "rodigan you sure you really wanna let me": 1, 
            "running like a rhino on a drinking spree": 1, 
            "say it get it out - get it": 2, 
            "say it let it out - let it": 2, 
            "say it to the heart of the matter,": 1, 
            "scream it gonna shout - gonna shout write": 2, 
            "see it in their eyes people lining up": 1, 
            "service and your cabana bust your ass drunk": 1, 
            "shatter so cold on the mic i make": 1, 
            "shout - gonna shout write it put it": 2, 
            "shout mind to the rhyme paper to the": 1, 
            "shout write it put it out - put": 2, 
            "slipped on a banana like nick nack patty": 1, 
            "sniffin' on socks, chewin' on rocks my complication": 1, 
            "so cold on the mic i make your": 1, 
            "socks, chewin' on rocks my complication want the": 1, 
            "spree you call yourself an mc but what's": 1, 
            "spying on me but i'm running like a": 1, 
            "stop me rhymin' when i'm on i'm all": 1, 
            "stuff you thought, it comes true once it": 1, 
            "styles like pancake batter looking through your binos": 1, 
            "sucker": 1, 
            "sucker watchout come again now sucker": 1, 
            "sucker watchout come again now sucker watchout come": 2, 
            "sucker yaaaaaaaaaa well i can feel it my": 1, 
            "suckers sniffin' on socks, chewin' on rocks my": 1, 
            "sure you really wanna let me begin you": 1, 
            "teeth chatter while you climb the corporate ladder": 1, 
            "the brand new dance called the david rodigan": 1, 
            "the combination to the lock you wanna get": 1, 
            "the corporate ladder to make your pockets fatter": 1, 
            "the david rodigan you sure you really wanna": 1, 
            "the heart of the matter, the mic i": 1, 
            "the lock you wanna get inside well then": 1, 
            "the man make weapons to monetize corporate violence": 1, 
            "the matter, the mic i shatter so cold": 1, 
            "the mic i make your teeth chatter while": 1, 
            "the mic i shatter so cold on the": 1, 
            "the mic to the word to a shout": 1, 
            "the mind to the mic to the word": 1, 
            "the pen the brand new dance called the": 1, 
            "the rhyme paper to the pen the brand": 1, 
            "the toll booth suckers sniffin' on socks, chewin'": 1, 
            "the word to a shout mind to the": 1, 
            "their eyes people lining up for their own": 1, 
            "their own demise to help the man make": 1, 
            "then it gets you stuff you thought, it": 1, 
            "then you best knock knock and when you": 1, 
            "thought, it comes true once it hits your": 1, 
            "through your binos spying on me but i'm": 1, 
            "to a shout mind to the rhyme paper": 1, 
            "to help the man make weapons to monetize": 1, 
            "to let it out from the mind to": 1, 
            "to make your pockets fatter we be flipping": 1, 
            "to monetize corporate violence we can't abide you": 1, 
            "to rock non-stop once it hits your mind": 1, 
            "to say it let it out - let": 2, 
            "to the heart of the matter, the mic": 1, 
            "to the lock you wanna get inside well": 1, 
            "to the mic to the word to a": 1, 
            "to the pen the brand new dance called": 1, 
            "to the rhyme paper to the pen the": 1, 
            "to the word to a shout mind to": 1, 
            "toll booth suckers sniffin' on socks, chewin' on": 1, 
            "true once it hits your mind what'cha gonna": 1, 
            "truth gotta let it loose inside the toll": 1, 
            "up for their own demise to help the": 1, 
            "violence we can't abide you can keep your": 1, 
            "wack you've got to let it out from": 1, 
            "wanna get inside well then you best knock": 1, 
            "wanna let me begin you can't stop me": 1, 
            "want the combination to the lock you wanna": 1, 
            "watchout come again now sucker": 1, 
            "watchout come again now sucker watchout come again": 3, 
            "watchout come again now sucker yaaaaaaaaaa well i": 1, 
            "we be flipping styles like pancake batter looking": 1, 
            "we can't abide you can keep your bottle": 1, 
            "weapons to monetize corporate violence we can't abide": 1, 
            "well i can feel it my bloodstream, see": 1, 
            "well then you best knock knock and when": 1, 
            "what'cha gonna do don't keep it inside you've": 2, 
            "what's your truth gotta let it loose inside": 1, 
            "when i'm on i'm all in life is": 1, 
            "when you get on you got to rock": 1, 
            "while you climb the corporate ladder to make": 1, 
            "word to a shout mind to the rhyme": 1, 
            "write it put it out - put it": 2, 
            "yaaaaaaaaaa well i can feel it my bloodstream,": 1, 
            "you best knock knock and when you get": 1, 
            "you call yourself an mc but what's your": 1, 
            "you can keep your bottle service and your": 1, 
            "you can't stop me rhymin' when i'm on": 1, 
            "you climb the corporate ladder to make your": 1, 
            "you get on you got to rock non-stop": 1, 
            "you got to rock non-stop once it hits": 1, 
            "you really wanna let me begin you can't": 1, 
            "you slipped on a banana like nick nack": 1, 
            "you stuff you thought, it comes true once": 1, 
            "you sure you really wanna let me begin": 1, 
            "you thought, it comes true once it hits": 1, 
            "you wanna get inside well then you best": 1, 
            "you've got to let it out from the": 1, 
            "you've got to say it let it out": 2, 
            "your ass drunk like you slipped on a": 1, 
            "your binos spying on me but i'm running": 1, 
            "your bottle service and your cabana bust your": 1, 
            "your cabana bust your ass drunk like you": 1, 
            "your mind what'cha gonna do don't keep it": 2, 
            "your pockets fatter we be flipping styles like": 1, 
            "your teeth chatter while you climb the corporate": 1, 
            "your truth gotta let it loose inside the": 1, 
            "yourself an mc but what's your truth gotta": 1
        }
    }, 
    "song_title": "Say I", 
    "total_words": [
        356, 
        {
            "-": 8, 
            "a": 4, 
            "abide": 1, 
            "again": 5, 
            "all": 1, 
            "an": 1, 
            "and": 3, 
            "ass": 1, 
            "banana": 1, 
            "batter": 1, 
            "be": 1, 
            "begin": 1, 
            "best": 1, 
            "binos": 1, 
            "bloodstream,": 1, 
            "booth": 1, 
            "bottle": 1, 
            "brand": 1, 
            "bust": 1, 
            "but": 2, 
            "cabana": 1, 
            "call": 1, 
            "called": 1, 
            "can": 2, 
            "can't": 2, 
            "chatter": 1, 
            "chewin'": 1, 
            "climb": 1, 
            "cold": 1, 
            "combination": 1, 
            "come": 5, 
            "comes": 1, 
            "complication": 1, 
            "corporate": 2, 
            "dance": 1, 
            "david": 1, 
            "demise": 1, 
            "do": 2, 
            "don't": 2, 
            "drinking": 1, 
            "drunk": 1, 
            "eyes": 1, 
            "fatter": 1, 
            "feel": 1, 
            "flipping": 1, 
            "for": 1, 
            "from": 1, 
            "get": 6, 
            "gets": 1, 
            "gonna": 6, 
            "good": 1, 
            "got": 4, 
            "gotta": 1, 
            "heart": 1, 
            "help": 1, 
            "hits": 2, 
            "i": 3, 
            "i'm": 3, 
            "in": 2, 
            "inside": 4, 
            "is": 1, 
            "it": 31, 
            "keep": 3, 
            "knock": 2, 
            "ladder": 1, 
            "let": 7, 
            "life": 1, 
            "like": 4, 
            "lining": 1, 
            "lock": 1, 
            "looking": 1, 
            "loose": 1, 
            "make": 3, 
            "man": 1, 
            "matter,": 1, 
            "mc": 1, 
            "me": 3, 
            "mic": 3, 
            "mind": 4, 
            "monetize": 1, 
            "my": 2, 
            "nack": 1, 
            "new": 1, 
            "nick": 1, 
            "non-stop": 1, 
            "now": 5, 
            "of": 1, 
            "on": 8, 
            "once": 2, 
            "out": 13, 
            "own": 1, 
            "pancake": 1, 
            "paper": 1, 
            "patty": 1, 
            "pen": 1, 
            "people": 1, 
            "pockets": 1, 
            "put": 4, 
            "really": 1, 
            "rhino": 1, 
            "rhyme": 1, 
            "rhymin'": 1, 
            "rock": 1, 
            "rocks": 1, 
            "rodigan": 1, 
            "running": 1, 
            "say": 5, 
            "scream": 2, 
            "see": 1, 
            "service": 1, 
            "shatter": 1, 
            "shout": 5, 
            "slipped": 1, 
            "sniffin'": 1, 
            "so": 1, 
            "socks,": 1, 
            "spree": 1, 
            "spying": 1, 
            "stop": 1, 
            "stuff": 1, 
            "styles": 1, 
            "sucker": 5, 
            "suckers": 1, 
            "sure": 1, 
            "teeth": 1, 
            "the": 16, 
            "their": 2, 
            "then": 2, 
            "thought,": 1, 
            "through": 1, 
            "to": 14, 
            "toll": 1, 
            "true": 1, 
            "truth": 1, 
            "up": 1, 
            "violence": 1, 
            "wack": 1, 
            "wanna": 2, 
            "want": 1, 
            "watchout": 5, 
            "we": 2, 
            "weapons": 1, 
            "well": 2, 
            "what'cha": 2, 
            "what's": 1, 
            "when": 2, 
            "while": 1, 
            "word": 1, 
            "write": 2, 
            "yaaaaaaaaaa": 1, 
            "you": 13, 
            "you've": 3, 
            "your": 9, 
            "yourself": 1
        }
    ], 
    "unique_words": [
        154, 
        [
            "all", 
            "help", 
            "don't", 
            "dance", 
            "when", 
            "matter,", 
            "paper", 
            "through", 
            "cold", 
            "looking", 
            "lining", 
            "bust", 
            "sniffin'", 
            "to", 
            "shout", 
            "styles", 
            "do", 
            "good", 
            "combination", 
            "get", 
            "sucker", 
            "shatter", 
            "gonna", 
            "batter", 
            "you've", 
            "new", 
            "drinking", 
            "now", 
            "knock", 
            "like", 
            "rocks", 
            "stuff", 
            "chewin'", 
            "truth", 
            "rock", 
            "inside", 
            "people", 
            "see", 
            "booth", 
            "best", 
            "out", 
            "for", 
            "abide", 
            "rhino", 
            "weapons", 
            "pen", 
            "toll", 
            "got", 
            "ass", 
            "be", 
            "we", 
            "rodigan", 
            "loose", 
            "wack", 
            "let", 
            "pancake", 
            "put", 
            "suckers", 
            "come", 
            "fatter", 
            "on", 
            "hits", 
            "of", 
            "violence", 
            "keep", 
            "bloodstream,", 
            "pockets", 
            "i'm", 
            "wanna", 
            "can't", 
            "patty", 
            "own", 
            "slipped", 
            "drunk", 
            "feel", 
            "nack", 
            "flipping", 
            "yourself", 
            "stop", 
            "your", 
            "complication", 
            "from", 
            "service", 
            "their", 
            "call", 
            "really", 
            "banana", 
            "eyes", 
            "rhymin'", 
            "binos", 
            "monetize", 
            "what's", 
            "but", 
            "thought,", 
            "true", 
            "me", 
            "word", 
            "mc", 
            "gotta", 
            "up", 
            "non-stop", 
            "while", 
            "can", 
            "chatter", 
            "my", 
            "called", 
            "and", 
            "heart", 
            "then", 
            "spying", 
            "lock", 
            "is", 
            "mind", 
            "it", 
            "an", 
            "say", 
            "what'cha", 
            "want", 
            "in", 
            "david", 
            "well", 
            "again", 
            "make", 
            "-", 
            "cabana", 
            "write", 
            "nick", 
            "you", 
            "gets", 
            "yaaaaaaaaaa", 
            "brand", 
            "begin", 
            "sure", 
            "watchout", 
            "rhyme", 
            "ladder", 
            "socks,", 
            "running", 
            "demise", 
            "spree", 
            "climb", 
            "man", 
            "a", 
            "i", 
            "life", 
            "scream", 
            "so", 
            "comes", 
            "bottle", 
            "teeth", 
            "the", 
            "corporate", 
            "mic", 
            "once"
        ]
    ], 
    "year": 2011
}