{
    "album": "Hot Sauce Committee Part Two", 
    "artist": "Beastie Boys", 
    "lyrics": "Now, it suffice, to say that I'm nicer\nNice in the cut, and yes I'm the slicer\nOr should I say, I'm the filleter\nI hate the game, I hate the player\nBut don't get discombobulated and upset\nBecause trust me, we ain't even begun yet\n\nMike D's got it locked and we rock it nonstop\nAdRock's got it locked and we rock it nonstop\nMCA's got it locked and we rock it nonstop\nAnd you don't stop, the body rock\n\nWatch me make it pop, now I make it sizzle\nAs I flip your omelet up at the B bizzle\nI'm like Multo Mario, they call me tasty D\nYour quick fire challenge freak the hijiki\nYou can call me chef cause its bonafide\nKnife skills on the block that I'm taking world wide\n\nMike D's got it locked and we rock it nonstop\nAdRock's got it locked and we rock it nonstop\nMCA's got it locked and we rock it nonstop\nAnd you don't stop, the body rock\n\nI've got bass lines bubbling up on out of my hands\nDon't want to never play nothin' that sounds too bland\nShazam! I sprinkle on some magic dust\nYou've got a bagel in your pants and that's a must\nPlus I cuss and I grab my nuts\nGot a six finger ring that says \"excuse our dust\"\n\nMike D's got it locked and we rock it nonstop\nAdRock's got it locked and we rock it nonstop\nMCA's got it locked and we rock it nonstop\nAnd you don't stop, the body rock\nSometimes things just don't connect\n", 
    "ngrams": {
        "2": {
            "": 1045, 
            "a bagel": 1, 
            "a must": 1, 
            "a six": 1, 
            "adrock's got": 3, 
            "ain't even": 1, 
            "and i": 1, 
            "and that's": 1, 
            "and upset": 1, 
            "and we": 9, 
            "and yes": 1, 
            "and you": 3, 
            "as i": 1, 
            "at the": 1, 
            "b bizzle": 1, 
            "bagel in": 1, 
            "bass lines": 1, 
            "because trust": 1, 
            "begun yet": 1, 
            "bizzle i'm": 1, 
            "bland shazam": 1, 
            "block that": 1, 
            "body rock": 3, 
            "bonafide knife": 1, 
            "bubbling up": 1, 
            "but don't": 1, 
            "call me": 2, 
            "can call": 1, 
            "cause its": 1, 
            "challenge freak": 1, 
            "chef cause": 1, 
            "connect": 1, 
            "cuss and": 1, 
            "cut, and": 1, 
            "d your": 1, 
            "d's got": 3, 
            "discombobulated and": 1, 
            "don't connect": 1, 
            "don't get": 1, 
            "don't stop,": 3, 
            "don't want": 1, 
            "dust mike": 1, 
            "dust you've": 1, 
            "even begun": 1, 
            "excuse our": 1, 
            "filleter i": 1, 
            "finger ring": 1, 
            "fire challenge": 1, 
            "flip your": 1, 
            "freak the": 1, 
            "game, i": 1, 
            "get discombobulated": 1, 
            "got a": 2, 
            "got bass": 1, 
            "got it": 9, 
            "grab my": 1, 
            "hands don't": 1, 
            "hate the": 2, 
            "hijiki you": 1, 
            "i cuss": 1, 
            "i flip": 1, 
            "i grab": 1, 
            "i hate": 2, 
            "i make": 1, 
            "i say,": 1, 
            "i sprinkle": 1, 
            "i'm like": 1, 
            "i'm nicer": 1, 
            "i'm taking": 1, 
            "i'm the": 2, 
            "i've got": 1, 
            "in the": 1, 
            "in your": 1, 
            "it locked": 9, 
            "it nonstop": 9, 
            "it pop,": 1, 
            "it sizzle": 1, 
            "it suffice,": 1, 
            "its bonafide": 1, 
            "just don't": 1, 
            "knife skills": 1, 
            "like multo": 1, 
            "lines bubbling": 1, 
            "locked and": 9, 
            "magic dust": 1, 
            "make it": 2, 
            "mario, they": 1, 
            "mca's got": 3, 
            "me chef": 1, 
            "me make": 1, 
            "me tasty": 1, 
            "me, we": 1, 
            "mike d's": 3, 
            "multo mario,": 1, 
            "must plus": 1, 
            "my hands": 1, 
            "my nuts": 1, 
            "never play": 1, 
            "nice in": 1, 
            "nicer nice": 1, 
            "nonstop adrock's": 3, 
            "nonstop and": 3, 
            "nonstop mca's": 3, 
            "nothin' that": 1, 
            "now i": 1, 
            "now, it": 1, 
            "nuts got": 1, 
            "of my": 1, 
            "omelet up": 1, 
            "on out": 1, 
            "on some": 1, 
            "on the": 1, 
            "or should": 1, 
            "our dust": 1, 
            "out of": 1, 
            "pants and": 1, 
            "play nothin'": 1, 
            "player but": 1, 
            "plus i": 1, 
            "pop, now": 1, 
            "quick fire": 1, 
            "ring that": 1, 
            "rock i've": 1, 
            "rock it": 9, 
            "rock sometimes": 1, 
            "rock watch": 1, 
            "say that": 1, 
            "say, i'm": 1, 
            "says excuse": 1, 
            "shazam i": 1, 
            "should i": 1, 
            "six finger": 1, 
            "sizzle as": 1, 
            "skills on": 1, 
            "slicer or": 1, 
            "some magic": 1, 
            "sometimes things": 1, 
            "sounds too": 1, 
            "sprinkle on": 1, 
            "stop, the": 3, 
            "suffice, to": 1, 
            "taking world": 1, 
            "tasty d": 1, 
            "that i'm": 2, 
            "that says": 1, 
            "that sounds": 1, 
            "that's a": 1, 
            "the b": 1, 
            "the block": 1, 
            "the body": 3, 
            "the cut,": 1, 
            "the filleter": 1, 
            "the game,": 1, 
            "the hijiki": 1, 
            "the player": 1, 
            "the slicer": 1, 
            "they call": 1, 
            "things just": 1, 
            "to never": 1, 
            "to say": 1, 
            "too bland": 1, 
            "trust me,": 1, 
            "up at": 1, 
            "up on": 1, 
            "upset because": 1, 
            "want to": 1, 
            "watch me": 1, 
            "we ain't": 1, 
            "we rock": 9, 
            "wide mike": 1, 
            "world wide": 1, 
            "yes i'm": 1, 
            "yet mike": 1, 
            "you can": 1, 
            "you don't": 3, 
            "you've got": 1, 
            "your omelet": 1, 
            "your pants": 1, 
            "your quick": 1
        }, 
        "3": {
            "": 1044, 
            "a bagel in": 1, 
            "a must plus": 1, 
            "a six finger": 1, 
            "adrock's got it": 3, 
            "ain't even begun": 1, 
            "and i grab": 1, 
            "and that's a": 1, 
            "and upset because": 1, 
            "and we rock": 9, 
            "and yes i'm": 1, 
            "and you don't": 3, 
            "as i flip": 1, 
            "at the b": 1, 
            "b bizzle i'm": 1, 
            "bagel in your": 1, 
            "bass lines bubbling": 1, 
            "because trust me,": 1, 
            "begun yet mike": 1, 
            "bizzle i'm like": 1, 
            "bland shazam i": 1, 
            "block that i'm": 1, 
            "body rock i've": 1, 
            "body rock sometimes": 1, 
            "body rock watch": 1, 
            "bonafide knife skills": 1, 
            "bubbling up on": 1, 
            "but don't get": 1, 
            "call me chef": 1, 
            "call me tasty": 1, 
            "can call me": 1, 
            "cause its bonafide": 1, 
            "challenge freak the": 1, 
            "chef cause its": 1, 
            "connect": 1, 
            "cuss and i": 1, 
            "cut, and yes": 1, 
            "d your quick": 1, 
            "d's got it": 3, 
            "discombobulated and upset": 1, 
            "don't connect": 1, 
            "don't get discombobulated": 1, 
            "don't stop, the": 3, 
            "don't want to": 1, 
            "dust mike d's": 1, 
            "dust you've got": 1, 
            "even begun yet": 1, 
            "excuse our dust": 1, 
            "filleter i hate": 1, 
            "finger ring that": 1, 
            "fire challenge freak": 1, 
            "flip your omelet": 1, 
            "freak the hijiki": 1, 
            "game, i hate": 1, 
            "get discombobulated and": 1, 
            "got a bagel": 1, 
            "got a six": 1, 
            "got bass lines": 1, 
            "got it locked": 9, 
            "grab my nuts": 1, 
            "hands don't want": 1, 
            "hate the game,": 1, 
            "hate the player": 1, 
            "hijiki you can": 1, 
            "i cuss and": 1, 
            "i flip your": 1, 
            "i grab my": 1, 
            "i hate the": 2, 
            "i make it": 1, 
            "i say, i'm": 1, 
            "i sprinkle on": 1, 
            "i'm like multo": 1, 
            "i'm nicer nice": 1, 
            "i'm taking world": 1, 
            "i'm the filleter": 1, 
            "i'm the slicer": 1, 
            "i've got bass": 1, 
            "in the cut,": 1, 
            "in your pants": 1, 
            "it locked and": 9, 
            "it nonstop adrock's": 3, 
            "it nonstop and": 3, 
            "it nonstop mca's": 3, 
            "it pop, now": 1, 
            "it sizzle as": 1, 
            "it suffice, to": 1, 
            "its bonafide knife": 1, 
            "just don't connect": 1, 
            "knife skills on": 1, 
            "like multo mario,": 1, 
            "lines bubbling up": 1, 
            "locked and we": 9, 
            "magic dust you've": 1, 
            "make it pop,": 1, 
            "make it sizzle": 1, 
            "mario, they call": 1, 
            "mca's got it": 3, 
            "me chef cause": 1, 
            "me make it": 1, 
            "me tasty d": 1, 
            "me, we ain't": 1, 
            "mike d's got": 3, 
            "multo mario, they": 1, 
            "must plus i": 1, 
            "my hands don't": 1, 
            "my nuts got": 1, 
            "never play nothin'": 1, 
            "nice in the": 1, 
            "nicer nice in": 1, 
            "nonstop adrock's got": 3, 
            "nonstop and you": 3, 
            "nonstop mca's got": 3, 
            "nothin' that sounds": 1, 
            "now i make": 1, 
            "now, it suffice,": 1, 
            "nuts got a": 1, 
            "of my hands": 1, 
            "omelet up at": 1, 
            "on out of": 1, 
            "on some magic": 1, 
            "on the block": 1, 
            "or should i": 1, 
            "our dust mike": 1, 
            "out of my": 1, 
            "pants and that's": 1, 
            "play nothin' that": 1, 
            "player but don't": 1, 
            "plus i cuss": 1, 
            "pop, now i": 1, 
            "quick fire challenge": 1, 
            "ring that says": 1, 
            "rock i've got": 1, 
            "rock it nonstop": 9, 
            "rock sometimes things": 1, 
            "rock watch me": 1, 
            "say that i'm": 1, 
            "say, i'm the": 1, 
            "says excuse our": 1, 
            "shazam i sprinkle": 1, 
            "should i say,": 1, 
            "six finger ring": 1, 
            "sizzle as i": 1, 
            "skills on the": 1, 
            "slicer or should": 1, 
            "some magic dust": 1, 
            "sometimes things just": 1, 
            "sounds too bland": 1, 
            "sprinkle on some": 1, 
            "stop, the body": 3, 
            "suffice, to say": 1, 
            "taking world wide": 1, 
            "tasty d your": 1, 
            "that i'm nicer": 1, 
            "that i'm taking": 1, 
            "that says excuse": 1, 
            "that sounds too": 1, 
            "that's a must": 1, 
            "the b bizzle": 1, 
            "the block that": 1, 
            "the body rock": 3, 
            "the cut, and": 1, 
            "the filleter i": 1, 
            "the game, i": 1, 
            "the hijiki you": 1, 
            "the player but": 1, 
            "the slicer or": 1, 
            "they call me": 1, 
            "things just don't": 1, 
            "to never play": 1, 
            "to say that": 1, 
            "too bland shazam": 1, 
            "trust me, we": 1, 
            "up at the": 1, 
            "up on out": 1, 
            "upset because trust": 1, 
            "want to never": 1, 
            "watch me make": 1, 
            "we ain't even": 1, 
            "we rock it": 9, 
            "wide mike d's": 1, 
            "world wide mike": 1, 
            "yes i'm the": 1, 
            "yet mike d's": 1, 
            "you can call": 1, 
            "you don't stop,": 3, 
            "you've got a": 1, 
            "your omelet up": 1, 
            "your pants and": 1, 
            "your quick fire": 1
        }, 
        "4": {
            "": 1043, 
            "a bagel in your": 1, 
            "a must plus i": 1, 
            "a six finger ring": 1, 
            "adrock's got it locked": 3, 
            "ain't even begun yet": 1, 
            "and i grab my": 1, 
            "and that's a must": 1, 
            "and upset because trust": 1, 
            "and we rock it": 9, 
            "and yes i'm the": 1, 
            "and you don't stop,": 3, 
            "as i flip your": 1, 
            "at the b bizzle": 1, 
            "b bizzle i'm like": 1, 
            "bagel in your pants": 1, 
            "bass lines bubbling up": 1, 
            "because trust me, we": 1, 
            "begun yet mike d's": 1, 
            "bizzle i'm like multo": 1, 
            "bland shazam i sprinkle": 1, 
            "block that i'm taking": 1, 
            "body rock i've got": 1, 
            "body rock sometimes things": 1, 
            "body rock watch me": 1, 
            "bonafide knife skills on": 1, 
            "bubbling up on out": 1, 
            "but don't get discombobulated": 1, 
            "call me chef cause": 1, 
            "call me tasty d": 1, 
            "can call me chef": 1, 
            "cause its bonafide knife": 1, 
            "challenge freak the hijiki": 1, 
            "chef cause its bonafide": 1, 
            "connect": 1, 
            "cuss and i grab": 1, 
            "cut, and yes i'm": 1, 
            "d your quick fire": 1, 
            "d's got it locked": 3, 
            "discombobulated and upset because": 1, 
            "don't connect": 1, 
            "don't get discombobulated and": 1, 
            "don't stop, the body": 3, 
            "don't want to never": 1, 
            "dust mike d's got": 1, 
            "dust you've got a": 1, 
            "even begun yet mike": 1, 
            "excuse our dust mike": 1, 
            "filleter i hate the": 1, 
            "finger ring that says": 1, 
            "fire challenge freak the": 1, 
            "flip your omelet up": 1, 
            "freak the hijiki you": 1, 
            "game, i hate the": 1, 
            "get discombobulated and upset": 1, 
            "got a bagel in": 1, 
            "got a six finger": 1, 
            "got bass lines bubbling": 1, 
            "got it locked and": 9, 
            "grab my nuts got": 1, 
            "hands don't want to": 1, 
            "hate the game, i": 1, 
            "hate the player but": 1, 
            "hijiki you can call": 1, 
            "i cuss and i": 1, 
            "i flip your omelet": 1, 
            "i grab my nuts": 1, 
            "i hate the game,": 1, 
            "i hate the player": 1, 
            "i make it sizzle": 1, 
            "i say, i'm the": 1, 
            "i sprinkle on some": 1, 
            "i'm like multo mario,": 1, 
            "i'm nicer nice in": 1, 
            "i'm taking world wide": 1, 
            "i'm the filleter i": 1, 
            "i'm the slicer or": 1, 
            "i've got bass lines": 1, 
            "in the cut, and": 1, 
            "in your pants and": 1, 
            "it locked and we": 9, 
            "it nonstop adrock's got": 3, 
            "it nonstop and you": 3, 
            "it nonstop mca's got": 3, 
            "it pop, now i": 1, 
            "it sizzle as i": 1, 
            "it suffice, to say": 1, 
            "its bonafide knife skills": 1, 
            "just don't connect": 1, 
            "knife skills on the": 1, 
            "like multo mario, they": 1, 
            "lines bubbling up on": 1, 
            "locked and we rock": 9, 
            "magic dust you've got": 1, 
            "make it pop, now": 1, 
            "make it sizzle as": 1, 
            "mario, they call me": 1, 
            "mca's got it locked": 3, 
            "me chef cause its": 1, 
            "me make it pop,": 1, 
            "me tasty d your": 1, 
            "me, we ain't even": 1, 
            "mike d's got it": 3, 
            "multo mario, they call": 1, 
            "must plus i cuss": 1, 
            "my hands don't want": 1, 
            "my nuts got a": 1, 
            "never play nothin' that": 1, 
            "nice in the cut,": 1, 
            "nicer nice in the": 1, 
            "nonstop adrock's got it": 3, 
            "nonstop and you don't": 3, 
            "nonstop mca's got it": 3, 
            "nothin' that sounds too": 1, 
            "now i make it": 1, 
            "now, it suffice, to": 1, 
            "nuts got a six": 1, 
            "of my hands don't": 1, 
            "omelet up at the": 1, 
            "on out of my": 1, 
            "on some magic dust": 1, 
            "on the block that": 1, 
            "or should i say,": 1, 
            "our dust mike d's": 1, 
            "out of my hands": 1, 
            "pants and that's a": 1, 
            "play nothin' that sounds": 1, 
            "player but don't get": 1, 
            "plus i cuss and": 1, 
            "pop, now i make": 1, 
            "quick fire challenge freak": 1, 
            "ring that says excuse": 1, 
            "rock i've got bass": 1, 
            "rock it nonstop adrock's": 3, 
            "rock it nonstop and": 3, 
            "rock it nonstop mca's": 3, 
            "rock sometimes things just": 1, 
            "rock watch me make": 1, 
            "say that i'm nicer": 1, 
            "say, i'm the filleter": 1, 
            "says excuse our dust": 1, 
            "shazam i sprinkle on": 1, 
            "should i say, i'm": 1, 
            "six finger ring that": 1, 
            "sizzle as i flip": 1, 
            "skills on the block": 1, 
            "slicer or should i": 1, 
            "some magic dust you've": 1, 
            "sometimes things just don't": 1, 
            "sounds too bland shazam": 1, 
            "sprinkle on some magic": 1, 
            "stop, the body rock": 3, 
            "suffice, to say that": 1, 
            "taking world wide mike": 1, 
            "tasty d your quick": 1, 
            "that i'm nicer nice": 1, 
            "that i'm taking world": 1, 
            "that says excuse our": 1, 
            "that sounds too bland": 1, 
            "that's a must plus": 1, 
            "the b bizzle i'm": 1, 
            "the block that i'm": 1, 
            "the body rock i've": 1, 
            "the body rock sometimes": 1, 
            "the body rock watch": 1, 
            "the cut, and yes": 1, 
            "the filleter i hate": 1, 
            "the game, i hate": 1, 
            "the hijiki you can": 1, 
            "the player but don't": 1, 
            "the slicer or should": 1, 
            "they call me tasty": 1, 
            "things just don't connect": 1, 
            "to never play nothin'": 1, 
            "to say that i'm": 1, 
            "too bland shazam i": 1, 
            "trust me, we ain't": 1, 
            "up at the b": 1, 
            "up on out of": 1, 
            "upset because trust me,": 1, 
            "want to never play": 1, 
            "watch me make it": 1, 
            "we ain't even begun": 1, 
            "we rock it nonstop": 9, 
            "wide mike d's got": 1, 
            "world wide mike d's": 1, 
            "yes i'm the slicer": 1, 
            "yet mike d's got": 1, 
            "you can call me": 1, 
            "you don't stop, the": 3, 
            "you've got a bagel": 1, 
            "your omelet up at": 1, 
            "your pants and that's": 1, 
            "your quick fire challenge": 1
        }, 
        "5": {
            "": 1042, 
            "a bagel in your pants": 1, 
            "a must plus i cuss": 1, 
            "a six finger ring that": 1, 
            "adrock's got it locked and": 3, 
            "ain't even begun yet mike": 1, 
            "and i grab my nuts": 1, 
            "and that's a must plus": 1, 
            "and upset because trust me,": 1, 
            "and we rock it nonstop": 9, 
            "and yes i'm the slicer": 1, 
            "and you don't stop, the": 3, 
            "as i flip your omelet": 1, 
            "at the b bizzle i'm": 1, 
            "b bizzle i'm like multo": 1, 
            "bagel in your pants and": 1, 
            "bass lines bubbling up on": 1, 
            "because trust me, we ain't": 1, 
            "begun yet mike d's got": 1, 
            "bizzle i'm like multo mario,": 1, 
            "bland shazam i sprinkle on": 1, 
            "block that i'm taking world": 1, 
            "body rock i've got bass": 1, 
            "body rock sometimes things just": 1, 
            "body rock watch me make": 1, 
            "bonafide knife skills on the": 1, 
            "bubbling up on out of": 1, 
            "but don't get discombobulated and": 1, 
            "call me chef cause its": 1, 
            "call me tasty d your": 1, 
            "can call me chef cause": 1, 
            "cause its bonafide knife skills": 1, 
            "challenge freak the hijiki you": 1, 
            "chef cause its bonafide knife": 1, 
            "connect": 1, 
            "cuss and i grab my": 1, 
            "cut, and yes i'm the": 1, 
            "d your quick fire challenge": 1, 
            "d's got it locked and": 3, 
            "discombobulated and upset because trust": 1, 
            "don't connect": 1, 
            "don't get discombobulated and upset": 1, 
            "don't stop, the body rock": 3, 
            "don't want to never play": 1, 
            "dust mike d's got it": 1, 
            "dust you've got a bagel": 1, 
            "even begun yet mike d's": 1, 
            "excuse our dust mike d's": 1, 
            "filleter i hate the game,": 1, 
            "finger ring that says excuse": 1, 
            "fire challenge freak the hijiki": 1, 
            "flip your omelet up at": 1, 
            "freak the hijiki you can": 1, 
            "game, i hate the player": 1, 
            "get discombobulated and upset because": 1, 
            "got a bagel in your": 1, 
            "got a six finger ring": 1, 
            "got bass lines bubbling up": 1, 
            "got it locked and we": 9, 
            "grab my nuts got a": 1, 
            "hands don't want to never": 1, 
            "hate the game, i hate": 1, 
            "hate the player but don't": 1, 
            "hijiki you can call me": 1, 
            "i cuss and i grab": 1, 
            "i flip your omelet up": 1, 
            "i grab my nuts got": 1, 
            "i hate the game, i": 1, 
            "i hate the player but": 1, 
            "i make it sizzle as": 1, 
            "i say, i'm the filleter": 1, 
            "i sprinkle on some magic": 1, 
            "i'm like multo mario, they": 1, 
            "i'm nicer nice in the": 1, 
            "i'm taking world wide mike": 1, 
            "i'm the filleter i hate": 1, 
            "i'm the slicer or should": 1, 
            "i've got bass lines bubbling": 1, 
            "in the cut, and yes": 1, 
            "in your pants and that's": 1, 
            "it locked and we rock": 9, 
            "it nonstop adrock's got it": 3, 
            "it nonstop and you don't": 3, 
            "it nonstop mca's got it": 3, 
            "it pop, now i make": 1, 
            "it sizzle as i flip": 1, 
            "it suffice, to say that": 1, 
            "its bonafide knife skills on": 1, 
            "just don't connect": 1, 
            "knife skills on the block": 1, 
            "like multo mario, they call": 1, 
            "lines bubbling up on out": 1, 
            "locked and we rock it": 9, 
            "magic dust you've got a": 1, 
            "make it pop, now i": 1, 
            "make it sizzle as i": 1, 
            "mario, they call me tasty": 1, 
            "mca's got it locked and": 3, 
            "me chef cause its bonafide": 1, 
            "me make it pop, now": 1, 
            "me tasty d your quick": 1, 
            "me, we ain't even begun": 1, 
            "mike d's got it locked": 3, 
            "multo mario, they call me": 1, 
            "must plus i cuss and": 1, 
            "my hands don't want to": 1, 
            "my nuts got a six": 1, 
            "never play nothin' that sounds": 1, 
            "nice in the cut, and": 1, 
            "nicer nice in the cut,": 1, 
            "nonstop adrock's got it locked": 3, 
            "nonstop and you don't stop,": 3, 
            "nonstop mca's got it locked": 3, 
            "nothin' that sounds too bland": 1, 
            "now i make it sizzle": 1, 
            "now, it suffice, to say": 1, 
            "nuts got a six finger": 1, 
            "of my hands don't want": 1, 
            "omelet up at the b": 1, 
            "on out of my hands": 1, 
            "on some magic dust you've": 1, 
            "on the block that i'm": 1, 
            "or should i say, i'm": 1, 
            "our dust mike d's got": 1, 
            "out of my hands don't": 1, 
            "pants and that's a must": 1, 
            "play nothin' that sounds too": 1, 
            "player but don't get discombobulated": 1, 
            "plus i cuss and i": 1, 
            "pop, now i make it": 1, 
            "quick fire challenge freak the": 1, 
            "ring that says excuse our": 1, 
            "rock i've got bass lines": 1, 
            "rock it nonstop adrock's got": 3, 
            "rock it nonstop and you": 3, 
            "rock it nonstop mca's got": 3, 
            "rock sometimes things just don't": 1, 
            "rock watch me make it": 1, 
            "say that i'm nicer nice": 1, 
            "say, i'm the filleter i": 1, 
            "says excuse our dust mike": 1, 
            "shazam i sprinkle on some": 1, 
            "should i say, i'm the": 1, 
            "six finger ring that says": 1, 
            "sizzle as i flip your": 1, 
            "skills on the block that": 1, 
            "slicer or should i say,": 1, 
            "some magic dust you've got": 1, 
            "sometimes things just don't connect": 1, 
            "sounds too bland shazam i": 1, 
            "sprinkle on some magic dust": 1, 
            "stop, the body rock i've": 1, 
            "stop, the body rock sometimes": 1, 
            "stop, the body rock watch": 1, 
            "suffice, to say that i'm": 1, 
            "taking world wide mike d's": 1, 
            "tasty d your quick fire": 1, 
            "that i'm nicer nice in": 1, 
            "that i'm taking world wide": 1, 
            "that says excuse our dust": 1, 
            "that sounds too bland shazam": 1, 
            "that's a must plus i": 1, 
            "the b bizzle i'm like": 1, 
            "the block that i'm taking": 1, 
            "the body rock i've got": 1, 
            "the body rock sometimes things": 1, 
            "the body rock watch me": 1, 
            "the cut, and yes i'm": 1, 
            "the filleter i hate the": 1, 
            "the game, i hate the": 1, 
            "the hijiki you can call": 1, 
            "the player but don't get": 1, 
            "the slicer or should i": 1, 
            "they call me tasty d": 1, 
            "things just don't connect": 1, 
            "to never play nothin' that": 1, 
            "to say that i'm nicer": 1, 
            "too bland shazam i sprinkle": 1, 
            "trust me, we ain't even": 1, 
            "up at the b bizzle": 1, 
            "up on out of my": 1, 
            "upset because trust me, we": 1, 
            "want to never play nothin'": 1, 
            "watch me make it pop,": 1, 
            "we ain't even begun yet": 1, 
            "we rock it nonstop adrock's": 3, 
            "we rock it nonstop and": 3, 
            "we rock it nonstop mca's": 3, 
            "wide mike d's got it": 1, 
            "world wide mike d's got": 1, 
            "yes i'm the slicer or": 1, 
            "yet mike d's got it": 1, 
            "you can call me chef": 1, 
            "you don't stop, the body": 3, 
            "you've got a bagel in": 1, 
            "your omelet up at the": 1, 
            "your pants and that's a": 1, 
            "your quick fire challenge freak": 1
        }, 
        "6": {
            "": 1041, 
            "a bagel in your pants and": 1, 
            "a must plus i cuss and": 1, 
            "a six finger ring that says": 1, 
            "adrock's got it locked and we": 3, 
            "ain't even begun yet mike d's": 1, 
            "and i grab my nuts got": 1, 
            "and that's a must plus i": 1, 
            "and upset because trust me, we": 1, 
            "and we rock it nonstop adrock's": 3, 
            "and we rock it nonstop and": 3, 
            "and we rock it nonstop mca's": 3, 
            "and yes i'm the slicer or": 1, 
            "and you don't stop, the body": 3, 
            "as i flip your omelet up": 1, 
            "at the b bizzle i'm like": 1, 
            "b bizzle i'm like multo mario,": 1, 
            "bagel in your pants and that's": 1, 
            "bass lines bubbling up on out": 1, 
            "because trust me, we ain't even": 1, 
            "begun yet mike d's got it": 1, 
            "bizzle i'm like multo mario, they": 1, 
            "bland shazam i sprinkle on some": 1, 
            "block that i'm taking world wide": 1, 
            "body rock i've got bass lines": 1, 
            "body rock sometimes things just don't": 1, 
            "body rock watch me make it": 1, 
            "bonafide knife skills on the block": 1, 
            "bubbling up on out of my": 1, 
            "but don't get discombobulated and upset": 1, 
            "call me chef cause its bonafide": 1, 
            "call me tasty d your quick": 1, 
            "can call me chef cause its": 1, 
            "cause its bonafide knife skills on": 1, 
            "challenge freak the hijiki you can": 1, 
            "chef cause its bonafide knife skills": 1, 
            "connect": 1, 
            "cuss and i grab my nuts": 1, 
            "cut, and yes i'm the slicer": 1, 
            "d your quick fire challenge freak": 1, 
            "d's got it locked and we": 3, 
            "discombobulated and upset because trust me,": 1, 
            "don't connect": 1, 
            "don't get discombobulated and upset because": 1, 
            "don't stop, the body rock i've": 1, 
            "don't stop, the body rock sometimes": 1, 
            "don't stop, the body rock watch": 1, 
            "don't want to never play nothin'": 1, 
            "dust mike d's got it locked": 1, 
            "dust you've got a bagel in": 1, 
            "even begun yet mike d's got": 1, 
            "excuse our dust mike d's got": 1, 
            "filleter i hate the game, i": 1, 
            "finger ring that says excuse our": 1, 
            "fire challenge freak the hijiki you": 1, 
            "flip your omelet up at the": 1, 
            "freak the hijiki you can call": 1, 
            "game, i hate the player but": 1, 
            "get discombobulated and upset because trust": 1, 
            "got a bagel in your pants": 1, 
            "got a six finger ring that": 1, 
            "got bass lines bubbling up on": 1, 
            "got it locked and we rock": 9, 
            "grab my nuts got a six": 1, 
            "hands don't want to never play": 1, 
            "hate the game, i hate the": 1, 
            "hate the player but don't get": 1, 
            "hijiki you can call me chef": 1, 
            "i cuss and i grab my": 1, 
            "i flip your omelet up at": 1, 
            "i grab my nuts got a": 1, 
            "i hate the game, i hate": 1, 
            "i hate the player but don't": 1, 
            "i make it sizzle as i": 1, 
            "i say, i'm the filleter i": 1, 
            "i sprinkle on some magic dust": 1, 
            "i'm like multo mario, they call": 1, 
            "i'm nicer nice in the cut,": 1, 
            "i'm taking world wide mike d's": 1, 
            "i'm the filleter i hate the": 1, 
            "i'm the slicer or should i": 1, 
            "i've got bass lines bubbling up": 1, 
            "in the cut, and yes i'm": 1, 
            "in your pants and that's a": 1, 
            "it locked and we rock it": 9, 
            "it nonstop adrock's got it locked": 3, 
            "it nonstop and you don't stop,": 3, 
            "it nonstop mca's got it locked": 3, 
            "it pop, now i make it": 1, 
            "it sizzle as i flip your": 1, 
            "it suffice, to say that i'm": 1, 
            "its bonafide knife skills on the": 1, 
            "just don't connect": 1, 
            "knife skills on the block that": 1, 
            "like multo mario, they call me": 1, 
            "lines bubbling up on out of": 1, 
            "locked and we rock it nonstop": 9, 
            "magic dust you've got a bagel": 1, 
            "make it pop, now i make": 1, 
            "make it sizzle as i flip": 1, 
            "mario, they call me tasty d": 1, 
            "mca's got it locked and we": 3, 
            "me chef cause its bonafide knife": 1, 
            "me make it pop, now i": 1, 
            "me tasty d your quick fire": 1, 
            "me, we ain't even begun yet": 1, 
            "mike d's got it locked and": 3, 
            "multo mario, they call me tasty": 1, 
            "must plus i cuss and i": 1, 
            "my hands don't want to never": 1, 
            "my nuts got a six finger": 1, 
            "never play nothin' that sounds too": 1, 
            "nice in the cut, and yes": 1, 
            "nicer nice in the cut, and": 1, 
            "nonstop adrock's got it locked and": 3, 
            "nonstop and you don't stop, the": 3, 
            "nonstop mca's got it locked and": 3, 
            "nothin' that sounds too bland shazam": 1, 
            "now i make it sizzle as": 1, 
            "now, it suffice, to say that": 1, 
            "nuts got a six finger ring": 1, 
            "of my hands don't want to": 1, 
            "omelet up at the b bizzle": 1, 
            "on out of my hands don't": 1, 
            "on some magic dust you've got": 1, 
            "on the block that i'm taking": 1, 
            "or should i say, i'm the": 1, 
            "our dust mike d's got it": 1, 
            "out of my hands don't want": 1, 
            "pants and that's a must plus": 1, 
            "play nothin' that sounds too bland": 1, 
            "player but don't get discombobulated and": 1, 
            "plus i cuss and i grab": 1, 
            "pop, now i make it sizzle": 1, 
            "quick fire challenge freak the hijiki": 1, 
            "ring that says excuse our dust": 1, 
            "rock i've got bass lines bubbling": 1, 
            "rock it nonstop adrock's got it": 3, 
            "rock it nonstop and you don't": 3, 
            "rock it nonstop mca's got it": 3, 
            "rock sometimes things just don't connect": 1, 
            "rock watch me make it pop,": 1, 
            "say that i'm nicer nice in": 1, 
            "say, i'm the filleter i hate": 1, 
            "says excuse our dust mike d's": 1, 
            "shazam i sprinkle on some magic": 1, 
            "should i say, i'm the filleter": 1, 
            "six finger ring that says excuse": 1, 
            "sizzle as i flip your omelet": 1, 
            "skills on the block that i'm": 1, 
            "slicer or should i say, i'm": 1, 
            "some magic dust you've got a": 1, 
            "sometimes things just don't connect": 1, 
            "sounds too bland shazam i sprinkle": 1, 
            "sprinkle on some magic dust you've": 1, 
            "stop, the body rock i've got": 1, 
            "stop, the body rock sometimes things": 1, 
            "stop, the body rock watch me": 1, 
            "suffice, to say that i'm nicer": 1, 
            "taking world wide mike d's got": 1, 
            "tasty d your quick fire challenge": 1, 
            "that i'm nicer nice in the": 1, 
            "that i'm taking world wide mike": 1, 
            "that says excuse our dust mike": 1, 
            "that sounds too bland shazam i": 1, 
            "that's a must plus i cuss": 1, 
            "the b bizzle i'm like multo": 1, 
            "the block that i'm taking world": 1, 
            "the body rock i've got bass": 1, 
            "the body rock sometimes things just": 1, 
            "the body rock watch me make": 1, 
            "the cut, and yes i'm the": 1, 
            "the filleter i hate the game,": 1, 
            "the game, i hate the player": 1, 
            "the hijiki you can call me": 1, 
            "the player but don't get discombobulated": 1, 
            "the slicer or should i say,": 1, 
            "they call me tasty d your": 1, 
            "things just don't connect": 1, 
            "to never play nothin' that sounds": 1, 
            "to say that i'm nicer nice": 1, 
            "too bland shazam i sprinkle on": 1, 
            "trust me, we ain't even begun": 1, 
            "up at the b bizzle i'm": 1, 
            "up on out of my hands": 1, 
            "upset because trust me, we ain't": 1, 
            "want to never play nothin' that": 1, 
            "watch me make it pop, now": 1, 
            "we ain't even begun yet mike": 1, 
            "we rock it nonstop adrock's got": 3, 
            "we rock it nonstop and you": 3, 
            "we rock it nonstop mca's got": 3, 
            "wide mike d's got it locked": 1, 
            "world wide mike d's got it": 1, 
            "yes i'm the slicer or should": 1, 
            "yet mike d's got it locked": 1, 
            "you can call me chef cause": 1, 
            "you don't stop, the body rock": 3, 
            "you've got a bagel in your": 1, 
            "your omelet up at the b": 1, 
            "your pants and that's a must": 1, 
            "your quick fire challenge freak the": 1
        }, 
        "7": {
            "": 1040, 
            "a bagel in your pants and that's": 1, 
            "a must plus i cuss and i": 1, 
            "a six finger ring that says excuse": 1, 
            "adrock's got it locked and we rock": 3, 
            "ain't even begun yet mike d's got": 1, 
            "and i grab my nuts got a": 1, 
            "and that's a must plus i cuss": 1, 
            "and upset because trust me, we ain't": 1, 
            "and we rock it nonstop adrock's got": 3, 
            "and we rock it nonstop and you": 3, 
            "and we rock it nonstop mca's got": 3, 
            "and yes i'm the slicer or should": 1, 
            "and you don't stop, the body rock": 3, 
            "as i flip your omelet up at": 1, 
            "at the b bizzle i'm like multo": 1, 
            "b bizzle i'm like multo mario, they": 1, 
            "bagel in your pants and that's a": 1, 
            "bass lines bubbling up on out of": 1, 
            "because trust me, we ain't even begun": 1, 
            "begun yet mike d's got it locked": 1, 
            "bizzle i'm like multo mario, they call": 1, 
            "bland shazam i sprinkle on some magic": 1, 
            "block that i'm taking world wide mike": 1, 
            "body rock i've got bass lines bubbling": 1, 
            "body rock sometimes things just don't connect": 1, 
            "body rock watch me make it pop,": 1, 
            "bonafide knife skills on the block that": 1, 
            "bubbling up on out of my hands": 1, 
            "but don't get discombobulated and upset because": 1, 
            "call me chef cause its bonafide knife": 1, 
            "call me tasty d your quick fire": 1, 
            "can call me chef cause its bonafide": 1, 
            "cause its bonafide knife skills on the": 1, 
            "challenge freak the hijiki you can call": 1, 
            "chef cause its bonafide knife skills on": 1, 
            "connect": 1, 
            "cuss and i grab my nuts got": 1, 
            "cut, and yes i'm the slicer or": 1, 
            "d your quick fire challenge freak the": 1, 
            "d's got it locked and we rock": 3, 
            "discombobulated and upset because trust me, we": 1, 
            "don't connect": 1, 
            "don't get discombobulated and upset because trust": 1, 
            "don't stop, the body rock i've got": 1, 
            "don't stop, the body rock sometimes things": 1, 
            "don't stop, the body rock watch me": 1, 
            "don't want to never play nothin' that": 1, 
            "dust mike d's got it locked and": 1, 
            "dust you've got a bagel in your": 1, 
            "even begun yet mike d's got it": 1, 
            "excuse our dust mike d's got it": 1, 
            "filleter i hate the game, i hate": 1, 
            "finger ring that says excuse our dust": 1, 
            "fire challenge freak the hijiki you can": 1, 
            "flip your omelet up at the b": 1, 
            "freak the hijiki you can call me": 1, 
            "game, i hate the player but don't": 1, 
            "get discombobulated and upset because trust me,": 1, 
            "got a bagel in your pants and": 1, 
            "got a six finger ring that says": 1, 
            "got bass lines bubbling up on out": 1, 
            "got it locked and we rock it": 9, 
            "grab my nuts got a six finger": 1, 
            "hands don't want to never play nothin'": 1, 
            "hate the game, i hate the player": 1, 
            "hate the player but don't get discombobulated": 1, 
            "hijiki you can call me chef cause": 1, 
            "i cuss and i grab my nuts": 1, 
            "i flip your omelet up at the": 1, 
            "i grab my nuts got a six": 1, 
            "i hate the game, i hate the": 1, 
            "i hate the player but don't get": 1, 
            "i make it sizzle as i flip": 1, 
            "i say, i'm the filleter i hate": 1, 
            "i sprinkle on some magic dust you've": 1, 
            "i'm like multo mario, they call me": 1, 
            "i'm nicer nice in the cut, and": 1, 
            "i'm taking world wide mike d's got": 1, 
            "i'm the filleter i hate the game,": 1, 
            "i'm the slicer or should i say,": 1, 
            "i've got bass lines bubbling up on": 1, 
            "in the cut, and yes i'm the": 1, 
            "in your pants and that's a must": 1, 
            "it locked and we rock it nonstop": 9, 
            "it nonstop adrock's got it locked and": 3, 
            "it nonstop and you don't stop, the": 3, 
            "it nonstop mca's got it locked and": 3, 
            "it pop, now i make it sizzle": 1, 
            "it sizzle as i flip your omelet": 1, 
            "it suffice, to say that i'm nicer": 1, 
            "its bonafide knife skills on the block": 1, 
            "just don't connect": 1, 
            "knife skills on the block that i'm": 1, 
            "like multo mario, they call me tasty": 1, 
            "lines bubbling up on out of my": 1, 
            "locked and we rock it nonstop adrock's": 3, 
            "locked and we rock it nonstop and": 3, 
            "locked and we rock it nonstop mca's": 3, 
            "magic dust you've got a bagel in": 1, 
            "make it pop, now i make it": 1, 
            "make it sizzle as i flip your": 1, 
            "mario, they call me tasty d your": 1, 
            "mca's got it locked and we rock": 3, 
            "me chef cause its bonafide knife skills": 1, 
            "me make it pop, now i make": 1, 
            "me tasty d your quick fire challenge": 1, 
            "me, we ain't even begun yet mike": 1, 
            "mike d's got it locked and we": 3, 
            "multo mario, they call me tasty d": 1, 
            "must plus i cuss and i grab": 1, 
            "my hands don't want to never play": 1, 
            "my nuts got a six finger ring": 1, 
            "never play nothin' that sounds too bland": 1, 
            "nice in the cut, and yes i'm": 1, 
            "nicer nice in the cut, and yes": 1, 
            "nonstop adrock's got it locked and we": 3, 
            "nonstop and you don't stop, the body": 3, 
            "nonstop mca's got it locked and we": 3, 
            "nothin' that sounds too bland shazam i": 1, 
            "now i make it sizzle as i": 1, 
            "now, it suffice, to say that i'm": 1, 
            "nuts got a six finger ring that": 1, 
            "of my hands don't want to never": 1, 
            "omelet up at the b bizzle i'm": 1, 
            "on out of my hands don't want": 1, 
            "on some magic dust you've got a": 1, 
            "on the block that i'm taking world": 1, 
            "or should i say, i'm the filleter": 1, 
            "our dust mike d's got it locked": 1, 
            "out of my hands don't want to": 1, 
            "pants and that's a must plus i": 1, 
            "play nothin' that sounds too bland shazam": 1, 
            "player but don't get discombobulated and upset": 1, 
            "plus i cuss and i grab my": 1, 
            "pop, now i make it sizzle as": 1, 
            "quick fire challenge freak the hijiki you": 1, 
            "ring that says excuse our dust mike": 1, 
            "rock i've got bass lines bubbling up": 1, 
            "rock it nonstop adrock's got it locked": 3, 
            "rock it nonstop and you don't stop,": 3, 
            "rock it nonstop mca's got it locked": 3, 
            "rock sometimes things just don't connect": 1, 
            "rock watch me make it pop, now": 1, 
            "say that i'm nicer nice in the": 1, 
            "say, i'm the filleter i hate the": 1, 
            "says excuse our dust mike d's got": 1, 
            "shazam i sprinkle on some magic dust": 1, 
            "should i say, i'm the filleter i": 1, 
            "six finger ring that says excuse our": 1, 
            "sizzle as i flip your omelet up": 1, 
            "skills on the block that i'm taking": 1, 
            "slicer or should i say, i'm the": 1, 
            "some magic dust you've got a bagel": 1, 
            "sometimes things just don't connect": 1, 
            "sounds too bland shazam i sprinkle on": 1, 
            "sprinkle on some magic dust you've got": 1, 
            "stop, the body rock i've got bass": 1, 
            "stop, the body rock sometimes things just": 1, 
            "stop, the body rock watch me make": 1, 
            "suffice, to say that i'm nicer nice": 1, 
            "taking world wide mike d's got it": 1, 
            "tasty d your quick fire challenge freak": 1, 
            "that i'm nicer nice in the cut,": 1, 
            "that i'm taking world wide mike d's": 1, 
            "that says excuse our dust mike d's": 1, 
            "that sounds too bland shazam i sprinkle": 1, 
            "that's a must plus i cuss and": 1, 
            "the b bizzle i'm like multo mario,": 1, 
            "the block that i'm taking world wide": 1, 
            "the body rock i've got bass lines": 1, 
            "the body rock sometimes things just don't": 1, 
            "the body rock watch me make it": 1, 
            "the cut, and yes i'm the slicer": 1, 
            "the filleter i hate the game, i": 1, 
            "the game, i hate the player but": 1, 
            "the hijiki you can call me chef": 1, 
            "the player but don't get discombobulated and": 1, 
            "the slicer or should i say, i'm": 1, 
            "they call me tasty d your quick": 1, 
            "things just don't connect": 1, 
            "to never play nothin' that sounds too": 1, 
            "to say that i'm nicer nice in": 1, 
            "too bland shazam i sprinkle on some": 1, 
            "trust me, we ain't even begun yet": 1, 
            "up at the b bizzle i'm like": 1, 
            "up on out of my hands don't": 1, 
            "upset because trust me, we ain't even": 1, 
            "want to never play nothin' that sounds": 1, 
            "watch me make it pop, now i": 1, 
            "we ain't even begun yet mike d's": 1, 
            "we rock it nonstop adrock's got it": 3, 
            "we rock it nonstop and you don't": 3, 
            "we rock it nonstop mca's got it": 3, 
            "wide mike d's got it locked and": 1, 
            "world wide mike d's got it locked": 1, 
            "yes i'm the slicer or should i": 1, 
            "yet mike d's got it locked and": 1, 
            "you can call me chef cause its": 1, 
            "you don't stop, the body rock i've": 1, 
            "you don't stop, the body rock sometimes": 1, 
            "you don't stop, the body rock watch": 1, 
            "you've got a bagel in your pants": 1, 
            "your omelet up at the b bizzle": 1, 
            "your pants and that's a must plus": 1, 
            "your quick fire challenge freak the hijiki": 1
        }, 
        "8": {
            "": 1039, 
            "a bagel in your pants and that's a": 1, 
            "a must plus i cuss and i grab": 1, 
            "a six finger ring that says excuse our": 1, 
            "adrock's got it locked and we rock it": 3, 
            "ain't even begun yet mike d's got it": 1, 
            "and i grab my nuts got a six": 1, 
            "and that's a must plus i cuss and": 1, 
            "and upset because trust me, we ain't even": 1, 
            "and we rock it nonstop adrock's got it": 3, 
            "and we rock it nonstop and you don't": 3, 
            "and we rock it nonstop mca's got it": 3, 
            "and yes i'm the slicer or should i": 1, 
            "and you don't stop, the body rock i've": 1, 
            "and you don't stop, the body rock sometimes": 1, 
            "and you don't stop, the body rock watch": 1, 
            "as i flip your omelet up at the": 1, 
            "at the b bizzle i'm like multo mario,": 1, 
            "b bizzle i'm like multo mario, they call": 1, 
            "bagel in your pants and that's a must": 1, 
            "bass lines bubbling up on out of my": 1, 
            "because trust me, we ain't even begun yet": 1, 
            "begun yet mike d's got it locked and": 1, 
            "bizzle i'm like multo mario, they call me": 1, 
            "bland shazam i sprinkle on some magic dust": 1, 
            "block that i'm taking world wide mike d's": 1, 
            "body rock i've got bass lines bubbling up": 1, 
            "body rock sometimes things just don't connect": 1, 
            "body rock watch me make it pop, now": 1, 
            "bonafide knife skills on the block that i'm": 1, 
            "bubbling up on out of my hands don't": 1, 
            "but don't get discombobulated and upset because trust": 1, 
            "call me chef cause its bonafide knife skills": 1, 
            "call me tasty d your quick fire challenge": 1, 
            "can call me chef cause its bonafide knife": 1, 
            "cause its bonafide knife skills on the block": 1, 
            "challenge freak the hijiki you can call me": 1, 
            "chef cause its bonafide knife skills on the": 1, 
            "connect": 1, 
            "cuss and i grab my nuts got a": 1, 
            "cut, and yes i'm the slicer or should": 1, 
            "d your quick fire challenge freak the hijiki": 1, 
            "d's got it locked and we rock it": 3, 
            "discombobulated and upset because trust me, we ain't": 1, 
            "don't connect": 1, 
            "don't get discombobulated and upset because trust me,": 1, 
            "don't stop, the body rock i've got bass": 1, 
            "don't stop, the body rock sometimes things just": 1, 
            "don't stop, the body rock watch me make": 1, 
            "don't want to never play nothin' that sounds": 1, 
            "dust mike d's got it locked and we": 1, 
            "dust you've got a bagel in your pants": 1, 
            "even begun yet mike d's got it locked": 1, 
            "excuse our dust mike d's got it locked": 1, 
            "filleter i hate the game, i hate the": 1, 
            "finger ring that says excuse our dust mike": 1, 
            "fire challenge freak the hijiki you can call": 1, 
            "flip your omelet up at the b bizzle": 1, 
            "freak the hijiki you can call me chef": 1, 
            "game, i hate the player but don't get": 1, 
            "get discombobulated and upset because trust me, we": 1, 
            "got a bagel in your pants and that's": 1, 
            "got a six finger ring that says excuse": 1, 
            "got bass lines bubbling up on out of": 1, 
            "got it locked and we rock it nonstop": 9, 
            "grab my nuts got a six finger ring": 1, 
            "hands don't want to never play nothin' that": 1, 
            "hate the game, i hate the player but": 1, 
            "hate the player but don't get discombobulated and": 1, 
            "hijiki you can call me chef cause its": 1, 
            "i cuss and i grab my nuts got": 1, 
            "i flip your omelet up at the b": 1, 
            "i grab my nuts got a six finger": 1, 
            "i hate the game, i hate the player": 1, 
            "i hate the player but don't get discombobulated": 1, 
            "i make it sizzle as i flip your": 1, 
            "i say, i'm the filleter i hate the": 1, 
            "i sprinkle on some magic dust you've got": 1, 
            "i'm like multo mario, they call me tasty": 1, 
            "i'm nicer nice in the cut, and yes": 1, 
            "i'm taking world wide mike d's got it": 1, 
            "i'm the filleter i hate the game, i": 1, 
            "i'm the slicer or should i say, i'm": 1, 
            "i've got bass lines bubbling up on out": 1, 
            "in the cut, and yes i'm the slicer": 1, 
            "in your pants and that's a must plus": 1, 
            "it locked and we rock it nonstop adrock's": 3, 
            "it locked and we rock it nonstop and": 3, 
            "it locked and we rock it nonstop mca's": 3, 
            "it nonstop adrock's got it locked and we": 3, 
            "it nonstop and you don't stop, the body": 3, 
            "it nonstop mca's got it locked and we": 3, 
            "it pop, now i make it sizzle as": 1, 
            "it sizzle as i flip your omelet up": 1, 
            "it suffice, to say that i'm nicer nice": 1, 
            "its bonafide knife skills on the block that": 1, 
            "just don't connect": 1, 
            "knife skills on the block that i'm taking": 1, 
            "like multo mario, they call me tasty d": 1, 
            "lines bubbling up on out of my hands": 1, 
            "locked and we rock it nonstop adrock's got": 3, 
            "locked and we rock it nonstop and you": 3, 
            "locked and we rock it nonstop mca's got": 3, 
            "magic dust you've got a bagel in your": 1, 
            "make it pop, now i make it sizzle": 1, 
            "make it sizzle as i flip your omelet": 1, 
            "mario, they call me tasty d your quick": 1, 
            "mca's got it locked and we rock it": 3, 
            "me chef cause its bonafide knife skills on": 1, 
            "me make it pop, now i make it": 1, 
            "me tasty d your quick fire challenge freak": 1, 
            "me, we ain't even begun yet mike d's": 1, 
            "mike d's got it locked and we rock": 3, 
            "multo mario, they call me tasty d your": 1, 
            "must plus i cuss and i grab my": 1, 
            "my hands don't want to never play nothin'": 1, 
            "my nuts got a six finger ring that": 1, 
            "never play nothin' that sounds too bland shazam": 1, 
            "nice in the cut, and yes i'm the": 1, 
            "nicer nice in the cut, and yes i'm": 1, 
            "nonstop adrock's got it locked and we rock": 3, 
            "nonstop and you don't stop, the body rock": 3, 
            "nonstop mca's got it locked and we rock": 3, 
            "nothin' that sounds too bland shazam i sprinkle": 1, 
            "now i make it sizzle as i flip": 1, 
            "now, it suffice, to say that i'm nicer": 1, 
            "nuts got a six finger ring that says": 1, 
            "of my hands don't want to never play": 1, 
            "omelet up at the b bizzle i'm like": 1, 
            "on out of my hands don't want to": 1, 
            "on some magic dust you've got a bagel": 1, 
            "on the block that i'm taking world wide": 1, 
            "or should i say, i'm the filleter i": 1, 
            "our dust mike d's got it locked and": 1, 
            "out of my hands don't want to never": 1, 
            "pants and that's a must plus i cuss": 1, 
            "play nothin' that sounds too bland shazam i": 1, 
            "player but don't get discombobulated and upset because": 1, 
            "plus i cuss and i grab my nuts": 1, 
            "pop, now i make it sizzle as i": 1, 
            "quick fire challenge freak the hijiki you can": 1, 
            "ring that says excuse our dust mike d's": 1, 
            "rock i've got bass lines bubbling up on": 1, 
            "rock it nonstop adrock's got it locked and": 3, 
            "rock it nonstop and you don't stop, the": 3, 
            "rock it nonstop mca's got it locked and": 3, 
            "rock sometimes things just don't connect": 1, 
            "rock watch me make it pop, now i": 1, 
            "say that i'm nicer nice in the cut,": 1, 
            "say, i'm the filleter i hate the game,": 1, 
            "says excuse our dust mike d's got it": 1, 
            "shazam i sprinkle on some magic dust you've": 1, 
            "should i say, i'm the filleter i hate": 1, 
            "six finger ring that says excuse our dust": 1, 
            "sizzle as i flip your omelet up at": 1, 
            "skills on the block that i'm taking world": 1, 
            "slicer or should i say, i'm the filleter": 1, 
            "some magic dust you've got a bagel in": 1, 
            "sometimes things just don't connect": 1, 
            "sounds too bland shazam i sprinkle on some": 1, 
            "sprinkle on some magic dust you've got a": 1, 
            "stop, the body rock i've got bass lines": 1, 
            "stop, the body rock sometimes things just don't": 1, 
            "stop, the body rock watch me make it": 1, 
            "suffice, to say that i'm nicer nice in": 1, 
            "taking world wide mike d's got it locked": 1, 
            "tasty d your quick fire challenge freak the": 1, 
            "that i'm nicer nice in the cut, and": 1, 
            "that i'm taking world wide mike d's got": 1, 
            "that says excuse our dust mike d's got": 1, 
            "that sounds too bland shazam i sprinkle on": 1, 
            "that's a must plus i cuss and i": 1, 
            "the b bizzle i'm like multo mario, they": 1, 
            "the block that i'm taking world wide mike": 1, 
            "the body rock i've got bass lines bubbling": 1, 
            "the body rock sometimes things just don't connect": 1, 
            "the body rock watch me make it pop,": 1, 
            "the cut, and yes i'm the slicer or": 1, 
            "the filleter i hate the game, i hate": 1, 
            "the game, i hate the player but don't": 1, 
            "the hijiki you can call me chef cause": 1, 
            "the player but don't get discombobulated and upset": 1, 
            "the slicer or should i say, i'm the": 1, 
            "they call me tasty d your quick fire": 1, 
            "things just don't connect": 1, 
            "to never play nothin' that sounds too bland": 1, 
            "to say that i'm nicer nice in the": 1, 
            "too bland shazam i sprinkle on some magic": 1, 
            "trust me, we ain't even begun yet mike": 1, 
            "up at the b bizzle i'm like multo": 1, 
            "up on out of my hands don't want": 1, 
            "upset because trust me, we ain't even begun": 1, 
            "want to never play nothin' that sounds too": 1, 
            "watch me make it pop, now i make": 1, 
            "we ain't even begun yet mike d's got": 1, 
            "we rock it nonstop adrock's got it locked": 3, 
            "we rock it nonstop and you don't stop,": 3, 
            "we rock it nonstop mca's got it locked": 3, 
            "wide mike d's got it locked and we": 1, 
            "world wide mike d's got it locked and": 1, 
            "yes i'm the slicer or should i say,": 1, 
            "yet mike d's got it locked and we": 1, 
            "you can call me chef cause its bonafide": 1, 
            "you don't stop, the body rock i've got": 1, 
            "you don't stop, the body rock sometimes things": 1, 
            "you don't stop, the body rock watch me": 1, 
            "you've got a bagel in your pants and": 1, 
            "your omelet up at the b bizzle i'm": 1, 
            "your pants and that's a must plus i": 1, 
            "your quick fire challenge freak the hijiki you": 1
        }
    }, 
    "song_title": "Tadlock's Glasses", 
    "total_words": [
        267, 
        {
            "a": 3, 
            "adrock's": 3, 
            "ain't": 1, 
            "and": 16, 
            "as": 1, 
            "at": 1, 
            "b": 1, 
            "bagel": 1, 
            "bass": 1, 
            "because": 1, 
            "begun": 1, 
            "bizzle": 1, 
            "bland": 1, 
            "block": 1, 
            "body": 3, 
            "bonafide": 1, 
            "bubbling": 1, 
            "but": 1, 
            "call": 2, 
            "can": 1, 
            "cause": 1, 
            "challenge": 1, 
            "chef": 1, 
            "connect": 1, 
            "cuss": 1, 
            "cut,": 1, 
            "d": 1, 
            "d's": 3, 
            "discombobulated": 1, 
            "don't": 6, 
            "dust": 2, 
            "even": 1, 
            "excuse": 1, 
            "filleter": 1, 
            "finger": 1, 
            "fire": 1, 
            "flip": 1, 
            "freak": 1, 
            "game,": 1, 
            "get": 1, 
            "got": 12, 
            "grab": 1, 
            "hands": 1, 
            "hate": 2, 
            "hijiki": 1, 
            "i": 8, 
            "i'm": 5, 
            "i've": 1, 
            "in": 2, 
            "it": 21, 
            "its": 1, 
            "just": 1, 
            "knife": 1, 
            "like": 1, 
            "lines": 1, 
            "locked": 9, 
            "magic": 1, 
            "make": 2, 
            "mario,": 1, 
            "mca's": 3, 
            "me": 3, 
            "me,": 1, 
            "mike": 3, 
            "multo": 1, 
            "must": 1, 
            "my": 2, 
            "never": 1, 
            "nice": 1, 
            "nicer": 1, 
            "nonstop": 9, 
            "nothin'": 1, 
            "now": 1, 
            "now,": 1, 
            "nuts": 1, 
            "of": 1, 
            "omelet": 1, 
            "on": 3, 
            "or": 1, 
            "our": 1, 
            "out": 1, 
            "pants": 1, 
            "play": 1, 
            "player": 1, 
            "plus": 1, 
            "pop,": 1, 
            "quick": 1, 
            "ring": 1, 
            "rock": 12, 
            "say": 1, 
            "say,": 1, 
            "says": 1, 
            "shazam": 1, 
            "should": 1, 
            "six": 1, 
            "sizzle": 1, 
            "skills": 1, 
            "slicer": 1, 
            "some": 1, 
            "sometimes": 1, 
            "sounds": 1, 
            "sprinkle": 1, 
            "stop,": 3, 
            "suffice,": 1, 
            "taking": 1, 
            "tasty": 1, 
            "that": 4, 
            "that's": 1, 
            "the": 11, 
            "they": 1, 
            "things": 1, 
            "to": 2, 
            "too": 1, 
            "trust": 1, 
            "up": 2, 
            "upset": 1, 
            "want": 1, 
            "watch": 1, 
            "we": 10, 
            "wide": 1, 
            "world": 1, 
            "yes": 1, 
            "yet": 1, 
            "you": 4, 
            "you've": 1, 
            "your": 3
        }
    ], 
    "unique_words": [
        125, 
        [
            "game,", 
            "shazam", 
            "omelet", 
            "slicer", 
            "don't", 
            "bland", 
            "says", 
            "yes", 
            "trust", 
            "hate", 
            "yet", 
            "now,", 
            "just", 
            "should", 
            "to", 
            "call", 
            "too", 
            "mike", 
            "sizzle", 
            "get", 
            "cut,", 
            "watch", 
            "but", 
            "pop,", 
            "excuse", 
            "i've", 
            "ain't", 
            "you've", 
            "they", 
            "hands", 
            "world", 
            "now", 
            "mario,", 
            "must", 
            "me", 
            "bizzle", 
            "b", 
            "locked", 
            "d", 
            "d's", 
            "skills", 
            "challenge", 
            "filleter", 
            "discombobulated", 
            "upset", 
            "can", 
            "mca's", 
            "rock", 
            "quick", 
            "tasty", 
            "grab", 
            "pants", 
            "my", 
            "ring", 
            "connect", 
            "and", 
            "magic", 
            "because", 
            "freak", 
            "begun", 
            "nicer", 
            "hijiki", 
            "me,", 
            "bubbling", 
            "some", 
            "cuss", 
            "up", 
            "chef", 
            "player", 
            "say", 
            "bonafide", 
            "at", 
            "want", 
            "in", 
            "nothin'", 
            "our", 
            "sounds", 
            "as", 
            "out", 
            "even", 
            "multo", 
            "make", 
            "six", 
            "nuts", 
            "your", 
            "bagel", 
            "fire", 
            "that", 
            "finger", 
            "wide", 
            "it", 
            "got", 
            "you", 
            "cause", 
            "knife", 
            "nice", 
            "body", 
            "sprinkle", 
            "bass", 
            "flip", 
            "never", 
            "nonstop", 
            "like", 
            "we", 
            "dust", 
            "say,", 
            "play", 
            "a", 
            "on", 
            "suffice,", 
            "i", 
            "of", 
            "taking", 
            "sometimes", 
            "lines", 
            "stop,", 
            "adrock's", 
            "plus", 
            "things", 
            "the", 
            "i'm", 
            "its", 
            "or", 
            "block", 
            "that's"
        ]
    ], 
    "year": 2011
}