{
    "album": "Hot Sauce Committee Part Two", 
    "artist": "Beastie Boys", 
    "lyrics": "Oh, this routine dates way back\nA lot of people may remember this routine\nbut it's evolved, now\nYeah from the summer before last\n\nWell my names Mike D and I got a new name\nAnd that new name is - LARRY!!\n\nWell my name is Ad Rock, and then I got a new name\nAnd my new name is - HARRY!!\n\nWell my name is MCA, but I got a new name\nAnd that new name is - GARY!!\n\nBut our DJ's name has stayed the same\nCause his new name is - BARRY!!\n", 
    "ngrams": {
        "2": {
            "": 323, 
            "- barry": 1, 
            "- gary": 1, 
            "- harry": 1, 
            "- larry": 1, 
            "a lot": 1, 
            "a new": 3, 
            "ad rock,": 1, 
            "and i": 1, 
            "and my": 1, 
            "and that": 2, 
            "and then": 1, 
            "back a": 1, 
            "barry": 1, 
            "before last": 1, 
            "but i": 1, 
            "but it's": 1, 
            "but our": 1, 
            "cause his": 1, 
            "d and": 1, 
            "dates way": 1, 
            "dj's name": 1, 
            "evolved, now": 1, 
            "from the": 1, 
            "gary but": 1, 
            "got a": 3, 
            "harry well": 1, 
            "has stayed": 1, 
            "his new": 1, 
            "i got": 3, 
            "is -": 4, 
            "is ad": 1, 
            "is mca,": 1, 
            "it's evolved,": 1, 
            "larry well": 1, 
            "last well": 1, 
            "lot of": 1, 
            "may remember": 1, 
            "mca, but": 1, 
            "mike d": 1, 
            "my name": 2, 
            "my names": 1, 
            "my new": 1, 
            "name and": 3, 
            "name has": 1, 
            "name is": 6, 
            "names mike": 1, 
            "new name": 7, 
            "now yeah": 1, 
            "of people": 1, 
            "oh, this": 1, 
            "our dj's": 1, 
            "people may": 1, 
            "remember this": 1, 
            "rock, and": 1, 
            "routine but": 1, 
            "routine dates": 1, 
            "same cause": 1, 
            "stayed the": 1, 
            "summer before": 1, 
            "that new": 2, 
            "the same": 1, 
            "the summer": 1, 
            "then i": 1, 
            "this routine": 2, 
            "way back": 1, 
            "well my": 3, 
            "yeah from": 1
        }, 
        "3": {
            "": 322, 
            "- barry": 1, 
            "- gary but": 1, 
            "- harry well": 1, 
            "- larry well": 1, 
            "a lot of": 1, 
            "a new name": 3, 
            "ad rock, and": 1, 
            "and i got": 1, 
            "and my new": 1, 
            "and that new": 2, 
            "and then i": 1, 
            "back a lot": 1, 
            "barry": 1, 
            "before last well": 1, 
            "but i got": 1, 
            "but it's evolved,": 1, 
            "but our dj's": 1, 
            "cause his new": 1, 
            "d and i": 1, 
            "dates way back": 1, 
            "dj's name has": 1, 
            "evolved, now yeah": 1, 
            "from the summer": 1, 
            "gary but our": 1, 
            "got a new": 3, 
            "harry well my": 1, 
            "has stayed the": 1, 
            "his new name": 1, 
            "i got a": 3, 
            "is - barry": 1, 
            "is - gary": 1, 
            "is - harry": 1, 
            "is - larry": 1, 
            "is ad rock,": 1, 
            "is mca, but": 1, 
            "it's evolved, now": 1, 
            "larry well my": 1, 
            "last well my": 1, 
            "lot of people": 1, 
            "may remember this": 1, 
            "mca, but i": 1, 
            "mike d and": 1, 
            "my name is": 2, 
            "my names mike": 1, 
            "my new name": 1, 
            "name and my": 1, 
            "name and that": 2, 
            "name has stayed": 1, 
            "name is -": 4, 
            "name is ad": 1, 
            "name is mca,": 1, 
            "names mike d": 1, 
            "new name and": 3, 
            "new name is": 4, 
            "now yeah from": 1, 
            "of people may": 1, 
            "oh, this routine": 1, 
            "our dj's name": 1, 
            "people may remember": 1, 
            "remember this routine": 1, 
            "rock, and then": 1, 
            "routine but it's": 1, 
            "routine dates way": 1, 
            "same cause his": 1, 
            "stayed the same": 1, 
            "summer before last": 1, 
            "that new name": 2, 
            "the same cause": 1, 
            "the summer before": 1, 
            "then i got": 1, 
            "this routine but": 1, 
            "this routine dates": 1, 
            "way back a": 1, 
            "well my name": 2, 
            "well my names": 1, 
            "yeah from the": 1
        }, 
        "4": {
            "": 321, 
            "- barry": 1, 
            "- gary but our": 1, 
            "- harry well my": 1, 
            "- larry well my": 1, 
            "a lot of people": 1, 
            "a new name and": 3, 
            "ad rock, and then": 1, 
            "and i got a": 1, 
            "and my new name": 1, 
            "and that new name": 2, 
            "and then i got": 1, 
            "back a lot of": 1, 
            "barry": 1, 
            "before last well my": 1, 
            "but i got a": 1, 
            "but it's evolved, now": 1, 
            "but our dj's name": 1, 
            "cause his new name": 1, 
            "d and i got": 1, 
            "dates way back a": 1, 
            "dj's name has stayed": 1, 
            "evolved, now yeah from": 1, 
            "from the summer before": 1, 
            "gary but our dj's": 1, 
            "got a new name": 3, 
            "harry well my name": 1, 
            "has stayed the same": 1, 
            "his new name is": 1, 
            "i got a new": 3, 
            "is - barry": 1, 
            "is - gary but": 1, 
            "is - harry well": 1, 
            "is - larry well": 1, 
            "is ad rock, and": 1, 
            "is mca, but i": 1, 
            "it's evolved, now yeah": 1, 
            "larry well my name": 1, 
            "last well my names": 1, 
            "lot of people may": 1, 
            "may remember this routine": 1, 
            "mca, but i got": 1, 
            "mike d and i": 1, 
            "my name is ad": 1, 
            "my name is mca,": 1, 
            "my names mike d": 1, 
            "my new name is": 1, 
            "name and my new": 1, 
            "name and that new": 2, 
            "name has stayed the": 1, 
            "name is - barry": 1, 
            "name is - gary": 1, 
            "name is - harry": 1, 
            "name is - larry": 1, 
            "name is ad rock,": 1, 
            "name is mca, but": 1, 
            "names mike d and": 1, 
            "new name and my": 1, 
            "new name and that": 2, 
            "new name is -": 4, 
            "now yeah from the": 1, 
            "of people may remember": 1, 
            "oh, this routine dates": 1, 
            "our dj's name has": 1, 
            "people may remember this": 1, 
            "remember this routine but": 1, 
            "rock, and then i": 1, 
            "routine but it's evolved,": 1, 
            "routine dates way back": 1, 
            "same cause his new": 1, 
            "stayed the same cause": 1, 
            "summer before last well": 1, 
            "that new name is": 2, 
            "the same cause his": 1, 
            "the summer before last": 1, 
            "then i got a": 1, 
            "this routine but it's": 1, 
            "this routine dates way": 1, 
            "way back a lot": 1, 
            "well my name is": 2, 
            "well my names mike": 1, 
            "yeah from the summer": 1
        }, 
        "5": {
            "": 320, 
            "- barry": 1, 
            "- gary but our dj's": 1, 
            "- harry well my name": 1, 
            "- larry well my name": 1, 
            "a lot of people may": 1, 
            "a new name and my": 1, 
            "a new name and that": 2, 
            "ad rock, and then i": 1, 
            "and i got a new": 1, 
            "and my new name is": 1, 
            "and that new name is": 2, 
            "and then i got a": 1, 
            "back a lot of people": 1, 
            "barry": 1, 
            "before last well my names": 1, 
            "but i got a new": 1, 
            "but it's evolved, now yeah": 1, 
            "but our dj's name has": 1, 
            "cause his new name is": 1, 
            "d and i got a": 1, 
            "dates way back a lot": 1, 
            "dj's name has stayed the": 1, 
            "evolved, now yeah from the": 1, 
            "from the summer before last": 1, 
            "gary but our dj's name": 1, 
            "got a new name and": 3, 
            "harry well my name is": 1, 
            "has stayed the same cause": 1, 
            "his new name is -": 1, 
            "i got a new name": 3, 
            "is - barry": 1, 
            "is - gary but our": 1, 
            "is - harry well my": 1, 
            "is - larry well my": 1, 
            "is ad rock, and then": 1, 
            "is mca, but i got": 1, 
            "it's evolved, now yeah from": 1, 
            "larry well my name is": 1, 
            "last well my names mike": 1, 
            "lot of people may remember": 1, 
            "may remember this routine but": 1, 
            "mca, but i got a": 1, 
            "mike d and i got": 1, 
            "my name is ad rock,": 1, 
            "my name is mca, but": 1, 
            "my names mike d and": 1, 
            "my new name is -": 1, 
            "name and my new name": 1, 
            "name and that new name": 2, 
            "name has stayed the same": 1, 
            "name is - barry": 1, 
            "name is - gary but": 1, 
            "name is - harry well": 1, 
            "name is - larry well": 1, 
            "name is ad rock, and": 1, 
            "name is mca, but i": 1, 
            "names mike d and i": 1, 
            "new name and my new": 1, 
            "new name and that new": 2, 
            "new name is - barry": 1, 
            "new name is - gary": 1, 
            "new name is - harry": 1, 
            "new name is - larry": 1, 
            "now yeah from the summer": 1, 
            "of people may remember this": 1, 
            "oh, this routine dates way": 1, 
            "our dj's name has stayed": 1, 
            "people may remember this routine": 1, 
            "remember this routine but it's": 1, 
            "rock, and then i got": 1, 
            "routine but it's evolved, now": 1, 
            "routine dates way back a": 1, 
            "same cause his new name": 1, 
            "stayed the same cause his": 1, 
            "summer before last well my": 1, 
            "that new name is -": 2, 
            "the same cause his new": 1, 
            "the summer before last well": 1, 
            "then i got a new": 1, 
            "this routine but it's evolved,": 1, 
            "this routine dates way back": 1, 
            "way back a lot of": 1, 
            "well my name is ad": 1, 
            "well my name is mca,": 1, 
            "well my names mike d": 1, 
            "yeah from the summer before": 1
        }, 
        "6": {
            "": 319, 
            "- barry": 1, 
            "- gary but our dj's name": 1, 
            "- harry well my name is": 1, 
            "- larry well my name is": 1, 
            "a lot of people may remember": 1, 
            "a new name and my new": 1, 
            "a new name and that new": 2, 
            "ad rock, and then i got": 1, 
            "and i got a new name": 1, 
            "and my new name is -": 1, 
            "and that new name is -": 2, 
            "and then i got a new": 1, 
            "back a lot of people may": 1, 
            "barry": 1, 
            "before last well my names mike": 1, 
            "but i got a new name": 1, 
            "but it's evolved, now yeah from": 1, 
            "but our dj's name has stayed": 1, 
            "cause his new name is -": 1, 
            "d and i got a new": 1, 
            "dates way back a lot of": 1, 
            "dj's name has stayed the same": 1, 
            "evolved, now yeah from the summer": 1, 
            "from the summer before last well": 1, 
            "gary but our dj's name has": 1, 
            "got a new name and my": 1, 
            "got a new name and that": 2, 
            "harry well my name is mca,": 1, 
            "has stayed the same cause his": 1, 
            "his new name is - barry": 1, 
            "i got a new name and": 3, 
            "is - barry": 1, 
            "is - gary but our dj's": 1, 
            "is - harry well my name": 1, 
            "is - larry well my name": 1, 
            "is ad rock, and then i": 1, 
            "is mca, but i got a": 1, 
            "it's evolved, now yeah from the": 1, 
            "larry well my name is ad": 1, 
            "last well my names mike d": 1, 
            "lot of people may remember this": 1, 
            "may remember this routine but it's": 1, 
            "mca, but i got a new": 1, 
            "mike d and i got a": 1, 
            "my name is ad rock, and": 1, 
            "my name is mca, but i": 1, 
            "my names mike d and i": 1, 
            "my new name is - harry": 1, 
            "name and my new name is": 1, 
            "name and that new name is": 2, 
            "name has stayed the same cause": 1, 
            "name is - barry": 1, 
            "name is - gary but our": 1, 
            "name is - harry well my": 1, 
            "name is - larry well my": 1, 
            "name is ad rock, and then": 1, 
            "name is mca, but i got": 1, 
            "names mike d and i got": 1, 
            "new name and my new name": 1, 
            "new name and that new name": 2, 
            "new name is - barry": 1, 
            "new name is - gary but": 1, 
            "new name is - harry well": 1, 
            "new name is - larry well": 1, 
            "now yeah from the summer before": 1, 
            "of people may remember this routine": 1, 
            "oh, this routine dates way back": 1, 
            "our dj's name has stayed the": 1, 
            "people may remember this routine but": 1, 
            "remember this routine but it's evolved,": 1, 
            "rock, and then i got a": 1, 
            "routine but it's evolved, now yeah": 1, 
            "routine dates way back a lot": 1, 
            "same cause his new name is": 1, 
            "stayed the same cause his new": 1, 
            "summer before last well my names": 1, 
            "that new name is - gary": 1, 
            "that new name is - larry": 1, 
            "the same cause his new name": 1, 
            "the summer before last well my": 1, 
            "then i got a new name": 1, 
            "this routine but it's evolved, now": 1, 
            "this routine dates way back a": 1, 
            "way back a lot of people": 1, 
            "well my name is ad rock,": 1, 
            "well my name is mca, but": 1, 
            "well my names mike d and": 1, 
            "yeah from the summer before last": 1
        }, 
        "7": {
            "": 318, 
            "- barry": 1, 
            "- gary but our dj's name has": 1, 
            "- harry well my name is mca,": 1, 
            "- larry well my name is ad": 1, 
            "a lot of people may remember this": 1, 
            "a new name and my new name": 1, 
            "a new name and that new name": 2, 
            "ad rock, and then i got a": 1, 
            "and i got a new name and": 1, 
            "and my new name is - harry": 1, 
            "and that new name is - gary": 1, 
            "and that new name is - larry": 1, 
            "and then i got a new name": 1, 
            "back a lot of people may remember": 1, 
            "barry": 1, 
            "before last well my names mike d": 1, 
            "but i got a new name and": 1, 
            "but it's evolved, now yeah from the": 1, 
            "but our dj's name has stayed the": 1, 
            "cause his new name is - barry": 1, 
            "d and i got a new name": 1, 
            "dates way back a lot of people": 1, 
            "dj's name has stayed the same cause": 1, 
            "evolved, now yeah from the summer before": 1, 
            "from the summer before last well my": 1, 
            "gary but our dj's name has stayed": 1, 
            "got a new name and my new": 1, 
            "got a new name and that new": 2, 
            "harry well my name is mca, but": 1, 
            "has stayed the same cause his new": 1, 
            "his new name is - barry": 1, 
            "i got a new name and my": 1, 
            "i got a new name and that": 2, 
            "is - barry": 1, 
            "is - gary but our dj's name": 1, 
            "is - harry well my name is": 1, 
            "is - larry well my name is": 1, 
            "is ad rock, and then i got": 1, 
            "is mca, but i got a new": 1, 
            "it's evolved, now yeah from the summer": 1, 
            "larry well my name is ad rock,": 1, 
            "last well my names mike d and": 1, 
            "lot of people may remember this routine": 1, 
            "may remember this routine but it's evolved,": 1, 
            "mca, but i got a new name": 1, 
            "mike d and i got a new": 1, 
            "my name is ad rock, and then": 1, 
            "my name is mca, but i got": 1, 
            "my names mike d and i got": 1, 
            "my new name is - harry well": 1, 
            "name and my new name is -": 1, 
            "name and that new name is -": 2, 
            "name has stayed the same cause his": 1, 
            "name is - barry": 1, 
            "name is - gary but our dj's": 1, 
            "name is - harry well my name": 1, 
            "name is - larry well my name": 1, 
            "name is ad rock, and then i": 1, 
            "name is mca, but i got a": 1, 
            "names mike d and i got a": 1, 
            "new name and my new name is": 1, 
            "new name and that new name is": 2, 
            "new name is - barry": 1, 
            "new name is - gary but our": 1, 
            "new name is - harry well my": 1, 
            "new name is - larry well my": 1, 
            "now yeah from the summer before last": 1, 
            "of people may remember this routine but": 1, 
            "oh, this routine dates way back a": 1, 
            "our dj's name has stayed the same": 1, 
            "people may remember this routine but it's": 1, 
            "remember this routine but it's evolved, now": 1, 
            "rock, and then i got a new": 1, 
            "routine but it's evolved, now yeah from": 1, 
            "routine dates way back a lot of": 1, 
            "same cause his new name is -": 1, 
            "stayed the same cause his new name": 1, 
            "summer before last well my names mike": 1, 
            "that new name is - gary but": 1, 
            "that new name is - larry well": 1, 
            "the same cause his new name is": 1, 
            "the summer before last well my names": 1, 
            "then i got a new name and": 1, 
            "this routine but it's evolved, now yeah": 1, 
            "this routine dates way back a lot": 1, 
            "way back a lot of people may": 1, 
            "well my name is ad rock, and": 1, 
            "well my name is mca, but i": 1, 
            "well my names mike d and i": 1, 
            "yeah from the summer before last well": 1
        }, 
        "8": {
            "": 317, 
            "- barry": 1, 
            "- gary but our dj's name has stayed": 1, 
            "- harry well my name is mca, but": 1, 
            "- larry well my name is ad rock,": 1, 
            "a lot of people may remember this routine": 1, 
            "a new name and my new name is": 1, 
            "a new name and that new name is": 2, 
            "ad rock, and then i got a new": 1, 
            "and i got a new name and that": 1, 
            "and my new name is - harry well": 1, 
            "and that new name is - gary but": 1, 
            "and that new name is - larry well": 1, 
            "and then i got a new name and": 1, 
            "back a lot of people may remember this": 1, 
            "barry": 1, 
            "before last well my names mike d and": 1, 
            "but i got a new name and that": 1, 
            "but it's evolved, now yeah from the summer": 1, 
            "but our dj's name has stayed the same": 1, 
            "cause his new name is - barry": 1, 
            "d and i got a new name and": 1, 
            "dates way back a lot of people may": 1, 
            "dj's name has stayed the same cause his": 1, 
            "evolved, now yeah from the summer before last": 1, 
            "from the summer before last well my names": 1, 
            "gary but our dj's name has stayed the": 1, 
            "got a new name and my new name": 1, 
            "got a new name and that new name": 2, 
            "harry well my name is mca, but i": 1, 
            "has stayed the same cause his new name": 1, 
            "his new name is - barry": 1, 
            "i got a new name and my new": 1, 
            "i got a new name and that new": 2, 
            "is - barry": 1, 
            "is - gary but our dj's name has": 1, 
            "is - harry well my name is mca,": 1, 
            "is - larry well my name is ad": 1, 
            "is ad rock, and then i got a": 1, 
            "is mca, but i got a new name": 1, 
            "it's evolved, now yeah from the summer before": 1, 
            "larry well my name is ad rock, and": 1, 
            "last well my names mike d and i": 1, 
            "lot of people may remember this routine but": 1, 
            "may remember this routine but it's evolved, now": 1, 
            "mca, but i got a new name and": 1, 
            "mike d and i got a new name": 1, 
            "my name is ad rock, and then i": 1, 
            "my name is mca, but i got a": 1, 
            "my names mike d and i got a": 1, 
            "my new name is - harry well my": 1, 
            "name and my new name is - harry": 1, 
            "name and that new name is - gary": 1, 
            "name and that new name is - larry": 1, 
            "name has stayed the same cause his new": 1, 
            "name is - barry": 1, 
            "name is - gary but our dj's name": 1, 
            "name is - harry well my name is": 1, 
            "name is - larry well my name is": 1, 
            "name is ad rock, and then i got": 1, 
            "name is mca, but i got a new": 1, 
            "names mike d and i got a new": 1, 
            "new name and my new name is -": 1, 
            "new name and that new name is -": 2, 
            "new name is - barry": 1, 
            "new name is - gary but our dj's": 1, 
            "new name is - harry well my name": 1, 
            "new name is - larry well my name": 1, 
            "now yeah from the summer before last well": 1, 
            "of people may remember this routine but it's": 1, 
            "oh, this routine dates way back a lot": 1, 
            "our dj's name has stayed the same cause": 1, 
            "people may remember this routine but it's evolved,": 1, 
            "remember this routine but it's evolved, now yeah": 1, 
            "rock, and then i got a new name": 1, 
            "routine but it's evolved, now yeah from the": 1, 
            "routine dates way back a lot of people": 1, 
            "same cause his new name is - barry": 1, 
            "stayed the same cause his new name is": 1, 
            "summer before last well my names mike d": 1, 
            "that new name is - gary but our": 1, 
            "that new name is - larry well my": 1, 
            "the same cause his new name is -": 1, 
            "the summer before last well my names mike": 1, 
            "then i got a new name and my": 1, 
            "this routine but it's evolved, now yeah from": 1, 
            "this routine dates way back a lot of": 1, 
            "way back a lot of people may remember": 1, 
            "well my name is ad rock, and then": 1, 
            "well my name is mca, but i got": 1, 
            "well my names mike d and i got": 1, 
            "yeah from the summer before last well my": 1
        }
    }, 
    "song_title": "The Larry Routine", 
    "total_words": [
        95, 
        {
            "-": 4, 
            "a": 4, 
            "ad": 1, 
            "and": 5, 
            "back": 1, 
            "barry": 1, 
            "before": 1, 
            "but": 3, 
            "cause": 1, 
            "d": 1, 
            "dates": 1, 
            "dj's": 1, 
            "evolved,": 1, 
            "from": 1, 
            "gary": 1, 
            "got": 3, 
            "harry": 1, 
            "has": 1, 
            "his": 1, 
            "i": 3, 
            "is": 6, 
            "it's": 1, 
            "larry": 1, 
            "last": 1, 
            "lot": 1, 
            "may": 1, 
            "mca,": 1, 
            "mike": 1, 
            "my": 4, 
            "name": 10, 
            "names": 1, 
            "new": 7, 
            "now": 1, 
            "of": 1, 
            "oh,": 1, 
            "our": 1, 
            "people": 1, 
            "remember": 1, 
            "rock,": 1, 
            "routine": 2, 
            "same": 1, 
            "stayed": 1, 
            "summer": 1, 
            "that": 2, 
            "the": 2, 
            "then": 1, 
            "this": 2, 
            "way": 1, 
            "well": 3, 
            "yeah": 1
        }
    ], 
    "unique_words": [
        50, 
        [
            "and", 
            "summer", 
            "ad", 
            "people", 
            "is", 
            "back", 
            "mca,", 
            "d", 
            "names", 
            "gary", 
            "our", 
            "before", 
            "from", 
            "i", 
            "it's", 
            "-", 
            "stayed", 
            "rock,", 
            "lot", 
            "routine", 
            "got", 
            "has", 
            "cause", 
            "barry", 
            "oh,", 
            "then", 
            "mike", 
            "his", 
            "way", 
            "that", 
            "may", 
            "evolved,", 
            "but", 
            "yeah", 
            "larry", 
            "new", 
            "now", 
            "remember", 
            "a", 
            "dates", 
            "last", 
            "name", 
            "same", 
            "this", 
            "of", 
            "well", 
            "dj's", 
            "harry", 
            "the", 
            "my"
        ]
    ], 
    "year": 2011
}