{
    "album": "Hot Sauce Committee Part Two", 
    "artist": "Beastie Boys", 
    "lyrics": "Another official selection from the Bill Harper collection\nHey Adam, it's Bill. Umm, thanks\n", 
    "ngrams": {
        "2": {
            "": 75, 
            "adam, it's": 1, 
            "another official": 1, 
            "bill harper": 1, 
            "bill umm,": 1, 
            "collection hey": 1, 
            "from the": 1, 
            "harper collection": 1, 
            "hey adam,": 1, 
            "it's bill": 1, 
            "official selection": 1, 
            "selection from": 1, 
            "thanks": 1, 
            "the bill": 1, 
            "umm, thanks": 1
        }, 
        "3": {
            "": 74, 
            "adam, it's bill": 1, 
            "another official selection": 1, 
            "bill harper collection": 1, 
            "bill umm, thanks": 1, 
            "collection hey adam,": 1, 
            "from the bill": 1, 
            "harper collection hey": 1, 
            "hey adam, it's": 1, 
            "it's bill umm,": 1, 
            "official selection from": 1, 
            "selection from the": 1, 
            "thanks": 1, 
            "the bill harper": 1, 
            "umm, thanks": 1
        }, 
        "4": {
            "": 73, 
            "adam, it's bill umm,": 1, 
            "another official selection from": 1, 
            "bill harper collection hey": 1, 
            "bill umm, thanks": 1, 
            "collection hey adam, it's": 1, 
            "from the bill harper": 1, 
            "harper collection hey adam,": 1, 
            "hey adam, it's bill": 1, 
            "it's bill umm, thanks": 1, 
            "official selection from the": 1, 
            "selection from the bill": 1, 
            "thanks": 1, 
            "the bill harper collection": 1, 
            "umm, thanks": 1
        }, 
        "5": {
            "": 72, 
            "adam, it's bill umm, thanks": 1, 
            "another official selection from the": 1, 
            "bill harper collection hey adam,": 1, 
            "bill umm, thanks": 1, 
            "collection hey adam, it's bill": 1, 
            "from the bill harper collection": 1, 
            "harper collection hey adam, it's": 1, 
            "hey adam, it's bill umm,": 1, 
            "it's bill umm, thanks": 1, 
            "official selection from the bill": 1, 
            "selection from the bill harper": 1, 
            "thanks": 1, 
            "the bill harper collection hey": 1, 
            "umm, thanks": 1
        }, 
        "6": {
            "": 71, 
            "adam, it's bill umm, thanks": 1, 
            "another official selection from the bill": 1, 
            "bill harper collection hey adam, it's": 1, 
            "bill umm, thanks": 1, 
            "collection hey adam, it's bill umm,": 1, 
            "from the bill harper collection hey": 1, 
            "harper collection hey adam, it's bill": 1, 
            "hey adam, it's bill umm, thanks": 1, 
            "it's bill umm, thanks": 1, 
            "official selection from the bill harper": 1, 
            "selection from the bill harper collection": 1, 
            "thanks": 1, 
            "the bill harper collection hey adam,": 1, 
            "umm, thanks": 1
        }, 
        "7": {
            "": 70, 
            "adam, it's bill umm, thanks": 1, 
            "another official selection from the bill harper": 1, 
            "bill harper collection hey adam, it's bill": 1, 
            "bill umm, thanks": 1, 
            "collection hey adam, it's bill umm, thanks": 1, 
            "from the bill harper collection hey adam,": 1, 
            "harper collection hey adam, it's bill umm,": 1, 
            "hey adam, it's bill umm, thanks": 1, 
            "it's bill umm, thanks": 1, 
            "official selection from the bill harper collection": 1, 
            "selection from the bill harper collection hey": 1, 
            "thanks": 1, 
            "the bill harper collection hey adam, it's": 1, 
            "umm, thanks": 1
        }, 
        "8": {
            "": 69, 
            "adam, it's bill umm, thanks": 1, 
            "another official selection from the bill harper collection": 1, 
            "bill harper collection hey adam, it's bill umm,": 1, 
            "bill umm, thanks": 1, 
            "collection hey adam, it's bill umm, thanks": 1, 
            "from the bill harper collection hey adam, it's": 1, 
            "harper collection hey adam, it's bill umm, thanks": 1, 
            "hey adam, it's bill umm, thanks": 1, 
            "it's bill umm, thanks": 1, 
            "official selection from the bill harper collection hey": 1, 
            "selection from the bill harper collection hey adam,": 1, 
            "thanks": 1, 
            "the bill harper collection hey adam, it's bill": 1, 
            "umm, thanks": 1
        }
    }, 
    "song_title": "The Bill Harper Collection", 
    "total_words": [
        14, 
        {
            "adam,": 1, 
            "another": 1, 
            "bill": 2, 
            "collection": 1, 
            "from": 1, 
            "harper": 1, 
            "hey": 1, 
            "it's": 1, 
            "official": 1, 
            "selection": 1, 
            "thanks": 1, 
            "the": 1, 
            "umm,": 1
        }
    ], 
    "unique_words": [
        13, 
        [
            "selection", 
            "from", 
            "harper", 
            "it's", 
            "official", 
            "hey", 
            "collection", 
            "thanks", 
            "another", 
            "umm,", 
            "the", 
            "bill", 
            "adam,"
        ]
    ], 
    "year": 2011
}