{
    "album": "Hot Sauce Committee Part Two", 
    "artist": "Beastie Boys", 
    "lyrics": "Awww shit.\nWoah, what?\nAaaaand,\nFront (front), back (back), sucker then a snack pack (pack),\nI (I) got (got) lawn mower whack (whack),\nGet (get) down (down) grade A ground (round),\nSound that you're loving giving (giving) us a pound (pound),\nFull (full) force (force) Lisa (Lisa) dope jam,\nAll (all) night (night) listening to Dope Man,\nYou can (you can) say (say) yes we're looking pretty (pretty),\nMoney (money) making (making) New York Citaaay!\n", 
    "ngrams": {
        "2": {
            "": 326, 
            "a ground": 1, 
            "a pound": 1, 
            "a snack": 1, 
            "aaaaand, front": 1, 
            "all all": 1, 
            "all night": 1, 
            "awww shit": 1, 
            "back back,": 1, 
            "back, sucker": 1, 
            "can say": 1, 
            "can you": 1, 
            "citaaay": 1, 
            "dope jam,": 1, 
            "dope man,": 1, 
            "down down": 1, 
            "down grade": 1, 
            "force force": 1, 
            "force lisa": 1, 
            "front front,": 1, 
            "front, back": 1, 
            "full force": 1, 
            "full full": 1, 
            "get down": 1, 
            "get get": 1, 
            "giving giving": 1, 
            "giving us": 1, 
            "got got": 1, 
            "got lawn": 1, 
            "grade a": 1, 
            "ground round,": 1, 
            "i got": 1, 
            "i i": 1, 
            "jam, all": 1, 
            "lawn mower": 1, 
            "lisa dope": 1, 
            "lisa lisa": 1, 
            "listening to": 1, 
            "looking pretty": 1, 
            "loving giving": 1, 
            "making making": 1, 
            "making new": 1, 
            "man, you": 1, 
            "money making": 1, 
            "money money": 1, 
            "mower whack": 1, 
            "new york": 1, 
            "night listening": 1, 
            "night night": 1, 
            "pack pack,": 1, 
            "pack, i": 1, 
            "pound pound,": 1, 
            "pound, full": 1, 
            "pretty pretty,": 1, 
            "pretty, money": 1, 
            "round, sound": 1, 
            "say say": 1, 
            "say yes": 1, 
            "shit woah,": 1, 
            "snack pack": 1, 
            "sound that": 1, 
            "sucker then": 1, 
            "that you're": 1, 
            "then a": 1, 
            "to dope": 1, 
            "us a": 1, 
            "we're looking": 1, 
            "whack whack,": 1, 
            "whack, get": 1, 
            "what aaaaand,": 1, 
            "woah, what": 1, 
            "yes we're": 1, 
            "york citaaay": 1, 
            "you can": 2, 
            "you're loving": 1
        }, 
        "3": {
            "": 325, 
            "a ground round,": 1, 
            "a pound pound,": 1, 
            "a snack pack": 1, 
            "aaaaand, front front,": 1, 
            "all all night": 1, 
            "all night night": 1, 
            "awww shit woah,": 1, 
            "back back, sucker": 1, 
            "back, sucker then": 1, 
            "can say say": 1, 
            "can you can": 1, 
            "citaaay": 1, 
            "dope jam, all": 1, 
            "dope man, you": 1, 
            "down down grade": 1, 
            "down grade a": 1, 
            "force force lisa": 1, 
            "force lisa lisa": 1, 
            "front front, back": 1, 
            "front, back back,": 1, 
            "full force force": 1, 
            "full full force": 1, 
            "get down down": 1, 
            "get get down": 1, 
            "giving giving us": 1, 
            "giving us a": 1, 
            "got got lawn": 1, 
            "got lawn mower": 1, 
            "grade a ground": 1, 
            "ground round, sound": 1, 
            "i got got": 1, 
            "i i got": 1, 
            "jam, all all": 1, 
            "lawn mower whack": 1, 
            "lisa dope jam,": 1, 
            "lisa lisa dope": 1, 
            "listening to dope": 1, 
            "looking pretty pretty,": 1, 
            "loving giving giving": 1, 
            "making making new": 1, 
            "making new york": 1, 
            "man, you can": 1, 
            "money making making": 1, 
            "money money making": 1, 
            "mower whack whack,": 1, 
            "new york citaaay": 1, 
            "night listening to": 1, 
            "night night listening": 1, 
            "pack pack, i": 1, 
            "pack, i i": 1, 
            "pound pound, full": 1, 
            "pound, full full": 1, 
            "pretty pretty, money": 1, 
            "pretty, money money": 1, 
            "round, sound that": 1, 
            "say say yes": 1, 
            "say yes we're": 1, 
            "shit woah, what": 1, 
            "snack pack pack,": 1, 
            "sound that you're": 1, 
            "sucker then a": 1, 
            "that you're loving": 1, 
            "then a snack": 1, 
            "to dope man,": 1, 
            "us a pound": 1, 
            "we're looking pretty": 1, 
            "whack whack, get": 1, 
            "whack, get get": 1, 
            "what aaaaand, front": 1, 
            "woah, what aaaaand,": 1, 
            "yes we're looking": 1, 
            "york citaaay": 1, 
            "you can say": 1, 
            "you can you": 1, 
            "you're loving giving": 1
        }, 
        "4": {
            "": 324, 
            "a ground round, sound": 1, 
            "a pound pound, full": 1, 
            "a snack pack pack,": 1, 
            "aaaaand, front front, back": 1, 
            "all all night night": 1, 
            "all night night listening": 1, 
            "awww shit woah, what": 1, 
            "back back, sucker then": 1, 
            "back, sucker then a": 1, 
            "can say say yes": 1, 
            "can you can say": 1, 
            "citaaay": 1, 
            "dope jam, all all": 1, 
            "dope man, you can": 1, 
            "down down grade a": 1, 
            "down grade a ground": 1, 
            "force force lisa lisa": 1, 
            "force lisa lisa dope": 1, 
            "front front, back back,": 1, 
            "front, back back, sucker": 1, 
            "full force force lisa": 1, 
            "full full force force": 1, 
            "get down down grade": 1, 
            "get get down down": 1, 
            "giving giving us a": 1, 
            "giving us a pound": 1, 
            "got got lawn mower": 1, 
            "got lawn mower whack": 1, 
            "grade a ground round,": 1, 
            "ground round, sound that": 1, 
            "i got got lawn": 1, 
            "i i got got": 1, 
            "jam, all all night": 1, 
            "lawn mower whack whack,": 1, 
            "lisa dope jam, all": 1, 
            "lisa lisa dope jam,": 1, 
            "listening to dope man,": 1, 
            "looking pretty pretty, money": 1, 
            "loving giving giving us": 1, 
            "making making new york": 1, 
            "making new york citaaay": 1, 
            "man, you can you": 1, 
            "money making making new": 1, 
            "money money making making": 1, 
            "mower whack whack, get": 1, 
            "new york citaaay": 1, 
            "night listening to dope": 1, 
            "night night listening to": 1, 
            "pack pack, i i": 1, 
            "pack, i i got": 1, 
            "pound pound, full full": 1, 
            "pound, full full force": 1, 
            "pretty pretty, money money": 1, 
            "pretty, money money making": 1, 
            "round, sound that you're": 1, 
            "say say yes we're": 1, 
            "say yes we're looking": 1, 
            "shit woah, what aaaaand,": 1, 
            "snack pack pack, i": 1, 
            "sound that you're loving": 1, 
            "sucker then a snack": 1, 
            "that you're loving giving": 1, 
            "then a snack pack": 1, 
            "to dope man, you": 1, 
            "us a pound pound,": 1, 
            "we're looking pretty pretty,": 1, 
            "whack whack, get get": 1, 
            "whack, get get down": 1, 
            "what aaaaand, front front,": 1, 
            "woah, what aaaaand, front": 1, 
            "yes we're looking pretty": 1, 
            "york citaaay": 1, 
            "you can say say": 1, 
            "you can you can": 1, 
            "you're loving giving giving": 1
        }, 
        "5": {
            "": 323, 
            "a ground round, sound that": 1, 
            "a pound pound, full full": 1, 
            "a snack pack pack, i": 1, 
            "aaaaand, front front, back back,": 1, 
            "all all night night listening": 1, 
            "all night night listening to": 1, 
            "awww shit woah, what aaaaand,": 1, 
            "back back, sucker then a": 1, 
            "back, sucker then a snack": 1, 
            "can say say yes we're": 1, 
            "can you can say say": 1, 
            "citaaay": 1, 
            "dope jam, all all night": 1, 
            "dope man, you can you": 1, 
            "down down grade a ground": 1, 
            "down grade a ground round,": 1, 
            "force force lisa lisa dope": 1, 
            "force lisa lisa dope jam,": 1, 
            "front front, back back, sucker": 1, 
            "front, back back, sucker then": 1, 
            "full force force lisa lisa": 1, 
            "full full force force lisa": 1, 
            "get down down grade a": 1, 
            "get get down down grade": 1, 
            "giving giving us a pound": 1, 
            "giving us a pound pound,": 1, 
            "got got lawn mower whack": 1, 
            "got lawn mower whack whack,": 1, 
            "grade a ground round, sound": 1, 
            "ground round, sound that you're": 1, 
            "i got got lawn mower": 1, 
            "i i got got lawn": 1, 
            "jam, all all night night": 1, 
            "lawn mower whack whack, get": 1, 
            "lisa dope jam, all all": 1, 
            "lisa lisa dope jam, all": 1, 
            "listening to dope man, you": 1, 
            "looking pretty pretty, money money": 1, 
            "loving giving giving us a": 1, 
            "making making new york citaaay": 1, 
            "making new york citaaay": 1, 
            "man, you can you can": 1, 
            "money making making new york": 1, 
            "money money making making new": 1, 
            "mower whack whack, get get": 1, 
            "new york citaaay": 1, 
            "night listening to dope man,": 1, 
            "night night listening to dope": 1, 
            "pack pack, i i got": 1, 
            "pack, i i got got": 1, 
            "pound pound, full full force": 1, 
            "pound, full full force force": 1, 
            "pretty pretty, money money making": 1, 
            "pretty, money money making making": 1, 
            "round, sound that you're loving": 1, 
            "say say yes we're looking": 1, 
            "say yes we're looking pretty": 1, 
            "shit woah, what aaaaand, front": 1, 
            "snack pack pack, i i": 1, 
            "sound that you're loving giving": 1, 
            "sucker then a snack pack": 1, 
            "that you're loving giving giving": 1, 
            "then a snack pack pack,": 1, 
            "to dope man, you can": 1, 
            "us a pound pound, full": 1, 
            "we're looking pretty pretty, money": 1, 
            "whack whack, get get down": 1, 
            "whack, get get down down": 1, 
            "what aaaaand, front front, back": 1, 
            "woah, what aaaaand, front front,": 1, 
            "yes we're looking pretty pretty,": 1, 
            "york citaaay": 1, 
            "you can say say yes": 1, 
            "you can you can say": 1, 
            "you're loving giving giving us": 1
        }, 
        "6": {
            "": 322, 
            "a ground round, sound that you're": 1, 
            "a pound pound, full full force": 1, 
            "a snack pack pack, i i": 1, 
            "aaaaand, front front, back back, sucker": 1, 
            "all all night night listening to": 1, 
            "all night night listening to dope": 1, 
            "awww shit woah, what aaaaand, front": 1, 
            "back back, sucker then a snack": 1, 
            "back, sucker then a snack pack": 1, 
            "can say say yes we're looking": 1, 
            "can you can say say yes": 1, 
            "citaaay": 1, 
            "dope jam, all all night night": 1, 
            "dope man, you can you can": 1, 
            "down down grade a ground round,": 1, 
            "down grade a ground round, sound": 1, 
            "force force lisa lisa dope jam,": 1, 
            "force lisa lisa dope jam, all": 1, 
            "front front, back back, sucker then": 1, 
            "front, back back, sucker then a": 1, 
            "full force force lisa lisa dope": 1, 
            "full full force force lisa lisa": 1, 
            "get down down grade a ground": 1, 
            "get get down down grade a": 1, 
            "giving giving us a pound pound,": 1, 
            "giving us a pound pound, full": 1, 
            "got got lawn mower whack whack,": 1, 
            "got lawn mower whack whack, get": 1, 
            "grade a ground round, sound that": 1, 
            "ground round, sound that you're loving": 1, 
            "i got got lawn mower whack": 1, 
            "i i got got lawn mower": 1, 
            "jam, all all night night listening": 1, 
            "lawn mower whack whack, get get": 1, 
            "lisa dope jam, all all night": 1, 
            "lisa lisa dope jam, all all": 1, 
            "listening to dope man, you can": 1, 
            "looking pretty pretty, money money making": 1, 
            "loving giving giving us a pound": 1, 
            "making making new york citaaay": 1, 
            "making new york citaaay": 1, 
            "man, you can you can say": 1, 
            "money making making new york citaaay": 1, 
            "money money making making new york": 1, 
            "mower whack whack, get get down": 1, 
            "new york citaaay": 1, 
            "night listening to dope man, you": 1, 
            "night night listening to dope man,": 1, 
            "pack pack, i i got got": 1, 
            "pack, i i got got lawn": 1, 
            "pound pound, full full force force": 1, 
            "pound, full full force force lisa": 1, 
            "pretty pretty, money money making making": 1, 
            "pretty, money money making making new": 1, 
            "round, sound that you're loving giving": 1, 
            "say say yes we're looking pretty": 1, 
            "say yes we're looking pretty pretty,": 1, 
            "shit woah, what aaaaand, front front,": 1, 
            "snack pack pack, i i got": 1, 
            "sound that you're loving giving giving": 1, 
            "sucker then a snack pack pack,": 1, 
            "that you're loving giving giving us": 1, 
            "then a snack pack pack, i": 1, 
            "to dope man, you can you": 1, 
            "us a pound pound, full full": 1, 
            "we're looking pretty pretty, money money": 1, 
            "whack whack, get get down down": 1, 
            "whack, get get down down grade": 1, 
            "what aaaaand, front front, back back,": 1, 
            "woah, what aaaaand, front front, back": 1, 
            "yes we're looking pretty pretty, money": 1, 
            "york citaaay": 1, 
            "you can say say yes we're": 1, 
            "you can you can say say": 1, 
            "you're loving giving giving us a": 1
        }, 
        "7": {
            "": 321, 
            "a ground round, sound that you're loving": 1, 
            "a pound pound, full full force force": 1, 
            "a snack pack pack, i i got": 1, 
            "aaaaand, front front, back back, sucker then": 1, 
            "all all night night listening to dope": 1, 
            "all night night listening to dope man,": 1, 
            "awww shit woah, what aaaaand, front front,": 1, 
            "back back, sucker then a snack pack": 1, 
            "back, sucker then a snack pack pack,": 1, 
            "can say say yes we're looking pretty": 1, 
            "can you can say say yes we're": 1, 
            "citaaay": 1, 
            "dope jam, all all night night listening": 1, 
            "dope man, you can you can say": 1, 
            "down down grade a ground round, sound": 1, 
            "down grade a ground round, sound that": 1, 
            "force force lisa lisa dope jam, all": 1, 
            "force lisa lisa dope jam, all all": 1, 
            "front front, back back, sucker then a": 1, 
            "front, back back, sucker then a snack": 1, 
            "full force force lisa lisa dope jam,": 1, 
            "full full force force lisa lisa dope": 1, 
            "get down down grade a ground round,": 1, 
            "get get down down grade a ground": 1, 
            "giving giving us a pound pound, full": 1, 
            "giving us a pound pound, full full": 1, 
            "got got lawn mower whack whack, get": 1, 
            "got lawn mower whack whack, get get": 1, 
            "grade a ground round, sound that you're": 1, 
            "ground round, sound that you're loving giving": 1, 
            "i got got lawn mower whack whack,": 1, 
            "i i got got lawn mower whack": 1, 
            "jam, all all night night listening to": 1, 
            "lawn mower whack whack, get get down": 1, 
            "lisa dope jam, all all night night": 1, 
            "lisa lisa dope jam, all all night": 1, 
            "listening to dope man, you can you": 1, 
            "looking pretty pretty, money money making making": 1, 
            "loving giving giving us a pound pound,": 1, 
            "making making new york citaaay": 1, 
            "making new york citaaay": 1, 
            "man, you can you can say say": 1, 
            "money making making new york citaaay": 1, 
            "money money making making new york citaaay": 1, 
            "mower whack whack, get get down down": 1, 
            "new york citaaay": 1, 
            "night listening to dope man, you can": 1, 
            "night night listening to dope man, you": 1, 
            "pack pack, i i got got lawn": 1, 
            "pack, i i got got lawn mower": 1, 
            "pound pound, full full force force lisa": 1, 
            "pound, full full force force lisa lisa": 1, 
            "pretty pretty, money money making making new": 1, 
            "pretty, money money making making new york": 1, 
            "round, sound that you're loving giving giving": 1, 
            "say say yes we're looking pretty pretty,": 1, 
            "say yes we're looking pretty pretty, money": 1, 
            "shit woah, what aaaaand, front front, back": 1, 
            "snack pack pack, i i got got": 1, 
            "sound that you're loving giving giving us": 1, 
            "sucker then a snack pack pack, i": 1, 
            "that you're loving giving giving us a": 1, 
            "then a snack pack pack, i i": 1, 
            "to dope man, you can you can": 1, 
            "us a pound pound, full full force": 1, 
            "we're looking pretty pretty, money money making": 1, 
            "whack whack, get get down down grade": 1, 
            "whack, get get down down grade a": 1, 
            "what aaaaand, front front, back back, sucker": 1, 
            "woah, what aaaaand, front front, back back,": 1, 
            "yes we're looking pretty pretty, money money": 1, 
            "york citaaay": 1, 
            "you can say say yes we're looking": 1, 
            "you can you can say say yes": 1, 
            "you're loving giving giving us a pound": 1
        }, 
        "8": {
            "": 320, 
            "a ground round, sound that you're loving giving": 1, 
            "a pound pound, full full force force lisa": 1, 
            "a snack pack pack, i i got got": 1, 
            "aaaaand, front front, back back, sucker then a": 1, 
            "all all night night listening to dope man,": 1, 
            "all night night listening to dope man, you": 1, 
            "awww shit woah, what aaaaand, front front, back": 1, 
            "back back, sucker then a snack pack pack,": 1, 
            "back, sucker then a snack pack pack, i": 1, 
            "can say say yes we're looking pretty pretty,": 1, 
            "can you can say say yes we're looking": 1, 
            "citaaay": 1, 
            "dope jam, all all night night listening to": 1, 
            "dope man, you can you can say say": 1, 
            "down down grade a ground round, sound that": 1, 
            "down grade a ground round, sound that you're": 1, 
            "force force lisa lisa dope jam, all all": 1, 
            "force lisa lisa dope jam, all all night": 1, 
            "front front, back back, sucker then a snack": 1, 
            "front, back back, sucker then a snack pack": 1, 
            "full force force lisa lisa dope jam, all": 1, 
            "full full force force lisa lisa dope jam,": 1, 
            "get down down grade a ground round, sound": 1, 
            "get get down down grade a ground round,": 1, 
            "giving giving us a pound pound, full full": 1, 
            "giving us a pound pound, full full force": 1, 
            "got got lawn mower whack whack, get get": 1, 
            "got lawn mower whack whack, get get down": 1, 
            "grade a ground round, sound that you're loving": 1, 
            "ground round, sound that you're loving giving giving": 1, 
            "i got got lawn mower whack whack, get": 1, 
            "i i got got lawn mower whack whack,": 1, 
            "jam, all all night night listening to dope": 1, 
            "lawn mower whack whack, get get down down": 1, 
            "lisa dope jam, all all night night listening": 1, 
            "lisa lisa dope jam, all all night night": 1, 
            "listening to dope man, you can you can": 1, 
            "looking pretty pretty, money money making making new": 1, 
            "loving giving giving us a pound pound, full": 1, 
            "making making new york citaaay": 1, 
            "making new york citaaay": 1, 
            "man, you can you can say say yes": 1, 
            "money making making new york citaaay": 1, 
            "money money making making new york citaaay": 1, 
            "mower whack whack, get get down down grade": 1, 
            "new york citaaay": 1, 
            "night listening to dope man, you can you": 1, 
            "night night listening to dope man, you can": 1, 
            "pack pack, i i got got lawn mower": 1, 
            "pack, i i got got lawn mower whack": 1, 
            "pound pound, full full force force lisa lisa": 1, 
            "pound, full full force force lisa lisa dope": 1, 
            "pretty pretty, money money making making new york": 1, 
            "pretty, money money making making new york citaaay": 1, 
            "round, sound that you're loving giving giving us": 1, 
            "say say yes we're looking pretty pretty, money": 1, 
            "say yes we're looking pretty pretty, money money": 1, 
            "shit woah, what aaaaand, front front, back back,": 1, 
            "snack pack pack, i i got got lawn": 1, 
            "sound that you're loving giving giving us a": 1, 
            "sucker then a snack pack pack, i i": 1, 
            "that you're loving giving giving us a pound": 1, 
            "then a snack pack pack, i i got": 1, 
            "to dope man, you can you can say": 1, 
            "us a pound pound, full full force force": 1, 
            "we're looking pretty pretty, money money making making": 1, 
            "whack whack, get get down down grade a": 1, 
            "whack, get get down down grade a ground": 1, 
            "what aaaaand, front front, back back, sucker then": 1, 
            "woah, what aaaaand, front front, back back, sucker": 1, 
            "yes we're looking pretty pretty, money money making": 1, 
            "york citaaay": 1, 
            "you can say say yes we're looking pretty": 1, 
            "you can you can say say yes we're": 1, 
            "you're loving giving giving us a pound pound,": 1
        }
    }, 
    "song_title": "The Lisa Lisa  Full Force Routine", 
    "total_words": [
        75, 
        {
            "a": 3, 
            "aaaaand,": 1, 
            "all": 2, 
            "awww": 1, 
            "back": 1, 
            "back,": 1, 
            "can": 2, 
            "citaaay": 1, 
            "dope": 2, 
            "down": 2, 
            "force": 2, 
            "front": 1, 
            "front,": 1, 
            "full": 2, 
            "get": 2, 
            "giving": 2, 
            "got": 2, 
            "grade": 1, 
            "ground": 1, 
            "i": 2, 
            "jam,": 1, 
            "lawn": 1, 
            "lisa": 2, 
            "listening": 1, 
            "looking": 1, 
            "loving": 1, 
            "making": 2, 
            "man,": 1, 
            "money": 2, 
            "mower": 1, 
            "new": 1, 
            "night": 2, 
            "pack": 1, 
            "pack,": 1, 
            "pound": 1, 
            "pound,": 1, 
            "pretty": 1, 
            "pretty,": 1, 
            "round,": 1, 
            "say": 2, 
            "shit": 1, 
            "snack": 1, 
            "sound": 1, 
            "sucker": 1, 
            "that": 1, 
            "then": 1, 
            "to": 1, 
            "us": 1, 
            "we're": 1, 
            "whack": 1, 
            "whack,": 1, 
            "what": 1, 
            "woah,": 1, 
            "yes": 1, 
            "york": 1, 
            "you": 2, 
            "you're": 1
        }
    ], 
    "unique_words": [
        57, 
        [
            "whack,", 
            "pound", 
            "force", 
            "listening", 
            "grade", 
            "money", 
            "back", 
            "making", 
            "down", 
            "say", 
            "pack,", 
            "york", 
            "yes", 
            "shit", 
            "ground", 
            "you're", 
            "what", 
            "snack", 
            "giving", 
            "get", 
            "mower", 
            "looking", 
            "to", 
            "we're", 
            "pretty", 
            "aaaaand,", 
            "pound,", 
            "got", 
            "you", 
            "pretty,", 
            "man,", 
            "whack", 
            "loving", 
            "then", 
            "all", 
            "full", 
            "that", 
            "sucker", 
            "dope", 
            "new", 
            "jam,", 
            "awww", 
            "a", 
            "woah,", 
            "citaaay", 
            "front", 
            "sound", 
            "lawn", 
            "i", 
            "us", 
            "back,", 
            "can", 
            "night", 
            "lisa", 
            "round,", 
            "front,", 
            "pack"
        ]
    ], 
    "year": 2011
}