{
    "album": "As Clean as They Wanna Be", 
    "artist": "2 Live Crew", 
    "lyrics": "Pretty Woman, walking down the street,\nPretty Woman, girl, girl you look so sweet,\nPretty Woman, you, you bring me down to that knee,\nPretty Woman, you make me wanna beg please,\nOh, Pretty Woman.\n\n\nBig hairy woman, you need to shave that stuff,\nBig hairy woman, you know I bet it's tough.\nBig hairy woman, all that hair ain't legit,\n'Cause you look like Cousin It.\nBig hairy woman\n\n\nBald headed woman, girl your hair won't grow,\nBald headed woman, you got a teeny weeny afro.\nBald headed woman, you know your hair could look nice,\nBald headed woman, first you got to roll it with rice.\nBald headed woman, here let me get this uncle bens for ya,\nYa know what I'm saying, its' better than Rice a Roni\nOh, Bald headed woman\n\n\nBig hairy woman, come on in,\n\nAnd don't forget your bald headed friend\n\nHey Pretty Woman, let the boys jump in.\n\n\nTwo timin' woman, girl you know you ain't right,\nTwo timin' woman, you's out with my boy last night\nTwo timin' woman, that takes a load off my mind,\nTwo timin' woman, now I know the baby ain't mine\nOh, Two timin' woman\n\nOh, Pretty Woman.\n", 
    "ngrams": {
        "2": {
            "": 864, 
            "'cause you": 1, 
            "a load": 1, 
            "a roni": 1, 
            "a teeny": 1, 
            "afro bald": 1, 
            "ain't legit,": 1, 
            "ain't mine": 1, 
            "ain't right,": 1, 
            "all that": 1, 
            "and don't": 1, 
            "baby ain't": 1, 
            "bald headed": 7, 
            "beg please,": 1, 
            "bens for": 1, 
            "bet it's": 1, 
            "better than": 1, 
            "big hairy": 5, 
            "boy last": 1, 
            "boys jump": 1, 
            "bring me": 1, 
            "come on": 1, 
            "could look": 1, 
            "cousin it": 1, 
            "don't forget": 1, 
            "down the": 1, 
            "down to": 1, 
            "first you": 1, 
            "for ya,": 1, 
            "forget your": 1, 
            "friend hey": 1, 
            "get this": 1, 
            "girl you": 2, 
            "girl your": 1, 
            "girl, girl": 1, 
            "got a": 1, 
            "got to": 1, 
            "grow, bald": 1, 
            "hair ain't": 1, 
            "hair could": 1, 
            "hair won't": 1, 
            "hairy woman": 1, 
            "hairy woman,": 4, 
            "headed friend": 1, 
            "headed woman": 1, 
            "headed woman,": 5, 
            "here let": 1, 
            "hey pretty": 1, 
            "i bet": 1, 
            "i know": 1, 
            "i'm saying,": 1, 
            "in two": 1, 
            "in, and": 1, 
            "it big": 1, 
            "it with": 1, 
            "it's tough": 1, 
            "its' better": 1, 
            "jump in": 1, 
            "knee, pretty": 1, 
            "know i": 1, 
            "know the": 1, 
            "know what": 1, 
            "know you": 1, 
            "know your": 1, 
            "last night": 1, 
            "legit, 'cause": 1, 
            "let me": 1, 
            "let the": 1, 
            "like cousin": 1, 
            "load off": 1, 
            "look like": 1, 
            "look nice,": 1, 
            "look so": 1, 
            "make me": 1, 
            "me down": 1, 
            "me get": 1, 
            "me wanna": 1, 
            "mind, two": 1, 
            "mine oh,": 1, 
            "my boy": 1, 
            "my mind,": 1, 
            "need to": 1, 
            "nice, bald": 1, 
            "night two": 1, 
            "now i": 1, 
            "off my": 1, 
            "oh, bald": 1, 
            "oh, pretty": 2, 
            "oh, two": 1, 
            "on in,": 1, 
            "out with": 1, 
            "please, oh,": 1, 
            "pretty woman": 2, 
            "pretty woman,": 5, 
            "rice a": 1, 
            "rice bald": 1, 
            "right, two": 1, 
            "roll it": 1, 
            "roni oh,": 1, 
            "saying, its'": 1, 
            "shave that": 1, 
            "so sweet,": 1, 
            "street, pretty": 1, 
            "stuff, big": 1, 
            "sweet, pretty": 1, 
            "takes a": 1, 
            "teeny weeny": 1, 
            "than rice": 1, 
            "that hair": 1, 
            "that knee,": 1, 
            "that stuff,": 1, 
            "that takes": 1, 
            "the baby": 1, 
            "the boys": 1, 
            "the street,": 1, 
            "this uncle": 1, 
            "timin' woman": 1, 
            "timin' woman,": 4, 
            "to roll": 1, 
            "to shave": 1, 
            "to that": 1, 
            "tough big": 1, 
            "two timin'": 5, 
            "uncle bens": 1, 
            "walking down": 1, 
            "wanna beg": 1, 
            "weeny afro": 1, 
            "what i'm": 1, 
            "with my": 1, 
            "with rice": 1, 
            "woman": 1, 
            "woman bald": 1, 
            "woman big": 2, 
            "woman oh,": 1, 
            "woman, all": 1, 
            "woman, come": 1, 
            "woman, first": 1, 
            "woman, girl": 2, 
            "woman, girl,": 1, 
            "woman, here": 1, 
            "woman, let": 1, 
            "woman, now": 1, 
            "woman, that": 1, 
            "woman, walking": 1, 
            "woman, you": 5, 
            "woman, you's": 1, 
            "woman, you,": 1, 
            "won't grow,": 1, 
            "ya know": 1, 
            "ya, ya": 1, 
            "you ain't": 1, 
            "you bring": 1, 
            "you got": 2, 
            "you know": 3, 
            "you look": 2, 
            "you make": 1, 
            "you need": 1, 
            "you's out": 1, 
            "you, you": 1, 
            "your bald": 1, 
            "your hair": 2
        }, 
        "3": {
            "": 863, 
            "'cause you look": 1, 
            "a load off": 1, 
            "a roni oh,": 1, 
            "a teeny weeny": 1, 
            "afro bald headed": 1, 
            "ain't legit, 'cause": 1, 
            "ain't mine oh,": 1, 
            "ain't right, two": 1, 
            "all that hair": 1, 
            "and don't forget": 1, 
            "baby ain't mine": 1, 
            "bald headed friend": 1, 
            "bald headed woman": 1, 
            "bald headed woman,": 5, 
            "beg please, oh,": 1, 
            "bens for ya,": 1, 
            "bet it's tough": 1, 
            "better than rice": 1, 
            "big hairy woman": 1, 
            "big hairy woman,": 4, 
            "boy last night": 1, 
            "boys jump in": 1, 
            "bring me down": 1, 
            "come on in,": 1, 
            "could look nice,": 1, 
            "cousin it big": 1, 
            "don't forget your": 1, 
            "down the street,": 1, 
            "down to that": 1, 
            "first you got": 1, 
            "for ya, ya": 1, 
            "forget your bald": 1, 
            "friend hey pretty": 1, 
            "get this uncle": 1, 
            "girl you know": 1, 
            "girl you look": 1, 
            "girl your hair": 1, 
            "girl, girl you": 1, 
            "got a teeny": 1, 
            "got to roll": 1, 
            "grow, bald headed": 1, 
            "hair ain't legit,": 1, 
            "hair could look": 1, 
            "hair won't grow,": 1, 
            "hairy woman bald": 1, 
            "hairy woman, all": 1, 
            "hairy woman, come": 1, 
            "hairy woman, you": 2, 
            "headed friend hey": 1, 
            "headed woman big": 1, 
            "headed woman, first": 1, 
            "headed woman, girl": 1, 
            "headed woman, here": 1, 
            "headed woman, you": 2, 
            "here let me": 1, 
            "hey pretty woman,": 1, 
            "i bet it's": 1, 
            "i know the": 1, 
            "i'm saying, its'": 1, 
            "in two timin'": 1, 
            "in, and don't": 1, 
            "it big hairy": 1, 
            "it with rice": 1, 
            "it's tough big": 1, 
            "its' better than": 1, 
            "jump in two": 1, 
            "knee, pretty woman,": 1, 
            "know i bet": 1, 
            "know the baby": 1, 
            "know what i'm": 1, 
            "know you ain't": 1, 
            "know your hair": 1, 
            "last night two": 1, 
            "legit, 'cause you": 1, 
            "let me get": 1, 
            "let the boys": 1, 
            "like cousin it": 1, 
            "load off my": 1, 
            "look like cousin": 1, 
            "look nice, bald": 1, 
            "look so sweet,": 1, 
            "make me wanna": 1, 
            "me down to": 1, 
            "me get this": 1, 
            "me wanna beg": 1, 
            "mind, two timin'": 1, 
            "mine oh, two": 1, 
            "my boy last": 1, 
            "my mind, two": 1, 
            "need to shave": 1, 
            "nice, bald headed": 1, 
            "night two timin'": 1, 
            "now i know": 1, 
            "off my mind,": 1, 
            "oh, bald headed": 1, 
            "oh, pretty woman": 2, 
            "oh, two timin'": 1, 
            "on in, and": 1, 
            "out with my": 1, 
            "please, oh, pretty": 1, 
            "pretty woman": 1, 
            "pretty woman big": 1, 
            "pretty woman, girl,": 1, 
            "pretty woman, let": 1, 
            "pretty woman, walking": 1, 
            "pretty woman, you": 1, 
            "pretty woman, you,": 1, 
            "rice a roni": 1, 
            "rice bald headed": 1, 
            "right, two timin'": 1, 
            "roll it with": 1, 
            "roni oh, bald": 1, 
            "saying, its' better": 1, 
            "shave that stuff,": 1, 
            "so sweet, pretty": 1, 
            "street, pretty woman,": 1, 
            "stuff, big hairy": 1, 
            "sweet, pretty woman,": 1, 
            "takes a load": 1, 
            "teeny weeny afro": 1, 
            "than rice a": 1, 
            "that hair ain't": 1, 
            "that knee, pretty": 1, 
            "that stuff, big": 1, 
            "that takes a": 1, 
            "the baby ain't": 1, 
            "the boys jump": 1, 
            "the street, pretty": 1, 
            "this uncle bens": 1, 
            "timin' woman oh,": 1, 
            "timin' woman, girl": 1, 
            "timin' woman, now": 1, 
            "timin' woman, that": 1, 
            "timin' woman, you's": 1, 
            "to roll it": 1, 
            "to shave that": 1, 
            "to that knee,": 1, 
            "tough big hairy": 1, 
            "two timin' woman": 1, 
            "two timin' woman,": 4, 
            "uncle bens for": 1, 
            "walking down the": 1, 
            "wanna beg please,": 1, 
            "weeny afro bald": 1, 
            "what i'm saying,": 1, 
            "with my boy": 1, 
            "with rice bald": 1, 
            "woman": 1, 
            "woman bald headed": 1, 
            "woman big hairy": 2, 
            "woman oh, pretty": 1, 
            "woman, all that": 1, 
            "woman, come on": 1, 
            "woman, first you": 1, 
            "woman, girl you": 1, 
            "woman, girl your": 1, 
            "woman, girl, girl": 1, 
            "woman, here let": 1, 
            "woman, let the": 1, 
            "woman, now i": 1, 
            "woman, that takes": 1, 
            "woman, walking down": 1, 
            "woman, you got": 1, 
            "woman, you know": 2, 
            "woman, you make": 1, 
            "woman, you need": 1, 
            "woman, you's out": 1, 
            "woman, you, you": 1, 
            "won't grow, bald": 1, 
            "ya know what": 1, 
            "ya, ya know": 1, 
            "you ain't right,": 1, 
            "you bring me": 1, 
            "you got a": 1, 
            "you got to": 1, 
            "you know i": 1, 
            "you know you": 1, 
            "you know your": 1, 
            "you look like": 1, 
            "you look so": 1, 
            "you make me": 1, 
            "you need to": 1, 
            "you's out with": 1, 
            "you, you bring": 1, 
            "your bald headed": 1, 
            "your hair could": 1, 
            "your hair won't": 1
        }, 
        "4": {
            "": 862, 
            "'cause you look like": 1, 
            "a load off my": 1, 
            "a roni oh, bald": 1, 
            "a teeny weeny afro": 1, 
            "afro bald headed woman,": 1, 
            "ain't legit, 'cause you": 1, 
            "ain't mine oh, two": 1, 
            "ain't right, two timin'": 1, 
            "all that hair ain't": 1, 
            "and don't forget your": 1, 
            "baby ain't mine oh,": 1, 
            "bald headed friend hey": 1, 
            "bald headed woman big": 1, 
            "bald headed woman, first": 1, 
            "bald headed woman, girl": 1, 
            "bald headed woman, here": 1, 
            "bald headed woman, you": 2, 
            "beg please, oh, pretty": 1, 
            "bens for ya, ya": 1, 
            "bet it's tough big": 1, 
            "better than rice a": 1, 
            "big hairy woman bald": 1, 
            "big hairy woman, all": 1, 
            "big hairy woman, come": 1, 
            "big hairy woman, you": 2, 
            "boy last night two": 1, 
            "boys jump in two": 1, 
            "bring me down to": 1, 
            "come on in, and": 1, 
            "could look nice, bald": 1, 
            "cousin it big hairy": 1, 
            "don't forget your bald": 1, 
            "down the street, pretty": 1, 
            "down to that knee,": 1, 
            "first you got to": 1, 
            "for ya, ya know": 1, 
            "forget your bald headed": 1, 
            "friend hey pretty woman,": 1, 
            "get this uncle bens": 1, 
            "girl you know you": 1, 
            "girl you look so": 1, 
            "girl your hair won't": 1, 
            "girl, girl you look": 1, 
            "got a teeny weeny": 1, 
            "got to roll it": 1, 
            "grow, bald headed woman,": 1, 
            "hair ain't legit, 'cause": 1, 
            "hair could look nice,": 1, 
            "hair won't grow, bald": 1, 
            "hairy woman bald headed": 1, 
            "hairy woman, all that": 1, 
            "hairy woman, come on": 1, 
            "hairy woman, you know": 1, 
            "hairy woman, you need": 1, 
            "headed friend hey pretty": 1, 
            "headed woman big hairy": 1, 
            "headed woman, first you": 1, 
            "headed woman, girl your": 1, 
            "headed woman, here let": 1, 
            "headed woman, you got": 1, 
            "headed woman, you know": 1, 
            "here let me get": 1, 
            "hey pretty woman, let": 1, 
            "i bet it's tough": 1, 
            "i know the baby": 1, 
            "i'm saying, its' better": 1, 
            "in two timin' woman,": 1, 
            "in, and don't forget": 1, 
            "it big hairy woman": 1, 
            "it with rice bald": 1, 
            "it's tough big hairy": 1, 
            "its' better than rice": 1, 
            "jump in two timin'": 1, 
            "knee, pretty woman, you": 1, 
            "know i bet it's": 1, 
            "know the baby ain't": 1, 
            "know what i'm saying,": 1, 
            "know you ain't right,": 1, 
            "know your hair could": 1, 
            "last night two timin'": 1, 
            "legit, 'cause you look": 1, 
            "let me get this": 1, 
            "let the boys jump": 1, 
            "like cousin it big": 1, 
            "load off my mind,": 1, 
            "look like cousin it": 1, 
            "look nice, bald headed": 1, 
            "look so sweet, pretty": 1, 
            "make me wanna beg": 1, 
            "me down to that": 1, 
            "me get this uncle": 1, 
            "me wanna beg please,": 1, 
            "mind, two timin' woman,": 1, 
            "mine oh, two timin'": 1, 
            "my boy last night": 1, 
            "my mind, two timin'": 1, 
            "need to shave that": 1, 
            "nice, bald headed woman,": 1, 
            "night two timin' woman,": 1, 
            "now i know the": 1, 
            "off my mind, two": 1, 
            "oh, bald headed woman": 1, 
            "oh, pretty woman": 1, 
            "oh, pretty woman big": 1, 
            "oh, two timin' woman": 1, 
            "on in, and don't": 1, 
            "out with my boy": 1, 
            "please, oh, pretty woman": 1, 
            "pretty woman": 1, 
            "pretty woman big hairy": 1, 
            "pretty woman, girl, girl": 1, 
            "pretty woman, let the": 1, 
            "pretty woman, walking down": 1, 
            "pretty woman, you make": 1, 
            "pretty woman, you, you": 1, 
            "rice a roni oh,": 1, 
            "rice bald headed woman,": 1, 
            "right, two timin' woman,": 1, 
            "roll it with rice": 1, 
            "roni oh, bald headed": 1, 
            "saying, its' better than": 1, 
            "shave that stuff, big": 1, 
            "so sweet, pretty woman,": 1, 
            "street, pretty woman, girl,": 1, 
            "stuff, big hairy woman,": 1, 
            "sweet, pretty woman, you,": 1, 
            "takes a load off": 1, 
            "teeny weeny afro bald": 1, 
            "than rice a roni": 1, 
            "that hair ain't legit,": 1, 
            "that knee, pretty woman,": 1, 
            "that stuff, big hairy": 1, 
            "that takes a load": 1, 
            "the baby ain't mine": 1, 
            "the boys jump in": 1, 
            "the street, pretty woman,": 1, 
            "this uncle bens for": 1, 
            "timin' woman oh, pretty": 1, 
            "timin' woman, girl you": 1, 
            "timin' woman, now i": 1, 
            "timin' woman, that takes": 1, 
            "timin' woman, you's out": 1, 
            "to roll it with": 1, 
            "to shave that stuff,": 1, 
            "to that knee, pretty": 1, 
            "tough big hairy woman,": 1, 
            "two timin' woman oh,": 1, 
            "two timin' woman, girl": 1, 
            "two timin' woman, now": 1, 
            "two timin' woman, that": 1, 
            "two timin' woman, you's": 1, 
            "uncle bens for ya,": 1, 
            "walking down the street,": 1, 
            "wanna beg please, oh,": 1, 
            "weeny afro bald headed": 1, 
            "what i'm saying, its'": 1, 
            "with my boy last": 1, 
            "with rice bald headed": 1, 
            "woman": 1, 
            "woman bald headed woman,": 1, 
            "woman big hairy woman,": 2, 
            "woman oh, pretty woman": 1, 
            "woman, all that hair": 1, 
            "woman, come on in,": 1, 
            "woman, first you got": 1, 
            "woman, girl you know": 1, 
            "woman, girl your hair": 1, 
            "woman, girl, girl you": 1, 
            "woman, here let me": 1, 
            "woman, let the boys": 1, 
            "woman, now i know": 1, 
            "woman, that takes a": 1, 
            "woman, walking down the": 1, 
            "woman, you got a": 1, 
            "woman, you know i": 1, 
            "woman, you know your": 1, 
            "woman, you make me": 1, 
            "woman, you need to": 1, 
            "woman, you's out with": 1, 
            "woman, you, you bring": 1, 
            "won't grow, bald headed": 1, 
            "ya know what i'm": 1, 
            "ya, ya know what": 1, 
            "you ain't right, two": 1, 
            "you bring me down": 1, 
            "you got a teeny": 1, 
            "you got to roll": 1, 
            "you know i bet": 1, 
            "you know you ain't": 1, 
            "you know your hair": 1, 
            "you look like cousin": 1, 
            "you look so sweet,": 1, 
            "you make me wanna": 1, 
            "you need to shave": 1, 
            "you's out with my": 1, 
            "you, you bring me": 1, 
            "your bald headed friend": 1, 
            "your hair could look": 1, 
            "your hair won't grow,": 1
        }, 
        "5": {
            "": 861, 
            "'cause you look like cousin": 1, 
            "a load off my mind,": 1, 
            "a roni oh, bald headed": 1, 
            "a teeny weeny afro bald": 1, 
            "afro bald headed woman, you": 1, 
            "ain't legit, 'cause you look": 1, 
            "ain't mine oh, two timin'": 1, 
            "ain't right, two timin' woman,": 1, 
            "all that hair ain't legit,": 1, 
            "and don't forget your bald": 1, 
            "baby ain't mine oh, two": 1, 
            "bald headed friend hey pretty": 1, 
            "bald headed woman big hairy": 1, 
            "bald headed woman, first you": 1, 
            "bald headed woman, girl your": 1, 
            "bald headed woman, here let": 1, 
            "bald headed woman, you got": 1, 
            "bald headed woman, you know": 1, 
            "beg please, oh, pretty woman": 1, 
            "bens for ya, ya know": 1, 
            "bet it's tough big hairy": 1, 
            "better than rice a roni": 1, 
            "big hairy woman bald headed": 1, 
            "big hairy woman, all that": 1, 
            "big hairy woman, come on": 1, 
            "big hairy woman, you know": 1, 
            "big hairy woman, you need": 1, 
            "boy last night two timin'": 1, 
            "boys jump in two timin'": 1, 
            "bring me down to that": 1, 
            "come on in, and don't": 1, 
            "could look nice, bald headed": 1, 
            "cousin it big hairy woman": 1, 
            "don't forget your bald headed": 1, 
            "down the street, pretty woman,": 1, 
            "down to that knee, pretty": 1, 
            "first you got to roll": 1, 
            "for ya, ya know what": 1, 
            "forget your bald headed friend": 1, 
            "friend hey pretty woman, let": 1, 
            "get this uncle bens for": 1, 
            "girl you know you ain't": 1, 
            "girl you look so sweet,": 1, 
            "girl your hair won't grow,": 1, 
            "girl, girl you look so": 1, 
            "got a teeny weeny afro": 1, 
            "got to roll it with": 1, 
            "grow, bald headed woman, you": 1, 
            "hair ain't legit, 'cause you": 1, 
            "hair could look nice, bald": 1, 
            "hair won't grow, bald headed": 1, 
            "hairy woman bald headed woman,": 1, 
            "hairy woman, all that hair": 1, 
            "hairy woman, come on in,": 1, 
            "hairy woman, you know i": 1, 
            "hairy woman, you need to": 1, 
            "headed friend hey pretty woman,": 1, 
            "headed woman big hairy woman,": 1, 
            "headed woman, first you got": 1, 
            "headed woman, girl your hair": 1, 
            "headed woman, here let me": 1, 
            "headed woman, you got a": 1, 
            "headed woman, you know your": 1, 
            "here let me get this": 1, 
            "hey pretty woman, let the": 1, 
            "i bet it's tough big": 1, 
            "i know the baby ain't": 1, 
            "i'm saying, its' better than": 1, 
            "in two timin' woman, girl": 1, 
            "in, and don't forget your": 1, 
            "it big hairy woman bald": 1, 
            "it with rice bald headed": 1, 
            "it's tough big hairy woman,": 1, 
            "its' better than rice a": 1, 
            "jump in two timin' woman,": 1, 
            "knee, pretty woman, you make": 1, 
            "know i bet it's tough": 1, 
            "know the baby ain't mine": 1, 
            "know what i'm saying, its'": 1, 
            "know you ain't right, two": 1, 
            "know your hair could look": 1, 
            "last night two timin' woman,": 1, 
            "legit, 'cause you look like": 1, 
            "let me get this uncle": 1, 
            "let the boys jump in": 1, 
            "like cousin it big hairy": 1, 
            "load off my mind, two": 1, 
            "look like cousin it big": 1, 
            "look nice, bald headed woman,": 1, 
            "look so sweet, pretty woman,": 1, 
            "make me wanna beg please,": 1, 
            "me down to that knee,": 1, 
            "me get this uncle bens": 1, 
            "me wanna beg please, oh,": 1, 
            "mind, two timin' woman, now": 1, 
            "mine oh, two timin' woman": 1, 
            "my boy last night two": 1, 
            "my mind, two timin' woman,": 1, 
            "need to shave that stuff,": 1, 
            "nice, bald headed woman, first": 1, 
            "night two timin' woman, that": 1, 
            "now i know the baby": 1, 
            "off my mind, two timin'": 1, 
            "oh, bald headed woman big": 1, 
            "oh, pretty woman": 1, 
            "oh, pretty woman big hairy": 1, 
            "oh, two timin' woman oh,": 1, 
            "on in, and don't forget": 1, 
            "out with my boy last": 1, 
            "please, oh, pretty woman big": 1, 
            "pretty woman": 1, 
            "pretty woman big hairy woman,": 1, 
            "pretty woman, girl, girl you": 1, 
            "pretty woman, let the boys": 1, 
            "pretty woman, walking down the": 1, 
            "pretty woman, you make me": 1, 
            "pretty woman, you, you bring": 1, 
            "rice a roni oh, bald": 1, 
            "rice bald headed woman, here": 1, 
            "right, two timin' woman, you's": 1, 
            "roll it with rice bald": 1, 
            "roni oh, bald headed woman": 1, 
            "saying, its' better than rice": 1, 
            "shave that stuff, big hairy": 1, 
            "so sweet, pretty woman, you,": 1, 
            "street, pretty woman, girl, girl": 1, 
            "stuff, big hairy woman, you": 1, 
            "sweet, pretty woman, you, you": 1, 
            "takes a load off my": 1, 
            "teeny weeny afro bald headed": 1, 
            "than rice a roni oh,": 1, 
            "that hair ain't legit, 'cause": 1, 
            "that knee, pretty woman, you": 1, 
            "that stuff, big hairy woman,": 1, 
            "that takes a load off": 1, 
            "the baby ain't mine oh,": 1, 
            "the boys jump in two": 1, 
            "the street, pretty woman, girl,": 1, 
            "this uncle bens for ya,": 1, 
            "timin' woman oh, pretty woman": 1, 
            "timin' woman, girl you know": 1, 
            "timin' woman, now i know": 1, 
            "timin' woman, that takes a": 1, 
            "timin' woman, you's out with": 1, 
            "to roll it with rice": 1, 
            "to shave that stuff, big": 1, 
            "to that knee, pretty woman,": 1, 
            "tough big hairy woman, all": 1, 
            "two timin' woman oh, pretty": 1, 
            "two timin' woman, girl you": 1, 
            "two timin' woman, now i": 1, 
            "two timin' woman, that takes": 1, 
            "two timin' woman, you's out": 1, 
            "uncle bens for ya, ya": 1, 
            "walking down the street, pretty": 1, 
            "wanna beg please, oh, pretty": 1, 
            "weeny afro bald headed woman,": 1, 
            "what i'm saying, its' better": 1, 
            "with my boy last night": 1, 
            "with rice bald headed woman,": 1, 
            "woman": 1, 
            "woman bald headed woman, girl": 1, 
            "woman big hairy woman, come": 1, 
            "woman big hairy woman, you": 1, 
            "woman oh, pretty woman": 1, 
            "woman, all that hair ain't": 1, 
            "woman, come on in, and": 1, 
            "woman, first you got to": 1, 
            "woman, girl you know you": 1, 
            "woman, girl your hair won't": 1, 
            "woman, girl, girl you look": 1, 
            "woman, here let me get": 1, 
            "woman, let the boys jump": 1, 
            "woman, now i know the": 1, 
            "woman, that takes a load": 1, 
            "woman, walking down the street,": 1, 
            "woman, you got a teeny": 1, 
            "woman, you know i bet": 1, 
            "woman, you know your hair": 1, 
            "woman, you make me wanna": 1, 
            "woman, you need to shave": 1, 
            "woman, you's out with my": 1, 
            "woman, you, you bring me": 1, 
            "won't grow, bald headed woman,": 1, 
            "ya know what i'm saying,": 1, 
            "ya, ya know what i'm": 1, 
            "you ain't right, two timin'": 1, 
            "you bring me down to": 1, 
            "you got a teeny weeny": 1, 
            "you got to roll it": 1, 
            "you know i bet it's": 1, 
            "you know you ain't right,": 1, 
            "you know your hair could": 1, 
            "you look like cousin it": 1, 
            "you look so sweet, pretty": 1, 
            "you make me wanna beg": 1, 
            "you need to shave that": 1, 
            "you's out with my boy": 1, 
            "you, you bring me down": 1, 
            "your bald headed friend hey": 1, 
            "your hair could look nice,": 1, 
            "your hair won't grow, bald": 1
        }, 
        "6": {
            "": 860, 
            "'cause you look like cousin it": 1, 
            "a load off my mind, two": 1, 
            "a roni oh, bald headed woman": 1, 
            "a teeny weeny afro bald headed": 1, 
            "afro bald headed woman, you know": 1, 
            "ain't legit, 'cause you look like": 1, 
            "ain't mine oh, two timin' woman": 1, 
            "ain't right, two timin' woman, you's": 1, 
            "all that hair ain't legit, 'cause": 1, 
            "and don't forget your bald headed": 1, 
            "baby ain't mine oh, two timin'": 1, 
            "bald headed friend hey pretty woman,": 1, 
            "bald headed woman big hairy woman,": 1, 
            "bald headed woman, first you got": 1, 
            "bald headed woman, girl your hair": 1, 
            "bald headed woman, here let me": 1, 
            "bald headed woman, you got a": 1, 
            "bald headed woman, you know your": 1, 
            "beg please, oh, pretty woman big": 1, 
            "bens for ya, ya know what": 1, 
            "bet it's tough big hairy woman,": 1, 
            "better than rice a roni oh,": 1, 
            "big hairy woman bald headed woman,": 1, 
            "big hairy woman, all that hair": 1, 
            "big hairy woman, come on in,": 1, 
            "big hairy woman, you know i": 1, 
            "big hairy woman, you need to": 1, 
            "boy last night two timin' woman,": 1, 
            "boys jump in two timin' woman,": 1, 
            "bring me down to that knee,": 1, 
            "come on in, and don't forget": 1, 
            "could look nice, bald headed woman,": 1, 
            "cousin it big hairy woman bald": 1, 
            "don't forget your bald headed friend": 1, 
            "down the street, pretty woman, girl,": 1, 
            "down to that knee, pretty woman,": 1, 
            "first you got to roll it": 1, 
            "for ya, ya know what i'm": 1, 
            "forget your bald headed friend hey": 1, 
            "friend hey pretty woman, let the": 1, 
            "get this uncle bens for ya,": 1, 
            "girl you know you ain't right,": 1, 
            "girl you look so sweet, pretty": 1, 
            "girl your hair won't grow, bald": 1, 
            "girl, girl you look so sweet,": 1, 
            "got a teeny weeny afro bald": 1, 
            "got to roll it with rice": 1, 
            "grow, bald headed woman, you got": 1, 
            "hair ain't legit, 'cause you look": 1, 
            "hair could look nice, bald headed": 1, 
            "hair won't grow, bald headed woman,": 1, 
            "hairy woman bald headed woman, girl": 1, 
            "hairy woman, all that hair ain't": 1, 
            "hairy woman, come on in, and": 1, 
            "hairy woman, you know i bet": 1, 
            "hairy woman, you need to shave": 1, 
            "headed friend hey pretty woman, let": 1, 
            "headed woman big hairy woman, come": 1, 
            "headed woman, first you got to": 1, 
            "headed woman, girl your hair won't": 1, 
            "headed woman, here let me get": 1, 
            "headed woman, you got a teeny": 1, 
            "headed woman, you know your hair": 1, 
            "here let me get this uncle": 1, 
            "hey pretty woman, let the boys": 1, 
            "i bet it's tough big hairy": 1, 
            "i know the baby ain't mine": 1, 
            "i'm saying, its' better than rice": 1, 
            "in two timin' woman, girl you": 1, 
            "in, and don't forget your bald": 1, 
            "it big hairy woman bald headed": 1, 
            "it with rice bald headed woman,": 1, 
            "it's tough big hairy woman, all": 1, 
            "its' better than rice a roni": 1, 
            "jump in two timin' woman, girl": 1, 
            "knee, pretty woman, you make me": 1, 
            "know i bet it's tough big": 1, 
            "know the baby ain't mine oh,": 1, 
            "know what i'm saying, its' better": 1, 
            "know you ain't right, two timin'": 1, 
            "know your hair could look nice,": 1, 
            "last night two timin' woman, that": 1, 
            "legit, 'cause you look like cousin": 1, 
            "let me get this uncle bens": 1, 
            "let the boys jump in two": 1, 
            "like cousin it big hairy woman": 1, 
            "load off my mind, two timin'": 1, 
            "look like cousin it big hairy": 1, 
            "look nice, bald headed woman, first": 1, 
            "look so sweet, pretty woman, you,": 1, 
            "make me wanna beg please, oh,": 1, 
            "me down to that knee, pretty": 1, 
            "me get this uncle bens for": 1, 
            "me wanna beg please, oh, pretty": 1, 
            "mind, two timin' woman, now i": 1, 
            "mine oh, two timin' woman oh,": 1, 
            "my boy last night two timin'": 1, 
            "my mind, two timin' woman, now": 1, 
            "need to shave that stuff, big": 1, 
            "nice, bald headed woman, first you": 1, 
            "night two timin' woman, that takes": 1, 
            "now i know the baby ain't": 1, 
            "off my mind, two timin' woman,": 1, 
            "oh, bald headed woman big hairy": 1, 
            "oh, pretty woman": 1, 
            "oh, pretty woman big hairy woman,": 1, 
            "oh, two timin' woman oh, pretty": 1, 
            "on in, and don't forget your": 1, 
            "out with my boy last night": 1, 
            "please, oh, pretty woman big hairy": 1, 
            "pretty woman": 1, 
            "pretty woman big hairy woman, you": 1, 
            "pretty woman, girl, girl you look": 1, 
            "pretty woman, let the boys jump": 1, 
            "pretty woman, walking down the street,": 1, 
            "pretty woman, you make me wanna": 1, 
            "pretty woman, you, you bring me": 1, 
            "rice a roni oh, bald headed": 1, 
            "rice bald headed woman, here let": 1, 
            "right, two timin' woman, you's out": 1, 
            "roll it with rice bald headed": 1, 
            "roni oh, bald headed woman big": 1, 
            "saying, its' better than rice a": 1, 
            "shave that stuff, big hairy woman,": 1, 
            "so sweet, pretty woman, you, you": 1, 
            "street, pretty woman, girl, girl you": 1, 
            "stuff, big hairy woman, you know": 1, 
            "sweet, pretty woman, you, you bring": 1, 
            "takes a load off my mind,": 1, 
            "teeny weeny afro bald headed woman,": 1, 
            "than rice a roni oh, bald": 1, 
            "that hair ain't legit, 'cause you": 1, 
            "that knee, pretty woman, you make": 1, 
            "that stuff, big hairy woman, you": 1, 
            "that takes a load off my": 1, 
            "the baby ain't mine oh, two": 1, 
            "the boys jump in two timin'": 1, 
            "the street, pretty woman, girl, girl": 1, 
            "this uncle bens for ya, ya": 1, 
            "timin' woman oh, pretty woman": 1, 
            "timin' woman, girl you know you": 1, 
            "timin' woman, now i know the": 1, 
            "timin' woman, that takes a load": 1, 
            "timin' woman, you's out with my": 1, 
            "to roll it with rice bald": 1, 
            "to shave that stuff, big hairy": 1, 
            "to that knee, pretty woman, you": 1, 
            "tough big hairy woman, all that": 1, 
            "two timin' woman oh, pretty woman": 1, 
            "two timin' woman, girl you know": 1, 
            "two timin' woman, now i know": 1, 
            "two timin' woman, that takes a": 1, 
            "two timin' woman, you's out with": 1, 
            "uncle bens for ya, ya know": 1, 
            "walking down the street, pretty woman,": 1, 
            "wanna beg please, oh, pretty woman": 1, 
            "weeny afro bald headed woman, you": 1, 
            "what i'm saying, its' better than": 1, 
            "with my boy last night two": 1, 
            "with rice bald headed woman, here": 1, 
            "woman": 1, 
            "woman bald headed woman, girl your": 1, 
            "woman big hairy woman, come on": 1, 
            "woman big hairy woman, you need": 1, 
            "woman oh, pretty woman": 1, 
            "woman, all that hair ain't legit,": 1, 
            "woman, come on in, and don't": 1, 
            "woman, first you got to roll": 1, 
            "woman, girl you know you ain't": 1, 
            "woman, girl your hair won't grow,": 1, 
            "woman, girl, girl you look so": 1, 
            "woman, here let me get this": 1, 
            "woman, let the boys jump in": 1, 
            "woman, now i know the baby": 1, 
            "woman, that takes a load off": 1, 
            "woman, walking down the street, pretty": 1, 
            "woman, you got a teeny weeny": 1, 
            "woman, you know i bet it's": 1, 
            "woman, you know your hair could": 1, 
            "woman, you make me wanna beg": 1, 
            "woman, you need to shave that": 1, 
            "woman, you's out with my boy": 1, 
            "woman, you, you bring me down": 1, 
            "won't grow, bald headed woman, you": 1, 
            "ya know what i'm saying, its'": 1, 
            "ya, ya know what i'm saying,": 1, 
            "you ain't right, two timin' woman,": 1, 
            "you bring me down to that": 1, 
            "you got a teeny weeny afro": 1, 
            "you got to roll it with": 1, 
            "you know i bet it's tough": 1, 
            "you know you ain't right, two": 1, 
            "you know your hair could look": 1, 
            "you look like cousin it big": 1, 
            "you look so sweet, pretty woman,": 1, 
            "you make me wanna beg please,": 1, 
            "you need to shave that stuff,": 1, 
            "you's out with my boy last": 1, 
            "you, you bring me down to": 1, 
            "your bald headed friend hey pretty": 1, 
            "your hair could look nice, bald": 1, 
            "your hair won't grow, bald headed": 1
        }, 
        "7": {
            "": 859, 
            "'cause you look like cousin it big": 1, 
            "a load off my mind, two timin'": 1, 
            "a roni oh, bald headed woman big": 1, 
            "a teeny weeny afro bald headed woman,": 1, 
            "afro bald headed woman, you know your": 1, 
            "ain't legit, 'cause you look like cousin": 1, 
            "ain't mine oh, two timin' woman oh,": 1, 
            "ain't right, two timin' woman, you's out": 1, 
            "all that hair ain't legit, 'cause you": 1, 
            "and don't forget your bald headed friend": 1, 
            "baby ain't mine oh, two timin' woman": 1, 
            "bald headed friend hey pretty woman, let": 1, 
            "bald headed woman big hairy woman, come": 1, 
            "bald headed woman, first you got to": 1, 
            "bald headed woman, girl your hair won't": 1, 
            "bald headed woman, here let me get": 1, 
            "bald headed woman, you got a teeny": 1, 
            "bald headed woman, you know your hair": 1, 
            "beg please, oh, pretty woman big hairy": 1, 
            "bens for ya, ya know what i'm": 1, 
            "bet it's tough big hairy woman, all": 1, 
            "better than rice a roni oh, bald": 1, 
            "big hairy woman bald headed woman, girl": 1, 
            "big hairy woman, all that hair ain't": 1, 
            "big hairy woman, come on in, and": 1, 
            "big hairy woman, you know i bet": 1, 
            "big hairy woman, you need to shave": 1, 
            "boy last night two timin' woman, that": 1, 
            "boys jump in two timin' woman, girl": 1, 
            "bring me down to that knee, pretty": 1, 
            "come on in, and don't forget your": 1, 
            "could look nice, bald headed woman, first": 1, 
            "cousin it big hairy woman bald headed": 1, 
            "don't forget your bald headed friend hey": 1, 
            "down the street, pretty woman, girl, girl": 1, 
            "down to that knee, pretty woman, you": 1, 
            "first you got to roll it with": 1, 
            "for ya, ya know what i'm saying,": 1, 
            "forget your bald headed friend hey pretty": 1, 
            "friend hey pretty woman, let the boys": 1, 
            "get this uncle bens for ya, ya": 1, 
            "girl you know you ain't right, two": 1, 
            "girl you look so sweet, pretty woman,": 1, 
            "girl your hair won't grow, bald headed": 1, 
            "girl, girl you look so sweet, pretty": 1, 
            "got a teeny weeny afro bald headed": 1, 
            "got to roll it with rice bald": 1, 
            "grow, bald headed woman, you got a": 1, 
            "hair ain't legit, 'cause you look like": 1, 
            "hair could look nice, bald headed woman,": 1, 
            "hair won't grow, bald headed woman, you": 1, 
            "hairy woman bald headed woman, girl your": 1, 
            "hairy woman, all that hair ain't legit,": 1, 
            "hairy woman, come on in, and don't": 1, 
            "hairy woman, you know i bet it's": 1, 
            "hairy woman, you need to shave that": 1, 
            "headed friend hey pretty woman, let the": 1, 
            "headed woman big hairy woman, come on": 1, 
            "headed woman, first you got to roll": 1, 
            "headed woman, girl your hair won't grow,": 1, 
            "headed woman, here let me get this": 1, 
            "headed woman, you got a teeny weeny": 1, 
            "headed woman, you know your hair could": 1, 
            "here let me get this uncle bens": 1, 
            "hey pretty woman, let the boys jump": 1, 
            "i bet it's tough big hairy woman,": 1, 
            "i know the baby ain't mine oh,": 1, 
            "i'm saying, its' better than rice a": 1, 
            "in two timin' woman, girl you know": 1, 
            "in, and don't forget your bald headed": 1, 
            "it big hairy woman bald headed woman,": 1, 
            "it with rice bald headed woman, here": 1, 
            "it's tough big hairy woman, all that": 1, 
            "its' better than rice a roni oh,": 1, 
            "jump in two timin' woman, girl you": 1, 
            "knee, pretty woman, you make me wanna": 1, 
            "know i bet it's tough big hairy": 1, 
            "know the baby ain't mine oh, two": 1, 
            "know what i'm saying, its' better than": 1, 
            "know you ain't right, two timin' woman,": 1, 
            "know your hair could look nice, bald": 1, 
            "last night two timin' woman, that takes": 1, 
            "legit, 'cause you look like cousin it": 1, 
            "let me get this uncle bens for": 1, 
            "let the boys jump in two timin'": 1, 
            "like cousin it big hairy woman bald": 1, 
            "load off my mind, two timin' woman,": 1, 
            "look like cousin it big hairy woman": 1, 
            "look nice, bald headed woman, first you": 1, 
            "look so sweet, pretty woman, you, you": 1, 
            "make me wanna beg please, oh, pretty": 1, 
            "me down to that knee, pretty woman,": 1, 
            "me get this uncle bens for ya,": 1, 
            "me wanna beg please, oh, pretty woman": 1, 
            "mind, two timin' woman, now i know": 1, 
            "mine oh, two timin' woman oh, pretty": 1, 
            "my boy last night two timin' woman,": 1, 
            "my mind, two timin' woman, now i": 1, 
            "need to shave that stuff, big hairy": 1, 
            "nice, bald headed woman, first you got": 1, 
            "night two timin' woman, that takes a": 1, 
            "now i know the baby ain't mine": 1, 
            "off my mind, two timin' woman, now": 1, 
            "oh, bald headed woman big hairy woman,": 1, 
            "oh, pretty woman": 1, 
            "oh, pretty woman big hairy woman, you": 1, 
            "oh, two timin' woman oh, pretty woman": 1, 
            "on in, and don't forget your bald": 1, 
            "out with my boy last night two": 1, 
            "please, oh, pretty woman big hairy woman,": 1, 
            "pretty woman": 1, 
            "pretty woman big hairy woman, you need": 1, 
            "pretty woman, girl, girl you look so": 1, 
            "pretty woman, let the boys jump in": 1, 
            "pretty woman, walking down the street, pretty": 1, 
            "pretty woman, you make me wanna beg": 1, 
            "pretty woman, you, you bring me down": 1, 
            "rice a roni oh, bald headed woman": 1, 
            "rice bald headed woman, here let me": 1, 
            "right, two timin' woman, you's out with": 1, 
            "roll it with rice bald headed woman,": 1, 
            "roni oh, bald headed woman big hairy": 1, 
            "saying, its' better than rice a roni": 1, 
            "shave that stuff, big hairy woman, you": 1, 
            "so sweet, pretty woman, you, you bring": 1, 
            "street, pretty woman, girl, girl you look": 1, 
            "stuff, big hairy woman, you know i": 1, 
            "sweet, pretty woman, you, you bring me": 1, 
            "takes a load off my mind, two": 1, 
            "teeny weeny afro bald headed woman, you": 1, 
            "than rice a roni oh, bald headed": 1, 
            "that hair ain't legit, 'cause you look": 1, 
            "that knee, pretty woman, you make me": 1, 
            "that stuff, big hairy woman, you know": 1, 
            "that takes a load off my mind,": 1, 
            "the baby ain't mine oh, two timin'": 1, 
            "the boys jump in two timin' woman,": 1, 
            "the street, pretty woman, girl, girl you": 1, 
            "this uncle bens for ya, ya know": 1, 
            "timin' woman oh, pretty woman": 1, 
            "timin' woman, girl you know you ain't": 1, 
            "timin' woman, now i know the baby": 1, 
            "timin' woman, that takes a load off": 1, 
            "timin' woman, you's out with my boy": 1, 
            "to roll it with rice bald headed": 1, 
            "to shave that stuff, big hairy woman,": 1, 
            "to that knee, pretty woman, you make": 1, 
            "tough big hairy woman, all that hair": 1, 
            "two timin' woman oh, pretty woman": 1, 
            "two timin' woman, girl you know you": 1, 
            "two timin' woman, now i know the": 1, 
            "two timin' woman, that takes a load": 1, 
            "two timin' woman, you's out with my": 1, 
            "uncle bens for ya, ya know what": 1, 
            "walking down the street, pretty woman, girl,": 1, 
            "wanna beg please, oh, pretty woman big": 1, 
            "weeny afro bald headed woman, you know": 1, 
            "what i'm saying, its' better than rice": 1, 
            "with my boy last night two timin'": 1, 
            "with rice bald headed woman, here let": 1, 
            "woman": 1, 
            "woman bald headed woman, girl your hair": 1, 
            "woman big hairy woman, come on in,": 1, 
            "woman big hairy woman, you need to": 1, 
            "woman oh, pretty woman": 1, 
            "woman, all that hair ain't legit, 'cause": 1, 
            "woman, come on in, and don't forget": 1, 
            "woman, first you got to roll it": 1, 
            "woman, girl you know you ain't right,": 1, 
            "woman, girl your hair won't grow, bald": 1, 
            "woman, girl, girl you look so sweet,": 1, 
            "woman, here let me get this uncle": 1, 
            "woman, let the boys jump in two": 1, 
            "woman, now i know the baby ain't": 1, 
            "woman, that takes a load off my": 1, 
            "woman, walking down the street, pretty woman,": 1, 
            "woman, you got a teeny weeny afro": 1, 
            "woman, you know i bet it's tough": 1, 
            "woman, you know your hair could look": 1, 
            "woman, you make me wanna beg please,": 1, 
            "woman, you need to shave that stuff,": 1, 
            "woman, you's out with my boy last": 1, 
            "woman, you, you bring me down to": 1, 
            "won't grow, bald headed woman, you got": 1, 
            "ya know what i'm saying, its' better": 1, 
            "ya, ya know what i'm saying, its'": 1, 
            "you ain't right, two timin' woman, you's": 1, 
            "you bring me down to that knee,": 1, 
            "you got a teeny weeny afro bald": 1, 
            "you got to roll it with rice": 1, 
            "you know i bet it's tough big": 1, 
            "you know you ain't right, two timin'": 1, 
            "you know your hair could look nice,": 1, 
            "you look like cousin it big hairy": 1, 
            "you look so sweet, pretty woman, you,": 1, 
            "you make me wanna beg please, oh,": 1, 
            "you need to shave that stuff, big": 1, 
            "you's out with my boy last night": 1, 
            "you, you bring me down to that": 1, 
            "your bald headed friend hey pretty woman,": 1, 
            "your hair could look nice, bald headed": 1, 
            "your hair won't grow, bald headed woman,": 1
        }, 
        "8": {
            "": 858, 
            "'cause you look like cousin it big hairy": 1, 
            "a load off my mind, two timin' woman,": 1, 
            "a roni oh, bald headed woman big hairy": 1, 
            "a teeny weeny afro bald headed woman, you": 1, 
            "afro bald headed woman, you know your hair": 1, 
            "ain't legit, 'cause you look like cousin it": 1, 
            "ain't mine oh, two timin' woman oh, pretty": 1, 
            "ain't right, two timin' woman, you's out with": 1, 
            "all that hair ain't legit, 'cause you look": 1, 
            "and don't forget your bald headed friend hey": 1, 
            "baby ain't mine oh, two timin' woman oh,": 1, 
            "bald headed friend hey pretty woman, let the": 1, 
            "bald headed woman big hairy woman, come on": 1, 
            "bald headed woman, first you got to roll": 1, 
            "bald headed woman, girl your hair won't grow,": 1, 
            "bald headed woman, here let me get this": 1, 
            "bald headed woman, you got a teeny weeny": 1, 
            "bald headed woman, you know your hair could": 1, 
            "beg please, oh, pretty woman big hairy woman,": 1, 
            "bens for ya, ya know what i'm saying,": 1, 
            "bet it's tough big hairy woman, all that": 1, 
            "better than rice a roni oh, bald headed": 1, 
            "big hairy woman bald headed woman, girl your": 1, 
            "big hairy woman, all that hair ain't legit,": 1, 
            "big hairy woman, come on in, and don't": 1, 
            "big hairy woman, you know i bet it's": 1, 
            "big hairy woman, you need to shave that": 1, 
            "boy last night two timin' woman, that takes": 1, 
            "boys jump in two timin' woman, girl you": 1, 
            "bring me down to that knee, pretty woman,": 1, 
            "come on in, and don't forget your bald": 1, 
            "could look nice, bald headed woman, first you": 1, 
            "cousin it big hairy woman bald headed woman,": 1, 
            "don't forget your bald headed friend hey pretty": 1, 
            "down the street, pretty woman, girl, girl you": 1, 
            "down to that knee, pretty woman, you make": 1, 
            "first you got to roll it with rice": 1, 
            "for ya, ya know what i'm saying, its'": 1, 
            "forget your bald headed friend hey pretty woman,": 1, 
            "friend hey pretty woman, let the boys jump": 1, 
            "get this uncle bens for ya, ya know": 1, 
            "girl you know you ain't right, two timin'": 1, 
            "girl you look so sweet, pretty woman, you,": 1, 
            "girl your hair won't grow, bald headed woman,": 1, 
            "girl, girl you look so sweet, pretty woman,": 1, 
            "got a teeny weeny afro bald headed woman,": 1, 
            "got to roll it with rice bald headed": 1, 
            "grow, bald headed woman, you got a teeny": 1, 
            "hair ain't legit, 'cause you look like cousin": 1, 
            "hair could look nice, bald headed woman, first": 1, 
            "hair won't grow, bald headed woman, you got": 1, 
            "hairy woman bald headed woman, girl your hair": 1, 
            "hairy woman, all that hair ain't legit, 'cause": 1, 
            "hairy woman, come on in, and don't forget": 1, 
            "hairy woman, you know i bet it's tough": 1, 
            "hairy woman, you need to shave that stuff,": 1, 
            "headed friend hey pretty woman, let the boys": 1, 
            "headed woman big hairy woman, come on in,": 1, 
            "headed woman, first you got to roll it": 1, 
            "headed woman, girl your hair won't grow, bald": 1, 
            "headed woman, here let me get this uncle": 1, 
            "headed woman, you got a teeny weeny afro": 1, 
            "headed woman, you know your hair could look": 1, 
            "here let me get this uncle bens for": 1, 
            "hey pretty woman, let the boys jump in": 1, 
            "i bet it's tough big hairy woman, all": 1, 
            "i know the baby ain't mine oh, two": 1, 
            "i'm saying, its' better than rice a roni": 1, 
            "in two timin' woman, girl you know you": 1, 
            "in, and don't forget your bald headed friend": 1, 
            "it big hairy woman bald headed woman, girl": 1, 
            "it with rice bald headed woman, here let": 1, 
            "it's tough big hairy woman, all that hair": 1, 
            "its' better than rice a roni oh, bald": 1, 
            "jump in two timin' woman, girl you know": 1, 
            "knee, pretty woman, you make me wanna beg": 1, 
            "know i bet it's tough big hairy woman,": 1, 
            "know the baby ain't mine oh, two timin'": 1, 
            "know what i'm saying, its' better than rice": 1, 
            "know you ain't right, two timin' woman, you's": 1, 
            "know your hair could look nice, bald headed": 1, 
            "last night two timin' woman, that takes a": 1, 
            "legit, 'cause you look like cousin it big": 1, 
            "let me get this uncle bens for ya,": 1, 
            "let the boys jump in two timin' woman,": 1, 
            "like cousin it big hairy woman bald headed": 1, 
            "load off my mind, two timin' woman, now": 1, 
            "look like cousin it big hairy woman bald": 1, 
            "look nice, bald headed woman, first you got": 1, 
            "look so sweet, pretty woman, you, you bring": 1, 
            "make me wanna beg please, oh, pretty woman": 1, 
            "me down to that knee, pretty woman, you": 1, 
            "me get this uncle bens for ya, ya": 1, 
            "me wanna beg please, oh, pretty woman big": 1, 
            "mind, two timin' woman, now i know the": 1, 
            "mine oh, two timin' woman oh, pretty woman": 1, 
            "my boy last night two timin' woman, that": 1, 
            "my mind, two timin' woman, now i know": 1, 
            "need to shave that stuff, big hairy woman,": 1, 
            "nice, bald headed woman, first you got to": 1, 
            "night two timin' woman, that takes a load": 1, 
            "now i know the baby ain't mine oh,": 1, 
            "off my mind, two timin' woman, now i": 1, 
            "oh, bald headed woman big hairy woman, come": 1, 
            "oh, pretty woman": 1, 
            "oh, pretty woman big hairy woman, you need": 1, 
            "oh, two timin' woman oh, pretty woman": 1, 
            "on in, and don't forget your bald headed": 1, 
            "out with my boy last night two timin'": 1, 
            "please, oh, pretty woman big hairy woman, you": 1, 
            "pretty woman": 1, 
            "pretty woman big hairy woman, you need to": 1, 
            "pretty woman, girl, girl you look so sweet,": 1, 
            "pretty woman, let the boys jump in two": 1, 
            "pretty woman, walking down the street, pretty woman,": 1, 
            "pretty woman, you make me wanna beg please,": 1, 
            "pretty woman, you, you bring me down to": 1, 
            "rice a roni oh, bald headed woman big": 1, 
            "rice bald headed woman, here let me get": 1, 
            "right, two timin' woman, you's out with my": 1, 
            "roll it with rice bald headed woman, here": 1, 
            "roni oh, bald headed woman big hairy woman,": 1, 
            "saying, its' better than rice a roni oh,": 1, 
            "shave that stuff, big hairy woman, you know": 1, 
            "so sweet, pretty woman, you, you bring me": 1, 
            "street, pretty woman, girl, girl you look so": 1, 
            "stuff, big hairy woman, you know i bet": 1, 
            "sweet, pretty woman, you, you bring me down": 1, 
            "takes a load off my mind, two timin'": 1, 
            "teeny weeny afro bald headed woman, you know": 1, 
            "than rice a roni oh, bald headed woman": 1, 
            "that hair ain't legit, 'cause you look like": 1, 
            "that knee, pretty woman, you make me wanna": 1, 
            "that stuff, big hairy woman, you know i": 1, 
            "that takes a load off my mind, two": 1, 
            "the baby ain't mine oh, two timin' woman": 1, 
            "the boys jump in two timin' woman, girl": 1, 
            "the street, pretty woman, girl, girl you look": 1, 
            "this uncle bens for ya, ya know what": 1, 
            "timin' woman oh, pretty woman": 1, 
            "timin' woman, girl you know you ain't right,": 1, 
            "timin' woman, now i know the baby ain't": 1, 
            "timin' woman, that takes a load off my": 1, 
            "timin' woman, you's out with my boy last": 1, 
            "to roll it with rice bald headed woman,": 1, 
            "to shave that stuff, big hairy woman, you": 1, 
            "to that knee, pretty woman, you make me": 1, 
            "tough big hairy woman, all that hair ain't": 1, 
            "two timin' woman oh, pretty woman": 1, 
            "two timin' woman, girl you know you ain't": 1, 
            "two timin' woman, now i know the baby": 1, 
            "two timin' woman, that takes a load off": 1, 
            "two timin' woman, you's out with my boy": 1, 
            "uncle bens for ya, ya know what i'm": 1, 
            "walking down the street, pretty woman, girl, girl": 1, 
            "wanna beg please, oh, pretty woman big hairy": 1, 
            "weeny afro bald headed woman, you know your": 1, 
            "what i'm saying, its' better than rice a": 1, 
            "with my boy last night two timin' woman,": 1, 
            "with rice bald headed woman, here let me": 1, 
            "woman": 1, 
            "woman bald headed woman, girl your hair won't": 1, 
            "woman big hairy woman, come on in, and": 1, 
            "woman big hairy woman, you need to shave": 1, 
            "woman oh, pretty woman": 1, 
            "woman, all that hair ain't legit, 'cause you": 1, 
            "woman, come on in, and don't forget your": 1, 
            "woman, first you got to roll it with": 1, 
            "woman, girl you know you ain't right, two": 1, 
            "woman, girl your hair won't grow, bald headed": 1, 
            "woman, girl, girl you look so sweet, pretty": 1, 
            "woman, here let me get this uncle bens": 1, 
            "woman, let the boys jump in two timin'": 1, 
            "woman, now i know the baby ain't mine": 1, 
            "woman, that takes a load off my mind,": 1, 
            "woman, walking down the street, pretty woman, girl,": 1, 
            "woman, you got a teeny weeny afro bald": 1, 
            "woman, you know i bet it's tough big": 1, 
            "woman, you know your hair could look nice,": 1, 
            "woman, you make me wanna beg please, oh,": 1, 
            "woman, you need to shave that stuff, big": 1, 
            "woman, you's out with my boy last night": 1, 
            "woman, you, you bring me down to that": 1, 
            "won't grow, bald headed woman, you got a": 1, 
            "ya know what i'm saying, its' better than": 1, 
            "ya, ya know what i'm saying, its' better": 1, 
            "you ain't right, two timin' woman, you's out": 1, 
            "you bring me down to that knee, pretty": 1, 
            "you got a teeny weeny afro bald headed": 1, 
            "you got to roll it with rice bald": 1, 
            "you know i bet it's tough big hairy": 1, 
            "you know you ain't right, two timin' woman,": 1, 
            "you know your hair could look nice, bald": 1, 
            "you look like cousin it big hairy woman": 1, 
            "you look so sweet, pretty woman, you, you": 1, 
            "you make me wanna beg please, oh, pretty": 1, 
            "you need to shave that stuff, big hairy": 1, 
            "you's out with my boy last night two": 1, 
            "you, you bring me down to that knee,": 1, 
            "your bald headed friend hey pretty woman, let": 1, 
            "your hair could look nice, bald headed woman,": 1, 
            "your hair won't grow, bald headed woman, you": 1
        }
    }, 
    "song_title": "Pretty Woman", 
    "total_words": [
        202, 
        {
            "'cause": 1, 
            "a": 3, 
            "afro": 1, 
            "ain't": 3, 
            "all": 1, 
            "and": 1, 
            "baby": 1, 
            "bald": 7, 
            "beg": 1, 
            "bens": 1, 
            "bet": 1, 
            "better": 1, 
            "big": 5, 
            "boy": 1, 
            "boys": 1, 
            "bring": 1, 
            "come": 1, 
            "could": 1, 
            "cousin": 1, 
            "don't": 1, 
            "down": 2, 
            "first": 1, 
            "for": 1, 
            "forget": 1, 
            "friend": 1, 
            "get": 1, 
            "girl": 3, 
            "girl,": 1, 
            "got": 2, 
            "grow,": 1, 
            "hair": 3, 
            "hairy": 5, 
            "headed": 7, 
            "here": 1, 
            "hey": 1, 
            "i": 2, 
            "i'm": 1, 
            "in": 1, 
            "in,": 1, 
            "it": 2, 
            "it's": 1, 
            "its'": 1, 
            "jump": 1, 
            "knee,": 1, 
            "know": 5, 
            "last": 1, 
            "legit,": 1, 
            "let": 2, 
            "like": 1, 
            "load": 1, 
            "look": 3, 
            "make": 1, 
            "me": 3, 
            "mind,": 1, 
            "mine": 1, 
            "my": 2, 
            "need": 1, 
            "nice,": 1, 
            "night": 1, 
            "now": 1, 
            "off": 1, 
            "oh,": 4, 
            "on": 1, 
            "out": 1, 
            "please,": 1, 
            "pretty": 7, 
            "rice": 2, 
            "right,": 1, 
            "roll": 1, 
            "roni": 1, 
            "saying,": 1, 
            "shave": 1, 
            "so": 1, 
            "street,": 1, 
            "stuff,": 1, 
            "sweet,": 1, 
            "takes": 1, 
            "teeny": 1, 
            "than": 1, 
            "that": 4, 
            "the": 3, 
            "this": 1, 
            "timin'": 5, 
            "to": 3, 
            "tough": 1, 
            "two": 5, 
            "uncle": 1, 
            "walking": 1, 
            "wanna": 1, 
            "weeny": 1, 
            "what": 1, 
            "with": 2, 
            "woman": 5, 
            "woman,": 18, 
            "won't": 1, 
            "ya": 1, 
            "ya,": 1, 
            "you": 11, 
            "you's": 1, 
            "you,": 1, 
            "your": 3
        }
    ], 
    "unique_words": [
        101, 
        [
            "load", 
            "shave", 
            "walking", 
            "tough", 
            "forget", 
            "headed", 
            "all", 
            "sweet,", 
            "two", 
            "down", 
            "bring", 
            "won't", 
            "timin'", 
            "afro", 
            "your", 
            "roni", 
            "takes", 
            "it's", 
            "don't", 
            "hey", 
            "better", 
            "to", 
            "pretty", 
            "right,", 
            "rice", 
            "friend", 
            "you,", 
            "get", 
            "ya", 
            "big", 
            "it", 
            "boys", 
            "uncle", 
            "please,", 
            "baby", 
            "off", 
            "now", 
            "with", 
            "than", 
            "like", 
            "me", 
            "hair", 
            "street,", 
            "look", 
            "this", 
            "beg", 
            "ya,", 
            "girl,", 
            "night", 
            "woman,", 
            "legit,", 
            "my", 
            "bet", 
            "and", 
            "oh,", 
            "bens", 
            "mine", 
            "jump", 
            "you's", 
            "woman", 
            "in", 
            "need", 
            "girl", 
            "out", 
            "what", 
            "for", 
            "make", 
            "that", 
            "teeny", 
            "mind,", 
            "got", 
            "you", 
            "roll", 
            "hairy", 
            "stuff,", 
            "bald", 
            "here", 
            "in,", 
            "let", 
            "'cause", 
            "its'", 
            "nice,", 
            "cousin", 
            "on", 
            "come", 
            "the", 
            "a", 
            "boy", 
            "grow,", 
            "last", 
            "i", 
            "could", 
            "know", 
            "so", 
            "knee,", 
            "ain't", 
            "i'm", 
            "weeny", 
            "wanna", 
            "saying,", 
            "first"
        ]
    ], 
    "year": 1989
}