{
    "album": "As Nasty as They Wanna Be", 
    "artist": "2 Live Crew", 
    "lyrics": "I bring home the bacon\nBitch I put it in your hand\nBut behind my back bitch\nYou been seen with another man\nOh I just had to shed a tear\nBitch you got to leave here\nIs it me or him baby?\nSo long my motherfuckin' dear\n\n\nCome lay you black ass down\nRight beside me\nHold onto my dick\nWhile I grab a little bit of that pussy\nSuck it right\nBitch suck it all night\nAnd if you ask me to eat some pussy\nI choke your black ass all night\n\n\nSince my baby left me\nI been doin' well on my own\nFucked the neighbour's wife\nAnd broke up a happy home\nNow the bitch wanna live with me\nThis long dick Chinese\nBitch if you can't fry rice\nWell get your bald-head ass out tonight\n\n\nI met this raggedy bitch\nDown on southwest eighth street\nI fuck that bitch from the top of her head\nTo the bunyons on her motherfuckin' feet\nI said Bitch as long as your pussy is\nIt's a goddamn sin\nI gotta hold an ironing board across your chest\nTo keep from fallin' in\n", 
    "ngrams": {
        "2": {
            "": 732, 
            "a goddamn": 1, 
            "a happy": 1, 
            "a little": 1, 
            "a tear": 1, 
            "across your": 1, 
            "all night": 2, 
            "an ironing": 1, 
            "and broke": 1, 
            "and if": 1, 
            "another man": 1, 
            "as long": 1, 
            "as your": 1, 
            "ask me": 1, 
            "ass all": 1, 
            "ass down": 1, 
            "ass out": 1, 
            "baby left": 1, 
            "baby so": 1, 
            "back bitch": 1, 
            "bacon bitch": 1, 
            "bald-head ass": 1, 
            "been doin'": 1, 
            "been seen": 1, 
            "behind my": 1, 
            "beside me": 1, 
            "bit of": 1, 
            "bitch as": 1, 
            "bitch down": 1, 
            "bitch from": 1, 
            "bitch i": 1, 
            "bitch if": 1, 
            "bitch suck": 1, 
            "bitch wanna": 1, 
            "bitch you": 2, 
            "black ass": 2, 
            "board across": 1, 
            "bring home": 1, 
            "broke up": 1, 
            "bunyons on": 1, 
            "but behind": 1, 
            "can't fry": 1, 
            "chest to": 1, 
            "chinese bitch": 1, 
            "choke your": 1, 
            "come lay": 1, 
            "dear come": 1, 
            "dick chinese": 1, 
            "dick while": 1, 
            "doin' well": 1, 
            "down on": 1, 
            "down right": 1, 
            "eat some": 1, 
            "eighth street": 1, 
            "fallin' in": 1, 
            "feet i": 1, 
            "from fallin'": 1, 
            "from the": 1, 
            "fry rice": 1, 
            "fuck that": 1, 
            "fucked the": 1, 
            "get your": 1, 
            "goddamn sin": 1, 
            "got to": 1, 
            "gotta hold": 1, 
            "grab a": 1, 
            "had to": 1, 
            "hand but": 1, 
            "happy home": 1, 
            "head to": 1, 
            "her head": 1, 
            "her motherfuckin'": 1, 
            "here is": 1, 
            "him baby": 1, 
            "hold an": 1, 
            "hold onto": 1, 
            "home now": 1, 
            "home the": 1, 
            "i been": 1, 
            "i bring": 1, 
            "i choke": 1, 
            "i fuck": 1, 
            "i gotta": 1, 
            "i grab": 1, 
            "i just": 1, 
            "i met": 1, 
            "i put": 1, 
            "i said": 1, 
            "if you": 2, 
            "in": 1, 
            "in your": 1, 
            "ironing board": 1, 
            "is it": 1, 
            "is it's": 1, 
            "it all": 1, 
            "it in": 1, 
            "it me": 1, 
            "it right": 1, 
            "it's a": 1, 
            "just had": 1, 
            "keep from": 1, 
            "lay you": 1, 
            "leave here": 1, 
            "left me": 1, 
            "little bit": 1, 
            "live with": 1, 
            "long as": 1, 
            "long dick": 1, 
            "long my": 1, 
            "man oh": 1, 
            "me hold": 1, 
            "me i": 1, 
            "me or": 1, 
            "me this": 1, 
            "me to": 1, 
            "met this": 1, 
            "motherfuckin' dear": 1, 
            "motherfuckin' feet": 1, 
            "my baby": 1, 
            "my back": 1, 
            "my dick": 1, 
            "my motherfuckin'": 1, 
            "my own": 1, 
            "neighbour's wife": 1, 
            "night and": 1, 
            "night since": 1, 
            "now the": 1, 
            "of her": 1, 
            "of that": 1, 
            "oh i": 1, 
            "on her": 1, 
            "on my": 1, 
            "on southwest": 1, 
            "onto my": 1, 
            "or him": 1, 
            "out tonight": 1, 
            "own fucked": 1, 
            "pussy i": 1, 
            "pussy is": 1, 
            "pussy suck": 1, 
            "put it": 1, 
            "raggedy bitch": 1, 
            "rice well": 1, 
            "right beside": 1, 
            "right bitch": 1, 
            "said bitch": 1, 
            "seen with": 1, 
            "shed a": 1, 
            "sin i": 1, 
            "since my": 1, 
            "so long": 1, 
            "some pussy": 1, 
            "southwest eighth": 1, 
            "street i": 1, 
            "suck it": 2, 
            "tear bitch": 1, 
            "that bitch": 1, 
            "that pussy": 1, 
            "the bacon": 1, 
            "the bitch": 1, 
            "the bunyons": 1, 
            "the neighbour's": 1, 
            "the top": 1, 
            "this long": 1, 
            "this raggedy": 1, 
            "to eat": 1, 
            "to keep": 1, 
            "to leave": 1, 
            "to shed": 1, 
            "to the": 1, 
            "tonight i": 1, 
            "top of": 1, 
            "up a": 1, 
            "wanna live": 1, 
            "well get": 1, 
            "well on": 1, 
            "while i": 1, 
            "wife and": 1, 
            "with another": 1, 
            "with me": 1, 
            "you ask": 1, 
            "you been": 1, 
            "you black": 1, 
            "you can't": 1, 
            "you got": 1, 
            "your bald-head": 1, 
            "your black": 1, 
            "your chest": 1, 
            "your hand": 1, 
            "your pussy": 1
        }, 
        "3": {
            "": 731, 
            "a goddamn sin": 1, 
            "a happy home": 1, 
            "a little bit": 1, 
            "a tear bitch": 1, 
            "across your chest": 1, 
            "all night and": 1, 
            "all night since": 1, 
            "an ironing board": 1, 
            "and broke up": 1, 
            "and if you": 1, 
            "another man oh": 1, 
            "as long as": 1, 
            "as your pussy": 1, 
            "ask me to": 1, 
            "ass all night": 1, 
            "ass down right": 1, 
            "ass out tonight": 1, 
            "baby left me": 1, 
            "baby so long": 1, 
            "back bitch you": 1, 
            "bacon bitch i": 1, 
            "bald-head ass out": 1, 
            "been doin' well": 1, 
            "been seen with": 1, 
            "behind my back": 1, 
            "beside me hold": 1, 
            "bit of that": 1, 
            "bitch as long": 1, 
            "bitch down on": 1, 
            "bitch from the": 1, 
            "bitch i put": 1, 
            "bitch if you": 1, 
            "bitch suck it": 1, 
            "bitch wanna live": 1, 
            "bitch you been": 1, 
            "bitch you got": 1, 
            "black ass all": 1, 
            "black ass down": 1, 
            "board across your": 1, 
            "bring home the": 1, 
            "broke up a": 1, 
            "bunyons on her": 1, 
            "but behind my": 1, 
            "can't fry rice": 1, 
            "chest to keep": 1, 
            "chinese bitch if": 1, 
            "choke your black": 1, 
            "come lay you": 1, 
            "dear come lay": 1, 
            "dick chinese bitch": 1, 
            "dick while i": 1, 
            "doin' well on": 1, 
            "down on southwest": 1, 
            "down right beside": 1, 
            "eat some pussy": 1, 
            "eighth street i": 1, 
            "fallin' in": 1, 
            "feet i said": 1, 
            "from fallin' in": 1, 
            "from the top": 1, 
            "fry rice well": 1, 
            "fuck that bitch": 1, 
            "fucked the neighbour's": 1, 
            "get your bald-head": 1, 
            "goddamn sin i": 1, 
            "got to leave": 1, 
            "gotta hold an": 1, 
            "grab a little": 1, 
            "had to shed": 1, 
            "hand but behind": 1, 
            "happy home now": 1, 
            "head to the": 1, 
            "her head to": 1, 
            "her motherfuckin' feet": 1, 
            "here is it": 1, 
            "him baby so": 1, 
            "hold an ironing": 1, 
            "hold onto my": 1, 
            "home now the": 1, 
            "home the bacon": 1, 
            "i been doin'": 1, 
            "i bring home": 1, 
            "i choke your": 1, 
            "i fuck that": 1, 
            "i gotta hold": 1, 
            "i grab a": 1, 
            "i just had": 1, 
            "i met this": 1, 
            "i put it": 1, 
            "i said bitch": 1, 
            "if you ask": 1, 
            "if you can't": 1, 
            "in": 1, 
            "in your hand": 1, 
            "ironing board across": 1, 
            "is it me": 1, 
            "is it's a": 1, 
            "it all night": 1, 
            "it in your": 1, 
            "it me or": 1, 
            "it right bitch": 1, 
            "it's a goddamn": 1, 
            "just had to": 1, 
            "keep from fallin'": 1, 
            "lay you black": 1, 
            "leave here is": 1, 
            "left me i": 1, 
            "little bit of": 1, 
            "live with me": 1, 
            "long as your": 1, 
            "long dick chinese": 1, 
            "long my motherfuckin'": 1, 
            "man oh i": 1, 
            "me hold onto": 1, 
            "me i been": 1, 
            "me or him": 1, 
            "me this long": 1, 
            "me to eat": 1, 
            "met this raggedy": 1, 
            "motherfuckin' dear come": 1, 
            "motherfuckin' feet i": 1, 
            "my baby left": 1, 
            "my back bitch": 1, 
            "my dick while": 1, 
            "my motherfuckin' dear": 1, 
            "my own fucked": 1, 
            "neighbour's wife and": 1, 
            "night and if": 1, 
            "night since my": 1, 
            "now the bitch": 1, 
            "of her head": 1, 
            "of that pussy": 1, 
            "oh i just": 1, 
            "on her motherfuckin'": 1, 
            "on my own": 1, 
            "on southwest eighth": 1, 
            "onto my dick": 1, 
            "or him baby": 1, 
            "out tonight i": 1, 
            "own fucked the": 1, 
            "pussy i choke": 1, 
            "pussy is it's": 1, 
            "pussy suck it": 1, 
            "put it in": 1, 
            "raggedy bitch down": 1, 
            "rice well get": 1, 
            "right beside me": 1, 
            "right bitch suck": 1, 
            "said bitch as": 1, 
            "seen with another": 1, 
            "shed a tear": 1, 
            "sin i gotta": 1, 
            "since my baby": 1, 
            "so long my": 1, 
            "some pussy i": 1, 
            "southwest eighth street": 1, 
            "street i fuck": 1, 
            "suck it all": 1, 
            "suck it right": 1, 
            "tear bitch you": 1, 
            "that bitch from": 1, 
            "that pussy suck": 1, 
            "the bacon bitch": 1, 
            "the bitch wanna": 1, 
            "the bunyons on": 1, 
            "the neighbour's wife": 1, 
            "the top of": 1, 
            "this long dick": 1, 
            "this raggedy bitch": 1, 
            "to eat some": 1, 
            "to keep from": 1, 
            "to leave here": 1, 
            "to shed a": 1, 
            "to the bunyons": 1, 
            "tonight i met": 1, 
            "top of her": 1, 
            "up a happy": 1, 
            "wanna live with": 1, 
            "well get your": 1, 
            "well on my": 1, 
            "while i grab": 1, 
            "wife and broke": 1, 
            "with another man": 1, 
            "with me this": 1, 
            "you ask me": 1, 
            "you been seen": 1, 
            "you black ass": 1, 
            "you can't fry": 1, 
            "you got to": 1, 
            "your bald-head ass": 1, 
            "your black ass": 1, 
            "your chest to": 1, 
            "your hand but": 1, 
            "your pussy is": 1
        }, 
        "4": {
            "": 730, 
            "a goddamn sin i": 1, 
            "a happy home now": 1, 
            "a little bit of": 1, 
            "a tear bitch you": 1, 
            "across your chest to": 1, 
            "all night and if": 1, 
            "all night since my": 1, 
            "an ironing board across": 1, 
            "and broke up a": 1, 
            "and if you ask": 1, 
            "another man oh i": 1, 
            "as long as your": 1, 
            "as your pussy is": 1, 
            "ask me to eat": 1, 
            "ass all night since": 1, 
            "ass down right beside": 1, 
            "ass out tonight i": 1, 
            "baby left me i": 1, 
            "baby so long my": 1, 
            "back bitch you been": 1, 
            "bacon bitch i put": 1, 
            "bald-head ass out tonight": 1, 
            "been doin' well on": 1, 
            "been seen with another": 1, 
            "behind my back bitch": 1, 
            "beside me hold onto": 1, 
            "bit of that pussy": 1, 
            "bitch as long as": 1, 
            "bitch down on southwest": 1, 
            "bitch from the top": 1, 
            "bitch i put it": 1, 
            "bitch if you can't": 1, 
            "bitch suck it all": 1, 
            "bitch wanna live with": 1, 
            "bitch you been seen": 1, 
            "bitch you got to": 1, 
            "black ass all night": 1, 
            "black ass down right": 1, 
            "board across your chest": 1, 
            "bring home the bacon": 1, 
            "broke up a happy": 1, 
            "bunyons on her motherfuckin'": 1, 
            "but behind my back": 1, 
            "can't fry rice well": 1, 
            "chest to keep from": 1, 
            "chinese bitch if you": 1, 
            "choke your black ass": 1, 
            "come lay you black": 1, 
            "dear come lay you": 1, 
            "dick chinese bitch if": 1, 
            "dick while i grab": 1, 
            "doin' well on my": 1, 
            "down on southwest eighth": 1, 
            "down right beside me": 1, 
            "eat some pussy i": 1, 
            "eighth street i fuck": 1, 
            "fallin' in": 1, 
            "feet i said bitch": 1, 
            "from fallin' in": 1, 
            "from the top of": 1, 
            "fry rice well get": 1, 
            "fuck that bitch from": 1, 
            "fucked the neighbour's wife": 1, 
            "get your bald-head ass": 1, 
            "goddamn sin i gotta": 1, 
            "got to leave here": 1, 
            "gotta hold an ironing": 1, 
            "grab a little bit": 1, 
            "had to shed a": 1, 
            "hand but behind my": 1, 
            "happy home now the": 1, 
            "head to the bunyons": 1, 
            "her head to the": 1, 
            "her motherfuckin' feet i": 1, 
            "here is it me": 1, 
            "him baby so long": 1, 
            "hold an ironing board": 1, 
            "hold onto my dick": 1, 
            "home now the bitch": 1, 
            "home the bacon bitch": 1, 
            "i been doin' well": 1, 
            "i bring home the": 1, 
            "i choke your black": 1, 
            "i fuck that bitch": 1, 
            "i gotta hold an": 1, 
            "i grab a little": 1, 
            "i just had to": 1, 
            "i met this raggedy": 1, 
            "i put it in": 1, 
            "i said bitch as": 1, 
            "if you ask me": 1, 
            "if you can't fry": 1, 
            "in": 1, 
            "in your hand but": 1, 
            "ironing board across your": 1, 
            "is it me or": 1, 
            "is it's a goddamn": 1, 
            "it all night and": 1, 
            "it in your hand": 1, 
            "it me or him": 1, 
            "it right bitch suck": 1, 
            "it's a goddamn sin": 1, 
            "just had to shed": 1, 
            "keep from fallin' in": 1, 
            "lay you black ass": 1, 
            "leave here is it": 1, 
            "left me i been": 1, 
            "little bit of that": 1, 
            "live with me this": 1, 
            "long as your pussy": 1, 
            "long dick chinese bitch": 1, 
            "long my motherfuckin' dear": 1, 
            "man oh i just": 1, 
            "me hold onto my": 1, 
            "me i been doin'": 1, 
            "me or him baby": 1, 
            "me this long dick": 1, 
            "me to eat some": 1, 
            "met this raggedy bitch": 1, 
            "motherfuckin' dear come lay": 1, 
            "motherfuckin' feet i said": 1, 
            "my baby left me": 1, 
            "my back bitch you": 1, 
            "my dick while i": 1, 
            "my motherfuckin' dear come": 1, 
            "my own fucked the": 1, 
            "neighbour's wife and broke": 1, 
            "night and if you": 1, 
            "night since my baby": 1, 
            "now the bitch wanna": 1, 
            "of her head to": 1, 
            "of that pussy suck": 1, 
            "oh i just had": 1, 
            "on her motherfuckin' feet": 1, 
            "on my own fucked": 1, 
            "on southwest eighth street": 1, 
            "onto my dick while": 1, 
            "or him baby so": 1, 
            "out tonight i met": 1, 
            "own fucked the neighbour's": 1, 
            "pussy i choke your": 1, 
            "pussy is it's a": 1, 
            "pussy suck it right": 1, 
            "put it in your": 1, 
            "raggedy bitch down on": 1, 
            "rice well get your": 1, 
            "right beside me hold": 1, 
            "right bitch suck it": 1, 
            "said bitch as long": 1, 
            "seen with another man": 1, 
            "shed a tear bitch": 1, 
            "sin i gotta hold": 1, 
            "since my baby left": 1, 
            "so long my motherfuckin'": 1, 
            "some pussy i choke": 1, 
            "southwest eighth street i": 1, 
            "street i fuck that": 1, 
            "suck it all night": 1, 
            "suck it right bitch": 1, 
            "tear bitch you got": 1, 
            "that bitch from the": 1, 
            "that pussy suck it": 1, 
            "the bacon bitch i": 1, 
            "the bitch wanna live": 1, 
            "the bunyons on her": 1, 
            "the neighbour's wife and": 1, 
            "the top of her": 1, 
            "this long dick chinese": 1, 
            "this raggedy bitch down": 1, 
            "to eat some pussy": 1, 
            "to keep from fallin'": 1, 
            "to leave here is": 1, 
            "to shed a tear": 1, 
            "to the bunyons on": 1, 
            "tonight i met this": 1, 
            "top of her head": 1, 
            "up a happy home": 1, 
            "wanna live with me": 1, 
            "well get your bald-head": 1, 
            "well on my own": 1, 
            "while i grab a": 1, 
            "wife and broke up": 1, 
            "with another man oh": 1, 
            "with me this long": 1, 
            "you ask me to": 1, 
            "you been seen with": 1, 
            "you black ass down": 1, 
            "you can't fry rice": 1, 
            "you got to leave": 1, 
            "your bald-head ass out": 1, 
            "your black ass all": 1, 
            "your chest to keep": 1, 
            "your hand but behind": 1, 
            "your pussy is it's": 1
        }, 
        "5": {
            "": 729, 
            "a goddamn sin i gotta": 1, 
            "a happy home now the": 1, 
            "a little bit of that": 1, 
            "a tear bitch you got": 1, 
            "across your chest to keep": 1, 
            "all night and if you": 1, 
            "all night since my baby": 1, 
            "an ironing board across your": 1, 
            "and broke up a happy": 1, 
            "and if you ask me": 1, 
            "another man oh i just": 1, 
            "as long as your pussy": 1, 
            "as your pussy is it's": 1, 
            "ask me to eat some": 1, 
            "ass all night since my": 1, 
            "ass down right beside me": 1, 
            "ass out tonight i met": 1, 
            "baby left me i been": 1, 
            "baby so long my motherfuckin'": 1, 
            "back bitch you been seen": 1, 
            "bacon bitch i put it": 1, 
            "bald-head ass out tonight i": 1, 
            "been doin' well on my": 1, 
            "been seen with another man": 1, 
            "behind my back bitch you": 1, 
            "beside me hold onto my": 1, 
            "bit of that pussy suck": 1, 
            "bitch as long as your": 1, 
            "bitch down on southwest eighth": 1, 
            "bitch from the top of": 1, 
            "bitch i put it in": 1, 
            "bitch if you can't fry": 1, 
            "bitch suck it all night": 1, 
            "bitch wanna live with me": 1, 
            "bitch you been seen with": 1, 
            "bitch you got to leave": 1, 
            "black ass all night since": 1, 
            "black ass down right beside": 1, 
            "board across your chest to": 1, 
            "bring home the bacon bitch": 1, 
            "broke up a happy home": 1, 
            "bunyons on her motherfuckin' feet": 1, 
            "but behind my back bitch": 1, 
            "can't fry rice well get": 1, 
            "chest to keep from fallin'": 1, 
            "chinese bitch if you can't": 1, 
            "choke your black ass all": 1, 
            "come lay you black ass": 1, 
            "dear come lay you black": 1, 
            "dick chinese bitch if you": 1, 
            "dick while i grab a": 1, 
            "doin' well on my own": 1, 
            "down on southwest eighth street": 1, 
            "down right beside me hold": 1, 
            "eat some pussy i choke": 1, 
            "eighth street i fuck that": 1, 
            "fallin' in": 1, 
            "feet i said bitch as": 1, 
            "from fallin' in": 1, 
            "from the top of her": 1, 
            "fry rice well get your": 1, 
            "fuck that bitch from the": 1, 
            "fucked the neighbour's wife and": 1, 
            "get your bald-head ass out": 1, 
            "goddamn sin i gotta hold": 1, 
            "got to leave here is": 1, 
            "gotta hold an ironing board": 1, 
            "grab a little bit of": 1, 
            "had to shed a tear": 1, 
            "hand but behind my back": 1, 
            "happy home now the bitch": 1, 
            "head to the bunyons on": 1, 
            "her head to the bunyons": 1, 
            "her motherfuckin' feet i said": 1, 
            "here is it me or": 1, 
            "him baby so long my": 1, 
            "hold an ironing board across": 1, 
            "hold onto my dick while": 1, 
            "home now the bitch wanna": 1, 
            "home the bacon bitch i": 1, 
            "i been doin' well on": 1, 
            "i bring home the bacon": 1, 
            "i choke your black ass": 1, 
            "i fuck that bitch from": 1, 
            "i gotta hold an ironing": 1, 
            "i grab a little bit": 1, 
            "i just had to shed": 1, 
            "i met this raggedy bitch": 1, 
            "i put it in your": 1, 
            "i said bitch as long": 1, 
            "if you ask me to": 1, 
            "if you can't fry rice": 1, 
            "in": 1, 
            "in your hand but behind": 1, 
            "ironing board across your chest": 1, 
            "is it me or him": 1, 
            "is it's a goddamn sin": 1, 
            "it all night and if": 1, 
            "it in your hand but": 1, 
            "it me or him baby": 1, 
            "it right bitch suck it": 1, 
            "it's a goddamn sin i": 1, 
            "just had to shed a": 1, 
            "keep from fallin' in": 1, 
            "lay you black ass down": 1, 
            "leave here is it me": 1, 
            "left me i been doin'": 1, 
            "little bit of that pussy": 1, 
            "live with me this long": 1, 
            "long as your pussy is": 1, 
            "long dick chinese bitch if": 1, 
            "long my motherfuckin' dear come": 1, 
            "man oh i just had": 1, 
            "me hold onto my dick": 1, 
            "me i been doin' well": 1, 
            "me or him baby so": 1, 
            "me this long dick chinese": 1, 
            "me to eat some pussy": 1, 
            "met this raggedy bitch down": 1, 
            "motherfuckin' dear come lay you": 1, 
            "motherfuckin' feet i said bitch": 1, 
            "my baby left me i": 1, 
            "my back bitch you been": 1, 
            "my dick while i grab": 1, 
            "my motherfuckin' dear come lay": 1, 
            "my own fucked the neighbour's": 1, 
            "neighbour's wife and broke up": 1, 
            "night and if you ask": 1, 
            "night since my baby left": 1, 
            "now the bitch wanna live": 1, 
            "of her head to the": 1, 
            "of that pussy suck it": 1, 
            "oh i just had to": 1, 
            "on her motherfuckin' feet i": 1, 
            "on my own fucked the": 1, 
            "on southwest eighth street i": 1, 
            "onto my dick while i": 1, 
            "or him baby so long": 1, 
            "out tonight i met this": 1, 
            "own fucked the neighbour's wife": 1, 
            "pussy i choke your black": 1, 
            "pussy is it's a goddamn": 1, 
            "pussy suck it right bitch": 1, 
            "put it in your hand": 1, 
            "raggedy bitch down on southwest": 1, 
            "rice well get your bald-head": 1, 
            "right beside me hold onto": 1, 
            "right bitch suck it all": 1, 
            "said bitch as long as": 1, 
            "seen with another man oh": 1, 
            "shed a tear bitch you": 1, 
            "sin i gotta hold an": 1, 
            "since my baby left me": 1, 
            "so long my motherfuckin' dear": 1, 
            "some pussy i choke your": 1, 
            "southwest eighth street i fuck": 1, 
            "street i fuck that bitch": 1, 
            "suck it all night and": 1, 
            "suck it right bitch suck": 1, 
            "tear bitch you got to": 1, 
            "that bitch from the top": 1, 
            "that pussy suck it right": 1, 
            "the bacon bitch i put": 1, 
            "the bitch wanna live with": 1, 
            "the bunyons on her motherfuckin'": 1, 
            "the neighbour's wife and broke": 1, 
            "the top of her head": 1, 
            "this long dick chinese bitch": 1, 
            "this raggedy bitch down on": 1, 
            "to eat some pussy i": 1, 
            "to keep from fallin' in": 1, 
            "to leave here is it": 1, 
            "to shed a tear bitch": 1, 
            "to the bunyons on her": 1, 
            "tonight i met this raggedy": 1, 
            "top of her head to": 1, 
            "up a happy home now": 1, 
            "wanna live with me this": 1, 
            "well get your bald-head ass": 1, 
            "well on my own fucked": 1, 
            "while i grab a little": 1, 
            "wife and broke up a": 1, 
            "with another man oh i": 1, 
            "with me this long dick": 1, 
            "you ask me to eat": 1, 
            "you been seen with another": 1, 
            "you black ass down right": 1, 
            "you can't fry rice well": 1, 
            "you got to leave here": 1, 
            "your bald-head ass out tonight": 1, 
            "your black ass all night": 1, 
            "your chest to keep from": 1, 
            "your hand but behind my": 1, 
            "your pussy is it's a": 1
        }, 
        "6": {
            "": 728, 
            "a goddamn sin i gotta hold": 1, 
            "a happy home now the bitch": 1, 
            "a little bit of that pussy": 1, 
            "a tear bitch you got to": 1, 
            "across your chest to keep from": 1, 
            "all night and if you ask": 1, 
            "all night since my baby left": 1, 
            "an ironing board across your chest": 1, 
            "and broke up a happy home": 1, 
            "and if you ask me to": 1, 
            "another man oh i just had": 1, 
            "as long as your pussy is": 1, 
            "as your pussy is it's a": 1, 
            "ask me to eat some pussy": 1, 
            "ass all night since my baby": 1, 
            "ass down right beside me hold": 1, 
            "ass out tonight i met this": 1, 
            "baby left me i been doin'": 1, 
            "baby so long my motherfuckin' dear": 1, 
            "back bitch you been seen with": 1, 
            "bacon bitch i put it in": 1, 
            "bald-head ass out tonight i met": 1, 
            "been doin' well on my own": 1, 
            "been seen with another man oh": 1, 
            "behind my back bitch you been": 1, 
            "beside me hold onto my dick": 1, 
            "bit of that pussy suck it": 1, 
            "bitch as long as your pussy": 1, 
            "bitch down on southwest eighth street": 1, 
            "bitch from the top of her": 1, 
            "bitch i put it in your": 1, 
            "bitch if you can't fry rice": 1, 
            "bitch suck it all night and": 1, 
            "bitch wanna live with me this": 1, 
            "bitch you been seen with another": 1, 
            "bitch you got to leave here": 1, 
            "black ass all night since my": 1, 
            "black ass down right beside me": 1, 
            "board across your chest to keep": 1, 
            "bring home the bacon bitch i": 1, 
            "broke up a happy home now": 1, 
            "bunyons on her motherfuckin' feet i": 1, 
            "but behind my back bitch you": 1, 
            "can't fry rice well get your": 1, 
            "chest to keep from fallin' in": 1, 
            "chinese bitch if you can't fry": 1, 
            "choke your black ass all night": 1, 
            "come lay you black ass down": 1, 
            "dear come lay you black ass": 1, 
            "dick chinese bitch if you can't": 1, 
            "dick while i grab a little": 1, 
            "doin' well on my own fucked": 1, 
            "down on southwest eighth street i": 1, 
            "down right beside me hold onto": 1, 
            "eat some pussy i choke your": 1, 
            "eighth street i fuck that bitch": 1, 
            "fallin' in": 1, 
            "feet i said bitch as long": 1, 
            "from fallin' in": 1, 
            "from the top of her head": 1, 
            "fry rice well get your bald-head": 1, 
            "fuck that bitch from the top": 1, 
            "fucked the neighbour's wife and broke": 1, 
            "get your bald-head ass out tonight": 1, 
            "goddamn sin i gotta hold an": 1, 
            "got to leave here is it": 1, 
            "gotta hold an ironing board across": 1, 
            "grab a little bit of that": 1, 
            "had to shed a tear bitch": 1, 
            "hand but behind my back bitch": 1, 
            "happy home now the bitch wanna": 1, 
            "head to the bunyons on her": 1, 
            "her head to the bunyons on": 1, 
            "her motherfuckin' feet i said bitch": 1, 
            "here is it me or him": 1, 
            "him baby so long my motherfuckin'": 1, 
            "hold an ironing board across your": 1, 
            "hold onto my dick while i": 1, 
            "home now the bitch wanna live": 1, 
            "home the bacon bitch i put": 1, 
            "i been doin' well on my": 1, 
            "i bring home the bacon bitch": 1, 
            "i choke your black ass all": 1, 
            "i fuck that bitch from the": 1, 
            "i gotta hold an ironing board": 1, 
            "i grab a little bit of": 1, 
            "i just had to shed a": 1, 
            "i met this raggedy bitch down": 1, 
            "i put it in your hand": 1, 
            "i said bitch as long as": 1, 
            "if you ask me to eat": 1, 
            "if you can't fry rice well": 1, 
            "in": 1, 
            "in your hand but behind my": 1, 
            "ironing board across your chest to": 1, 
            "is it me or him baby": 1, 
            "is it's a goddamn sin i": 1, 
            "it all night and if you": 1, 
            "it in your hand but behind": 1, 
            "it me or him baby so": 1, 
            "it right bitch suck it all": 1, 
            "it's a goddamn sin i gotta": 1, 
            "just had to shed a tear": 1, 
            "keep from fallin' in": 1, 
            "lay you black ass down right": 1, 
            "leave here is it me or": 1, 
            "left me i been doin' well": 1, 
            "little bit of that pussy suck": 1, 
            "live with me this long dick": 1, 
            "long as your pussy is it's": 1, 
            "long dick chinese bitch if you": 1, 
            "long my motherfuckin' dear come lay": 1, 
            "man oh i just had to": 1, 
            "me hold onto my dick while": 1, 
            "me i been doin' well on": 1, 
            "me or him baby so long": 1, 
            "me this long dick chinese bitch": 1, 
            "me to eat some pussy i": 1, 
            "met this raggedy bitch down on": 1, 
            "motherfuckin' dear come lay you black": 1, 
            "motherfuckin' feet i said bitch as": 1, 
            "my baby left me i been": 1, 
            "my back bitch you been seen": 1, 
            "my dick while i grab a": 1, 
            "my motherfuckin' dear come lay you": 1, 
            "my own fucked the neighbour's wife": 1, 
            "neighbour's wife and broke up a": 1, 
            "night and if you ask me": 1, 
            "night since my baby left me": 1, 
            "now the bitch wanna live with": 1, 
            "of her head to the bunyons": 1, 
            "of that pussy suck it right": 1, 
            "oh i just had to shed": 1, 
            "on her motherfuckin' feet i said": 1, 
            "on my own fucked the neighbour's": 1, 
            "on southwest eighth street i fuck": 1, 
            "onto my dick while i grab": 1, 
            "or him baby so long my": 1, 
            "out tonight i met this raggedy": 1, 
            "own fucked the neighbour's wife and": 1, 
            "pussy i choke your black ass": 1, 
            "pussy is it's a goddamn sin": 1, 
            "pussy suck it right bitch suck": 1, 
            "put it in your hand but": 1, 
            "raggedy bitch down on southwest eighth": 1, 
            "rice well get your bald-head ass": 1, 
            "right beside me hold onto my": 1, 
            "right bitch suck it all night": 1, 
            "said bitch as long as your": 1, 
            "seen with another man oh i": 1, 
            "shed a tear bitch you got": 1, 
            "sin i gotta hold an ironing": 1, 
            "since my baby left me i": 1, 
            "so long my motherfuckin' dear come": 1, 
            "some pussy i choke your black": 1, 
            "southwest eighth street i fuck that": 1, 
            "street i fuck that bitch from": 1, 
            "suck it all night and if": 1, 
            "suck it right bitch suck it": 1, 
            "tear bitch you got to leave": 1, 
            "that bitch from the top of": 1, 
            "that pussy suck it right bitch": 1, 
            "the bacon bitch i put it": 1, 
            "the bitch wanna live with me": 1, 
            "the bunyons on her motherfuckin' feet": 1, 
            "the neighbour's wife and broke up": 1, 
            "the top of her head to": 1, 
            "this long dick chinese bitch if": 1, 
            "this raggedy bitch down on southwest": 1, 
            "to eat some pussy i choke": 1, 
            "to keep from fallin' in": 1, 
            "to leave here is it me": 1, 
            "to shed a tear bitch you": 1, 
            "to the bunyons on her motherfuckin'": 1, 
            "tonight i met this raggedy bitch": 1, 
            "top of her head to the": 1, 
            "up a happy home now the": 1, 
            "wanna live with me this long": 1, 
            "well get your bald-head ass out": 1, 
            "well on my own fucked the": 1, 
            "while i grab a little bit": 1, 
            "wife and broke up a happy": 1, 
            "with another man oh i just": 1, 
            "with me this long dick chinese": 1, 
            "you ask me to eat some": 1, 
            "you been seen with another man": 1, 
            "you black ass down right beside": 1, 
            "you can't fry rice well get": 1, 
            "you got to leave here is": 1, 
            "your bald-head ass out tonight i": 1, 
            "your black ass all night since": 1, 
            "your chest to keep from fallin'": 1, 
            "your hand but behind my back": 1, 
            "your pussy is it's a goddamn": 1
        }, 
        "7": {
            "": 727, 
            "a goddamn sin i gotta hold an": 1, 
            "a happy home now the bitch wanna": 1, 
            "a little bit of that pussy suck": 1, 
            "a tear bitch you got to leave": 1, 
            "across your chest to keep from fallin'": 1, 
            "all night and if you ask me": 1, 
            "all night since my baby left me": 1, 
            "an ironing board across your chest to": 1, 
            "and broke up a happy home now": 1, 
            "and if you ask me to eat": 1, 
            "another man oh i just had to": 1, 
            "as long as your pussy is it's": 1, 
            "as your pussy is it's a goddamn": 1, 
            "ask me to eat some pussy i": 1, 
            "ass all night since my baby left": 1, 
            "ass down right beside me hold onto": 1, 
            "ass out tonight i met this raggedy": 1, 
            "baby left me i been doin' well": 1, 
            "baby so long my motherfuckin' dear come": 1, 
            "back bitch you been seen with another": 1, 
            "bacon bitch i put it in your": 1, 
            "bald-head ass out tonight i met this": 1, 
            "been doin' well on my own fucked": 1, 
            "been seen with another man oh i": 1, 
            "behind my back bitch you been seen": 1, 
            "beside me hold onto my dick while": 1, 
            "bit of that pussy suck it right": 1, 
            "bitch as long as your pussy is": 1, 
            "bitch down on southwest eighth street i": 1, 
            "bitch from the top of her head": 1, 
            "bitch i put it in your hand": 1, 
            "bitch if you can't fry rice well": 1, 
            "bitch suck it all night and if": 1, 
            "bitch wanna live with me this long": 1, 
            "bitch you been seen with another man": 1, 
            "bitch you got to leave here is": 1, 
            "black ass all night since my baby": 1, 
            "black ass down right beside me hold": 1, 
            "board across your chest to keep from": 1, 
            "bring home the bacon bitch i put": 1, 
            "broke up a happy home now the": 1, 
            "bunyons on her motherfuckin' feet i said": 1, 
            "but behind my back bitch you been": 1, 
            "can't fry rice well get your bald-head": 1, 
            "chest to keep from fallin' in": 1, 
            "chinese bitch if you can't fry rice": 1, 
            "choke your black ass all night since": 1, 
            "come lay you black ass down right": 1, 
            "dear come lay you black ass down": 1, 
            "dick chinese bitch if you can't fry": 1, 
            "dick while i grab a little bit": 1, 
            "doin' well on my own fucked the": 1, 
            "down on southwest eighth street i fuck": 1, 
            "down right beside me hold onto my": 1, 
            "eat some pussy i choke your black": 1, 
            "eighth street i fuck that bitch from": 1, 
            "fallin' in": 1, 
            "feet i said bitch as long as": 1, 
            "from fallin' in": 1, 
            "from the top of her head to": 1, 
            "fry rice well get your bald-head ass": 1, 
            "fuck that bitch from the top of": 1, 
            "fucked the neighbour's wife and broke up": 1, 
            "get your bald-head ass out tonight i": 1, 
            "goddamn sin i gotta hold an ironing": 1, 
            "got to leave here is it me": 1, 
            "gotta hold an ironing board across your": 1, 
            "grab a little bit of that pussy": 1, 
            "had to shed a tear bitch you": 1, 
            "hand but behind my back bitch you": 1, 
            "happy home now the bitch wanna live": 1, 
            "head to the bunyons on her motherfuckin'": 1, 
            "her head to the bunyons on her": 1, 
            "her motherfuckin' feet i said bitch as": 1, 
            "here is it me or him baby": 1, 
            "him baby so long my motherfuckin' dear": 1, 
            "hold an ironing board across your chest": 1, 
            "hold onto my dick while i grab": 1, 
            "home now the bitch wanna live with": 1, 
            "home the bacon bitch i put it": 1, 
            "i been doin' well on my own": 1, 
            "i bring home the bacon bitch i": 1, 
            "i choke your black ass all night": 1, 
            "i fuck that bitch from the top": 1, 
            "i gotta hold an ironing board across": 1, 
            "i grab a little bit of that": 1, 
            "i just had to shed a tear": 1, 
            "i met this raggedy bitch down on": 1, 
            "i put it in your hand but": 1, 
            "i said bitch as long as your": 1, 
            "if you ask me to eat some": 1, 
            "if you can't fry rice well get": 1, 
            "in": 1, 
            "in your hand but behind my back": 1, 
            "ironing board across your chest to keep": 1, 
            "is it me or him baby so": 1, 
            "is it's a goddamn sin i gotta": 1, 
            "it all night and if you ask": 1, 
            "it in your hand but behind my": 1, 
            "it me or him baby so long": 1, 
            "it right bitch suck it all night": 1, 
            "it's a goddamn sin i gotta hold": 1, 
            "just had to shed a tear bitch": 1, 
            "keep from fallin' in": 1, 
            "lay you black ass down right beside": 1, 
            "leave here is it me or him": 1, 
            "left me i been doin' well on": 1, 
            "little bit of that pussy suck it": 1, 
            "live with me this long dick chinese": 1, 
            "long as your pussy is it's a": 1, 
            "long dick chinese bitch if you can't": 1, 
            "long my motherfuckin' dear come lay you": 1, 
            "man oh i just had to shed": 1, 
            "me hold onto my dick while i": 1, 
            "me i been doin' well on my": 1, 
            "me or him baby so long my": 1, 
            "me this long dick chinese bitch if": 1, 
            "me to eat some pussy i choke": 1, 
            "met this raggedy bitch down on southwest": 1, 
            "motherfuckin' dear come lay you black ass": 1, 
            "motherfuckin' feet i said bitch as long": 1, 
            "my baby left me i been doin'": 1, 
            "my back bitch you been seen with": 1, 
            "my dick while i grab a little": 1, 
            "my motherfuckin' dear come lay you black": 1, 
            "my own fucked the neighbour's wife and": 1, 
            "neighbour's wife and broke up a happy": 1, 
            "night and if you ask me to": 1, 
            "night since my baby left me i": 1, 
            "now the bitch wanna live with me": 1, 
            "of her head to the bunyons on": 1, 
            "of that pussy suck it right bitch": 1, 
            "oh i just had to shed a": 1, 
            "on her motherfuckin' feet i said bitch": 1, 
            "on my own fucked the neighbour's wife": 1, 
            "on southwest eighth street i fuck that": 1, 
            "onto my dick while i grab a": 1, 
            "or him baby so long my motherfuckin'": 1, 
            "out tonight i met this raggedy bitch": 1, 
            "own fucked the neighbour's wife and broke": 1, 
            "pussy i choke your black ass all": 1, 
            "pussy is it's a goddamn sin i": 1, 
            "pussy suck it right bitch suck it": 1, 
            "put it in your hand but behind": 1, 
            "raggedy bitch down on southwest eighth street": 1, 
            "rice well get your bald-head ass out": 1, 
            "right beside me hold onto my dick": 1, 
            "right bitch suck it all night and": 1, 
            "said bitch as long as your pussy": 1, 
            "seen with another man oh i just": 1, 
            "shed a tear bitch you got to": 1, 
            "sin i gotta hold an ironing board": 1, 
            "since my baby left me i been": 1, 
            "so long my motherfuckin' dear come lay": 1, 
            "some pussy i choke your black ass": 1, 
            "southwest eighth street i fuck that bitch": 1, 
            "street i fuck that bitch from the": 1, 
            "suck it all night and if you": 1, 
            "suck it right bitch suck it all": 1, 
            "tear bitch you got to leave here": 1, 
            "that bitch from the top of her": 1, 
            "that pussy suck it right bitch suck": 1, 
            "the bacon bitch i put it in": 1, 
            "the bitch wanna live with me this": 1, 
            "the bunyons on her motherfuckin' feet i": 1, 
            "the neighbour's wife and broke up a": 1, 
            "the top of her head to the": 1, 
            "this long dick chinese bitch if you": 1, 
            "this raggedy bitch down on southwest eighth": 1, 
            "to eat some pussy i choke your": 1, 
            "to keep from fallin' in": 1, 
            "to leave here is it me or": 1, 
            "to shed a tear bitch you got": 1, 
            "to the bunyons on her motherfuckin' feet": 1, 
            "tonight i met this raggedy bitch down": 1, 
            "top of her head to the bunyons": 1, 
            "up a happy home now the bitch": 1, 
            "wanna live with me this long dick": 1, 
            "well get your bald-head ass out tonight": 1, 
            "well on my own fucked the neighbour's": 1, 
            "while i grab a little bit of": 1, 
            "wife and broke up a happy home": 1, 
            "with another man oh i just had": 1, 
            "with me this long dick chinese bitch": 1, 
            "you ask me to eat some pussy": 1, 
            "you been seen with another man oh": 1, 
            "you black ass down right beside me": 1, 
            "you can't fry rice well get your": 1, 
            "you got to leave here is it": 1, 
            "your bald-head ass out tonight i met": 1, 
            "your black ass all night since my": 1, 
            "your chest to keep from fallin' in": 1, 
            "your hand but behind my back bitch": 1, 
            "your pussy is it's a goddamn sin": 1
        }, 
        "8": {
            "": 726, 
            "a goddamn sin i gotta hold an ironing": 1, 
            "a happy home now the bitch wanna live": 1, 
            "a little bit of that pussy suck it": 1, 
            "a tear bitch you got to leave here": 1, 
            "across your chest to keep from fallin' in": 1, 
            "all night and if you ask me to": 1, 
            "all night since my baby left me i": 1, 
            "an ironing board across your chest to keep": 1, 
            "and broke up a happy home now the": 1, 
            "and if you ask me to eat some": 1, 
            "another man oh i just had to shed": 1, 
            "as long as your pussy is it's a": 1, 
            "as your pussy is it's a goddamn sin": 1, 
            "ask me to eat some pussy i choke": 1, 
            "ass all night since my baby left me": 1, 
            "ass down right beside me hold onto my": 1, 
            "ass out tonight i met this raggedy bitch": 1, 
            "baby left me i been doin' well on": 1, 
            "baby so long my motherfuckin' dear come lay": 1, 
            "back bitch you been seen with another man": 1, 
            "bacon bitch i put it in your hand": 1, 
            "bald-head ass out tonight i met this raggedy": 1, 
            "been doin' well on my own fucked the": 1, 
            "been seen with another man oh i just": 1, 
            "behind my back bitch you been seen with": 1, 
            "beside me hold onto my dick while i": 1, 
            "bit of that pussy suck it right bitch": 1, 
            "bitch as long as your pussy is it's": 1, 
            "bitch down on southwest eighth street i fuck": 1, 
            "bitch from the top of her head to": 1, 
            "bitch i put it in your hand but": 1, 
            "bitch if you can't fry rice well get": 1, 
            "bitch suck it all night and if you": 1, 
            "bitch wanna live with me this long dick": 1, 
            "bitch you been seen with another man oh": 1, 
            "bitch you got to leave here is it": 1, 
            "black ass all night since my baby left": 1, 
            "black ass down right beside me hold onto": 1, 
            "board across your chest to keep from fallin'": 1, 
            "bring home the bacon bitch i put it": 1, 
            "broke up a happy home now the bitch": 1, 
            "bunyons on her motherfuckin' feet i said bitch": 1, 
            "but behind my back bitch you been seen": 1, 
            "can't fry rice well get your bald-head ass": 1, 
            "chest to keep from fallin' in": 1, 
            "chinese bitch if you can't fry rice well": 1, 
            "choke your black ass all night since my": 1, 
            "come lay you black ass down right beside": 1, 
            "dear come lay you black ass down right": 1, 
            "dick chinese bitch if you can't fry rice": 1, 
            "dick while i grab a little bit of": 1, 
            "doin' well on my own fucked the neighbour's": 1, 
            "down on southwest eighth street i fuck that": 1, 
            "down right beside me hold onto my dick": 1, 
            "eat some pussy i choke your black ass": 1, 
            "eighth street i fuck that bitch from the": 1, 
            "fallin' in": 1, 
            "feet i said bitch as long as your": 1, 
            "from fallin' in": 1, 
            "from the top of her head to the": 1, 
            "fry rice well get your bald-head ass out": 1, 
            "fuck that bitch from the top of her": 1, 
            "fucked the neighbour's wife and broke up a": 1, 
            "get your bald-head ass out tonight i met": 1, 
            "goddamn sin i gotta hold an ironing board": 1, 
            "got to leave here is it me or": 1, 
            "gotta hold an ironing board across your chest": 1, 
            "grab a little bit of that pussy suck": 1, 
            "had to shed a tear bitch you got": 1, 
            "hand but behind my back bitch you been": 1, 
            "happy home now the bitch wanna live with": 1, 
            "head to the bunyons on her motherfuckin' feet": 1, 
            "her head to the bunyons on her motherfuckin'": 1, 
            "her motherfuckin' feet i said bitch as long": 1, 
            "here is it me or him baby so": 1, 
            "him baby so long my motherfuckin' dear come": 1, 
            "hold an ironing board across your chest to": 1, 
            "hold onto my dick while i grab a": 1, 
            "home now the bitch wanna live with me": 1, 
            "home the bacon bitch i put it in": 1, 
            "i been doin' well on my own fucked": 1, 
            "i bring home the bacon bitch i put": 1, 
            "i choke your black ass all night since": 1, 
            "i fuck that bitch from the top of": 1, 
            "i gotta hold an ironing board across your": 1, 
            "i grab a little bit of that pussy": 1, 
            "i just had to shed a tear bitch": 1, 
            "i met this raggedy bitch down on southwest": 1, 
            "i put it in your hand but behind": 1, 
            "i said bitch as long as your pussy": 1, 
            "if you ask me to eat some pussy": 1, 
            "if you can't fry rice well get your": 1, 
            "in": 1, 
            "in your hand but behind my back bitch": 1, 
            "ironing board across your chest to keep from": 1, 
            "is it me or him baby so long": 1, 
            "is it's a goddamn sin i gotta hold": 1, 
            "it all night and if you ask me": 1, 
            "it in your hand but behind my back": 1, 
            "it me or him baby so long my": 1, 
            "it right bitch suck it all night and": 1, 
            "it's a goddamn sin i gotta hold an": 1, 
            "just had to shed a tear bitch you": 1, 
            "keep from fallin' in": 1, 
            "lay you black ass down right beside me": 1, 
            "leave here is it me or him baby": 1, 
            "left me i been doin' well on my": 1, 
            "little bit of that pussy suck it right": 1, 
            "live with me this long dick chinese bitch": 1, 
            "long as your pussy is it's a goddamn": 1, 
            "long dick chinese bitch if you can't fry": 1, 
            "long my motherfuckin' dear come lay you black": 1, 
            "man oh i just had to shed a": 1, 
            "me hold onto my dick while i grab": 1, 
            "me i been doin' well on my own": 1, 
            "me or him baby so long my motherfuckin'": 1, 
            "me this long dick chinese bitch if you": 1, 
            "me to eat some pussy i choke your": 1, 
            "met this raggedy bitch down on southwest eighth": 1, 
            "motherfuckin' dear come lay you black ass down": 1, 
            "motherfuckin' feet i said bitch as long as": 1, 
            "my baby left me i been doin' well": 1, 
            "my back bitch you been seen with another": 1, 
            "my dick while i grab a little bit": 1, 
            "my motherfuckin' dear come lay you black ass": 1, 
            "my own fucked the neighbour's wife and broke": 1, 
            "neighbour's wife and broke up a happy home": 1, 
            "night and if you ask me to eat": 1, 
            "night since my baby left me i been": 1, 
            "now the bitch wanna live with me this": 1, 
            "of her head to the bunyons on her": 1, 
            "of that pussy suck it right bitch suck": 1, 
            "oh i just had to shed a tear": 1, 
            "on her motherfuckin' feet i said bitch as": 1, 
            "on my own fucked the neighbour's wife and": 1, 
            "on southwest eighth street i fuck that bitch": 1, 
            "onto my dick while i grab a little": 1, 
            "or him baby so long my motherfuckin' dear": 1, 
            "out tonight i met this raggedy bitch down": 1, 
            "own fucked the neighbour's wife and broke up": 1, 
            "pussy i choke your black ass all night": 1, 
            "pussy is it's a goddamn sin i gotta": 1, 
            "pussy suck it right bitch suck it all": 1, 
            "put it in your hand but behind my": 1, 
            "raggedy bitch down on southwest eighth street i": 1, 
            "rice well get your bald-head ass out tonight": 1, 
            "right beside me hold onto my dick while": 1, 
            "right bitch suck it all night and if": 1, 
            "said bitch as long as your pussy is": 1, 
            "seen with another man oh i just had": 1, 
            "shed a tear bitch you got to leave": 1, 
            "sin i gotta hold an ironing board across": 1, 
            "since my baby left me i been doin'": 1, 
            "so long my motherfuckin' dear come lay you": 1, 
            "some pussy i choke your black ass all": 1, 
            "southwest eighth street i fuck that bitch from": 1, 
            "street i fuck that bitch from the top": 1, 
            "suck it all night and if you ask": 1, 
            "suck it right bitch suck it all night": 1, 
            "tear bitch you got to leave here is": 1, 
            "that bitch from the top of her head": 1, 
            "that pussy suck it right bitch suck it": 1, 
            "the bacon bitch i put it in your": 1, 
            "the bitch wanna live with me this long": 1, 
            "the bunyons on her motherfuckin' feet i said": 1, 
            "the neighbour's wife and broke up a happy": 1, 
            "the top of her head to the bunyons": 1, 
            "this long dick chinese bitch if you can't": 1, 
            "this raggedy bitch down on southwest eighth street": 1, 
            "to eat some pussy i choke your black": 1, 
            "to keep from fallin' in": 1, 
            "to leave here is it me or him": 1, 
            "to shed a tear bitch you got to": 1, 
            "to the bunyons on her motherfuckin' feet i": 1, 
            "tonight i met this raggedy bitch down on": 1, 
            "top of her head to the bunyons on": 1, 
            "up a happy home now the bitch wanna": 1, 
            "wanna live with me this long dick chinese": 1, 
            "well get your bald-head ass out tonight i": 1, 
            "well on my own fucked the neighbour's wife": 1, 
            "while i grab a little bit of that": 1, 
            "wife and broke up a happy home now": 1, 
            "with another man oh i just had to": 1, 
            "with me this long dick chinese bitch if": 1, 
            "you ask me to eat some pussy i": 1, 
            "you been seen with another man oh i": 1, 
            "you black ass down right beside me hold": 1, 
            "you can't fry rice well get your bald-head": 1, 
            "you got to leave here is it me": 1, 
            "your bald-head ass out tonight i met this": 1, 
            "your black ass all night since my baby": 1, 
            "your chest to keep from fallin' in": 1, 
            "your hand but behind my back bitch you": 1, 
            "your pussy is it's a goddamn sin i": 1
        }
    }, 
    "song_title": "2 Live Blues", 
    "total_words": [
        194, 
        {
            "a": 4, 
            "across": 1, 
            "all": 2, 
            "an": 1, 
            "and": 2, 
            "another": 1, 
            "as": 2, 
            "ask": 1, 
            "ass": 3, 
            "baby": 2, 
            "back": 1, 
            "bacon": 1, 
            "bald-head": 1, 
            "been": 2, 
            "behind": 1, 
            "beside": 1, 
            "bit": 1, 
            "bitch": 9, 
            "black": 2, 
            "board": 1, 
            "bring": 1, 
            "broke": 1, 
            "bunyons": 1, 
            "but": 1, 
            "can't": 1, 
            "chest": 1, 
            "chinese": 1, 
            "choke": 1, 
            "come": 1, 
            "dear": 1, 
            "dick": 2, 
            "doin'": 1, 
            "down": 2, 
            "eat": 1, 
            "eighth": 1, 
            "fallin'": 1, 
            "feet": 1, 
            "from": 2, 
            "fry": 1, 
            "fuck": 1, 
            "fucked": 1, 
            "get": 1, 
            "goddamn": 1, 
            "got": 1, 
            "gotta": 1, 
            "grab": 1, 
            "had": 1, 
            "hand": 1, 
            "happy": 1, 
            "head": 1, 
            "her": 2, 
            "here": 1, 
            "him": 1, 
            "hold": 2, 
            "home": 2, 
            "i": 10, 
            "if": 2, 
            "in": 2, 
            "ironing": 1, 
            "is": 2, 
            "it": 4, 
            "it's": 1, 
            "just": 1, 
            "keep": 1, 
            "lay": 1, 
            "leave": 1, 
            "left": 1, 
            "little": 1, 
            "live": 1, 
            "long": 3, 
            "man": 1, 
            "me": 5, 
            "met": 1, 
            "motherfuckin'": 2, 
            "my": 5, 
            "neighbour's": 1, 
            "night": 2, 
            "now": 1, 
            "of": 2, 
            "oh": 1, 
            "on": 3, 
            "onto": 1, 
            "or": 1, 
            "out": 1, 
            "own": 1, 
            "pussy": 3, 
            "put": 1, 
            "raggedy": 1, 
            "rice": 1, 
            "right": 2, 
            "said": 1, 
            "seen": 1, 
            "shed": 1, 
            "sin": 1, 
            "since": 1, 
            "so": 1, 
            "some": 1, 
            "southwest": 1, 
            "street": 1, 
            "suck": 2, 
            "tear": 1, 
            "that": 2, 
            "the": 5, 
            "this": 2, 
            "to": 5, 
            "tonight": 1, 
            "top": 1, 
            "up": 1, 
            "wanna": 1, 
            "well": 2, 
            "while": 1, 
            "wife": 1, 
            "with": 2, 
            "you": 5, 
            "your": 5
        }
    ], 
    "unique_words": [
        115, 
        [
            "all", 
            "own", 
            "just", 
            "pussy", 
            "down", 
            "bring", 
            "bitch", 
            "another", 
            "home", 
            "ironing", 
            "raggedy", 
            "your", 
            "seen", 
            "little", 
            "hold", 
            "from", 
            "chinese", 
            "her", 
            "it's", 
            "top", 
            "dick", 
            "had", 
            "behind", 
            "long", 
            "him", 
            "to", 
            "live", 
            "black", 
            "board", 
            "goddamn", 
            "fry", 
            "rice", 
            "neighbour's", 
            "happy", 
            "motherfuckin'", 
            "head", 
            "that", 
            "some", 
            "but", 
            "back", 
            "broke", 
            "baby", 
            "bit", 
            "now", 
            "with", 
            "eat", 
            "me", 
            "feet", 
            "tear", 
            "gotta", 
            "oh", 
            "up", 
            "sin", 
            "leave", 
            "this", 
            "while", 
            "night", 
            "grab", 
            "southwest", 
            "my", 
            "and", 
            "shed", 
            "right", 
            "bunyons", 
            "is", 
            "bacon", 
            "fuck", 
            "an", 
            "tonight", 
            "as", 
            "street", 
            "in", 
            "dear", 
            "been", 
            "well", 
            "if", 
            "said", 
            "onto", 
            "since", 
            "beside", 
            "chest", 
            "it", 
            "got", 
            "get", 
            "out", 
            "across", 
            "ass", 
            "doin'", 
            "ask", 
            "here", 
            "hand", 
            "met", 
            "lay", 
            "fucked", 
            "suck", 
            "bald-head", 
            "come", 
            "eighth", 
            "man", 
            "a", 
            "on", 
            "wife", 
            "i", 
            "of", 
            "put", 
            "choke", 
            "keep", 
            "so", 
            "you", 
            "fallin'", 
            "the", 
            "wanna", 
            "or", 
            "can't", 
            "left"
        ]
    ], 
    "year": 1989
}