{
    "album": "As Nasty as They Wanna Be", 
    "artist": "2 Live Crew", 
    "lyrics": "NOW PUT 'ER IN THE BUCK!!!!\n\n\nThere's only one way to have a good time\nFuck that pussy and make it mine\nLay the bitch on the bed, flat on her back\nHold her legs up high, make the pussy splak\nYou can put her in the buck by sittin' on a sink\nWrap her legs 'round you, now take this DICK!\n\nNOW PUT 'ER IN THE BUCK!!!!\n\n\nIt's a position in sex that's done by the masters\nIt ain't the 69 or what you learned in class\nIt increases the intensity of a fuck\nLegs up high, known as the buck\nIt's the way to give her more than what she wants\nLike the doggystyle, you get all the cunt\n'Cause all men try real hard to do it\nTo have her walk in front and we try to abuse it\nA big stinkin' pussy can't do it all\nSo we try real hard to bust the walls\nLike THIS!!\n\nNOW PUT 'ER IN THE BUCK!!!!\n\n\nI'll break you down and dick you long\nBust your pussy then break your backbone\nI'll go between them legs that's open wide\nPushin' this dick from side to side\nStraight to the ceiling, now I'm feeling the feelin'\nWhen I bust a nut, your ass'll be screamin'!!\n\nNOW PUT 'ER IN THE BUCK!!!!\n", 
    "ngrams": {
        "2": {
            "": 820, 
            "'cause all": 1, 
            "'er in": 4, 
            "'round you,": 1, 
            "69 or": 1, 
            "a big": 1, 
            "a fuck": 1, 
            "a good": 1, 
            "a nut,": 1, 
            "a position": 1, 
            "a sink": 1, 
            "abuse it": 1, 
            "ain't the": 1, 
            "all men": 1, 
            "all so": 1, 
            "all the": 1, 
            "and dick": 1, 
            "and make": 1, 
            "and we": 1, 
            "as the": 1, 
            "ass'll be": 1, 
            "back hold": 1, 
            "backbone i'll": 1, 
            "be screamin'": 1, 
            "bed, flat": 1, 
            "between them": 1, 
            "big stinkin'": 1, 
            "bitch on": 1, 
            "break you": 1, 
            "break your": 1, 
            "buck": 1, 
            "buck by": 1, 
            "buck i'll": 1, 
            "buck it's": 2, 
            "buck there's": 1, 
            "bust a": 1, 
            "bust the": 1, 
            "bust your": 1, 
            "by sittin'": 1, 
            "by the": 1, 
            "can put": 1, 
            "can't do": 1, 
            "ceiling, now": 1, 
            "class it": 1, 
            "cunt 'cause": 1, 
            "dick from": 1, 
            "dick now": 1, 
            "dick you": 1, 
            "do it": 2, 
            "doggystyle, you": 1, 
            "done by": 1, 
            "down and": 1, 
            "feelin' when": 1, 
            "feeling the": 1, 
            "flat on": 1, 
            "from side": 1, 
            "front and": 1, 
            "fuck legs": 1, 
            "fuck that": 1, 
            "get all": 1, 
            "give her": 1, 
            "go between": 1, 
            "good time": 1, 
            "hard to": 2, 
            "have a": 1, 
            "have her": 1, 
            "her back": 1, 
            "her in": 1, 
            "her legs": 2, 
            "her more": 1, 
            "her walk": 1, 
            "high, known": 1, 
            "high, make": 1, 
            "hold her": 1, 
            "i bust": 1, 
            "i'll break": 1, 
            "i'll go": 1, 
            "i'm feeling": 1, 
            "in class": 1, 
            "in front": 1, 
            "in sex": 1, 
            "in the": 5, 
            "increases the": 1, 
            "intensity of": 1, 
            "it a": 1, 
            "it ain't": 1, 
            "it all": 1, 
            "it increases": 1, 
            "it mine": 1, 
            "it to": 1, 
            "it's a": 1, 
            "it's the": 1, 
            "known as": 1, 
            "lay the": 1, 
            "learned in": 1, 
            "legs 'round": 1, 
            "legs that's": 1, 
            "legs up": 2, 
            "like the": 1, 
            "like this": 1, 
            "long bust": 1, 
            "make it": 1, 
            "make the": 1, 
            "masters it": 1, 
            "men try": 1, 
            "mine lay": 1, 
            "more than": 1, 
            "now i'm": 1, 
            "now put": 4, 
            "now take": 1, 
            "nut, your": 1, 
            "of a": 1, 
            "on a": 1, 
            "on her": 1, 
            "on the": 1, 
            "one way": 1, 
            "only one": 1, 
            "open wide": 1, 
            "or what": 1, 
            "position in": 1, 
            "pushin' this": 1, 
            "pussy and": 1, 
            "pussy can't": 1, 
            "pussy splak": 1, 
            "pussy then": 1, 
            "put 'er": 4, 
            "put her": 1, 
            "real hard": 2, 
            "screamin' now": 1, 
            "sex that's": 1, 
            "she wants": 1, 
            "side straight": 1, 
            "side to": 1, 
            "sink wrap": 1, 
            "sittin' on": 1, 
            "so we": 1, 
            "splak you": 1, 
            "stinkin' pussy": 1, 
            "straight to": 1, 
            "take this": 1, 
            "than what": 1, 
            "that pussy": 1, 
            "that's done": 1, 
            "that's open": 1, 
            "the 69": 1, 
            "the bed,": 1, 
            "the bitch": 1, 
            "the buck": 6, 
            "the ceiling,": 1, 
            "the cunt": 1, 
            "the doggystyle,": 1, 
            "the feelin'": 1, 
            "the intensity": 1, 
            "the masters": 1, 
            "the pussy": 1, 
            "the walls": 1, 
            "the way": 1, 
            "them legs": 1, 
            "then break": 1, 
            "there's only": 1, 
            "this dick": 2, 
            "this now": 1, 
            "time fuck": 1, 
            "to abuse": 1, 
            "to bust": 1, 
            "to do": 1, 
            "to give": 1, 
            "to have": 2, 
            "to side": 1, 
            "to the": 1, 
            "try real": 2, 
            "try to": 1, 
            "up high,": 2, 
            "walk in": 1, 
            "walls like": 1, 
            "wants like": 1, 
            "way to": 2, 
            "we try": 2, 
            "what she": 1, 
            "what you": 1, 
            "when i": 1, 
            "wide pushin'": 1, 
            "wrap her": 1, 
            "you can": 1, 
            "you down": 1, 
            "you get": 1, 
            "you learned": 1, 
            "you long": 1, 
            "you, now": 1, 
            "your ass'll": 1, 
            "your backbone": 1, 
            "your pussy": 1
        }, 
        "3": {
            "": 819, 
            "'cause all men": 1, 
            "'er in the": 4, 
            "'round you, now": 1, 
            "69 or what": 1, 
            "a big stinkin'": 1, 
            "a fuck legs": 1, 
            "a good time": 1, 
            "a nut, your": 1, 
            "a position in": 1, 
            "a sink wrap": 1, 
            "abuse it a": 1, 
            "ain't the 69": 1, 
            "all men try": 1, 
            "all so we": 1, 
            "all the cunt": 1, 
            "and dick you": 1, 
            "and make it": 1, 
            "and we try": 1, 
            "as the buck": 1, 
            "ass'll be screamin'": 1, 
            "back hold her": 1, 
            "backbone i'll go": 1, 
            "be screamin' now": 1, 
            "bed, flat on": 1, 
            "between them legs": 1, 
            "big stinkin' pussy": 1, 
            "bitch on the": 1, 
            "break you down": 1, 
            "break your backbone": 1, 
            "buck": 1, 
            "buck by sittin'": 1, 
            "buck i'll break": 1, 
            "buck it's a": 1, 
            "buck it's the": 1, 
            "buck there's only": 1, 
            "bust a nut,": 1, 
            "bust the walls": 1, 
            "bust your pussy": 1, 
            "by sittin' on": 1, 
            "by the masters": 1, 
            "can put her": 1, 
            "can't do it": 1, 
            "ceiling, now i'm": 1, 
            "class it increases": 1, 
            "cunt 'cause all": 1, 
            "dick from side": 1, 
            "dick now put": 1, 
            "dick you long": 1, 
            "do it all": 1, 
            "do it to": 1, 
            "doggystyle, you get": 1, 
            "done by the": 1, 
            "down and dick": 1, 
            "feelin' when i": 1, 
            "feeling the feelin'": 1, 
            "flat on her": 1, 
            "from side to": 1, 
            "front and we": 1, 
            "fuck legs up": 1, 
            "fuck that pussy": 1, 
            "get all the": 1, 
            "give her more": 1, 
            "go between them": 1, 
            "good time fuck": 1, 
            "hard to bust": 1, 
            "hard to do": 1, 
            "have a good": 1, 
            "have her walk": 1, 
            "her back hold": 1, 
            "her in the": 1, 
            "her legs 'round": 1, 
            "her legs up": 1, 
            "her more than": 1, 
            "her walk in": 1, 
            "high, known as": 1, 
            "high, make the": 1, 
            "hold her legs": 1, 
            "i bust a": 1, 
            "i'll break you": 1, 
            "i'll go between": 1, 
            "i'm feeling the": 1, 
            "in class it": 1, 
            "in front and": 1, 
            "in sex that's": 1, 
            "in the buck": 5, 
            "increases the intensity": 1, 
            "intensity of a": 1, 
            "it a big": 1, 
            "it ain't the": 1, 
            "it all so": 1, 
            "it increases the": 1, 
            "it mine lay": 1, 
            "it to have": 1, 
            "it's a position": 1, 
            "it's the way": 1, 
            "known as the": 1, 
            "lay the bitch": 1, 
            "learned in class": 1, 
            "legs 'round you,": 1, 
            "legs that's open": 1, 
            "legs up high,": 2, 
            "like the doggystyle,": 1, 
            "like this now": 1, 
            "long bust your": 1, 
            "make it mine": 1, 
            "make the pussy": 1, 
            "masters it ain't": 1, 
            "men try real": 1, 
            "mine lay the": 1, 
            "more than what": 1, 
            "now i'm feeling": 1, 
            "now put 'er": 4, 
            "now take this": 1, 
            "nut, your ass'll": 1, 
            "of a fuck": 1, 
            "on a sink": 1, 
            "on her back": 1, 
            "on the bed,": 1, 
            "one way to": 1, 
            "only one way": 1, 
            "open wide pushin'": 1, 
            "or what you": 1, 
            "position in sex": 1, 
            "pushin' this dick": 1, 
            "pussy and make": 1, 
            "pussy can't do": 1, 
            "pussy splak you": 1, 
            "pussy then break": 1, 
            "put 'er in": 4, 
            "put her in": 1, 
            "real hard to": 2, 
            "screamin' now put": 1, 
            "sex that's done": 1, 
            "she wants like": 1, 
            "side straight to": 1, 
            "side to side": 1, 
            "sink wrap her": 1, 
            "sittin' on a": 1, 
            "so we try": 1, 
            "splak you can": 1, 
            "stinkin' pussy can't": 1, 
            "straight to the": 1, 
            "take this dick": 1, 
            "than what she": 1, 
            "that pussy and": 1, 
            "that's done by": 1, 
            "that's open wide": 1, 
            "the 69 or": 1, 
            "the bed, flat": 1, 
            "the bitch on": 1, 
            "the buck": 1, 
            "the buck by": 1, 
            "the buck i'll": 1, 
            "the buck it's": 2, 
            "the buck there's": 1, 
            "the ceiling, now": 1, 
            "the cunt 'cause": 1, 
            "the doggystyle, you": 1, 
            "the feelin' when": 1, 
            "the intensity of": 1, 
            "the masters it": 1, 
            "the pussy splak": 1, 
            "the walls like": 1, 
            "the way to": 1, 
            "them legs that's": 1, 
            "then break your": 1, 
            "there's only one": 1, 
            "this dick from": 1, 
            "this dick now": 1, 
            "this now put": 1, 
            "time fuck that": 1, 
            "to abuse it": 1, 
            "to bust the": 1, 
            "to do it": 1, 
            "to give her": 1, 
            "to have a": 1, 
            "to have her": 1, 
            "to side straight": 1, 
            "to the ceiling,": 1, 
            "try real hard": 2, 
            "try to abuse": 1, 
            "up high, known": 1, 
            "up high, make": 1, 
            "walk in front": 1, 
            "walls like this": 1, 
            "wants like the": 1, 
            "way to give": 1, 
            "way to have": 1, 
            "we try real": 1, 
            "we try to": 1, 
            "what she wants": 1, 
            "what you learned": 1, 
            "when i bust": 1, 
            "wide pushin' this": 1, 
            "wrap her legs": 1, 
            "you can put": 1, 
            "you down and": 1, 
            "you get all": 1, 
            "you learned in": 1, 
            "you long bust": 1, 
            "you, now take": 1, 
            "your ass'll be": 1, 
            "your backbone i'll": 1, 
            "your pussy then": 1
        }, 
        "4": {
            "": 818, 
            "'cause all men try": 1, 
            "'er in the buck": 4, 
            "'round you, now take": 1, 
            "69 or what you": 1, 
            "a big stinkin' pussy": 1, 
            "a fuck legs up": 1, 
            "a good time fuck": 1, 
            "a nut, your ass'll": 1, 
            "a position in sex": 1, 
            "a sink wrap her": 1, 
            "abuse it a big": 1, 
            "ain't the 69 or": 1, 
            "all men try real": 1, 
            "all so we try": 1, 
            "all the cunt 'cause": 1, 
            "and dick you long": 1, 
            "and make it mine": 1, 
            "and we try to": 1, 
            "as the buck it's": 1, 
            "ass'll be screamin' now": 1, 
            "back hold her legs": 1, 
            "backbone i'll go between": 1, 
            "be screamin' now put": 1, 
            "bed, flat on her": 1, 
            "between them legs that's": 1, 
            "big stinkin' pussy can't": 1, 
            "bitch on the bed,": 1, 
            "break you down and": 1, 
            "break your backbone i'll": 1, 
            "buck": 1, 
            "buck by sittin' on": 1, 
            "buck i'll break you": 1, 
            "buck it's a position": 1, 
            "buck it's the way": 1, 
            "buck there's only one": 1, 
            "bust a nut, your": 1, 
            "bust the walls like": 1, 
            "bust your pussy then": 1, 
            "by sittin' on a": 1, 
            "by the masters it": 1, 
            "can put her in": 1, 
            "can't do it all": 1, 
            "ceiling, now i'm feeling": 1, 
            "class it increases the": 1, 
            "cunt 'cause all men": 1, 
            "dick from side to": 1, 
            "dick now put 'er": 1, 
            "dick you long bust": 1, 
            "do it all so": 1, 
            "do it to have": 1, 
            "doggystyle, you get all": 1, 
            "done by the masters": 1, 
            "down and dick you": 1, 
            "feelin' when i bust": 1, 
            "feeling the feelin' when": 1, 
            "flat on her back": 1, 
            "from side to side": 1, 
            "front and we try": 1, 
            "fuck legs up high,": 1, 
            "fuck that pussy and": 1, 
            "get all the cunt": 1, 
            "give her more than": 1, 
            "go between them legs": 1, 
            "good time fuck that": 1, 
            "hard to bust the": 1, 
            "hard to do it": 1, 
            "have a good time": 1, 
            "have her walk in": 1, 
            "her back hold her": 1, 
            "her in the buck": 1, 
            "her legs 'round you,": 1, 
            "her legs up high,": 1, 
            "her more than what": 1, 
            "her walk in front": 1, 
            "high, known as the": 1, 
            "high, make the pussy": 1, 
            "hold her legs up": 1, 
            "i bust a nut,": 1, 
            "i'll break you down": 1, 
            "i'll go between them": 1, 
            "i'm feeling the feelin'": 1, 
            "in class it increases": 1, 
            "in front and we": 1, 
            "in sex that's done": 1, 
            "in the buck": 1, 
            "in the buck by": 1, 
            "in the buck i'll": 1, 
            "in the buck it's": 1, 
            "in the buck there's": 1, 
            "increases the intensity of": 1, 
            "intensity of a fuck": 1, 
            "it a big stinkin'": 1, 
            "it ain't the 69": 1, 
            "it all so we": 1, 
            "it increases the intensity": 1, 
            "it mine lay the": 1, 
            "it to have her": 1, 
            "it's a position in": 1, 
            "it's the way to": 1, 
            "known as the buck": 1, 
            "lay the bitch on": 1, 
            "learned in class it": 1, 
            "legs 'round you, now": 1, 
            "legs that's open wide": 1, 
            "legs up high, known": 1, 
            "legs up high, make": 1, 
            "like the doggystyle, you": 1, 
            "like this now put": 1, 
            "long bust your pussy": 1, 
            "make it mine lay": 1, 
            "make the pussy splak": 1, 
            "masters it ain't the": 1, 
            "men try real hard": 1, 
            "mine lay the bitch": 1, 
            "more than what she": 1, 
            "now i'm feeling the": 1, 
            "now put 'er in": 4, 
            "now take this dick": 1, 
            "nut, your ass'll be": 1, 
            "of a fuck legs": 1, 
            "on a sink wrap": 1, 
            "on her back hold": 1, 
            "on the bed, flat": 1, 
            "one way to have": 1, 
            "only one way to": 1, 
            "open wide pushin' this": 1, 
            "or what you learned": 1, 
            "position in sex that's": 1, 
            "pushin' this dick from": 1, 
            "pussy and make it": 1, 
            "pussy can't do it": 1, 
            "pussy splak you can": 1, 
            "pussy then break your": 1, 
            "put 'er in the": 4, 
            "put her in the": 1, 
            "real hard to bust": 1, 
            "real hard to do": 1, 
            "screamin' now put 'er": 1, 
            "sex that's done by": 1, 
            "she wants like the": 1, 
            "side straight to the": 1, 
            "side to side straight": 1, 
            "sink wrap her legs": 1, 
            "sittin' on a sink": 1, 
            "so we try real": 1, 
            "splak you can put": 1, 
            "stinkin' pussy can't do": 1, 
            "straight to the ceiling,": 1, 
            "take this dick now": 1, 
            "than what she wants": 1, 
            "that pussy and make": 1, 
            "that's done by the": 1, 
            "that's open wide pushin'": 1, 
            "the 69 or what": 1, 
            "the bed, flat on": 1, 
            "the bitch on the": 1, 
            "the buck": 1, 
            "the buck by sittin'": 1, 
            "the buck i'll break": 1, 
            "the buck it's a": 1, 
            "the buck it's the": 1, 
            "the buck there's only": 1, 
            "the ceiling, now i'm": 1, 
            "the cunt 'cause all": 1, 
            "the doggystyle, you get": 1, 
            "the feelin' when i": 1, 
            "the intensity of a": 1, 
            "the masters it ain't": 1, 
            "the pussy splak you": 1, 
            "the walls like this": 1, 
            "the way to give": 1, 
            "them legs that's open": 1, 
            "then break your backbone": 1, 
            "there's only one way": 1, 
            "this dick from side": 1, 
            "this dick now put": 1, 
            "this now put 'er": 1, 
            "time fuck that pussy": 1, 
            "to abuse it a": 1, 
            "to bust the walls": 1, 
            "to do it to": 1, 
            "to give her more": 1, 
            "to have a good": 1, 
            "to have her walk": 1, 
            "to side straight to": 1, 
            "to the ceiling, now": 1, 
            "try real hard to": 2, 
            "try to abuse it": 1, 
            "up high, known as": 1, 
            "up high, make the": 1, 
            "walk in front and": 1, 
            "walls like this now": 1, 
            "wants like the doggystyle,": 1, 
            "way to give her": 1, 
            "way to have a": 1, 
            "we try real hard": 1, 
            "we try to abuse": 1, 
            "what she wants like": 1, 
            "what you learned in": 1, 
            "when i bust a": 1, 
            "wide pushin' this dick": 1, 
            "wrap her legs 'round": 1, 
            "you can put her": 1, 
            "you down and dick": 1, 
            "you get all the": 1, 
            "you learned in class": 1, 
            "you long bust your": 1, 
            "you, now take this": 1, 
            "your ass'll be screamin'": 1, 
            "your backbone i'll go": 1, 
            "your pussy then break": 1
        }, 
        "5": {
            "": 817, 
            "'cause all men try real": 1, 
            "'er in the buck": 1, 
            "'er in the buck i'll": 1, 
            "'er in the buck it's": 1, 
            "'er in the buck there's": 1, 
            "'round you, now take this": 1, 
            "69 or what you learned": 1, 
            "a big stinkin' pussy can't": 1, 
            "a fuck legs up high,": 1, 
            "a good time fuck that": 1, 
            "a nut, your ass'll be": 1, 
            "a position in sex that's": 1, 
            "a sink wrap her legs": 1, 
            "abuse it a big stinkin'": 1, 
            "ain't the 69 or what": 1, 
            "all men try real hard": 1, 
            "all so we try real": 1, 
            "all the cunt 'cause all": 1, 
            "and dick you long bust": 1, 
            "and make it mine lay": 1, 
            "and we try to abuse": 1, 
            "as the buck it's the": 1, 
            "ass'll be screamin' now put": 1, 
            "back hold her legs up": 1, 
            "backbone i'll go between them": 1, 
            "be screamin' now put 'er": 1, 
            "bed, flat on her back": 1, 
            "between them legs that's open": 1, 
            "big stinkin' pussy can't do": 1, 
            "bitch on the bed, flat": 1, 
            "break you down and dick": 1, 
            "break your backbone i'll go": 1, 
            "buck": 1, 
            "buck by sittin' on a": 1, 
            "buck i'll break you down": 1, 
            "buck it's a position in": 1, 
            "buck it's the way to": 1, 
            "buck there's only one way": 1, 
            "bust a nut, your ass'll": 1, 
            "bust the walls like this": 1, 
            "bust your pussy then break": 1, 
            "by sittin' on a sink": 1, 
            "by the masters it ain't": 1, 
            "can put her in the": 1, 
            "can't do it all so": 1, 
            "ceiling, now i'm feeling the": 1, 
            "class it increases the intensity": 1, 
            "cunt 'cause all men try": 1, 
            "dick from side to side": 1, 
            "dick now put 'er in": 1, 
            "dick you long bust your": 1, 
            "do it all so we": 1, 
            "do it to have her": 1, 
            "doggystyle, you get all the": 1, 
            "done by the masters it": 1, 
            "down and dick you long": 1, 
            "feelin' when i bust a": 1, 
            "feeling the feelin' when i": 1, 
            "flat on her back hold": 1, 
            "from side to side straight": 1, 
            "front and we try to": 1, 
            "fuck legs up high, known": 1, 
            "fuck that pussy and make": 1, 
            "get all the cunt 'cause": 1, 
            "give her more than what": 1, 
            "go between them legs that's": 1, 
            "good time fuck that pussy": 1, 
            "hard to bust the walls": 1, 
            "hard to do it to": 1, 
            "have a good time fuck": 1, 
            "have her walk in front": 1, 
            "her back hold her legs": 1, 
            "her in the buck by": 1, 
            "her legs 'round you, now": 1, 
            "her legs up high, make": 1, 
            "her more than what she": 1, 
            "her walk in front and": 1, 
            "high, known as the buck": 1, 
            "high, make the pussy splak": 1, 
            "hold her legs up high,": 1, 
            "i bust a nut, your": 1, 
            "i'll break you down and": 1, 
            "i'll go between them legs": 1, 
            "i'm feeling the feelin' when": 1, 
            "in class it increases the": 1, 
            "in front and we try": 1, 
            "in sex that's done by": 1, 
            "in the buck": 1, 
            "in the buck by sittin'": 1, 
            "in the buck i'll break": 1, 
            "in the buck it's a": 1, 
            "in the buck there's only": 1, 
            "increases the intensity of a": 1, 
            "intensity of a fuck legs": 1, 
            "it a big stinkin' pussy": 1, 
            "it ain't the 69 or": 1, 
            "it all so we try": 1, 
            "it increases the intensity of": 1, 
            "it mine lay the bitch": 1, 
            "it to have her walk": 1, 
            "it's a position in sex": 1, 
            "it's the way to give": 1, 
            "known as the buck it's": 1, 
            "lay the bitch on the": 1, 
            "learned in class it increases": 1, 
            "legs 'round you, now take": 1, 
            "legs that's open wide pushin'": 1, 
            "legs up high, known as": 1, 
            "legs up high, make the": 1, 
            "like the doggystyle, you get": 1, 
            "like this now put 'er": 1, 
            "long bust your pussy then": 1, 
            "make it mine lay the": 1, 
            "make the pussy splak you": 1, 
            "masters it ain't the 69": 1, 
            "men try real hard to": 1, 
            "mine lay the bitch on": 1, 
            "more than what she wants": 1, 
            "now i'm feeling the feelin'": 1, 
            "now put 'er in the": 4, 
            "now take this dick now": 1, 
            "nut, your ass'll be screamin'": 1, 
            "of a fuck legs up": 1, 
            "on a sink wrap her": 1, 
            "on her back hold her": 1, 
            "on the bed, flat on": 1, 
            "one way to have a": 1, 
            "only one way to have": 1, 
            "open wide pushin' this dick": 1, 
            "or what you learned in": 1, 
            "position in sex that's done": 1, 
            "pushin' this dick from side": 1, 
            "pussy and make it mine": 1, 
            "pussy can't do it all": 1, 
            "pussy splak you can put": 1, 
            "pussy then break your backbone": 1, 
            "put 'er in the buck": 4, 
            "put her in the buck": 1, 
            "real hard to bust the": 1, 
            "real hard to do it": 1, 
            "screamin' now put 'er in": 1, 
            "sex that's done by the": 1, 
            "she wants like the doggystyle,": 1, 
            "side straight to the ceiling,": 1, 
            "side to side straight to": 1, 
            "sink wrap her legs 'round": 1, 
            "sittin' on a sink wrap": 1, 
            "so we try real hard": 1, 
            "splak you can put her": 1, 
            "stinkin' pussy can't do it": 1, 
            "straight to the ceiling, now": 1, 
            "take this dick now put": 1, 
            "than what she wants like": 1, 
            "that pussy and make it": 1, 
            "that's done by the masters": 1, 
            "that's open wide pushin' this": 1, 
            "the 69 or what you": 1, 
            "the bed, flat on her": 1, 
            "the bitch on the bed,": 1, 
            "the buck": 1, 
            "the buck by sittin' on": 1, 
            "the buck i'll break you": 1, 
            "the buck it's a position": 1, 
            "the buck it's the way": 1, 
            "the buck there's only one": 1, 
            "the ceiling, now i'm feeling": 1, 
            "the cunt 'cause all men": 1, 
            "the doggystyle, you get all": 1, 
            "the feelin' when i bust": 1, 
            "the intensity of a fuck": 1, 
            "the masters it ain't the": 1, 
            "the pussy splak you can": 1, 
            "the walls like this now": 1, 
            "the way to give her": 1, 
            "them legs that's open wide": 1, 
            "then break your backbone i'll": 1, 
            "there's only one way to": 1, 
            "this dick from side to": 1, 
            "this dick now put 'er": 1, 
            "this now put 'er in": 1, 
            "time fuck that pussy and": 1, 
            "to abuse it a big": 1, 
            "to bust the walls like": 1, 
            "to do it to have": 1, 
            "to give her more than": 1, 
            "to have a good time": 1, 
            "to have her walk in": 1, 
            "to side straight to the": 1, 
            "to the ceiling, now i'm": 1, 
            "try real hard to bust": 1, 
            "try real hard to do": 1, 
            "try to abuse it a": 1, 
            "up high, known as the": 1, 
            "up high, make the pussy": 1, 
            "walk in front and we": 1, 
            "walls like this now put": 1, 
            "wants like the doggystyle, you": 1, 
            "way to give her more": 1, 
            "way to have a good": 1, 
            "we try real hard to": 1, 
            "we try to abuse it": 1, 
            "what she wants like the": 1, 
            "what you learned in class": 1, 
            "when i bust a nut,": 1, 
            "wide pushin' this dick from": 1, 
            "wrap her legs 'round you,": 1, 
            "you can put her in": 1, 
            "you down and dick you": 1, 
            "you get all the cunt": 1, 
            "you learned in class it": 1, 
            "you long bust your pussy": 1, 
            "you, now take this dick": 1, 
            "your ass'll be screamin' now": 1, 
            "your backbone i'll go between": 1, 
            "your pussy then break your": 1
        }, 
        "6": {
            "": 816, 
            "'cause all men try real hard": 1, 
            "'er in the buck": 1, 
            "'er in the buck i'll break": 1, 
            "'er in the buck it's a": 1, 
            "'er in the buck there's only": 1, 
            "'round you, now take this dick": 1, 
            "69 or what you learned in": 1, 
            "a big stinkin' pussy can't do": 1, 
            "a fuck legs up high, known": 1, 
            "a good time fuck that pussy": 1, 
            "a nut, your ass'll be screamin'": 1, 
            "a position in sex that's done": 1, 
            "a sink wrap her legs 'round": 1, 
            "abuse it a big stinkin' pussy": 1, 
            "ain't the 69 or what you": 1, 
            "all men try real hard to": 1, 
            "all so we try real hard": 1, 
            "all the cunt 'cause all men": 1, 
            "and dick you long bust your": 1, 
            "and make it mine lay the": 1, 
            "and we try to abuse it": 1, 
            "as the buck it's the way": 1, 
            "ass'll be screamin' now put 'er": 1, 
            "back hold her legs up high,": 1, 
            "backbone i'll go between them legs": 1, 
            "be screamin' now put 'er in": 1, 
            "bed, flat on her back hold": 1, 
            "between them legs that's open wide": 1, 
            "big stinkin' pussy can't do it": 1, 
            "bitch on the bed, flat on": 1, 
            "break you down and dick you": 1, 
            "break your backbone i'll go between": 1, 
            "buck": 1, 
            "buck by sittin' on a sink": 1, 
            "buck i'll break you down and": 1, 
            "buck it's a position in sex": 1, 
            "buck it's the way to give": 1, 
            "buck there's only one way to": 1, 
            "bust a nut, your ass'll be": 1, 
            "bust the walls like this now": 1, 
            "bust your pussy then break your": 1, 
            "by sittin' on a sink wrap": 1, 
            "by the masters it ain't the": 1, 
            "can put her in the buck": 1, 
            "can't do it all so we": 1, 
            "ceiling, now i'm feeling the feelin'": 1, 
            "class it increases the intensity of": 1, 
            "cunt 'cause all men try real": 1, 
            "dick from side to side straight": 1, 
            "dick now put 'er in the": 1, 
            "dick you long bust your pussy": 1, 
            "do it all so we try": 1, 
            "do it to have her walk": 1, 
            "doggystyle, you get all the cunt": 1, 
            "done by the masters it ain't": 1, 
            "down and dick you long bust": 1, 
            "feelin' when i bust a nut,": 1, 
            "feeling the feelin' when i bust": 1, 
            "flat on her back hold her": 1, 
            "from side to side straight to": 1, 
            "front and we try to abuse": 1, 
            "fuck legs up high, known as": 1, 
            "fuck that pussy and make it": 1, 
            "get all the cunt 'cause all": 1, 
            "give her more than what she": 1, 
            "go between them legs that's open": 1, 
            "good time fuck that pussy and": 1, 
            "hard to bust the walls like": 1, 
            "hard to do it to have": 1, 
            "have a good time fuck that": 1, 
            "have her walk in front and": 1, 
            "her back hold her legs up": 1, 
            "her in the buck by sittin'": 1, 
            "her legs 'round you, now take": 1, 
            "her legs up high, make the": 1, 
            "her more than what she wants": 1, 
            "her walk in front and we": 1, 
            "high, known as the buck it's": 1, 
            "high, make the pussy splak you": 1, 
            "hold her legs up high, make": 1, 
            "i bust a nut, your ass'll": 1, 
            "i'll break you down and dick": 1, 
            "i'll go between them legs that's": 1, 
            "i'm feeling the feelin' when i": 1, 
            "in class it increases the intensity": 1, 
            "in front and we try to": 1, 
            "in sex that's done by the": 1, 
            "in the buck": 1, 
            "in the buck by sittin' on": 1, 
            "in the buck i'll break you": 1, 
            "in the buck it's a position": 1, 
            "in the buck there's only one": 1, 
            "increases the intensity of a fuck": 1, 
            "intensity of a fuck legs up": 1, 
            "it a big stinkin' pussy can't": 1, 
            "it ain't the 69 or what": 1, 
            "it all so we try real": 1, 
            "it increases the intensity of a": 1, 
            "it mine lay the bitch on": 1, 
            "it to have her walk in": 1, 
            "it's a position in sex that's": 1, 
            "it's the way to give her": 1, 
            "known as the buck it's the": 1, 
            "lay the bitch on the bed,": 1, 
            "learned in class it increases the": 1, 
            "legs 'round you, now take this": 1, 
            "legs that's open wide pushin' this": 1, 
            "legs up high, known as the": 1, 
            "legs up high, make the pussy": 1, 
            "like the doggystyle, you get all": 1, 
            "like this now put 'er in": 1, 
            "long bust your pussy then break": 1, 
            "make it mine lay the bitch": 1, 
            "make the pussy splak you can": 1, 
            "masters it ain't the 69 or": 1, 
            "men try real hard to do": 1, 
            "mine lay the bitch on the": 1, 
            "more than what she wants like": 1, 
            "now i'm feeling the feelin' when": 1, 
            "now put 'er in the buck": 4, 
            "now take this dick now put": 1, 
            "nut, your ass'll be screamin' now": 1, 
            "of a fuck legs up high,": 1, 
            "on a sink wrap her legs": 1, 
            "on her back hold her legs": 1, 
            "on the bed, flat on her": 1, 
            "one way to have a good": 1, 
            "only one way to have a": 1, 
            "open wide pushin' this dick from": 1, 
            "or what you learned in class": 1, 
            "position in sex that's done by": 1, 
            "pushin' this dick from side to": 1, 
            "pussy and make it mine lay": 1, 
            "pussy can't do it all so": 1, 
            "pussy splak you can put her": 1, 
            "pussy then break your backbone i'll": 1, 
            "put 'er in the buck": 1, 
            "put 'er in the buck i'll": 1, 
            "put 'er in the buck it's": 1, 
            "put 'er in the buck there's": 1, 
            "put her in the buck by": 1, 
            "real hard to bust the walls": 1, 
            "real hard to do it to": 1, 
            "screamin' now put 'er in the": 1, 
            "sex that's done by the masters": 1, 
            "she wants like the doggystyle, you": 1, 
            "side straight to the ceiling, now": 1, 
            "side to side straight to the": 1, 
            "sink wrap her legs 'round you,": 1, 
            "sittin' on a sink wrap her": 1, 
            "so we try real hard to": 1, 
            "splak you can put her in": 1, 
            "stinkin' pussy can't do it all": 1, 
            "straight to the ceiling, now i'm": 1, 
            "take this dick now put 'er": 1, 
            "than what she wants like the": 1, 
            "that pussy and make it mine": 1, 
            "that's done by the masters it": 1, 
            "that's open wide pushin' this dick": 1, 
            "the 69 or what you learned": 1, 
            "the bed, flat on her back": 1, 
            "the bitch on the bed, flat": 1, 
            "the buck": 1, 
            "the buck by sittin' on a": 1, 
            "the buck i'll break you down": 1, 
            "the buck it's a position in": 1, 
            "the buck it's the way to": 1, 
            "the buck there's only one way": 1, 
            "the ceiling, now i'm feeling the": 1, 
            "the cunt 'cause all men try": 1, 
            "the doggystyle, you get all the": 1, 
            "the feelin' when i bust a": 1, 
            "the intensity of a fuck legs": 1, 
            "the masters it ain't the 69": 1, 
            "the pussy splak you can put": 1, 
            "the walls like this now put": 1, 
            "the way to give her more": 1, 
            "them legs that's open wide pushin'": 1, 
            "then break your backbone i'll go": 1, 
            "there's only one way to have": 1, 
            "this dick from side to side": 1, 
            "this dick now put 'er in": 1, 
            "this now put 'er in the": 1, 
            "time fuck that pussy and make": 1, 
            "to abuse it a big stinkin'": 1, 
            "to bust the walls like this": 1, 
            "to do it to have her": 1, 
            "to give her more than what": 1, 
            "to have a good time fuck": 1, 
            "to have her walk in front": 1, 
            "to side straight to the ceiling,": 1, 
            "to the ceiling, now i'm feeling": 1, 
            "try real hard to bust the": 1, 
            "try real hard to do it": 1, 
            "try to abuse it a big": 1, 
            "up high, known as the buck": 1, 
            "up high, make the pussy splak": 1, 
            "walk in front and we try": 1, 
            "walls like this now put 'er": 1, 
            "wants like the doggystyle, you get": 1, 
            "way to give her more than": 1, 
            "way to have a good time": 1, 
            "we try real hard to bust": 1, 
            "we try to abuse it a": 1, 
            "what she wants like the doggystyle,": 1, 
            "what you learned in class it": 1, 
            "when i bust a nut, your": 1, 
            "wide pushin' this dick from side": 1, 
            "wrap her legs 'round you, now": 1, 
            "you can put her in the": 1, 
            "you down and dick you long": 1, 
            "you get all the cunt 'cause": 1, 
            "you learned in class it increases": 1, 
            "you long bust your pussy then": 1, 
            "you, now take this dick now": 1, 
            "your ass'll be screamin' now put": 1, 
            "your backbone i'll go between them": 1, 
            "your pussy then break your backbone": 1
        }, 
        "7": {
            "": 815, 
            "'cause all men try real hard to": 1, 
            "'er in the buck": 1, 
            "'er in the buck i'll break you": 1, 
            "'er in the buck it's a position": 1, 
            "'er in the buck there's only one": 1, 
            "'round you, now take this dick now": 1, 
            "69 or what you learned in class": 1, 
            "a big stinkin' pussy can't do it": 1, 
            "a fuck legs up high, known as": 1, 
            "a good time fuck that pussy and": 1, 
            "a nut, your ass'll be screamin' now": 1, 
            "a position in sex that's done by": 1, 
            "a sink wrap her legs 'round you,": 1, 
            "abuse it a big stinkin' pussy can't": 1, 
            "ain't the 69 or what you learned": 1, 
            "all men try real hard to do": 1, 
            "all so we try real hard to": 1, 
            "all the cunt 'cause all men try": 1, 
            "and dick you long bust your pussy": 1, 
            "and make it mine lay the bitch": 1, 
            "and we try to abuse it a": 1, 
            "as the buck it's the way to": 1, 
            "ass'll be screamin' now put 'er in": 1, 
            "back hold her legs up high, make": 1, 
            "backbone i'll go between them legs that's": 1, 
            "be screamin' now put 'er in the": 1, 
            "bed, flat on her back hold her": 1, 
            "between them legs that's open wide pushin'": 1, 
            "big stinkin' pussy can't do it all": 1, 
            "bitch on the bed, flat on her": 1, 
            "break you down and dick you long": 1, 
            "break your backbone i'll go between them": 1, 
            "buck": 1, 
            "buck by sittin' on a sink wrap": 1, 
            "buck i'll break you down and dick": 1, 
            "buck it's a position in sex that's": 1, 
            "buck it's the way to give her": 1, 
            "buck there's only one way to have": 1, 
            "bust a nut, your ass'll be screamin'": 1, 
            "bust the walls like this now put": 1, 
            "bust your pussy then break your backbone": 1, 
            "by sittin' on a sink wrap her": 1, 
            "by the masters it ain't the 69": 1, 
            "can put her in the buck by": 1, 
            "can't do it all so we try": 1, 
            "ceiling, now i'm feeling the feelin' when": 1, 
            "class it increases the intensity of a": 1, 
            "cunt 'cause all men try real hard": 1, 
            "dick from side to side straight to": 1, 
            "dick now put 'er in the buck": 1, 
            "dick you long bust your pussy then": 1, 
            "do it all so we try real": 1, 
            "do it to have her walk in": 1, 
            "doggystyle, you get all the cunt 'cause": 1, 
            "done by the masters it ain't the": 1, 
            "down and dick you long bust your": 1, 
            "feelin' when i bust a nut, your": 1, 
            "feeling the feelin' when i bust a": 1, 
            "flat on her back hold her legs": 1, 
            "from side to side straight to the": 1, 
            "front and we try to abuse it": 1, 
            "fuck legs up high, known as the": 1, 
            "fuck that pussy and make it mine": 1, 
            "get all the cunt 'cause all men": 1, 
            "give her more than what she wants": 1, 
            "go between them legs that's open wide": 1, 
            "good time fuck that pussy and make": 1, 
            "hard to bust the walls like this": 1, 
            "hard to do it to have her": 1, 
            "have a good time fuck that pussy": 1, 
            "have her walk in front and we": 1, 
            "her back hold her legs up high,": 1, 
            "her in the buck by sittin' on": 1, 
            "her legs 'round you, now take this": 1, 
            "her legs up high, make the pussy": 1, 
            "her more than what she wants like": 1, 
            "her walk in front and we try": 1, 
            "high, known as the buck it's the": 1, 
            "high, make the pussy splak you can": 1, 
            "hold her legs up high, make the": 1, 
            "i bust a nut, your ass'll be": 1, 
            "i'll break you down and dick you": 1, 
            "i'll go between them legs that's open": 1, 
            "i'm feeling the feelin' when i bust": 1, 
            "in class it increases the intensity of": 1, 
            "in front and we try to abuse": 1, 
            "in sex that's done by the masters": 1, 
            "in the buck": 1, 
            "in the buck by sittin' on a": 1, 
            "in the buck i'll break you down": 1, 
            "in the buck it's a position in": 1, 
            "in the buck there's only one way": 1, 
            "increases the intensity of a fuck legs": 1, 
            "intensity of a fuck legs up high,": 1, 
            "it a big stinkin' pussy can't do": 1, 
            "it ain't the 69 or what you": 1, 
            "it all so we try real hard": 1, 
            "it increases the intensity of a fuck": 1, 
            "it mine lay the bitch on the": 1, 
            "it to have her walk in front": 1, 
            "it's a position in sex that's done": 1, 
            "it's the way to give her more": 1, 
            "known as the buck it's the way": 1, 
            "lay the bitch on the bed, flat": 1, 
            "learned in class it increases the intensity": 1, 
            "legs 'round you, now take this dick": 1, 
            "legs that's open wide pushin' this dick": 1, 
            "legs up high, known as the buck": 1, 
            "legs up high, make the pussy splak": 1, 
            "like the doggystyle, you get all the": 1, 
            "like this now put 'er in the": 1, 
            "long bust your pussy then break your": 1, 
            "make it mine lay the bitch on": 1, 
            "make the pussy splak you can put": 1, 
            "masters it ain't the 69 or what": 1, 
            "men try real hard to do it": 1, 
            "mine lay the bitch on the bed,": 1, 
            "more than what she wants like the": 1, 
            "now i'm feeling the feelin' when i": 1, 
            "now put 'er in the buck": 1, 
            "now put 'er in the buck i'll": 1, 
            "now put 'er in the buck it's": 1, 
            "now put 'er in the buck there's": 1, 
            "now take this dick now put 'er": 1, 
            "nut, your ass'll be screamin' now put": 1, 
            "of a fuck legs up high, known": 1, 
            "on a sink wrap her legs 'round": 1, 
            "on her back hold her legs up": 1, 
            "on the bed, flat on her back": 1, 
            "one way to have a good time": 1, 
            "only one way to have a good": 1, 
            "open wide pushin' this dick from side": 1, 
            "or what you learned in class it": 1, 
            "position in sex that's done by the": 1, 
            "pushin' this dick from side to side": 1, 
            "pussy and make it mine lay the": 1, 
            "pussy can't do it all so we": 1, 
            "pussy splak you can put her in": 1, 
            "pussy then break your backbone i'll go": 1, 
            "put 'er in the buck": 1, 
            "put 'er in the buck i'll break": 1, 
            "put 'er in the buck it's a": 1, 
            "put 'er in the buck there's only": 1, 
            "put her in the buck by sittin'": 1, 
            "real hard to bust the walls like": 1, 
            "real hard to do it to have": 1, 
            "screamin' now put 'er in the buck": 1, 
            "sex that's done by the masters it": 1, 
            "she wants like the doggystyle, you get": 1, 
            "side straight to the ceiling, now i'm": 1, 
            "side to side straight to the ceiling,": 1, 
            "sink wrap her legs 'round you, now": 1, 
            "sittin' on a sink wrap her legs": 1, 
            "so we try real hard to bust": 1, 
            "splak you can put her in the": 1, 
            "stinkin' pussy can't do it all so": 1, 
            "straight to the ceiling, now i'm feeling": 1, 
            "take this dick now put 'er in": 1, 
            "than what she wants like the doggystyle,": 1, 
            "that pussy and make it mine lay": 1, 
            "that's done by the masters it ain't": 1, 
            "that's open wide pushin' this dick from": 1, 
            "the 69 or what you learned in": 1, 
            "the bed, flat on her back hold": 1, 
            "the bitch on the bed, flat on": 1, 
            "the buck": 1, 
            "the buck by sittin' on a sink": 1, 
            "the buck i'll break you down and": 1, 
            "the buck it's a position in sex": 1, 
            "the buck it's the way to give": 1, 
            "the buck there's only one way to": 1, 
            "the ceiling, now i'm feeling the feelin'": 1, 
            "the cunt 'cause all men try real": 1, 
            "the doggystyle, you get all the cunt": 1, 
            "the feelin' when i bust a nut,": 1, 
            "the intensity of a fuck legs up": 1, 
            "the masters it ain't the 69 or": 1, 
            "the pussy splak you can put her": 1, 
            "the walls like this now put 'er": 1, 
            "the way to give her more than": 1, 
            "them legs that's open wide pushin' this": 1, 
            "then break your backbone i'll go between": 1, 
            "there's only one way to have a": 1, 
            "this dick from side to side straight": 1, 
            "this dick now put 'er in the": 1, 
            "this now put 'er in the buck": 1, 
            "time fuck that pussy and make it": 1, 
            "to abuse it a big stinkin' pussy": 1, 
            "to bust the walls like this now": 1, 
            "to do it to have her walk": 1, 
            "to give her more than what she": 1, 
            "to have a good time fuck that": 1, 
            "to have her walk in front and": 1, 
            "to side straight to the ceiling, now": 1, 
            "to the ceiling, now i'm feeling the": 1, 
            "try real hard to bust the walls": 1, 
            "try real hard to do it to": 1, 
            "try to abuse it a big stinkin'": 1, 
            "up high, known as the buck it's": 1, 
            "up high, make the pussy splak you": 1, 
            "walk in front and we try to": 1, 
            "walls like this now put 'er in": 1, 
            "wants like the doggystyle, you get all": 1, 
            "way to give her more than what": 1, 
            "way to have a good time fuck": 1, 
            "we try real hard to bust the": 1, 
            "we try to abuse it a big": 1, 
            "what she wants like the doggystyle, you": 1, 
            "what you learned in class it increases": 1, 
            "when i bust a nut, your ass'll": 1, 
            "wide pushin' this dick from side to": 1, 
            "wrap her legs 'round you, now take": 1, 
            "you can put her in the buck": 1, 
            "you down and dick you long bust": 1, 
            "you get all the cunt 'cause all": 1, 
            "you learned in class it increases the": 1, 
            "you long bust your pussy then break": 1, 
            "you, now take this dick now put": 1, 
            "your ass'll be screamin' now put 'er": 1, 
            "your backbone i'll go between them legs": 1, 
            "your pussy then break your backbone i'll": 1
        }, 
        "8": {
            "": 814, 
            "'cause all men try real hard to do": 1, 
            "'er in the buck": 1, 
            "'er in the buck i'll break you down": 1, 
            "'er in the buck it's a position in": 1, 
            "'er in the buck there's only one way": 1, 
            "'round you, now take this dick now put": 1, 
            "69 or what you learned in class it": 1, 
            "a big stinkin' pussy can't do it all": 1, 
            "a fuck legs up high, known as the": 1, 
            "a good time fuck that pussy and make": 1, 
            "a nut, your ass'll be screamin' now put": 1, 
            "a position in sex that's done by the": 1, 
            "a sink wrap her legs 'round you, now": 1, 
            "abuse it a big stinkin' pussy can't do": 1, 
            "ain't the 69 or what you learned in": 1, 
            "all men try real hard to do it": 1, 
            "all so we try real hard to bust": 1, 
            "all the cunt 'cause all men try real": 1, 
            "and dick you long bust your pussy then": 1, 
            "and make it mine lay the bitch on": 1, 
            "and we try to abuse it a big": 1, 
            "as the buck it's the way to give": 1, 
            "ass'll be screamin' now put 'er in the": 1, 
            "back hold her legs up high, make the": 1, 
            "backbone i'll go between them legs that's open": 1, 
            "be screamin' now put 'er in the buck": 1, 
            "bed, flat on her back hold her legs": 1, 
            "between them legs that's open wide pushin' this": 1, 
            "big stinkin' pussy can't do it all so": 1, 
            "bitch on the bed, flat on her back": 1, 
            "break you down and dick you long bust": 1, 
            "break your backbone i'll go between them legs": 1, 
            "buck": 1, 
            "buck by sittin' on a sink wrap her": 1, 
            "buck i'll break you down and dick you": 1, 
            "buck it's a position in sex that's done": 1, 
            "buck it's the way to give her more": 1, 
            "buck there's only one way to have a": 1, 
            "bust a nut, your ass'll be screamin' now": 1, 
            "bust the walls like this now put 'er": 1, 
            "bust your pussy then break your backbone i'll": 1, 
            "by sittin' on a sink wrap her legs": 1, 
            "by the masters it ain't the 69 or": 1, 
            "can put her in the buck by sittin'": 1, 
            "can't do it all so we try real": 1, 
            "ceiling, now i'm feeling the feelin' when i": 1, 
            "class it increases the intensity of a fuck": 1, 
            "cunt 'cause all men try real hard to": 1, 
            "dick from side to side straight to the": 1, 
            "dick now put 'er in the buck it's": 1, 
            "dick you long bust your pussy then break": 1, 
            "do it all so we try real hard": 1, 
            "do it to have her walk in front": 1, 
            "doggystyle, you get all the cunt 'cause all": 1, 
            "done by the masters it ain't the 69": 1, 
            "down and dick you long bust your pussy": 1, 
            "feelin' when i bust a nut, your ass'll": 1, 
            "feeling the feelin' when i bust a nut,": 1, 
            "flat on her back hold her legs up": 1, 
            "from side to side straight to the ceiling,": 1, 
            "front and we try to abuse it a": 1, 
            "fuck legs up high, known as the buck": 1, 
            "fuck that pussy and make it mine lay": 1, 
            "get all the cunt 'cause all men try": 1, 
            "give her more than what she wants like": 1, 
            "go between them legs that's open wide pushin'": 1, 
            "good time fuck that pussy and make it": 1, 
            "hard to bust the walls like this now": 1, 
            "hard to do it to have her walk": 1, 
            "have a good time fuck that pussy and": 1, 
            "have her walk in front and we try": 1, 
            "her back hold her legs up high, make": 1, 
            "her in the buck by sittin' on a": 1, 
            "her legs 'round you, now take this dick": 1, 
            "her legs up high, make the pussy splak": 1, 
            "her more than what she wants like the": 1, 
            "her walk in front and we try to": 1, 
            "high, known as the buck it's the way": 1, 
            "high, make the pussy splak you can put": 1, 
            "hold her legs up high, make the pussy": 1, 
            "i bust a nut, your ass'll be screamin'": 1, 
            "i'll break you down and dick you long": 1, 
            "i'll go between them legs that's open wide": 1, 
            "i'm feeling the feelin' when i bust a": 1, 
            "in class it increases the intensity of a": 1, 
            "in front and we try to abuse it": 1, 
            "in sex that's done by the masters it": 1, 
            "in the buck": 1, 
            "in the buck by sittin' on a sink": 1, 
            "in the buck i'll break you down and": 1, 
            "in the buck it's a position in sex": 1, 
            "in the buck there's only one way to": 1, 
            "increases the intensity of a fuck legs up": 1, 
            "intensity of a fuck legs up high, known": 1, 
            "it a big stinkin' pussy can't do it": 1, 
            "it ain't the 69 or what you learned": 1, 
            "it all so we try real hard to": 1, 
            "it increases the intensity of a fuck legs": 1, 
            "it mine lay the bitch on the bed,": 1, 
            "it to have her walk in front and": 1, 
            "it's a position in sex that's done by": 1, 
            "it's the way to give her more than": 1, 
            "known as the buck it's the way to": 1, 
            "lay the bitch on the bed, flat on": 1, 
            "learned in class it increases the intensity of": 1, 
            "legs 'round you, now take this dick now": 1, 
            "legs that's open wide pushin' this dick from": 1, 
            "legs up high, known as the buck it's": 1, 
            "legs up high, make the pussy splak you": 1, 
            "like the doggystyle, you get all the cunt": 1, 
            "like this now put 'er in the buck": 1, 
            "long bust your pussy then break your backbone": 1, 
            "make it mine lay the bitch on the": 1, 
            "make the pussy splak you can put her": 1, 
            "masters it ain't the 69 or what you": 1, 
            "men try real hard to do it to": 1, 
            "mine lay the bitch on the bed, flat": 1, 
            "more than what she wants like the doggystyle,": 1, 
            "now i'm feeling the feelin' when i bust": 1, 
            "now put 'er in the buck": 1, 
            "now put 'er in the buck i'll break": 1, 
            "now put 'er in the buck it's a": 1, 
            "now put 'er in the buck there's only": 1, 
            "now take this dick now put 'er in": 1, 
            "nut, your ass'll be screamin' now put 'er": 1, 
            "of a fuck legs up high, known as": 1, 
            "on a sink wrap her legs 'round you,": 1, 
            "on her back hold her legs up high,": 1, 
            "on the bed, flat on her back hold": 1, 
            "one way to have a good time fuck": 1, 
            "only one way to have a good time": 1, 
            "open wide pushin' this dick from side to": 1, 
            "or what you learned in class it increases": 1, 
            "position in sex that's done by the masters": 1, 
            "pushin' this dick from side to side straight": 1, 
            "pussy and make it mine lay the bitch": 1, 
            "pussy can't do it all so we try": 1, 
            "pussy splak you can put her in the": 1, 
            "pussy then break your backbone i'll go between": 1, 
            "put 'er in the buck": 1, 
            "put 'er in the buck i'll break you": 1, 
            "put 'er in the buck it's a position": 1, 
            "put 'er in the buck there's only one": 1, 
            "put her in the buck by sittin' on": 1, 
            "real hard to bust the walls like this": 1, 
            "real hard to do it to have her": 1, 
            "screamin' now put 'er in the buck": 1, 
            "sex that's done by the masters it ain't": 1, 
            "she wants like the doggystyle, you get all": 1, 
            "side straight to the ceiling, now i'm feeling": 1, 
            "side to side straight to the ceiling, now": 1, 
            "sink wrap her legs 'round you, now take": 1, 
            "sittin' on a sink wrap her legs 'round": 1, 
            "so we try real hard to bust the": 1, 
            "splak you can put her in the buck": 1, 
            "stinkin' pussy can't do it all so we": 1, 
            "straight to the ceiling, now i'm feeling the": 1, 
            "take this dick now put 'er in the": 1, 
            "than what she wants like the doggystyle, you": 1, 
            "that pussy and make it mine lay the": 1, 
            "that's done by the masters it ain't the": 1, 
            "that's open wide pushin' this dick from side": 1, 
            "the 69 or what you learned in class": 1, 
            "the bed, flat on her back hold her": 1, 
            "the bitch on the bed, flat on her": 1, 
            "the buck": 1, 
            "the buck by sittin' on a sink wrap": 1, 
            "the buck i'll break you down and dick": 1, 
            "the buck it's a position in sex that's": 1, 
            "the buck it's the way to give her": 1, 
            "the buck there's only one way to have": 1, 
            "the ceiling, now i'm feeling the feelin' when": 1, 
            "the cunt 'cause all men try real hard": 1, 
            "the doggystyle, you get all the cunt 'cause": 1, 
            "the feelin' when i bust a nut, your": 1, 
            "the intensity of a fuck legs up high,": 1, 
            "the masters it ain't the 69 or what": 1, 
            "the pussy splak you can put her in": 1, 
            "the walls like this now put 'er in": 1, 
            "the way to give her more than what": 1, 
            "them legs that's open wide pushin' this dick": 1, 
            "then break your backbone i'll go between them": 1, 
            "there's only one way to have a good": 1, 
            "this dick from side to side straight to": 1, 
            "this dick now put 'er in the buck": 1, 
            "this now put 'er in the buck i'll": 1, 
            "time fuck that pussy and make it mine": 1, 
            "to abuse it a big stinkin' pussy can't": 1, 
            "to bust the walls like this now put": 1, 
            "to do it to have her walk in": 1, 
            "to give her more than what she wants": 1, 
            "to have a good time fuck that pussy": 1, 
            "to have her walk in front and we": 1, 
            "to side straight to the ceiling, now i'm": 1, 
            "to the ceiling, now i'm feeling the feelin'": 1, 
            "try real hard to bust the walls like": 1, 
            "try real hard to do it to have": 1, 
            "try to abuse it a big stinkin' pussy": 1, 
            "up high, known as the buck it's the": 1, 
            "up high, make the pussy splak you can": 1, 
            "walk in front and we try to abuse": 1, 
            "walls like this now put 'er in the": 1, 
            "wants like the doggystyle, you get all the": 1, 
            "way to give her more than what she": 1, 
            "way to have a good time fuck that": 1, 
            "we try real hard to bust the walls": 1, 
            "we try to abuse it a big stinkin'": 1, 
            "what she wants like the doggystyle, you get": 1, 
            "what you learned in class it increases the": 1, 
            "when i bust a nut, your ass'll be": 1, 
            "wide pushin' this dick from side to side": 1, 
            "wrap her legs 'round you, now take this": 1, 
            "you can put her in the buck by": 1, 
            "you down and dick you long bust your": 1, 
            "you get all the cunt 'cause all men": 1, 
            "you learned in class it increases the intensity": 1, 
            "you long bust your pussy then break your": 1, 
            "you, now take this dick now put 'er": 1, 
            "your ass'll be screamin' now put 'er in": 1, 
            "your backbone i'll go between them legs that's": 1, 
            "your pussy then break your backbone i'll go": 1
        }
    }, 
    "song_title": "Put Her in the Buck", 
    "total_words": [
        221, 
        {
            "'cause": 1, 
            "'er": 4, 
            "'round": 1, 
            "69": 1, 
            "a": 6, 
            "abuse": 1, 
            "ain't": 1, 
            "all": 3, 
            "and": 3, 
            "as": 1, 
            "ass'll": 1, 
            "back": 1, 
            "backbone": 1, 
            "be": 1, 
            "bed,": 1, 
            "between": 1, 
            "big": 1, 
            "bitch": 1, 
            "break": 2, 
            "buck": 6, 
            "bust": 3, 
            "by": 2, 
            "can": 1, 
            "can't": 1, 
            "ceiling,": 1, 
            "class": 1, 
            "cunt": 1, 
            "dick": 3, 
            "do": 2, 
            "doggystyle,": 1, 
            "done": 1, 
            "down": 1, 
            "feelin'": 1, 
            "feeling": 1, 
            "flat": 1, 
            "from": 1, 
            "front": 1, 
            "fuck": 2, 
            "get": 1, 
            "give": 1, 
            "go": 1, 
            "good": 1, 
            "hard": 2, 
            "have": 2, 
            "her": 6, 
            "high,": 2, 
            "hold": 1, 
            "i": 1, 
            "i'll": 2, 
            "i'm": 1, 
            "in": 8, 
            "increases": 1, 
            "intensity": 1, 
            "it": 6, 
            "it's": 2, 
            "known": 1, 
            "lay": 1, 
            "learned": 1, 
            "legs": 4, 
            "like": 2, 
            "long": 1, 
            "make": 2, 
            "masters": 1, 
            "men": 1, 
            "mine": 1, 
            "more": 1, 
            "now": 6, 
            "nut,": 1, 
            "of": 1, 
            "on": 3, 
            "one": 1, 
            "only": 1, 
            "open": 1, 
            "or": 1, 
            "position": 1, 
            "pushin'": 1, 
            "pussy": 4, 
            "put": 5, 
            "real": 2, 
            "screamin'": 1, 
            "sex": 1, 
            "she": 1, 
            "side": 2, 
            "sink": 1, 
            "sittin'": 1, 
            "so": 1, 
            "splak": 1, 
            "stinkin'": 1, 
            "straight": 1, 
            "take": 1, 
            "than": 1, 
            "that": 1, 
            "that's": 2, 
            "the": 18, 
            "them": 1, 
            "then": 1, 
            "there's": 1, 
            "this": 3, 
            "time": 1, 
            "to": 8, 
            "try": 3, 
            "up": 2, 
            "walk": 1, 
            "walls": 1, 
            "wants": 1, 
            "way": 2, 
            "we": 2, 
            "what": 2, 
            "when": 1, 
            "wide": 1, 
            "wrap": 1, 
            "you": 5, 
            "you,": 1, 
            "your": 3
        }
    ], 
    "unique_words": [
        114, 
        [
            "'er", 
            "all", 
            "dick", 
            "sittin'", 
            "pussy", 
            "one", 
            "down", 
            "known", 
            "done", 
            "bitch", 
            "wrap", 
            "69", 
            "open", 
            "your", 
            "stinkin'", 
            "hold", 
            "from", 
            "sink", 
            "her", 
            "it's", 
            "ceiling,", 
            "bust", 
            "by", 
            "to", 
            "only", 
            "way", 
            "time", 
            "legs", 
            "more", 
            "wants", 
            "flat", 
            "them", 
            "good", 
            "that", 
            "big", 
            "fuck", 
            "break", 
            "increases", 
            "ain't", 
            "front", 
            "now", 
            "than", 
            "cunt", 
            "wide", 
            "masters", 
            "feelin'", 
            "like", 
            "this", 
            "straight", 
            "up", 
            "try", 
            "i", 
            "she", 
            "feeling", 
            "side", 
            "and", 
            "real", 
            "give", 
            "the", 
            "i'll", 
            "hard", 
            "back", 
            "sex", 
            "go", 
            "intensity", 
            "you,", 
            "high,", 
            "have", 
            "in", 
            "as", 
            "what", 
            "pushin'", 
            "mine", 
            "screamin'", 
            "make", 
            "get", 
            "when", 
            "bed,", 
            "walk", 
            "there's", 
            "take", 
            "then", 
            "between", 
            "doggystyle,", 
            "learned", 
            "can", 
            "be", 
            "splak", 
            "backbone", 
            "do", 
            "it", 
            "men", 
            "long", 
            "abuse", 
            "lay", 
            "'cause", 
            "ass'll", 
            "on", 
            "class", 
            "'round", 
            "a", 
            "buck", 
            "we", 
            "of", 
            "put", 
            "walls", 
            "nut,", 
            "so", 
            "you", 
            "position", 
            "i'm", 
            "or", 
            "can't", 
            "that's"
        ]
    ], 
    "year": 1989
}