{
    "album": "As Nasty as They Wanna Be", 
    "artist": "2 Live Crew", 
    "lyrics": "\"I know a place just down there two streets.\nBaby, they'll ask you no questions and give you clean sheets!\"\n\n\n\nWELCOME TO THE FUCK SHO-O-O-OP!\n\n\nThere's only one place where we can go\nWhere the price is right just to fuck a ho\nIt's always popular with the girls and the guys\n'Cause for all my money, it's the best buy\nTen dollars, two hours is the time of the stay\nIt's more than enough time to slay\nEach room has a bed and also a sink\nSo you can wash your dick after fucking the pink\nBut be careful of the things that you use'\nCause you can get arrested for sex abuse\nSo as you hit the door and the panties drop,\nWhole lot of suckin' and fuckin' at the Fuck Shop!\n\n\nPlease come inside, make yourself at home\nI want to fuck, 'cause my dick's on bone\nYou little whore behind closed doors\nYou would drink my cum and nothing more\nNow spread your wings open for the flight\nLet me fill you up with something milky and white\n'Cause I'm hopin' to slay you, rough and painful\nYou innocent bitch, don't be shameful\nBring out the ice cubes and the hot water\nThis is the second half, and not the second quarter\nI'll fuck you 'till you sleep; you'll sleep like a baby\nAnd in your dreams, you'll say I'm crazy\nIn the Fuck Shop!\n\nYOU'RE IN THE FUCK SHOP, BABEEEE!I WANNA SEE YOU FREAK!!\n\n\nIn the Fuck Shop! That's where it's at!\nIn the Fuck Shop! The place to splak!\nIn the Fuck Shop! Where all the boys go!\nIn the Fuck Shop! Fuckin' all the hoes!\n\n\n\nTHANK YOU FOR FUCKIN' AT THE FUCK SHO-O-O-OP!!\n", 
    "ngrams": {
        "2": {
            "": 1171, 
            "'cause for": 1, 
            "'cause i'm": 1, 
            "'cause my": 1, 
            "'till you": 1, 
            "a baby": 1, 
            "a bed": 1, 
            "a ho": 1, 
            "a place": 1, 
            "a sink": 1, 
            "abuse so": 1, 
            "after fucking": 1, 
            "all my": 1, 
            "all the": 2, 
            "also a": 1, 
            "always popular": 1, 
            "and also": 1, 
            "and fuckin'": 1, 
            "and give": 1, 
            "and in": 1, 
            "and not": 1, 
            "and nothing": 1, 
            "and painful": 1, 
            "and the": 3, 
            "and white": 1, 
            "arrested for": 1, 
            "as you": 1, 
            "ask you": 1, 
            "at home": 1, 
            "at in": 1, 
            "at the": 2, 
            "babeeeei wanna": 1, 
            "baby and": 1, 
            "baby, they'll": 1, 
            "be careful": 1, 
            "be shameful": 1, 
            "bed and": 1, 
            "behind closed": 1, 
            "best buy": 1, 
            "bitch, don't": 1, 
            "bone you": 1, 
            "boys go": 1, 
            "bring out": 1, 
            "but be": 1, 
            "buy ten": 1, 
            "can get": 1, 
            "can go": 1, 
            "can wash": 1, 
            "careful of": 1, 
            "cause you": 1, 
            "clean sheets": 1, 
            "closed doors": 1, 
            "come inside,": 1, 
            "crazy in": 1, 
            "cubes and": 1, 
            "cum and": 1, 
            "dick after": 1, 
            "dick's on": 1, 
            "dollars, two": 1, 
            "don't be": 1, 
            "door and": 1, 
            "doors you": 1, 
            "down there": 1, 
            "dreams, you'll": 1, 
            "drink my": 1, 
            "drop, whole": 1, 
            "each room": 1, 
            "enough time": 1, 
            "fill you": 1, 
            "flight let": 1, 
            "for all": 1, 
            "for fuckin'": 1, 
            "for sex": 1, 
            "for the": 1, 
            "freak in": 1, 
            "fuck a": 1, 
            "fuck sho-o-o-op": 2, 
            "fuck shop": 6, 
            "fuck shop,": 1, 
            "fuck you": 1, 
            "fuck, 'cause": 1, 
            "fuckin' all": 1, 
            "fuckin' at": 2, 
            "fucking the": 1, 
            "get arrested": 1, 
            "girls and": 1, 
            "give you": 1, 
            "go in": 1, 
            "go where": 1, 
            "guys 'cause": 1, 
            "half, and": 1, 
            "has a": 1, 
            "hit the": 1, 
            "ho it's": 1, 
            "hoes thank": 1, 
            "home i": 1, 
            "hopin' to": 1, 
            "hot water": 1, 
            "hours is": 1, 
            "i know": 1, 
            "i want": 1, 
            "i'll fuck": 1, 
            "i'm crazy": 1, 
            "i'm hopin'": 1, 
            "ice cubes": 1, 
            "in the": 6, 
            "in your": 1, 
            "innocent bitch,": 1, 
            "inside, make": 1, 
            "is right": 1, 
            "is the": 2, 
            "it's always": 1, 
            "it's at": 1, 
            "it's more": 1, 
            "it's the": 1, 
            "just down": 1, 
            "just to": 1, 
            "know a": 1, 
            "let me": 1, 
            "like a": 1, 
            "little whore": 1, 
            "lot of": 1, 
            "make yourself": 1, 
            "me fill": 1, 
            "milky and": 1, 
            "money, it's": 1, 
            "more now": 1, 
            "more than": 1, 
            "my cum": 1, 
            "my dick's": 1, 
            "my money,": 1, 
            "no questions": 1, 
            "not the": 1, 
            "nothing more": 1, 
            "now spread": 1, 
            "of suckin'": 1, 
            "of the": 2, 
            "on bone": 1, 
            "one place": 1, 
            "only one": 1, 
            "open for": 1, 
            "out the": 1, 
            "painful you": 1, 
            "panties drop,": 1, 
            "pink but": 1, 
            "place just": 1, 
            "place to": 1, 
            "place where": 1, 
            "please come": 1, 
            "popular with": 1, 
            "price is": 1, 
            "quarter i'll": 1, 
            "questions and": 1, 
            "right just": 1, 
            "room has": 1, 
            "rough and": 1, 
            "say i'm": 1, 
            "second half,": 1, 
            "second quarter": 1, 
            "see you": 1, 
            "sex abuse": 1, 
            "shameful bring": 1, 
            "sheets welcome": 1, 
            "sho-o-o-op": 1, 
            "sho-o-o-op there's": 1, 
            "shop fuckin'": 1, 
            "shop please": 1, 
            "shop that's": 1, 
            "shop the": 1, 
            "shop where": 1, 
            "shop you're": 1, 
            "shop, babeeeei": 1, 
            "sink so": 1, 
            "slay each": 1, 
            "slay you,": 1, 
            "sleep like": 1, 
            "sleep you'll": 1, 
            "so as": 1, 
            "so you": 1, 
            "something milky": 1, 
            "splak in": 1, 
            "spread your": 1, 
            "stay it's": 1, 
            "streets baby,": 1, 
            "suckin' and": 1, 
            "ten dollars,": 1, 
            "than enough": 1, 
            "thank you": 1, 
            "that you": 1, 
            "that's where": 1, 
            "the best": 1, 
            "the boys": 1, 
            "the door": 1, 
            "the flight": 1, 
            "the fuck": 9, 
            "the girls": 1, 
            "the guys": 1, 
            "the hoes": 1, 
            "the hot": 1, 
            "the ice": 1, 
            "the panties": 1, 
            "the pink": 1, 
            "the place": 1, 
            "the price": 1, 
            "the second": 2, 
            "the stay": 1, 
            "the things": 1, 
            "the time": 1, 
            "there two": 1, 
            "there's only": 1, 
            "they'll ask": 1, 
            "things that": 1, 
            "this is": 1, 
            "time of": 1, 
            "time to": 1, 
            "to fuck": 1, 
            "to fuck,": 1, 
            "to slay": 2, 
            "to splak": 1, 
            "to the": 1, 
            "two hours": 1, 
            "two streets": 1, 
            "up with": 1, 
            "use' cause": 1, 
            "wanna see": 1, 
            "want to": 1, 
            "wash your": 1, 
            "water this": 1, 
            "we can": 1, 
            "welcome to": 1, 
            "where all": 1, 
            "where it's": 1, 
            "where the": 1, 
            "where we": 1, 
            "white 'cause": 1, 
            "whole lot": 1, 
            "whore behind": 1, 
            "wings open": 1, 
            "with something": 1, 
            "with the": 1, 
            "would drink": 1, 
            "you 'till": 1, 
            "you can": 2, 
            "you clean": 1, 
            "you for": 1, 
            "you freak": 1, 
            "you hit": 1, 
            "you innocent": 1, 
            "you little": 1, 
            "you no": 1, 
            "you sleep": 1, 
            "you up": 1, 
            "you use'": 1, 
            "you would": 1, 
            "you'll say": 1, 
            "you'll sleep": 1, 
            "you're in": 1, 
            "you, rough": 1, 
            "your dick": 1, 
            "your dreams,": 1, 
            "your wings": 1, 
            "yourself at": 1
        }, 
        "3": {
            "": 1170, 
            "'cause for all": 1, 
            "'cause i'm hopin'": 1, 
            "'cause my dick's": 1, 
            "'till you sleep": 1, 
            "a baby and": 1, 
            "a bed and": 1, 
            "a ho it's": 1, 
            "a place just": 1, 
            "a sink so": 1, 
            "abuse so as": 1, 
            "after fucking the": 1, 
            "all my money,": 1, 
            "all the boys": 1, 
            "all the hoes": 1, 
            "also a sink": 1, 
            "always popular with": 1, 
            "and also a": 1, 
            "and fuckin' at": 1, 
            "and give you": 1, 
            "and in your": 1, 
            "and not the": 1, 
            "and nothing more": 1, 
            "and painful you": 1, 
            "and the guys": 1, 
            "and the hot": 1, 
            "and the panties": 1, 
            "and white 'cause": 1, 
            "arrested for sex": 1, 
            "as you hit": 1, 
            "ask you no": 1, 
            "at home i": 1, 
            "at in the": 1, 
            "at the fuck": 2, 
            "babeeeei wanna see": 1, 
            "baby and in": 1, 
            "baby, they'll ask": 1, 
            "be careful of": 1, 
            "be shameful bring": 1, 
            "bed and also": 1, 
            "behind closed doors": 1, 
            "best buy ten": 1, 
            "bitch, don't be": 1, 
            "bone you little": 1, 
            "boys go in": 1, 
            "bring out the": 1, 
            "but be careful": 1, 
            "buy ten dollars,": 1, 
            "can get arrested": 1, 
            "can go where": 1, 
            "can wash your": 1, 
            "careful of the": 1, 
            "cause you can": 1, 
            "clean sheets welcome": 1, 
            "closed doors you": 1, 
            "come inside, make": 1, 
            "crazy in the": 1, 
            "cubes and the": 1, 
            "cum and nothing": 1, 
            "dick after fucking": 1, 
            "dick's on bone": 1, 
            "dollars, two hours": 1, 
            "don't be shameful": 1, 
            "door and the": 1, 
            "doors you would": 1, 
            "down there two": 1, 
            "dreams, you'll say": 1, 
            "drink my cum": 1, 
            "drop, whole lot": 1, 
            "each room has": 1, 
            "enough time to": 1, 
            "fill you up": 1, 
            "flight let me": 1, 
            "for all my": 1, 
            "for fuckin' at": 1, 
            "for sex abuse": 1, 
            "for the flight": 1, 
            "freak in the": 1, 
            "fuck a ho": 1, 
            "fuck sho-o-o-op": 1, 
            "fuck sho-o-o-op there's": 1, 
            "fuck shop fuckin'": 1, 
            "fuck shop please": 1, 
            "fuck shop that's": 1, 
            "fuck shop the": 1, 
            "fuck shop where": 1, 
            "fuck shop you're": 1, 
            "fuck shop, babeeeei": 1, 
            "fuck you 'till": 1, 
            "fuck, 'cause my": 1, 
            "fuckin' all the": 1, 
            "fuckin' at the": 2, 
            "fucking the pink": 1, 
            "get arrested for": 1, 
            "girls and the": 1, 
            "give you clean": 1, 
            "go in the": 1, 
            "go where the": 1, 
            "guys 'cause for": 1, 
            "half, and not": 1, 
            "has a bed": 1, 
            "hit the door": 1, 
            "ho it's always": 1, 
            "hoes thank you": 1, 
            "home i want": 1, 
            "hopin' to slay": 1, 
            "hot water this": 1, 
            "hours is the": 1, 
            "i know a": 1, 
            "i want to": 1, 
            "i'll fuck you": 1, 
            "i'm crazy in": 1, 
            "i'm hopin' to": 1, 
            "ice cubes and": 1, 
            "in the fuck": 6, 
            "in your dreams,": 1, 
            "innocent bitch, don't": 1, 
            "inside, make yourself": 1, 
            "is right just": 1, 
            "is the second": 1, 
            "is the time": 1, 
            "it's always popular": 1, 
            "it's at in": 1, 
            "it's more than": 1, 
            "it's the best": 1, 
            "just down there": 1, 
            "just to fuck": 1, 
            "know a place": 1, 
            "let me fill": 1, 
            "like a baby": 1, 
            "little whore behind": 1, 
            "lot of suckin'": 1, 
            "make yourself at": 1, 
            "me fill you": 1, 
            "milky and white": 1, 
            "money, it's the": 1, 
            "more now spread": 1, 
            "more than enough": 1, 
            "my cum and": 1, 
            "my dick's on": 1, 
            "my money, it's": 1, 
            "no questions and": 1, 
            "not the second": 1, 
            "nothing more now": 1, 
            "now spread your": 1, 
            "of suckin' and": 1, 
            "of the stay": 1, 
            "of the things": 1, 
            "on bone you": 1, 
            "one place where": 1, 
            "only one place": 1, 
            "open for the": 1, 
            "out the ice": 1, 
            "painful you innocent": 1, 
            "panties drop, whole": 1, 
            "pink but be": 1, 
            "place just down": 1, 
            "place to splak": 1, 
            "place where we": 1, 
            "please come inside,": 1, 
            "popular with the": 1, 
            "price is right": 1, 
            "quarter i'll fuck": 1, 
            "questions and give": 1, 
            "right just to": 1, 
            "room has a": 1, 
            "rough and painful": 1, 
            "say i'm crazy": 1, 
            "second half, and": 1, 
            "second quarter i'll": 1, 
            "see you freak": 1, 
            "sex abuse so": 1, 
            "shameful bring out": 1, 
            "sheets welcome to": 1, 
            "sho-o-o-op": 1, 
            "sho-o-o-op there's only": 1, 
            "shop fuckin' all": 1, 
            "shop please come": 1, 
            "shop that's where": 1, 
            "shop the place": 1, 
            "shop where all": 1, 
            "shop you're in": 1, 
            "shop, babeeeei wanna": 1, 
            "sink so you": 1, 
            "slay each room": 1, 
            "slay you, rough": 1, 
            "sleep like a": 1, 
            "sleep you'll sleep": 1, 
            "so as you": 1, 
            "so you can": 1, 
            "something milky and": 1, 
            "splak in the": 1, 
            "spread your wings": 1, 
            "stay it's more": 1, 
            "streets baby, they'll": 1, 
            "suckin' and fuckin'": 1, 
            "ten dollars, two": 1, 
            "than enough time": 1, 
            "thank you for": 1, 
            "that you use'": 1, 
            "that's where it's": 1, 
            "the best buy": 1, 
            "the boys go": 1, 
            "the door and": 1, 
            "the flight let": 1, 
            "the fuck sho-o-o-op": 2, 
            "the fuck shop": 6, 
            "the fuck shop,": 1, 
            "the girls and": 1, 
            "the guys 'cause": 1, 
            "the hoes thank": 1, 
            "the hot water": 1, 
            "the ice cubes": 1, 
            "the panties drop,": 1, 
            "the pink but": 1, 
            "the place to": 1, 
            "the price is": 1, 
            "the second half,": 1, 
            "the second quarter": 1, 
            "the stay it's": 1, 
            "the things that": 1, 
            "the time of": 1, 
            "there two streets": 1, 
            "there's only one": 1, 
            "they'll ask you": 1, 
            "things that you": 1, 
            "this is the": 1, 
            "time of the": 1, 
            "time to slay": 1, 
            "to fuck a": 1, 
            "to fuck, 'cause": 1, 
            "to slay each": 1, 
            "to slay you,": 1, 
            "to splak in": 1, 
            "to the fuck": 1, 
            "two hours is": 1, 
            "two streets baby,": 1, 
            "up with something": 1, 
            "use' cause you": 1, 
            "wanna see you": 1, 
            "want to fuck,": 1, 
            "wash your dick": 1, 
            "water this is": 1, 
            "we can go": 1, 
            "welcome to the": 1, 
            "where all the": 1, 
            "where it's at": 1, 
            "where the price": 1, 
            "where we can": 1, 
            "white 'cause i'm": 1, 
            "whole lot of": 1, 
            "whore behind closed": 1, 
            "wings open for": 1, 
            "with something milky": 1, 
            "with the girls": 1, 
            "would drink my": 1, 
            "you 'till you": 1, 
            "you can get": 1, 
            "you can wash": 1, 
            "you clean sheets": 1, 
            "you for fuckin'": 1, 
            "you freak in": 1, 
            "you hit the": 1, 
            "you innocent bitch,": 1, 
            "you little whore": 1, 
            "you no questions": 1, 
            "you sleep you'll": 1, 
            "you up with": 1, 
            "you use' cause": 1, 
            "you would drink": 1, 
            "you'll say i'm": 1, 
            "you'll sleep like": 1, 
            "you're in the": 1, 
            "you, rough and": 1, 
            "your dick after": 1, 
            "your dreams, you'll": 1, 
            "your wings open": 1, 
            "yourself at home": 1
        }, 
        "4": {
            "": 1169, 
            "'cause for all my": 1, 
            "'cause i'm hopin' to": 1, 
            "'cause my dick's on": 1, 
            "'till you sleep you'll": 1, 
            "a baby and in": 1, 
            "a bed and also": 1, 
            "a ho it's always": 1, 
            "a place just down": 1, 
            "a sink so you": 1, 
            "abuse so as you": 1, 
            "after fucking the pink": 1, 
            "all my money, it's": 1, 
            "all the boys go": 1, 
            "all the hoes thank": 1, 
            "also a sink so": 1, 
            "always popular with the": 1, 
            "and also a sink": 1, 
            "and fuckin' at the": 1, 
            "and give you clean": 1, 
            "and in your dreams,": 1, 
            "and not the second": 1, 
            "and nothing more now": 1, 
            "and painful you innocent": 1, 
            "and the guys 'cause": 1, 
            "and the hot water": 1, 
            "and the panties drop,": 1, 
            "and white 'cause i'm": 1, 
            "arrested for sex abuse": 1, 
            "as you hit the": 1, 
            "ask you no questions": 1, 
            "at home i want": 1, 
            "at in the fuck": 1, 
            "at the fuck sho-o-o-op": 1, 
            "at the fuck shop": 1, 
            "babeeeei wanna see you": 1, 
            "baby and in your": 1, 
            "baby, they'll ask you": 1, 
            "be careful of the": 1, 
            "be shameful bring out": 1, 
            "bed and also a": 1, 
            "behind closed doors you": 1, 
            "best buy ten dollars,": 1, 
            "bitch, don't be shameful": 1, 
            "bone you little whore": 1, 
            "boys go in the": 1, 
            "bring out the ice": 1, 
            "but be careful of": 1, 
            "buy ten dollars, two": 1, 
            "can get arrested for": 1, 
            "can go where the": 1, 
            "can wash your dick": 1, 
            "careful of the things": 1, 
            "cause you can get": 1, 
            "clean sheets welcome to": 1, 
            "closed doors you would": 1, 
            "come inside, make yourself": 1, 
            "crazy in the fuck": 1, 
            "cubes and the hot": 1, 
            "cum and nothing more": 1, 
            "dick after fucking the": 1, 
            "dick's on bone you": 1, 
            "dollars, two hours is": 1, 
            "don't be shameful bring": 1, 
            "door and the panties": 1, 
            "doors you would drink": 1, 
            "down there two streets": 1, 
            "dreams, you'll say i'm": 1, 
            "drink my cum and": 1, 
            "drop, whole lot of": 1, 
            "each room has a": 1, 
            "enough time to slay": 1, 
            "fill you up with": 1, 
            "flight let me fill": 1, 
            "for all my money,": 1, 
            "for fuckin' at the": 1, 
            "for sex abuse so": 1, 
            "for the flight let": 1, 
            "freak in the fuck": 1, 
            "fuck a ho it's": 1, 
            "fuck sho-o-o-op": 1, 
            "fuck sho-o-o-op there's only": 1, 
            "fuck shop fuckin' all": 1, 
            "fuck shop please come": 1, 
            "fuck shop that's where": 1, 
            "fuck shop the place": 1, 
            "fuck shop where all": 1, 
            "fuck shop you're in": 1, 
            "fuck shop, babeeeei wanna": 1, 
            "fuck you 'till you": 1, 
            "fuck, 'cause my dick's": 1, 
            "fuckin' all the hoes": 1, 
            "fuckin' at the fuck": 2, 
            "fucking the pink but": 1, 
            "get arrested for sex": 1, 
            "girls and the guys": 1, 
            "give you clean sheets": 1, 
            "go in the fuck": 1, 
            "go where the price": 1, 
            "guys 'cause for all": 1, 
            "half, and not the": 1, 
            "has a bed and": 1, 
            "hit the door and": 1, 
            "ho it's always popular": 1, 
            "hoes thank you for": 1, 
            "home i want to": 1, 
            "hopin' to slay you,": 1, 
            "hot water this is": 1, 
            "hours is the time": 1, 
            "i know a place": 1, 
            "i want to fuck,": 1, 
            "i'll fuck you 'till": 1, 
            "i'm crazy in the": 1, 
            "i'm hopin' to slay": 1, 
            "ice cubes and the": 1, 
            "in the fuck shop": 5, 
            "in the fuck shop,": 1, 
            "in your dreams, you'll": 1, 
            "innocent bitch, don't be": 1, 
            "inside, make yourself at": 1, 
            "is right just to": 1, 
            "is the second half,": 1, 
            "is the time of": 1, 
            "it's always popular with": 1, 
            "it's at in the": 1, 
            "it's more than enough": 1, 
            "it's the best buy": 1, 
            "just down there two": 1, 
            "just to fuck a": 1, 
            "know a place just": 1, 
            "let me fill you": 1, 
            "like a baby and": 1, 
            "little whore behind closed": 1, 
            "lot of suckin' and": 1, 
            "make yourself at home": 1, 
            "me fill you up": 1, 
            "milky and white 'cause": 1, 
            "money, it's the best": 1, 
            "more now spread your": 1, 
            "more than enough time": 1, 
            "my cum and nothing": 1, 
            "my dick's on bone": 1, 
            "my money, it's the": 1, 
            "no questions and give": 1, 
            "not the second quarter": 1, 
            "nothing more now spread": 1, 
            "now spread your wings": 1, 
            "of suckin' and fuckin'": 1, 
            "of the stay it's": 1, 
            "of the things that": 1, 
            "on bone you little": 1, 
            "one place where we": 1, 
            "only one place where": 1, 
            "open for the flight": 1, 
            "out the ice cubes": 1, 
            "painful you innocent bitch,": 1, 
            "panties drop, whole lot": 1, 
            "pink but be careful": 1, 
            "place just down there": 1, 
            "place to splak in": 1, 
            "place where we can": 1, 
            "please come inside, make": 1, 
            "popular with the girls": 1, 
            "price is right just": 1, 
            "quarter i'll fuck you": 1, 
            "questions and give you": 1, 
            "right just to fuck": 1, 
            "room has a bed": 1, 
            "rough and painful you": 1, 
            "say i'm crazy in": 1, 
            "second half, and not": 1, 
            "second quarter i'll fuck": 1, 
            "see you freak in": 1, 
            "sex abuse so as": 1, 
            "shameful bring out the": 1, 
            "sheets welcome to the": 1, 
            "sho-o-o-op": 1, 
            "sho-o-o-op there's only one": 1, 
            "shop fuckin' all the": 1, 
            "shop please come inside,": 1, 
            "shop that's where it's": 1, 
            "shop the place to": 1, 
            "shop where all the": 1, 
            "shop you're in the": 1, 
            "shop, babeeeei wanna see": 1, 
            "sink so you can": 1, 
            "slay each room has": 1, 
            "slay you, rough and": 1, 
            "sleep like a baby": 1, 
            "sleep you'll sleep like": 1, 
            "so as you hit": 1, 
            "so you can wash": 1, 
            "something milky and white": 1, 
            "splak in the fuck": 1, 
            "spread your wings open": 1, 
            "stay it's more than": 1, 
            "streets baby, they'll ask": 1, 
            "suckin' and fuckin' at": 1, 
            "ten dollars, two hours": 1, 
            "than enough time to": 1, 
            "thank you for fuckin'": 1, 
            "that you use' cause": 1, 
            "that's where it's at": 1, 
            "the best buy ten": 1, 
            "the boys go in": 1, 
            "the door and the": 1, 
            "the flight let me": 1, 
            "the fuck sho-o-o-op": 1, 
            "the fuck sho-o-o-op there's": 1, 
            "the fuck shop fuckin'": 1, 
            "the fuck shop please": 1, 
            "the fuck shop that's": 1, 
            "the fuck shop the": 1, 
            "the fuck shop where": 1, 
            "the fuck shop you're": 1, 
            "the fuck shop, babeeeei": 1, 
            "the girls and the": 1, 
            "the guys 'cause for": 1, 
            "the hoes thank you": 1, 
            "the hot water this": 1, 
            "the ice cubes and": 1, 
            "the panties drop, whole": 1, 
            "the pink but be": 1, 
            "the place to splak": 1, 
            "the price is right": 1, 
            "the second half, and": 1, 
            "the second quarter i'll": 1, 
            "the stay it's more": 1, 
            "the things that you": 1, 
            "the time of the": 1, 
            "there two streets baby,": 1, 
            "there's only one place": 1, 
            "they'll ask you no": 1, 
            "things that you use'": 1, 
            "this is the second": 1, 
            "time of the stay": 1, 
            "time to slay each": 1, 
            "to fuck a ho": 1, 
            "to fuck, 'cause my": 1, 
            "to slay each room": 1, 
            "to slay you, rough": 1, 
            "to splak in the": 1, 
            "to the fuck sho-o-o-op": 1, 
            "two hours is the": 1, 
            "two streets baby, they'll": 1, 
            "up with something milky": 1, 
            "use' cause you can": 1, 
            "wanna see you freak": 1, 
            "want to fuck, 'cause": 1, 
            "wash your dick after": 1, 
            "water this is the": 1, 
            "we can go where": 1, 
            "welcome to the fuck": 1, 
            "where all the boys": 1, 
            "where it's at in": 1, 
            "where the price is": 1, 
            "where we can go": 1, 
            "white 'cause i'm hopin'": 1, 
            "whole lot of suckin'": 1, 
            "whore behind closed doors": 1, 
            "wings open for the": 1, 
            "with something milky and": 1, 
            "with the girls and": 1, 
            "would drink my cum": 1, 
            "you 'till you sleep": 1, 
            "you can get arrested": 1, 
            "you can wash your": 1, 
            "you clean sheets welcome": 1, 
            "you for fuckin' at": 1, 
            "you freak in the": 1, 
            "you hit the door": 1, 
            "you innocent bitch, don't": 1, 
            "you little whore behind": 1, 
            "you no questions and": 1, 
            "you sleep you'll sleep": 1, 
            "you up with something": 1, 
            "you use' cause you": 1, 
            "you would drink my": 1, 
            "you'll say i'm crazy": 1, 
            "you'll sleep like a": 1, 
            "you're in the fuck": 1, 
            "you, rough and painful": 1, 
            "your dick after fucking": 1, 
            "your dreams, you'll say": 1, 
            "your wings open for": 1, 
            "yourself at home i": 1
        }, 
        "5": {
            "": 1168, 
            "'cause for all my money,": 1, 
            "'cause i'm hopin' to slay": 1, 
            "'cause my dick's on bone": 1, 
            "'till you sleep you'll sleep": 1, 
            "a baby and in your": 1, 
            "a bed and also a": 1, 
            "a ho it's always popular": 1, 
            "a place just down there": 1, 
            "a sink so you can": 1, 
            "abuse so as you hit": 1, 
            "after fucking the pink but": 1, 
            "all my money, it's the": 1, 
            "all the boys go in": 1, 
            "all the hoes thank you": 1, 
            "also a sink so you": 1, 
            "always popular with the girls": 1, 
            "and also a sink so": 1, 
            "and fuckin' at the fuck": 1, 
            "and give you clean sheets": 1, 
            "and in your dreams, you'll": 1, 
            "and not the second quarter": 1, 
            "and nothing more now spread": 1, 
            "and painful you innocent bitch,": 1, 
            "and the guys 'cause for": 1, 
            "and the hot water this": 1, 
            "and the panties drop, whole": 1, 
            "and white 'cause i'm hopin'": 1, 
            "arrested for sex abuse so": 1, 
            "as you hit the door": 1, 
            "ask you no questions and": 1, 
            "at home i want to": 1, 
            "at in the fuck shop": 1, 
            "at the fuck sho-o-o-op": 1, 
            "at the fuck shop please": 1, 
            "babeeeei wanna see you freak": 1, 
            "baby and in your dreams,": 1, 
            "baby, they'll ask you no": 1, 
            "be careful of the things": 1, 
            "be shameful bring out the": 1, 
            "bed and also a sink": 1, 
            "behind closed doors you would": 1, 
            "best buy ten dollars, two": 1, 
            "bitch, don't be shameful bring": 1, 
            "bone you little whore behind": 1, 
            "boys go in the fuck": 1, 
            "bring out the ice cubes": 1, 
            "but be careful of the": 1, 
            "buy ten dollars, two hours": 1, 
            "can get arrested for sex": 1, 
            "can go where the price": 1, 
            "can wash your dick after": 1, 
            "careful of the things that": 1, 
            "cause you can get arrested": 1, 
            "clean sheets welcome to the": 1, 
            "closed doors you would drink": 1, 
            "come inside, make yourself at": 1, 
            "crazy in the fuck shop": 1, 
            "cubes and the hot water": 1, 
            "cum and nothing more now": 1, 
            "dick after fucking the pink": 1, 
            "dick's on bone you little": 1, 
            "dollars, two hours is the": 1, 
            "don't be shameful bring out": 1, 
            "door and the panties drop,": 1, 
            "doors you would drink my": 1, 
            "down there two streets baby,": 1, 
            "dreams, you'll say i'm crazy": 1, 
            "drink my cum and nothing": 1, 
            "drop, whole lot of suckin'": 1, 
            "each room has a bed": 1, 
            "enough time to slay each": 1, 
            "fill you up with something": 1, 
            "flight let me fill you": 1, 
            "for all my money, it's": 1, 
            "for fuckin' at the fuck": 1, 
            "for sex abuse so as": 1, 
            "for the flight let me": 1, 
            "freak in the fuck shop": 1, 
            "fuck a ho it's always": 1, 
            "fuck sho-o-o-op": 1, 
            "fuck sho-o-o-op there's only one": 1, 
            "fuck shop fuckin' all the": 1, 
            "fuck shop please come inside,": 1, 
            "fuck shop that's where it's": 1, 
            "fuck shop the place to": 1, 
            "fuck shop where all the": 1, 
            "fuck shop you're in the": 1, 
            "fuck shop, babeeeei wanna see": 1, 
            "fuck you 'till you sleep": 1, 
            "fuck, 'cause my dick's on": 1, 
            "fuckin' all the hoes thank": 1, 
            "fuckin' at the fuck sho-o-o-op": 1, 
            "fuckin' at the fuck shop": 1, 
            "fucking the pink but be": 1, 
            "get arrested for sex abuse": 1, 
            "girls and the guys 'cause": 1, 
            "give you clean sheets welcome": 1, 
            "go in the fuck shop": 1, 
            "go where the price is": 1, 
            "guys 'cause for all my": 1, 
            "half, and not the second": 1, 
            "has a bed and also": 1, 
            "hit the door and the": 1, 
            "ho it's always popular with": 1, 
            "hoes thank you for fuckin'": 1, 
            "home i want to fuck,": 1, 
            "hopin' to slay you, rough": 1, 
            "hot water this is the": 1, 
            "hours is the time of": 1, 
            "i know a place just": 1, 
            "i want to fuck, 'cause": 1, 
            "i'll fuck you 'till you": 1, 
            "i'm crazy in the fuck": 1, 
            "i'm hopin' to slay you,": 1, 
            "ice cubes and the hot": 1, 
            "in the fuck shop fuckin'": 1, 
            "in the fuck shop that's": 1, 
            "in the fuck shop the": 1, 
            "in the fuck shop where": 1, 
            "in the fuck shop you're": 1, 
            "in the fuck shop, babeeeei": 1, 
            "in your dreams, you'll say": 1, 
            "innocent bitch, don't be shameful": 1, 
            "inside, make yourself at home": 1, 
            "is right just to fuck": 1, 
            "is the second half, and": 1, 
            "is the time of the": 1, 
            "it's always popular with the": 1, 
            "it's at in the fuck": 1, 
            "it's more than enough time": 1, 
            "it's the best buy ten": 1, 
            "just down there two streets": 1, 
            "just to fuck a ho": 1, 
            "know a place just down": 1, 
            "let me fill you up": 1, 
            "like a baby and in": 1, 
            "little whore behind closed doors": 1, 
            "lot of suckin' and fuckin'": 1, 
            "make yourself at home i": 1, 
            "me fill you up with": 1, 
            "milky and white 'cause i'm": 1, 
            "money, it's the best buy": 1, 
            "more now spread your wings": 1, 
            "more than enough time to": 1, 
            "my cum and nothing more": 1, 
            "my dick's on bone you": 1, 
            "my money, it's the best": 1, 
            "no questions and give you": 1, 
            "not the second quarter i'll": 1, 
            "nothing more now spread your": 1, 
            "now spread your wings open": 1, 
            "of suckin' and fuckin' at": 1, 
            "of the stay it's more": 1, 
            "of the things that you": 1, 
            "on bone you little whore": 1, 
            "one place where we can": 1, 
            "only one place where we": 1, 
            "open for the flight let": 1, 
            "out the ice cubes and": 1, 
            "painful you innocent bitch, don't": 1, 
            "panties drop, whole lot of": 1, 
            "pink but be careful of": 1, 
            "place just down there two": 1, 
            "place to splak in the": 1, 
            "place where we can go": 1, 
            "please come inside, make yourself": 1, 
            "popular with the girls and": 1, 
            "price is right just to": 1, 
            "quarter i'll fuck you 'till": 1, 
            "questions and give you clean": 1, 
            "right just to fuck a": 1, 
            "room has a bed and": 1, 
            "rough and painful you innocent": 1, 
            "say i'm crazy in the": 1, 
            "second half, and not the": 1, 
            "second quarter i'll fuck you": 1, 
            "see you freak in the": 1, 
            "sex abuse so as you": 1, 
            "shameful bring out the ice": 1, 
            "sheets welcome to the fuck": 1, 
            "sho-o-o-op": 1, 
            "sho-o-o-op there's only one place": 1, 
            "shop fuckin' all the hoes": 1, 
            "shop please come inside, make": 1, 
            "shop that's where it's at": 1, 
            "shop the place to splak": 1, 
            "shop where all the boys": 1, 
            "shop you're in the fuck": 1, 
            "shop, babeeeei wanna see you": 1, 
            "sink so you can wash": 1, 
            "slay each room has a": 1, 
            "slay you, rough and painful": 1, 
            "sleep like a baby and": 1, 
            "sleep you'll sleep like a": 1, 
            "so as you hit the": 1, 
            "so you can wash your": 1, 
            "something milky and white 'cause": 1, 
            "splak in the fuck shop": 1, 
            "spread your wings open for": 1, 
            "stay it's more than enough": 1, 
            "streets baby, they'll ask you": 1, 
            "suckin' and fuckin' at the": 1, 
            "ten dollars, two hours is": 1, 
            "than enough time to slay": 1, 
            "thank you for fuckin' at": 1, 
            "that you use' cause you": 1, 
            "that's where it's at in": 1, 
            "the best buy ten dollars,": 1, 
            "the boys go in the": 1, 
            "the door and the panties": 1, 
            "the flight let me fill": 1, 
            "the fuck sho-o-o-op": 1, 
            "the fuck sho-o-o-op there's only": 1, 
            "the fuck shop fuckin' all": 1, 
            "the fuck shop please come": 1, 
            "the fuck shop that's where": 1, 
            "the fuck shop the place": 1, 
            "the fuck shop where all": 1, 
            "the fuck shop you're in": 1, 
            "the fuck shop, babeeeei wanna": 1, 
            "the girls and the guys": 1, 
            "the guys 'cause for all": 1, 
            "the hoes thank you for": 1, 
            "the hot water this is": 1, 
            "the ice cubes and the": 1, 
            "the panties drop, whole lot": 1, 
            "the pink but be careful": 1, 
            "the place to splak in": 1, 
            "the price is right just": 1, 
            "the second half, and not": 1, 
            "the second quarter i'll fuck": 1, 
            "the stay it's more than": 1, 
            "the things that you use'": 1, 
            "the time of the stay": 1, 
            "there two streets baby, they'll": 1, 
            "there's only one place where": 1, 
            "they'll ask you no questions": 1, 
            "things that you use' cause": 1, 
            "this is the second half,": 1, 
            "time of the stay it's": 1, 
            "time to slay each room": 1, 
            "to fuck a ho it's": 1, 
            "to fuck, 'cause my dick's": 1, 
            "to slay each room has": 1, 
            "to slay you, rough and": 1, 
            "to splak in the fuck": 1, 
            "to the fuck sho-o-o-op there's": 1, 
            "two hours is the time": 1, 
            "two streets baby, they'll ask": 1, 
            "up with something milky and": 1, 
            "use' cause you can get": 1, 
            "wanna see you freak in": 1, 
            "want to fuck, 'cause my": 1, 
            "wash your dick after fucking": 1, 
            "water this is the second": 1, 
            "we can go where the": 1, 
            "welcome to the fuck sho-o-o-op": 1, 
            "where all the boys go": 1, 
            "where it's at in the": 1, 
            "where the price is right": 1, 
            "where we can go where": 1, 
            "white 'cause i'm hopin' to": 1, 
            "whole lot of suckin' and": 1, 
            "whore behind closed doors you": 1, 
            "wings open for the flight": 1, 
            "with something milky and white": 1, 
            "with the girls and the": 1, 
            "would drink my cum and": 1, 
            "you 'till you sleep you'll": 1, 
            "you can get arrested for": 1, 
            "you can wash your dick": 1, 
            "you clean sheets welcome to": 1, 
            "you for fuckin' at the": 1, 
            "you freak in the fuck": 1, 
            "you hit the door and": 1, 
            "you innocent bitch, don't be": 1, 
            "you little whore behind closed": 1, 
            "you no questions and give": 1, 
            "you sleep you'll sleep like": 1, 
            "you up with something milky": 1, 
            "you use' cause you can": 1, 
            "you would drink my cum": 1, 
            "you'll say i'm crazy in": 1, 
            "you'll sleep like a baby": 1, 
            "you're in the fuck shop,": 1, 
            "you, rough and painful you": 1, 
            "your dick after fucking the": 1, 
            "your dreams, you'll say i'm": 1, 
            "your wings open for the": 1, 
            "yourself at home i want": 1
        }, 
        "6": {
            "": 1167, 
            "'cause for all my money, it's": 1, 
            "'cause i'm hopin' to slay you,": 1, 
            "'cause my dick's on bone you": 1, 
            "'till you sleep you'll sleep like": 1, 
            "a baby and in your dreams,": 1, 
            "a bed and also a sink": 1, 
            "a ho it's always popular with": 1, 
            "a place just down there two": 1, 
            "a sink so you can wash": 1, 
            "abuse so as you hit the": 1, 
            "after fucking the pink but be": 1, 
            "all my money, it's the best": 1, 
            "all the boys go in the": 1, 
            "all the hoes thank you for": 1, 
            "also a sink so you can": 1, 
            "always popular with the girls and": 1, 
            "and also a sink so you": 1, 
            "and fuckin' at the fuck shop": 1, 
            "and give you clean sheets welcome": 1, 
            "and in your dreams, you'll say": 1, 
            "and not the second quarter i'll": 1, 
            "and nothing more now spread your": 1, 
            "and painful you innocent bitch, don't": 1, 
            "and the guys 'cause for all": 1, 
            "and the hot water this is": 1, 
            "and the panties drop, whole lot": 1, 
            "and white 'cause i'm hopin' to": 1, 
            "arrested for sex abuse so as": 1, 
            "as you hit the door and": 1, 
            "ask you no questions and give": 1, 
            "at home i want to fuck,": 1, 
            "at in the fuck shop the": 1, 
            "at the fuck sho-o-o-op": 1, 
            "at the fuck shop please come": 1, 
            "babeeeei wanna see you freak in": 1, 
            "baby and in your dreams, you'll": 1, 
            "baby, they'll ask you no questions": 1, 
            "be careful of the things that": 1, 
            "be shameful bring out the ice": 1, 
            "bed and also a sink so": 1, 
            "behind closed doors you would drink": 1, 
            "best buy ten dollars, two hours": 1, 
            "bitch, don't be shameful bring out": 1, 
            "bone you little whore behind closed": 1, 
            "boys go in the fuck shop": 1, 
            "bring out the ice cubes and": 1, 
            "but be careful of the things": 1, 
            "buy ten dollars, two hours is": 1, 
            "can get arrested for sex abuse": 1, 
            "can go where the price is": 1, 
            "can wash your dick after fucking": 1, 
            "careful of the things that you": 1, 
            "cause you can get arrested for": 1, 
            "clean sheets welcome to the fuck": 1, 
            "closed doors you would drink my": 1, 
            "come inside, make yourself at home": 1, 
            "crazy in the fuck shop you're": 1, 
            "cubes and the hot water this": 1, 
            "cum and nothing more now spread": 1, 
            "dick after fucking the pink but": 1, 
            "dick's on bone you little whore": 1, 
            "dollars, two hours is the time": 1, 
            "don't be shameful bring out the": 1, 
            "door and the panties drop, whole": 1, 
            "doors you would drink my cum": 1, 
            "down there two streets baby, they'll": 1, 
            "dreams, you'll say i'm crazy in": 1, 
            "drink my cum and nothing more": 1, 
            "drop, whole lot of suckin' and": 1, 
            "each room has a bed and": 1, 
            "enough time to slay each room": 1, 
            "fill you up with something milky": 1, 
            "flight let me fill you up": 1, 
            "for all my money, it's the": 1, 
            "for fuckin' at the fuck sho-o-o-op": 1, 
            "for sex abuse so as you": 1, 
            "for the flight let me fill": 1, 
            "freak in the fuck shop that's": 1, 
            "fuck a ho it's always popular": 1, 
            "fuck sho-o-o-op": 1, 
            "fuck sho-o-o-op there's only one place": 1, 
            "fuck shop fuckin' all the hoes": 1, 
            "fuck shop please come inside, make": 1, 
            "fuck shop that's where it's at": 1, 
            "fuck shop the place to splak": 1, 
            "fuck shop where all the boys": 1, 
            "fuck shop you're in the fuck": 1, 
            "fuck shop, babeeeei wanna see you": 1, 
            "fuck you 'till you sleep you'll": 1, 
            "fuck, 'cause my dick's on bone": 1, 
            "fuckin' all the hoes thank you": 1, 
            "fuckin' at the fuck sho-o-o-op": 1, 
            "fuckin' at the fuck shop please": 1, 
            "fucking the pink but be careful": 1, 
            "get arrested for sex abuse so": 1, 
            "girls and the guys 'cause for": 1, 
            "give you clean sheets welcome to": 1, 
            "go in the fuck shop fuckin'": 1, 
            "go where the price is right": 1, 
            "guys 'cause for all my money,": 1, 
            "half, and not the second quarter": 1, 
            "has a bed and also a": 1, 
            "hit the door and the panties": 1, 
            "ho it's always popular with the": 1, 
            "hoes thank you for fuckin' at": 1, 
            "home i want to fuck, 'cause": 1, 
            "hopin' to slay you, rough and": 1, 
            "hot water this is the second": 1, 
            "hours is the time of the": 1, 
            "i know a place just down": 1, 
            "i want to fuck, 'cause my": 1, 
            "i'll fuck you 'till you sleep": 1, 
            "i'm crazy in the fuck shop": 1, 
            "i'm hopin' to slay you, rough": 1, 
            "ice cubes and the hot water": 1, 
            "in the fuck shop fuckin' all": 1, 
            "in the fuck shop that's where": 1, 
            "in the fuck shop the place": 1, 
            "in the fuck shop where all": 1, 
            "in the fuck shop you're in": 1, 
            "in the fuck shop, babeeeei wanna": 1, 
            "in your dreams, you'll say i'm": 1, 
            "innocent bitch, don't be shameful bring": 1, 
            "inside, make yourself at home i": 1, 
            "is right just to fuck a": 1, 
            "is the second half, and not": 1, 
            "is the time of the stay": 1, 
            "it's always popular with the girls": 1, 
            "it's at in the fuck shop": 1, 
            "it's more than enough time to": 1, 
            "it's the best buy ten dollars,": 1, 
            "just down there two streets baby,": 1, 
            "just to fuck a ho it's": 1, 
            "know a place just down there": 1, 
            "let me fill you up with": 1, 
            "like a baby and in your": 1, 
            "little whore behind closed doors you": 1, 
            "lot of suckin' and fuckin' at": 1, 
            "make yourself at home i want": 1, 
            "me fill you up with something": 1, 
            "milky and white 'cause i'm hopin'": 1, 
            "money, it's the best buy ten": 1, 
            "more now spread your wings open": 1, 
            "more than enough time to slay": 1, 
            "my cum and nothing more now": 1, 
            "my dick's on bone you little": 1, 
            "my money, it's the best buy": 1, 
            "no questions and give you clean": 1, 
            "not the second quarter i'll fuck": 1, 
            "nothing more now spread your wings": 1, 
            "now spread your wings open for": 1, 
            "of suckin' and fuckin' at the": 1, 
            "of the stay it's more than": 1, 
            "of the things that you use'": 1, 
            "on bone you little whore behind": 1, 
            "one place where we can go": 1, 
            "only one place where we can": 1, 
            "open for the flight let me": 1, 
            "out the ice cubes and the": 1, 
            "painful you innocent bitch, don't be": 1, 
            "panties drop, whole lot of suckin'": 1, 
            "pink but be careful of the": 1, 
            "place just down there two streets": 1, 
            "place to splak in the fuck": 1, 
            "place where we can go where": 1, 
            "please come inside, make yourself at": 1, 
            "popular with the girls and the": 1, 
            "price is right just to fuck": 1, 
            "quarter i'll fuck you 'till you": 1, 
            "questions and give you clean sheets": 1, 
            "right just to fuck a ho": 1, 
            "room has a bed and also": 1, 
            "rough and painful you innocent bitch,": 1, 
            "say i'm crazy in the fuck": 1, 
            "second half, and not the second": 1, 
            "second quarter i'll fuck you 'till": 1, 
            "see you freak in the fuck": 1, 
            "sex abuse so as you hit": 1, 
            "shameful bring out the ice cubes": 1, 
            "sheets welcome to the fuck sho-o-o-op": 1, 
            "sho-o-o-op": 1, 
            "sho-o-o-op there's only one place where": 1, 
            "shop fuckin' all the hoes thank": 1, 
            "shop please come inside, make yourself": 1, 
            "shop that's where it's at in": 1, 
            "shop the place to splak in": 1, 
            "shop where all the boys go": 1, 
            "shop you're in the fuck shop,": 1, 
            "shop, babeeeei wanna see you freak": 1, 
            "sink so you can wash your": 1, 
            "slay each room has a bed": 1, 
            "slay you, rough and painful you": 1, 
            "sleep like a baby and in": 1, 
            "sleep you'll sleep like a baby": 1, 
            "so as you hit the door": 1, 
            "so you can wash your dick": 1, 
            "something milky and white 'cause i'm": 1, 
            "splak in the fuck shop where": 1, 
            "spread your wings open for the": 1, 
            "stay it's more than enough time": 1, 
            "streets baby, they'll ask you no": 1, 
            "suckin' and fuckin' at the fuck": 1, 
            "ten dollars, two hours is the": 1, 
            "than enough time to slay each": 1, 
            "thank you for fuckin' at the": 1, 
            "that you use' cause you can": 1, 
            "that's where it's at in the": 1, 
            "the best buy ten dollars, two": 1, 
            "the boys go in the fuck": 1, 
            "the door and the panties drop,": 1, 
            "the flight let me fill you": 1, 
            "the fuck sho-o-o-op": 1, 
            "the fuck sho-o-o-op there's only one": 1, 
            "the fuck shop fuckin' all the": 1, 
            "the fuck shop please come inside,": 1, 
            "the fuck shop that's where it's": 1, 
            "the fuck shop the place to": 1, 
            "the fuck shop where all the": 1, 
            "the fuck shop you're in the": 1, 
            "the fuck shop, babeeeei wanna see": 1, 
            "the girls and the guys 'cause": 1, 
            "the guys 'cause for all my": 1, 
            "the hoes thank you for fuckin'": 1, 
            "the hot water this is the": 1, 
            "the ice cubes and the hot": 1, 
            "the panties drop, whole lot of": 1, 
            "the pink but be careful of": 1, 
            "the place to splak in the": 1, 
            "the price is right just to": 1, 
            "the second half, and not the": 1, 
            "the second quarter i'll fuck you": 1, 
            "the stay it's more than enough": 1, 
            "the things that you use' cause": 1, 
            "the time of the stay it's": 1, 
            "there two streets baby, they'll ask": 1, 
            "there's only one place where we": 1, 
            "they'll ask you no questions and": 1, 
            "things that you use' cause you": 1, 
            "this is the second half, and": 1, 
            "time of the stay it's more": 1, 
            "time to slay each room has": 1, 
            "to fuck a ho it's always": 1, 
            "to fuck, 'cause my dick's on": 1, 
            "to slay each room has a": 1, 
            "to slay you, rough and painful": 1, 
            "to splak in the fuck shop": 1, 
            "to the fuck sho-o-o-op there's only": 1, 
            "two hours is the time of": 1, 
            "two streets baby, they'll ask you": 1, 
            "up with something milky and white": 1, 
            "use' cause you can get arrested": 1, 
            "wanna see you freak in the": 1, 
            "want to fuck, 'cause my dick's": 1, 
            "wash your dick after fucking the": 1, 
            "water this is the second half,": 1, 
            "we can go where the price": 1, 
            "welcome to the fuck sho-o-o-op there's": 1, 
            "where all the boys go in": 1, 
            "where it's at in the fuck": 1, 
            "where the price is right just": 1, 
            "where we can go where the": 1, 
            "white 'cause i'm hopin' to slay": 1, 
            "whole lot of suckin' and fuckin'": 1, 
            "whore behind closed doors you would": 1, 
            "wings open for the flight let": 1, 
            "with something milky and white 'cause": 1, 
            "with the girls and the guys": 1, 
            "would drink my cum and nothing": 1, 
            "you 'till you sleep you'll sleep": 1, 
            "you can get arrested for sex": 1, 
            "you can wash your dick after": 1, 
            "you clean sheets welcome to the": 1, 
            "you for fuckin' at the fuck": 1, 
            "you freak in the fuck shop": 1, 
            "you hit the door and the": 1, 
            "you innocent bitch, don't be shameful": 1, 
            "you little whore behind closed doors": 1, 
            "you no questions and give you": 1, 
            "you sleep you'll sleep like a": 1, 
            "you up with something milky and": 1, 
            "you use' cause you can get": 1, 
            "you would drink my cum and": 1, 
            "you'll say i'm crazy in the": 1, 
            "you'll sleep like a baby and": 1, 
            "you're in the fuck shop, babeeeei": 1, 
            "you, rough and painful you innocent": 1, 
            "your dick after fucking the pink": 1, 
            "your dreams, you'll say i'm crazy": 1, 
            "your wings open for the flight": 1, 
            "yourself at home i want to": 1
        }, 
        "7": {
            "": 1166, 
            "'cause for all my money, it's the": 1, 
            "'cause i'm hopin' to slay you, rough": 1, 
            "'cause my dick's on bone you little": 1, 
            "'till you sleep you'll sleep like a": 1, 
            "a baby and in your dreams, you'll": 1, 
            "a bed and also a sink so": 1, 
            "a ho it's always popular with the": 1, 
            "a place just down there two streets": 1, 
            "a sink so you can wash your": 1, 
            "abuse so as you hit the door": 1, 
            "after fucking the pink but be careful": 1, 
            "all my money, it's the best buy": 1, 
            "all the boys go in the fuck": 1, 
            "all the hoes thank you for fuckin'": 1, 
            "also a sink so you can wash": 1, 
            "always popular with the girls and the": 1, 
            "and also a sink so you can": 1, 
            "and fuckin' at the fuck shop please": 1, 
            "and give you clean sheets welcome to": 1, 
            "and in your dreams, you'll say i'm": 1, 
            "and not the second quarter i'll fuck": 1, 
            "and nothing more now spread your wings": 1, 
            "and painful you innocent bitch, don't be": 1, 
            "and the guys 'cause for all my": 1, 
            "and the hot water this is the": 1, 
            "and the panties drop, whole lot of": 1, 
            "and white 'cause i'm hopin' to slay": 1, 
            "arrested for sex abuse so as you": 1, 
            "as you hit the door and the": 1, 
            "ask you no questions and give you": 1, 
            "at home i want to fuck, 'cause": 1, 
            "at in the fuck shop the place": 1, 
            "at the fuck sho-o-o-op": 1, 
            "at the fuck shop please come inside,": 1, 
            "babeeeei wanna see you freak in the": 1, 
            "baby and in your dreams, you'll say": 1, 
            "baby, they'll ask you no questions and": 1, 
            "be careful of the things that you": 1, 
            "be shameful bring out the ice cubes": 1, 
            "bed and also a sink so you": 1, 
            "behind closed doors you would drink my": 1, 
            "best buy ten dollars, two hours is": 1, 
            "bitch, don't be shameful bring out the": 1, 
            "bone you little whore behind closed doors": 1, 
            "boys go in the fuck shop fuckin'": 1, 
            "bring out the ice cubes and the": 1, 
            "but be careful of the things that": 1, 
            "buy ten dollars, two hours is the": 1, 
            "can get arrested for sex abuse so": 1, 
            "can go where the price is right": 1, 
            "can wash your dick after fucking the": 1, 
            "careful of the things that you use'": 1, 
            "cause you can get arrested for sex": 1, 
            "clean sheets welcome to the fuck sho-o-o-op": 1, 
            "closed doors you would drink my cum": 1, 
            "come inside, make yourself at home i": 1, 
            "crazy in the fuck shop you're in": 1, 
            "cubes and the hot water this is": 1, 
            "cum and nothing more now spread your": 1, 
            "dick after fucking the pink but be": 1, 
            "dick's on bone you little whore behind": 1, 
            "dollars, two hours is the time of": 1, 
            "don't be shameful bring out the ice": 1, 
            "door and the panties drop, whole lot": 1, 
            "doors you would drink my cum and": 1, 
            "down there two streets baby, they'll ask": 1, 
            "dreams, you'll say i'm crazy in the": 1, 
            "drink my cum and nothing more now": 1, 
            "drop, whole lot of suckin' and fuckin'": 1, 
            "each room has a bed and also": 1, 
            "enough time to slay each room has": 1, 
            "fill you up with something milky and": 1, 
            "flight let me fill you up with": 1, 
            "for all my money, it's the best": 1, 
            "for fuckin' at the fuck sho-o-o-op": 1, 
            "for sex abuse so as you hit": 1, 
            "for the flight let me fill you": 1, 
            "freak in the fuck shop that's where": 1, 
            "fuck a ho it's always popular with": 1, 
            "fuck sho-o-o-op": 1, 
            "fuck sho-o-o-op there's only one place where": 1, 
            "fuck shop fuckin' all the hoes thank": 1, 
            "fuck shop please come inside, make yourself": 1, 
            "fuck shop that's where it's at in": 1, 
            "fuck shop the place to splak in": 1, 
            "fuck shop where all the boys go": 1, 
            "fuck shop you're in the fuck shop,": 1, 
            "fuck shop, babeeeei wanna see you freak": 1, 
            "fuck you 'till you sleep you'll sleep": 1, 
            "fuck, 'cause my dick's on bone you": 1, 
            "fuckin' all the hoes thank you for": 1, 
            "fuckin' at the fuck sho-o-o-op": 1, 
            "fuckin' at the fuck shop please come": 1, 
            "fucking the pink but be careful of": 1, 
            "get arrested for sex abuse so as": 1, 
            "girls and the guys 'cause for all": 1, 
            "give you clean sheets welcome to the": 1, 
            "go in the fuck shop fuckin' all": 1, 
            "go where the price is right just": 1, 
            "guys 'cause for all my money, it's": 1, 
            "half, and not the second quarter i'll": 1, 
            "has a bed and also a sink": 1, 
            "hit the door and the panties drop,": 1, 
            "ho it's always popular with the girls": 1, 
            "hoes thank you for fuckin' at the": 1, 
            "home i want to fuck, 'cause my": 1, 
            "hopin' to slay you, rough and painful": 1, 
            "hot water this is the second half,": 1, 
            "hours is the time of the stay": 1, 
            "i know a place just down there": 1, 
            "i want to fuck, 'cause my dick's": 1, 
            "i'll fuck you 'till you sleep you'll": 1, 
            "i'm crazy in the fuck shop you're": 1, 
            "i'm hopin' to slay you, rough and": 1, 
            "ice cubes and the hot water this": 1, 
            "in the fuck shop fuckin' all the": 1, 
            "in the fuck shop that's where it's": 1, 
            "in the fuck shop the place to": 1, 
            "in the fuck shop where all the": 1, 
            "in the fuck shop you're in the": 1, 
            "in the fuck shop, babeeeei wanna see": 1, 
            "in your dreams, you'll say i'm crazy": 1, 
            "innocent bitch, don't be shameful bring out": 1, 
            "inside, make yourself at home i want": 1, 
            "is right just to fuck a ho": 1, 
            "is the second half, and not the": 1, 
            "is the time of the stay it's": 1, 
            "it's always popular with the girls and": 1, 
            "it's at in the fuck shop the": 1, 
            "it's more than enough time to slay": 1, 
            "it's the best buy ten dollars, two": 1, 
            "just down there two streets baby, they'll": 1, 
            "just to fuck a ho it's always": 1, 
            "know a place just down there two": 1, 
            "let me fill you up with something": 1, 
            "like a baby and in your dreams,": 1, 
            "little whore behind closed doors you would": 1, 
            "lot of suckin' and fuckin' at the": 1, 
            "make yourself at home i want to": 1, 
            "me fill you up with something milky": 1, 
            "milky and white 'cause i'm hopin' to": 1, 
            "money, it's the best buy ten dollars,": 1, 
            "more now spread your wings open for": 1, 
            "more than enough time to slay each": 1, 
            "my cum and nothing more now spread": 1, 
            "my dick's on bone you little whore": 1, 
            "my money, it's the best buy ten": 1, 
            "no questions and give you clean sheets": 1, 
            "not the second quarter i'll fuck you": 1, 
            "nothing more now spread your wings open": 1, 
            "now spread your wings open for the": 1, 
            "of suckin' and fuckin' at the fuck": 1, 
            "of the stay it's more than enough": 1, 
            "of the things that you use' cause": 1, 
            "on bone you little whore behind closed": 1, 
            "one place where we can go where": 1, 
            "only one place where we can go": 1, 
            "open for the flight let me fill": 1, 
            "out the ice cubes and the hot": 1, 
            "painful you innocent bitch, don't be shameful": 1, 
            "panties drop, whole lot of suckin' and": 1, 
            "pink but be careful of the things": 1, 
            "place just down there two streets baby,": 1, 
            "place to splak in the fuck shop": 1, 
            "place where we can go where the": 1, 
            "please come inside, make yourself at home": 1, 
            "popular with the girls and the guys": 1, 
            "price is right just to fuck a": 1, 
            "quarter i'll fuck you 'till you sleep": 1, 
            "questions and give you clean sheets welcome": 1, 
            "right just to fuck a ho it's": 1, 
            "room has a bed and also a": 1, 
            "rough and painful you innocent bitch, don't": 1, 
            "say i'm crazy in the fuck shop": 1, 
            "second half, and not the second quarter": 1, 
            "second quarter i'll fuck you 'till you": 1, 
            "see you freak in the fuck shop": 1, 
            "sex abuse so as you hit the": 1, 
            "shameful bring out the ice cubes and": 1, 
            "sheets welcome to the fuck sho-o-o-op there's": 1, 
            "sho-o-o-op": 1, 
            "sho-o-o-op there's only one place where we": 1, 
            "shop fuckin' all the hoes thank you": 1, 
            "shop please come inside, make yourself at": 1, 
            "shop that's where it's at in the": 1, 
            "shop the place to splak in the": 1, 
            "shop where all the boys go in": 1, 
            "shop you're in the fuck shop, babeeeei": 1, 
            "shop, babeeeei wanna see you freak in": 1, 
            "sink so you can wash your dick": 1, 
            "slay each room has a bed and": 1, 
            "slay you, rough and painful you innocent": 1, 
            "sleep like a baby and in your": 1, 
            "sleep you'll sleep like a baby and": 1, 
            "so as you hit the door and": 1, 
            "so you can wash your dick after": 1, 
            "something milky and white 'cause i'm hopin'": 1, 
            "splak in the fuck shop where all": 1, 
            "spread your wings open for the flight": 1, 
            "stay it's more than enough time to": 1, 
            "streets baby, they'll ask you no questions": 1, 
            "suckin' and fuckin' at the fuck shop": 1, 
            "ten dollars, two hours is the time": 1, 
            "than enough time to slay each room": 1, 
            "thank you for fuckin' at the fuck": 1, 
            "that you use' cause you can get": 1, 
            "that's where it's at in the fuck": 1, 
            "the best buy ten dollars, two hours": 1, 
            "the boys go in the fuck shop": 1, 
            "the door and the panties drop, whole": 1, 
            "the flight let me fill you up": 1, 
            "the fuck sho-o-o-op": 1, 
            "the fuck sho-o-o-op there's only one place": 1, 
            "the fuck shop fuckin' all the hoes": 1, 
            "the fuck shop please come inside, make": 1, 
            "the fuck shop that's where it's at": 1, 
            "the fuck shop the place to splak": 1, 
            "the fuck shop where all the boys": 1, 
            "the fuck shop you're in the fuck": 1, 
            "the fuck shop, babeeeei wanna see you": 1, 
            "the girls and the guys 'cause for": 1, 
            "the guys 'cause for all my money,": 1, 
            "the hoes thank you for fuckin' at": 1, 
            "the hot water this is the second": 1, 
            "the ice cubes and the hot water": 1, 
            "the panties drop, whole lot of suckin'": 1, 
            "the pink but be careful of the": 1, 
            "the place to splak in the fuck": 1, 
            "the price is right just to fuck": 1, 
            "the second half, and not the second": 1, 
            "the second quarter i'll fuck you 'till": 1, 
            "the stay it's more than enough time": 1, 
            "the things that you use' cause you": 1, 
            "the time of the stay it's more": 1, 
            "there two streets baby, they'll ask you": 1, 
            "there's only one place where we can": 1, 
            "they'll ask you no questions and give": 1, 
            "things that you use' cause you can": 1, 
            "this is the second half, and not": 1, 
            "time of the stay it's more than": 1, 
            "time to slay each room has a": 1, 
            "to fuck a ho it's always popular": 1, 
            "to fuck, 'cause my dick's on bone": 1, 
            "to slay each room has a bed": 1, 
            "to slay you, rough and painful you": 1, 
            "to splak in the fuck shop where": 1, 
            "to the fuck sho-o-o-op there's only one": 1, 
            "two hours is the time of the": 1, 
            "two streets baby, they'll ask you no": 1, 
            "up with something milky and white 'cause": 1, 
            "use' cause you can get arrested for": 1, 
            "wanna see you freak in the fuck": 1, 
            "want to fuck, 'cause my dick's on": 1, 
            "wash your dick after fucking the pink": 1, 
            "water this is the second half, and": 1, 
            "we can go where the price is": 1, 
            "welcome to the fuck sho-o-o-op there's only": 1, 
            "where all the boys go in the": 1, 
            "where it's at in the fuck shop": 1, 
            "where the price is right just to": 1, 
            "where we can go where the price": 1, 
            "white 'cause i'm hopin' to slay you,": 1, 
            "whole lot of suckin' and fuckin' at": 1, 
            "whore behind closed doors you would drink": 1, 
            "wings open for the flight let me": 1, 
            "with something milky and white 'cause i'm": 1, 
            "with the girls and the guys 'cause": 1, 
            "would drink my cum and nothing more": 1, 
            "you 'till you sleep you'll sleep like": 1, 
            "you can get arrested for sex abuse": 1, 
            "you can wash your dick after fucking": 1, 
            "you clean sheets welcome to the fuck": 1, 
            "you for fuckin' at the fuck sho-o-o-op": 1, 
            "you freak in the fuck shop that's": 1, 
            "you hit the door and the panties": 1, 
            "you innocent bitch, don't be shameful bring": 1, 
            "you little whore behind closed doors you": 1, 
            "you no questions and give you clean": 1, 
            "you sleep you'll sleep like a baby": 1, 
            "you up with something milky and white": 1, 
            "you use' cause you can get arrested": 1, 
            "you would drink my cum and nothing": 1, 
            "you'll say i'm crazy in the fuck": 1, 
            "you'll sleep like a baby and in": 1, 
            "you're in the fuck shop, babeeeei wanna": 1, 
            "you, rough and painful you innocent bitch,": 1, 
            "your dick after fucking the pink but": 1, 
            "your dreams, you'll say i'm crazy in": 1, 
            "your wings open for the flight let": 1, 
            "yourself at home i want to fuck,": 1
        }, 
        "8": {
            "": 1165, 
            "'cause for all my money, it's the best": 1, 
            "'cause i'm hopin' to slay you, rough and": 1, 
            "'cause my dick's on bone you little whore": 1, 
            "'till you sleep you'll sleep like a baby": 1, 
            "a baby and in your dreams, you'll say": 1, 
            "a bed and also a sink so you": 1, 
            "a ho it's always popular with the girls": 1, 
            "a place just down there two streets baby,": 1, 
            "a sink so you can wash your dick": 1, 
            "abuse so as you hit the door and": 1, 
            "after fucking the pink but be careful of": 1, 
            "all my money, it's the best buy ten": 1, 
            "all the boys go in the fuck shop": 1, 
            "all the hoes thank you for fuckin' at": 1, 
            "also a sink so you can wash your": 1, 
            "always popular with the girls and the guys": 1, 
            "and also a sink so you can wash": 1, 
            "and fuckin' at the fuck shop please come": 1, 
            "and give you clean sheets welcome to the": 1, 
            "and in your dreams, you'll say i'm crazy": 1, 
            "and not the second quarter i'll fuck you": 1, 
            "and nothing more now spread your wings open": 1, 
            "and painful you innocent bitch, don't be shameful": 1, 
            "and the guys 'cause for all my money,": 1, 
            "and the hot water this is the second": 1, 
            "and the panties drop, whole lot of suckin'": 1, 
            "and white 'cause i'm hopin' to slay you,": 1, 
            "arrested for sex abuse so as you hit": 1, 
            "as you hit the door and the panties": 1, 
            "ask you no questions and give you clean": 1, 
            "at home i want to fuck, 'cause my": 1, 
            "at in the fuck shop the place to": 1, 
            "at the fuck sho-o-o-op": 1, 
            "at the fuck shop please come inside, make": 1, 
            "babeeeei wanna see you freak in the fuck": 1, 
            "baby and in your dreams, you'll say i'm": 1, 
            "baby, they'll ask you no questions and give": 1, 
            "be careful of the things that you use'": 1, 
            "be shameful bring out the ice cubes and": 1, 
            "bed and also a sink so you can": 1, 
            "behind closed doors you would drink my cum": 1, 
            "best buy ten dollars, two hours is the": 1, 
            "bitch, don't be shameful bring out the ice": 1, 
            "bone you little whore behind closed doors you": 1, 
            "boys go in the fuck shop fuckin' all": 1, 
            "bring out the ice cubes and the hot": 1, 
            "but be careful of the things that you": 1, 
            "buy ten dollars, two hours is the time": 1, 
            "can get arrested for sex abuse so as": 1, 
            "can go where the price is right just": 1, 
            "can wash your dick after fucking the pink": 1, 
            "careful of the things that you use' cause": 1, 
            "cause you can get arrested for sex abuse": 1, 
            "clean sheets welcome to the fuck sho-o-o-op there's": 1, 
            "closed doors you would drink my cum and": 1, 
            "come inside, make yourself at home i want": 1, 
            "crazy in the fuck shop you're in the": 1, 
            "cubes and the hot water this is the": 1, 
            "cum and nothing more now spread your wings": 1, 
            "dick after fucking the pink but be careful": 1, 
            "dick's on bone you little whore behind closed": 1, 
            "dollars, two hours is the time of the": 1, 
            "don't be shameful bring out the ice cubes": 1, 
            "door and the panties drop, whole lot of": 1, 
            "doors you would drink my cum and nothing": 1, 
            "down there two streets baby, they'll ask you": 1, 
            "dreams, you'll say i'm crazy in the fuck": 1, 
            "drink my cum and nothing more now spread": 1, 
            "drop, whole lot of suckin' and fuckin' at": 1, 
            "each room has a bed and also a": 1, 
            "enough time to slay each room has a": 1, 
            "fill you up with something milky and white": 1, 
            "flight let me fill you up with something": 1, 
            "for all my money, it's the best buy": 1, 
            "for fuckin' at the fuck sho-o-o-op": 1, 
            "for sex abuse so as you hit the": 1, 
            "for the flight let me fill you up": 1, 
            "freak in the fuck shop that's where it's": 1, 
            "fuck a ho it's always popular with the": 1, 
            "fuck sho-o-o-op": 1, 
            "fuck sho-o-o-op there's only one place where we": 1, 
            "fuck shop fuckin' all the hoes thank you": 1, 
            "fuck shop please come inside, make yourself at": 1, 
            "fuck shop that's where it's at in the": 1, 
            "fuck shop the place to splak in the": 1, 
            "fuck shop where all the boys go in": 1, 
            "fuck shop you're in the fuck shop, babeeeei": 1, 
            "fuck shop, babeeeei wanna see you freak in": 1, 
            "fuck you 'till you sleep you'll sleep like": 1, 
            "fuck, 'cause my dick's on bone you little": 1, 
            "fuckin' all the hoes thank you for fuckin'": 1, 
            "fuckin' at the fuck sho-o-o-op": 1, 
            "fuckin' at the fuck shop please come inside,": 1, 
            "fucking the pink but be careful of the": 1, 
            "get arrested for sex abuse so as you": 1, 
            "girls and the guys 'cause for all my": 1, 
            "give you clean sheets welcome to the fuck": 1, 
            "go in the fuck shop fuckin' all the": 1, 
            "go where the price is right just to": 1, 
            "guys 'cause for all my money, it's the": 1, 
            "half, and not the second quarter i'll fuck": 1, 
            "has a bed and also a sink so": 1, 
            "hit the door and the panties drop, whole": 1, 
            "ho it's always popular with the girls and": 1, 
            "hoes thank you for fuckin' at the fuck": 1, 
            "home i want to fuck, 'cause my dick's": 1, 
            "hopin' to slay you, rough and painful you": 1, 
            "hot water this is the second half, and": 1, 
            "hours is the time of the stay it's": 1, 
            "i know a place just down there two": 1, 
            "i want to fuck, 'cause my dick's on": 1, 
            "i'll fuck you 'till you sleep you'll sleep": 1, 
            "i'm crazy in the fuck shop you're in": 1, 
            "i'm hopin' to slay you, rough and painful": 1, 
            "ice cubes and the hot water this is": 1, 
            "in the fuck shop fuckin' all the hoes": 1, 
            "in the fuck shop that's where it's at": 1, 
            "in the fuck shop the place to splak": 1, 
            "in the fuck shop where all the boys": 1, 
            "in the fuck shop you're in the fuck": 1, 
            "in the fuck shop, babeeeei wanna see you": 1, 
            "in your dreams, you'll say i'm crazy in": 1, 
            "innocent bitch, don't be shameful bring out the": 1, 
            "inside, make yourself at home i want to": 1, 
            "is right just to fuck a ho it's": 1, 
            "is the second half, and not the second": 1, 
            "is the time of the stay it's more": 1, 
            "it's always popular with the girls and the": 1, 
            "it's at in the fuck shop the place": 1, 
            "it's more than enough time to slay each": 1, 
            "it's the best buy ten dollars, two hours": 1, 
            "just down there two streets baby, they'll ask": 1, 
            "just to fuck a ho it's always popular": 1, 
            "know a place just down there two streets": 1, 
            "let me fill you up with something milky": 1, 
            "like a baby and in your dreams, you'll": 1, 
            "little whore behind closed doors you would drink": 1, 
            "lot of suckin' and fuckin' at the fuck": 1, 
            "make yourself at home i want to fuck,": 1, 
            "me fill you up with something milky and": 1, 
            "milky and white 'cause i'm hopin' to slay": 1, 
            "money, it's the best buy ten dollars, two": 1, 
            "more now spread your wings open for the": 1, 
            "more than enough time to slay each room": 1, 
            "my cum and nothing more now spread your": 1, 
            "my dick's on bone you little whore behind": 1, 
            "my money, it's the best buy ten dollars,": 1, 
            "no questions and give you clean sheets welcome": 1, 
            "not the second quarter i'll fuck you 'till": 1, 
            "nothing more now spread your wings open for": 1, 
            "now spread your wings open for the flight": 1, 
            "of suckin' and fuckin' at the fuck shop": 1, 
            "of the stay it's more than enough time": 1, 
            "of the things that you use' cause you": 1, 
            "on bone you little whore behind closed doors": 1, 
            "one place where we can go where the": 1, 
            "only one place where we can go where": 1, 
            "open for the flight let me fill you": 1, 
            "out the ice cubes and the hot water": 1, 
            "painful you innocent bitch, don't be shameful bring": 1, 
            "panties drop, whole lot of suckin' and fuckin'": 1, 
            "pink but be careful of the things that": 1, 
            "place just down there two streets baby, they'll": 1, 
            "place to splak in the fuck shop where": 1, 
            "place where we can go where the price": 1, 
            "please come inside, make yourself at home i": 1, 
            "popular with the girls and the guys 'cause": 1, 
            "price is right just to fuck a ho": 1, 
            "quarter i'll fuck you 'till you sleep you'll": 1, 
            "questions and give you clean sheets welcome to": 1, 
            "right just to fuck a ho it's always": 1, 
            "room has a bed and also a sink": 1, 
            "rough and painful you innocent bitch, don't be": 1, 
            "say i'm crazy in the fuck shop you're": 1, 
            "second half, and not the second quarter i'll": 1, 
            "second quarter i'll fuck you 'till you sleep": 1, 
            "see you freak in the fuck shop that's": 1, 
            "sex abuse so as you hit the door": 1, 
            "shameful bring out the ice cubes and the": 1, 
            "sheets welcome to the fuck sho-o-o-op there's only": 1, 
            "sho-o-o-op": 1, 
            "sho-o-o-op there's only one place where we can": 1, 
            "shop fuckin' all the hoes thank you for": 1, 
            "shop please come inside, make yourself at home": 1, 
            "shop that's where it's at in the fuck": 1, 
            "shop the place to splak in the fuck": 1, 
            "shop where all the boys go in the": 1, 
            "shop you're in the fuck shop, babeeeei wanna": 1, 
            "shop, babeeeei wanna see you freak in the": 1, 
            "sink so you can wash your dick after": 1, 
            "slay each room has a bed and also": 1, 
            "slay you, rough and painful you innocent bitch,": 1, 
            "sleep like a baby and in your dreams,": 1, 
            "sleep you'll sleep like a baby and in": 1, 
            "so as you hit the door and the": 1, 
            "so you can wash your dick after fucking": 1, 
            "something milky and white 'cause i'm hopin' to": 1, 
            "splak in the fuck shop where all the": 1, 
            "spread your wings open for the flight let": 1, 
            "stay it's more than enough time to slay": 1, 
            "streets baby, they'll ask you no questions and": 1, 
            "suckin' and fuckin' at the fuck shop please": 1, 
            "ten dollars, two hours is the time of": 1, 
            "than enough time to slay each room has": 1, 
            "thank you for fuckin' at the fuck sho-o-o-op": 1, 
            "that you use' cause you can get arrested": 1, 
            "that's where it's at in the fuck shop": 1, 
            "the best buy ten dollars, two hours is": 1, 
            "the boys go in the fuck shop fuckin'": 1, 
            "the door and the panties drop, whole lot": 1, 
            "the flight let me fill you up with": 1, 
            "the fuck sho-o-o-op": 1, 
            "the fuck sho-o-o-op there's only one place where": 1, 
            "the fuck shop fuckin' all the hoes thank": 1, 
            "the fuck shop please come inside, make yourself": 1, 
            "the fuck shop that's where it's at in": 1, 
            "the fuck shop the place to splak in": 1, 
            "the fuck shop where all the boys go": 1, 
            "the fuck shop you're in the fuck shop,": 1, 
            "the fuck shop, babeeeei wanna see you freak": 1, 
            "the girls and the guys 'cause for all": 1, 
            "the guys 'cause for all my money, it's": 1, 
            "the hoes thank you for fuckin' at the": 1, 
            "the hot water this is the second half,": 1, 
            "the ice cubes and the hot water this": 1, 
            "the panties drop, whole lot of suckin' and": 1, 
            "the pink but be careful of the things": 1, 
            "the place to splak in the fuck shop": 1, 
            "the price is right just to fuck a": 1, 
            "the second half, and not the second quarter": 1, 
            "the second quarter i'll fuck you 'till you": 1, 
            "the stay it's more than enough time to": 1, 
            "the things that you use' cause you can": 1, 
            "the time of the stay it's more than": 1, 
            "there two streets baby, they'll ask you no": 1, 
            "there's only one place where we can go": 1, 
            "they'll ask you no questions and give you": 1, 
            "things that you use' cause you can get": 1, 
            "this is the second half, and not the": 1, 
            "time of the stay it's more than enough": 1, 
            "time to slay each room has a bed": 1, 
            "to fuck a ho it's always popular with": 1, 
            "to fuck, 'cause my dick's on bone you": 1, 
            "to slay each room has a bed and": 1, 
            "to slay you, rough and painful you innocent": 1, 
            "to splak in the fuck shop where all": 1, 
            "to the fuck sho-o-o-op there's only one place": 1, 
            "two hours is the time of the stay": 1, 
            "two streets baby, they'll ask you no questions": 1, 
            "up with something milky and white 'cause i'm": 1, 
            "use' cause you can get arrested for sex": 1, 
            "wanna see you freak in the fuck shop": 1, 
            "want to fuck, 'cause my dick's on bone": 1, 
            "wash your dick after fucking the pink but": 1, 
            "water this is the second half, and not": 1, 
            "we can go where the price is right": 1, 
            "welcome to the fuck sho-o-o-op there's only one": 1, 
            "where all the boys go in the fuck": 1, 
            "where it's at in the fuck shop the": 1, 
            "where the price is right just to fuck": 1, 
            "where we can go where the price is": 1, 
            "white 'cause i'm hopin' to slay you, rough": 1, 
            "whole lot of suckin' and fuckin' at the": 1, 
            "whore behind closed doors you would drink my": 1, 
            "wings open for the flight let me fill": 1, 
            "with something milky and white 'cause i'm hopin'": 1, 
            "with the girls and the guys 'cause for": 1, 
            "would drink my cum and nothing more now": 1, 
            "you 'till you sleep you'll sleep like a": 1, 
            "you can get arrested for sex abuse so": 1, 
            "you can wash your dick after fucking the": 1, 
            "you clean sheets welcome to the fuck sho-o-o-op": 1, 
            "you for fuckin' at the fuck sho-o-o-op": 1, 
            "you freak in the fuck shop that's where": 1, 
            "you hit the door and the panties drop,": 1, 
            "you innocent bitch, don't be shameful bring out": 1, 
            "you little whore behind closed doors you would": 1, 
            "you no questions and give you clean sheets": 1, 
            "you sleep you'll sleep like a baby and": 1, 
            "you up with something milky and white 'cause": 1, 
            "you use' cause you can get arrested for": 1, 
            "you would drink my cum and nothing more": 1, 
            "you'll say i'm crazy in the fuck shop": 1, 
            "you'll sleep like a baby and in your": 1, 
            "you're in the fuck shop, babeeeei wanna see": 1, 
            "you, rough and painful you innocent bitch, don't": 1, 
            "your dick after fucking the pink but be": 1, 
            "your dreams, you'll say i'm crazy in the": 1, 
            "your wings open for the flight let me": 1, 
            "yourself at home i want to fuck, 'cause": 1
        }
    }, 
    "song_title": "The Fuck Shop", 
    "total_words": [
        290, 
        {
            "'cause": 3, 
            "'till": 1, 
            "a": 5, 
            "abuse": 1, 
            "after": 1, 
            "all": 3, 
            "also": 1, 
            "always": 1, 
            "and": 11, 
            "arrested": 1, 
            "as": 1, 
            "ask": 1, 
            "at": 4, 
            "babeeeei": 1, 
            "baby": 1, 
            "baby,": 1, 
            "be": 2, 
            "bed": 1, 
            "behind": 1, 
            "best": 1, 
            "bitch,": 1, 
            "bone": 1, 
            "boys": 1, 
            "bring": 1, 
            "but": 1, 
            "buy": 1, 
            "can": 3, 
            "careful": 1, 
            "cause": 1, 
            "clean": 1, 
            "closed": 1, 
            "come": 1, 
            "crazy": 1, 
            "cubes": 1, 
            "cum": 1, 
            "dick": 1, 
            "dick's": 1, 
            "dollars,": 1, 
            "don't": 1, 
            "door": 1, 
            "doors": 1, 
            "down": 1, 
            "dreams,": 1, 
            "drink": 1, 
            "drop,": 1, 
            "each": 1, 
            "enough": 1, 
            "fill": 1, 
            "flight": 1, 
            "for": 4, 
            "freak": 1, 
            "fuck": 11, 
            "fuck,": 1, 
            "fuckin'": 3, 
            "fucking": 1, 
            "get": 1, 
            "girls": 1, 
            "give": 1, 
            "go": 2, 
            "guys": 1, 
            "half,": 1, 
            "has": 1, 
            "hit": 1, 
            "ho": 1, 
            "hoes": 1, 
            "home": 1, 
            "hopin'": 1, 
            "hot": 1, 
            "hours": 1, 
            "i": 2, 
            "i'll": 1, 
            "i'm": 2, 
            "ice": 1, 
            "in": 7, 
            "innocent": 1, 
            "inside,": 1, 
            "is": 3, 
            "it's": 4, 
            "just": 2, 
            "know": 1, 
            "let": 1, 
            "like": 1, 
            "little": 1, 
            "lot": 1, 
            "make": 1, 
            "me": 1, 
            "milky": 1, 
            "money,": 1, 
            "more": 2, 
            "my": 3, 
            "no": 1, 
            "not": 1, 
            "nothing": 1, 
            "now": 1, 
            "of": 3, 
            "on": 1, 
            "one": 1, 
            "only": 1, 
            "open": 1, 
            "out": 1, 
            "painful": 1, 
            "panties": 1, 
            "pink": 1, 
            "place": 3, 
            "please": 1, 
            "popular": 1, 
            "price": 1, 
            "quarter": 1, 
            "questions": 1, 
            "right": 1, 
            "room": 1, 
            "rough": 1, 
            "say": 1, 
            "second": 2, 
            "see": 1, 
            "sex": 1, 
            "shameful": 1, 
            "sheets": 1, 
            "sho-o-o-op": 2, 
            "shop": 6, 
            "shop,": 1, 
            "sink": 1, 
            "slay": 2, 
            "sleep": 2, 
            "so": 2, 
            "something": 1, 
            "splak": 1, 
            "spread": 1, 
            "stay": 1, 
            "streets": 1, 
            "suckin'": 1, 
            "ten": 1, 
            "than": 1, 
            "thank": 1, 
            "that": 1, 
            "that's": 1, 
            "the": 27, 
            "there": 1, 
            "there's": 1, 
            "they'll": 1, 
            "things": 1, 
            "this": 1, 
            "time": 2, 
            "to": 6, 
            "two": 2, 
            "up": 1, 
            "use'": 1, 
            "wanna": 1, 
            "want": 1, 
            "wash": 1, 
            "water": 1, 
            "we": 1, 
            "welcome": 1, 
            "where": 4, 
            "white": 1, 
            "whole": 1, 
            "whore": 1, 
            "wings": 1, 
            "with": 2, 
            "would": 1, 
            "you": 14, 
            "you'll": 2, 
            "you're": 1, 
            "you,": 1, 
            "your": 3, 
            "yourself": 1
        }
    ], 
    "unique_words": [
        166, 
        [
            "shop", 
            "all", 
            "suckin'", 
            "just", 
            "don't", 
            "babeeeei", 
            "bring", 
            "sleep", 
            "questions", 
            "go", 
            "rough", 
            "dollars,", 
            "thank", 
            "dick", 
            "enough", 
            "to", 
            "only", 
            "spread", 
            "innocent", 
            "cum", 
            "has", 
            "hit", 
            "closed", 
            "get", 
            "know", 
            "not", 
            "now", 
            "wings", 
            "like", 
            "always", 
            "arrested", 
            "each", 
            "popular", 
            "quarter", 
            "where", 
            "bone", 
            "i'll", 
            "right", 
            "ten", 
            "fucking", 
            "streets", 
            "sex", 
            "welcome", 
            "second", 
            "hoes", 
            "home", 
            "best", 
            "out", 
            "for", 
            "please", 
            "ice", 
            "behind", 
            "there's", 
            "they'll", 
            "cause", 
            "be", 
            "we", 
            "after", 
            "fuckin'", 
            "hours", 
            "let", 
            "sink", 
            "ask", 
            "come", 
            "dick's", 
            "on", 
            "cubes", 
            "of", 
            "fuck,", 
            "place", 
            "milky", 
            "i'm", 
            "whole", 
            "use'", 
            "'cause", 
            "money,", 
            "one", 
            "down", 
            "wash", 
            "bitch,", 
            "open", 
            "your", 
            "'till", 
            "yourself", 
            "you're", 
            "little", 
            "dreams,", 
            "drop,", 
            "shop,", 
            "would", 
            "it's", 
            "there", 
            "girls", 
            "two", 
            "lot", 
            "white", 
            "baby,", 
            "painful", 
            "more", 
            "buy", 
            "door", 
            "sho-o-o-op", 
            "that", 
            "but", 
            "boys", 
            "ho", 
            "baby", 
            "careful", 
            "with", 
            "than", 
            "me", 
            "room", 
            "this", 
            "up", 
            "bed", 
            "inside,", 
            "can", 
            "my", 
            "at", 
            "and", 
            "crazy", 
            "freak", 
            "slay", 
            "is", 
            "fuck", 
            "half,", 
            "say", 
            "you,", 
            "something", 
            "want", 
            "in", 
            "flight", 
            "as", 
            "fill", 
            "pink", 
            "no", 
            "things", 
            "make", 
            "water", 
            "shameful", 
            "also", 
            "hot", 
            "whore", 
            "doors", 
            "you", 
            "panties", 
            "splak", 
            "hopin'", 
            "see", 
            "price", 
            "drink", 
            "stay", 
            "abuse", 
            "sheets", 
            "nothing", 
            "guys", 
            "a", 
            "give", 
            "i", 
            "wanna", 
            "you'll", 
            "so", 
            "clean", 
            "time", 
            "the", 
            "that's"
        ]
    ], 
    "year": 1989
}