{
    "album": "We Got It From Here... Thank You 4 Your Service", 
    "artist": "A Tribe Called Quest", 
    "lyrics": "Conrad Tokyo, Sapporo, pistachio\nJust done mash a show, Dawg is off on sabbatical\nRather watch the Nixon shit than politicians politic\nCNN and all this shit, gwaan yo, move with the fuckery\nTrump and the SNL hilarity\nTroublesome times kid, no times for comedy\nBlood clot, you doing, bullshit you spewing\nAs if this country ain't already ruined\nIn lieu of these mumbling, fumbling\nSwearing they're the greatest\nOnline they debate us, if we different, then we're haters\nWe ended our hiatus, the dogs looking for food\nThe nucleus is here now (ooo)\n\nToleration for devastation, got a hunger for sin\nEvery nation Obama nation, let the coroner in\nCrooked faces, red and blue laces for the color of men\nJust embrace it and die alone, song of Revelation\nReverends and cattles racing\nDevils and demons and Deuteronomy\nFumigate our economy, 'lluminate broken dreams\nAnd manifest all insanity, look around\nSayonara tomorrow, it's just blood on the ground\n\nConrad Tokyo, Sapporo, pistachio\n(Sayonara tomorrow, it's just blood on the ground)\nConrad Tokyo, Sapporo, pistachio\n(Sayonara tomorrow, it's just blood on the ground)\nConrad Tokyo, Sapporo, pistachio\n(Sayonara tomorrow, it's just blood on the ground)\nConrad Tokyo, Sapporo, pistachio\n(Sayonara tomorrow, it's just blood on the ground)\nConrad Tokyo, Sapporo, pistachio\nConrad Tokyo, Sapporo, pistachio\nConrad Tokyo, Sapporo, pistachio\nConrad Tokyo, Sapporo, pistachio\n\nConrad Tokyo, Sapporo, pistachio\nConrad Tokyo, Sapporo, pistachio\nConrad Tokyo, Sapporo, pistachio\nConrad Tokyo, Sapporo, pistachio\n", 
    "ngrams": {
        "2": {
            "": 1295, 
            "'lluminate broken": 1, 
            "a hunger": 1, 
            "a show,": 1, 
            "ain't already": 1, 
            "all insanity,": 1, 
            "all this": 1, 
            "alone, song": 1, 
            "already ruined": 1, 
            "and all": 1, 
            "and blue": 1, 
            "and cattles": 1, 
            "and demons": 1, 
            "and deuteronomy": 1, 
            "and die": 1, 
            "and manifest": 1, 
            "and the": 1, 
            "around sayonara": 1, 
            "as if": 1, 
            "blood clot,": 1, 
            "blood on": 5, 
            "blue laces": 1, 
            "broken dreams": 1, 
            "bullshit you": 1, 
            "cattles racing": 1, 
            "clot, you": 1, 
            "cnn and": 1, 
            "color of": 1, 
            "comedy blood": 1, 
            "conrad tokyo,": 13, 
            "coroner in": 1, 
            "country ain't": 1, 
            "crooked faces,": 1, 
            "dawg is": 1, 
            "debate us,": 1, 
            "demons and": 1, 
            "deuteronomy fumigate": 1, 
            "devastation, got": 1, 
            "devils and": 1, 
            "die alone,": 1, 
            "different, then": 1, 
            "dogs looking": 1, 
            "doing, bullshit": 1, 
            "done mash": 1, 
            "dreams and": 1, 
            "economy, 'lluminate": 1, 
            "embrace it": 1, 
            "ended our": 1, 
            "every nation": 1, 
            "faces, red": 1, 
            "food the": 1, 
            "for comedy": 1, 
            "for devastation,": 1, 
            "for food": 1, 
            "for sin": 1, 
            "for the": 1, 
            "fuckery trump": 1, 
            "fumbling swearing": 1, 
            "fumigate our": 1, 
            "got a": 1, 
            "greatest online": 1, 
            "ground conrad": 5, 
            "gwaan yo,": 1, 
            "haters we": 1, 
            "here now": 1, 
            "hiatus, the": 1, 
            "hilarity troublesome": 1, 
            "hunger for": 1, 
            "if this": 1, 
            "if we": 1, 
            "in crooked": 1, 
            "in lieu": 1, 
            "insanity, look": 1, 
            "is here": 1, 
            "is off": 1, 
            "it and": 1, 
            "it's just": 5, 
            "just blood": 5, 
            "just done": 1, 
            "just embrace": 1, 
            "kid, no": 1, 
            "laces for": 1, 
            "let the": 1, 
            "lieu of": 1, 
            "look around": 1, 
            "looking for": 1, 
            "manifest all": 1, 
            "mash a": 1, 
            "men just": 1, 
            "move with": 1, 
            "mumbling, fumbling": 1, 
            "nation obama": 1, 
            "nation, let": 1, 
            "nixon shit": 1, 
            "no times": 1, 
            "now ooo": 1, 
            "nucleus is": 1, 
            "obama nation,": 1, 
            "of men": 1, 
            "of revelation": 1, 
            "of these": 1, 
            "off on": 1, 
            "on sabbatical": 1, 
            "on the": 5, 
            "online they": 1, 
            "ooo toleration": 1, 
            "our economy,": 1, 
            "our hiatus,": 1, 
            "pistachio": 1, 
            "pistachio conrad": 7, 
            "pistachio just": 1, 
            "pistachio sayonara": 4, 
            "politic cnn": 1, 
            "politicians politic": 1, 
            "racing devils": 1, 
            "rather watch": 1, 
            "red and": 1, 
            "revelation reverends": 1, 
            "reverends and": 1, 
            "ruined in": 1, 
            "sabbatical rather": 1, 
            "sapporo, pistachio": 13, 
            "sayonara tomorrow,": 5, 
            "shit than": 1, 
            "shit, gwaan": 1, 
            "show, dawg": 1, 
            "sin every": 1, 
            "snl hilarity": 1, 
            "song of": 1, 
            "spewing as": 1, 
            "swearing they're": 1, 
            "than politicians": 1, 
            "the color": 1, 
            "the coroner": 1, 
            "the dogs": 1, 
            "the fuckery": 1, 
            "the greatest": 1, 
            "the ground": 5, 
            "the nixon": 1, 
            "the nucleus": 1, 
            "the snl": 1, 
            "then we're": 1, 
            "these mumbling,": 1, 
            "they debate": 1, 
            "they're the": 1, 
            "this country": 1, 
            "this shit,": 1, 
            "times for": 1, 
            "times kid,": 1, 
            "tokyo, sapporo,": 13, 
            "toleration for": 1, 
            "tomorrow, it's": 5, 
            "troublesome times": 1, 
            "trump and": 1, 
            "us, if": 1, 
            "watch the": 1, 
            "we different,": 1, 
            "we ended": 1, 
            "we're haters": 1, 
            "with the": 1, 
            "yo, move": 1, 
            "you doing,": 1, 
            "you spewing": 1
        }, 
        "3": {
            "": 1294, 
            "'lluminate broken dreams": 1, 
            "a hunger for": 1, 
            "a show, dawg": 1, 
            "ain't already ruined": 1, 
            "all insanity, look": 1, 
            "all this shit,": 1, 
            "alone, song of": 1, 
            "already ruined in": 1, 
            "and all this": 1, 
            "and blue laces": 1, 
            "and cattles racing": 1, 
            "and demons and": 1, 
            "and deuteronomy fumigate": 1, 
            "and die alone,": 1, 
            "and manifest all": 1, 
            "and the snl": 1, 
            "around sayonara tomorrow,": 1, 
            "as if this": 1, 
            "blood clot, you": 1, 
            "blood on the": 5, 
            "blue laces for": 1, 
            "broken dreams and": 1, 
            "bullshit you spewing": 1, 
            "cattles racing devils": 1, 
            "clot, you doing,": 1, 
            "cnn and all": 1, 
            "color of men": 1, 
            "comedy blood clot,": 1, 
            "conrad tokyo, sapporo,": 13, 
            "coroner in crooked": 1, 
            "country ain't already": 1, 
            "crooked faces, red": 1, 
            "dawg is off": 1, 
            "debate us, if": 1, 
            "demons and deuteronomy": 1, 
            "deuteronomy fumigate our": 1, 
            "devastation, got a": 1, 
            "devils and demons": 1, 
            "die alone, song": 1, 
            "different, then we're": 1, 
            "dogs looking for": 1, 
            "doing, bullshit you": 1, 
            "done mash a": 1, 
            "dreams and manifest": 1, 
            "economy, 'lluminate broken": 1, 
            "embrace it and": 1, 
            "ended our hiatus,": 1, 
            "every nation obama": 1, 
            "faces, red and": 1, 
            "food the nucleus": 1, 
            "for comedy blood": 1, 
            "for devastation, got": 1, 
            "for food the": 1, 
            "for sin every": 1, 
            "for the color": 1, 
            "fuckery trump and": 1, 
            "fumbling swearing they're": 1, 
            "fumigate our economy,": 1, 
            "got a hunger": 1, 
            "greatest online they": 1, 
            "ground conrad tokyo,": 5, 
            "gwaan yo, move": 1, 
            "haters we ended": 1, 
            "here now ooo": 1, 
            "hiatus, the dogs": 1, 
            "hilarity troublesome times": 1, 
            "hunger for sin": 1, 
            "if this country": 1, 
            "if we different,": 1, 
            "in crooked faces,": 1, 
            "in lieu of": 1, 
            "insanity, look around": 1, 
            "is here now": 1, 
            "is off on": 1, 
            "it and die": 1, 
            "it's just blood": 5, 
            "just blood on": 5, 
            "just done mash": 1, 
            "just embrace it": 1, 
            "kid, no times": 1, 
            "laces for the": 1, 
            "let the coroner": 1, 
            "lieu of these": 1, 
            "look around sayonara": 1, 
            "looking for food": 1, 
            "manifest all insanity,": 1, 
            "mash a show,": 1, 
            "men just embrace": 1, 
            "move with the": 1, 
            "mumbling, fumbling swearing": 1, 
            "nation obama nation,": 1, 
            "nation, let the": 1, 
            "nixon shit than": 1, 
            "no times for": 1, 
            "now ooo toleration": 1, 
            "nucleus is here": 1, 
            "obama nation, let": 1, 
            "of men just": 1, 
            "of revelation reverends": 1, 
            "of these mumbling,": 1, 
            "off on sabbatical": 1, 
            "on sabbatical rather": 1, 
            "on the ground": 5, 
            "online they debate": 1, 
            "ooo toleration for": 1, 
            "our economy, 'lluminate": 1, 
            "our hiatus, the": 1, 
            "pistachio": 1, 
            "pistachio conrad tokyo,": 7, 
            "pistachio just done": 1, 
            "pistachio sayonara tomorrow,": 4, 
            "politic cnn and": 1, 
            "politicians politic cnn": 1, 
            "racing devils and": 1, 
            "rather watch the": 1, 
            "red and blue": 1, 
            "revelation reverends and": 1, 
            "reverends and cattles": 1, 
            "ruined in lieu": 1, 
            "sabbatical rather watch": 1, 
            "sapporo, pistachio": 1, 
            "sapporo, pistachio conrad": 7, 
            "sapporo, pistachio just": 1, 
            "sapporo, pistachio sayonara": 4, 
            "sayonara tomorrow, it's": 5, 
            "shit than politicians": 1, 
            "shit, gwaan yo,": 1, 
            "show, dawg is": 1, 
            "sin every nation": 1, 
            "snl hilarity troublesome": 1, 
            "song of revelation": 1, 
            "spewing as if": 1, 
            "swearing they're the": 1, 
            "than politicians politic": 1, 
            "the color of": 1, 
            "the coroner in": 1, 
            "the dogs looking": 1, 
            "the fuckery trump": 1, 
            "the greatest online": 1, 
            "the ground conrad": 5, 
            "the nixon shit": 1, 
            "the nucleus is": 1, 
            "the snl hilarity": 1, 
            "then we're haters": 1, 
            "these mumbling, fumbling": 1, 
            "they debate us,": 1, 
            "they're the greatest": 1, 
            "this country ain't": 1, 
            "this shit, gwaan": 1, 
            "times for comedy": 1, 
            "times kid, no": 1, 
            "tokyo, sapporo, pistachio": 13, 
            "toleration for devastation,": 1, 
            "tomorrow, it's just": 5, 
            "troublesome times kid,": 1, 
            "trump and the": 1, 
            "us, if we": 1, 
            "watch the nixon": 1, 
            "we different, then": 1, 
            "we ended our": 1, 
            "we're haters we": 1, 
            "with the fuckery": 1, 
            "yo, move with": 1, 
            "you doing, bullshit": 1, 
            "you spewing as": 1
        }, 
        "4": {
            "": 1293, 
            "'lluminate broken dreams and": 1, 
            "a hunger for sin": 1, 
            "a show, dawg is": 1, 
            "ain't already ruined in": 1, 
            "all insanity, look around": 1, 
            "all this shit, gwaan": 1, 
            "alone, song of revelation": 1, 
            "already ruined in lieu": 1, 
            "and all this shit,": 1, 
            "and blue laces for": 1, 
            "and cattles racing devils": 1, 
            "and demons and deuteronomy": 1, 
            "and deuteronomy fumigate our": 1, 
            "and die alone, song": 1, 
            "and manifest all insanity,": 1, 
            "and the snl hilarity": 1, 
            "around sayonara tomorrow, it's": 1, 
            "as if this country": 1, 
            "blood clot, you doing,": 1, 
            "blood on the ground": 5, 
            "blue laces for the": 1, 
            "broken dreams and manifest": 1, 
            "bullshit you spewing as": 1, 
            "cattles racing devils and": 1, 
            "clot, you doing, bullshit": 1, 
            "cnn and all this": 1, 
            "color of men just": 1, 
            "comedy blood clot, you": 1, 
            "conrad tokyo, sapporo, pistachio": 13, 
            "coroner in crooked faces,": 1, 
            "country ain't already ruined": 1, 
            "crooked faces, red and": 1, 
            "dawg is off on": 1, 
            "debate us, if we": 1, 
            "demons and deuteronomy fumigate": 1, 
            "deuteronomy fumigate our economy,": 1, 
            "devastation, got a hunger": 1, 
            "devils and demons and": 1, 
            "die alone, song of": 1, 
            "different, then we're haters": 1, 
            "dogs looking for food": 1, 
            "doing, bullshit you spewing": 1, 
            "done mash a show,": 1, 
            "dreams and manifest all": 1, 
            "economy, 'lluminate broken dreams": 1, 
            "embrace it and die": 1, 
            "ended our hiatus, the": 1, 
            "every nation obama nation,": 1, 
            "faces, red and blue": 1, 
            "food the nucleus is": 1, 
            "for comedy blood clot,": 1, 
            "for devastation, got a": 1, 
            "for food the nucleus": 1, 
            "for sin every nation": 1, 
            "for the color of": 1, 
            "fuckery trump and the": 1, 
            "fumbling swearing they're the": 1, 
            "fumigate our economy, 'lluminate": 1, 
            "got a hunger for": 1, 
            "greatest online they debate": 1, 
            "ground conrad tokyo, sapporo,": 5, 
            "gwaan yo, move with": 1, 
            "haters we ended our": 1, 
            "here now ooo toleration": 1, 
            "hiatus, the dogs looking": 1, 
            "hilarity troublesome times kid,": 1, 
            "hunger for sin every": 1, 
            "if this country ain't": 1, 
            "if we different, then": 1, 
            "in crooked faces, red": 1, 
            "in lieu of these": 1, 
            "insanity, look around sayonara": 1, 
            "is here now ooo": 1, 
            "is off on sabbatical": 1, 
            "it and die alone,": 1, 
            "it's just blood on": 5, 
            "just blood on the": 5, 
            "just done mash a": 1, 
            "just embrace it and": 1, 
            "kid, no times for": 1, 
            "laces for the color": 1, 
            "let the coroner in": 1, 
            "lieu of these mumbling,": 1, 
            "look around sayonara tomorrow,": 1, 
            "looking for food the": 1, 
            "manifest all insanity, look": 1, 
            "mash a show, dawg": 1, 
            "men just embrace it": 1, 
            "move with the fuckery": 1, 
            "mumbling, fumbling swearing they're": 1, 
            "nation obama nation, let": 1, 
            "nation, let the coroner": 1, 
            "nixon shit than politicians": 1, 
            "no times for comedy": 1, 
            "now ooo toleration for": 1, 
            "nucleus is here now": 1, 
            "obama nation, let the": 1, 
            "of men just embrace": 1, 
            "of revelation reverends and": 1, 
            "of these mumbling, fumbling": 1, 
            "off on sabbatical rather": 1, 
            "on sabbatical rather watch": 1, 
            "on the ground conrad": 5, 
            "online they debate us,": 1, 
            "ooo toleration for devastation,": 1, 
            "our economy, 'lluminate broken": 1, 
            "our hiatus, the dogs": 1, 
            "pistachio": 1, 
            "pistachio conrad tokyo, sapporo,": 7, 
            "pistachio just done mash": 1, 
            "pistachio sayonara tomorrow, it's": 4, 
            "politic cnn and all": 1, 
            "politicians politic cnn and": 1, 
            "racing devils and demons": 1, 
            "rather watch the nixon": 1, 
            "red and blue laces": 1, 
            "revelation reverends and cattles": 1, 
            "reverends and cattles racing": 1, 
            "ruined in lieu of": 1, 
            "sabbatical rather watch the": 1, 
            "sapporo, pistachio": 1, 
            "sapporo, pistachio conrad tokyo,": 7, 
            "sapporo, pistachio just done": 1, 
            "sapporo, pistachio sayonara tomorrow,": 4, 
            "sayonara tomorrow, it's just": 5, 
            "shit than politicians politic": 1, 
            "shit, gwaan yo, move": 1, 
            "show, dawg is off": 1, 
            "sin every nation obama": 1, 
            "snl hilarity troublesome times": 1, 
            "song of revelation reverends": 1, 
            "spewing as if this": 1, 
            "swearing they're the greatest": 1, 
            "than politicians politic cnn": 1, 
            "the color of men": 1, 
            "the coroner in crooked": 1, 
            "the dogs looking for": 1, 
            "the fuckery trump and": 1, 
            "the greatest online they": 1, 
            "the ground conrad tokyo,": 5, 
            "the nixon shit than": 1, 
            "the nucleus is here": 1, 
            "the snl hilarity troublesome": 1, 
            "then we're haters we": 1, 
            "these mumbling, fumbling swearing": 1, 
            "they debate us, if": 1, 
            "they're the greatest online": 1, 
            "this country ain't already": 1, 
            "this shit, gwaan yo,": 1, 
            "times for comedy blood": 1, 
            "times kid, no times": 1, 
            "tokyo, sapporo, pistachio": 1, 
            "tokyo, sapporo, pistachio conrad": 7, 
            "tokyo, sapporo, pistachio just": 1, 
            "tokyo, sapporo, pistachio sayonara": 4, 
            "toleration for devastation, got": 1, 
            "tomorrow, it's just blood": 5, 
            "troublesome times kid, no": 1, 
            "trump and the snl": 1, 
            "us, if we different,": 1, 
            "watch the nixon shit": 1, 
            "we different, then we're": 1, 
            "we ended our hiatus,": 1, 
            "we're haters we ended": 1, 
            "with the fuckery trump": 1, 
            "yo, move with the": 1, 
            "you doing, bullshit you": 1, 
            "you spewing as if": 1
        }, 
        "5": {
            "": 1292, 
            "'lluminate broken dreams and manifest": 1, 
            "a hunger for sin every": 1, 
            "a show, dawg is off": 1, 
            "ain't already ruined in lieu": 1, 
            "all insanity, look around sayonara": 1, 
            "all this shit, gwaan yo,": 1, 
            "alone, song of revelation reverends": 1, 
            "already ruined in lieu of": 1, 
            "and all this shit, gwaan": 1, 
            "and blue laces for the": 1, 
            "and cattles racing devils and": 1, 
            "and demons and deuteronomy fumigate": 1, 
            "and deuteronomy fumigate our economy,": 1, 
            "and die alone, song of": 1, 
            "and manifest all insanity, look": 1, 
            "and the snl hilarity troublesome": 1, 
            "around sayonara tomorrow, it's just": 1, 
            "as if this country ain't": 1, 
            "blood clot, you doing, bullshit": 1, 
            "blood on the ground conrad": 5, 
            "blue laces for the color": 1, 
            "broken dreams and manifest all": 1, 
            "bullshit you spewing as if": 1, 
            "cattles racing devils and demons": 1, 
            "clot, you doing, bullshit you": 1, 
            "cnn and all this shit,": 1, 
            "color of men just embrace": 1, 
            "comedy blood clot, you doing,": 1, 
            "conrad tokyo, sapporo, pistachio": 1, 
            "conrad tokyo, sapporo, pistachio conrad": 7, 
            "conrad tokyo, sapporo, pistachio just": 1, 
            "conrad tokyo, sapporo, pistachio sayonara": 4, 
            "coroner in crooked faces, red": 1, 
            "country ain't already ruined in": 1, 
            "crooked faces, red and blue": 1, 
            "dawg is off on sabbatical": 1, 
            "debate us, if we different,": 1, 
            "demons and deuteronomy fumigate our": 1, 
            "deuteronomy fumigate our economy, 'lluminate": 1, 
            "devastation, got a hunger for": 1, 
            "devils and demons and deuteronomy": 1, 
            "die alone, song of revelation": 1, 
            "different, then we're haters we": 1, 
            "dogs looking for food the": 1, 
            "doing, bullshit you spewing as": 1, 
            "done mash a show, dawg": 1, 
            "dreams and manifest all insanity,": 1, 
            "economy, 'lluminate broken dreams and": 1, 
            "embrace it and die alone,": 1, 
            "ended our hiatus, the dogs": 1, 
            "every nation obama nation, let": 1, 
            "faces, red and blue laces": 1, 
            "food the nucleus is here": 1, 
            "for comedy blood clot, you": 1, 
            "for devastation, got a hunger": 1, 
            "for food the nucleus is": 1, 
            "for sin every nation obama": 1, 
            "for the color of men": 1, 
            "fuckery trump and the snl": 1, 
            "fumbling swearing they're the greatest": 1, 
            "fumigate our economy, 'lluminate broken": 1, 
            "got a hunger for sin": 1, 
            "greatest online they debate us,": 1, 
            "ground conrad tokyo, sapporo, pistachio": 5, 
            "gwaan yo, move with the": 1, 
            "haters we ended our hiatus,": 1, 
            "here now ooo toleration for": 1, 
            "hiatus, the dogs looking for": 1, 
            "hilarity troublesome times kid, no": 1, 
            "hunger for sin every nation": 1, 
            "if this country ain't already": 1, 
            "if we different, then we're": 1, 
            "in crooked faces, red and": 1, 
            "in lieu of these mumbling,": 1, 
            "insanity, look around sayonara tomorrow,": 1, 
            "is here now ooo toleration": 1, 
            "is off on sabbatical rather": 1, 
            "it and die alone, song": 1, 
            "it's just blood on the": 5, 
            "just blood on the ground": 5, 
            "just done mash a show,": 1, 
            "just embrace it and die": 1, 
            "kid, no times for comedy": 1, 
            "laces for the color of": 1, 
            "let the coroner in crooked": 1, 
            "lieu of these mumbling, fumbling": 1, 
            "look around sayonara tomorrow, it's": 1, 
            "looking for food the nucleus": 1, 
            "manifest all insanity, look around": 1, 
            "mash a show, dawg is": 1, 
            "men just embrace it and": 1, 
            "move with the fuckery trump": 1, 
            "mumbling, fumbling swearing they're the": 1, 
            "nation obama nation, let the": 1, 
            "nation, let the coroner in": 1, 
            "nixon shit than politicians politic": 1, 
            "no times for comedy blood": 1, 
            "now ooo toleration for devastation,": 1, 
            "nucleus is here now ooo": 1, 
            "obama nation, let the coroner": 1, 
            "of men just embrace it": 1, 
            "of revelation reverends and cattles": 1, 
            "of these mumbling, fumbling swearing": 1, 
            "off on sabbatical rather watch": 1, 
            "on sabbatical rather watch the": 1, 
            "on the ground conrad tokyo,": 5, 
            "online they debate us, if": 1, 
            "ooo toleration for devastation, got": 1, 
            "our economy, 'lluminate broken dreams": 1, 
            "our hiatus, the dogs looking": 1, 
            "pistachio": 1, 
            "pistachio conrad tokyo, sapporo, pistachio": 7, 
            "pistachio just done mash a": 1, 
            "pistachio sayonara tomorrow, it's just": 4, 
            "politic cnn and all this": 1, 
            "politicians politic cnn and all": 1, 
            "racing devils and demons and": 1, 
            "rather watch the nixon shit": 1, 
            "red and blue laces for": 1, 
            "revelation reverends and cattles racing": 1, 
            "reverends and cattles racing devils": 1, 
            "ruined in lieu of these": 1, 
            "sabbatical rather watch the nixon": 1, 
            "sapporo, pistachio": 1, 
            "sapporo, pistachio conrad tokyo, sapporo,": 7, 
            "sapporo, pistachio just done mash": 1, 
            "sapporo, pistachio sayonara tomorrow, it's": 4, 
            "sayonara tomorrow, it's just blood": 5, 
            "shit than politicians politic cnn": 1, 
            "shit, gwaan yo, move with": 1, 
            "show, dawg is off on": 1, 
            "sin every nation obama nation,": 1, 
            "snl hilarity troublesome times kid,": 1, 
            "song of revelation reverends and": 1, 
            "spewing as if this country": 1, 
            "swearing they're the greatest online": 1, 
            "than politicians politic cnn and": 1, 
            "the color of men just": 1, 
            "the coroner in crooked faces,": 1, 
            "the dogs looking for food": 1, 
            "the fuckery trump and the": 1, 
            "the greatest online they debate": 1, 
            "the ground conrad tokyo, sapporo,": 5, 
            "the nixon shit than politicians": 1, 
            "the nucleus is here now": 1, 
            "the snl hilarity troublesome times": 1, 
            "then we're haters we ended": 1, 
            "these mumbling, fumbling swearing they're": 1, 
            "they debate us, if we": 1, 
            "they're the greatest online they": 1, 
            "this country ain't already ruined": 1, 
            "this shit, gwaan yo, move": 1, 
            "times for comedy blood clot,": 1, 
            "times kid, no times for": 1, 
            "tokyo, sapporo, pistachio": 1, 
            "tokyo, sapporo, pistachio conrad tokyo,": 7, 
            "tokyo, sapporo, pistachio just done": 1, 
            "tokyo, sapporo, pistachio sayonara tomorrow,": 4, 
            "toleration for devastation, got a": 1, 
            "tomorrow, it's just blood on": 5, 
            "troublesome times kid, no times": 1, 
            "trump and the snl hilarity": 1, 
            "us, if we different, then": 1, 
            "watch the nixon shit than": 1, 
            "we different, then we're haters": 1, 
            "we ended our hiatus, the": 1, 
            "we're haters we ended our": 1, 
            "with the fuckery trump and": 1, 
            "yo, move with the fuckery": 1, 
            "you doing, bullshit you spewing": 1, 
            "you spewing as if this": 1
        }, 
        "6": {
            "": 1291, 
            "'lluminate broken dreams and manifest all": 1, 
            "a hunger for sin every nation": 1, 
            "a show, dawg is off on": 1, 
            "ain't already ruined in lieu of": 1, 
            "all insanity, look around sayonara tomorrow,": 1, 
            "all this shit, gwaan yo, move": 1, 
            "alone, song of revelation reverends and": 1, 
            "already ruined in lieu of these": 1, 
            "and all this shit, gwaan yo,": 1, 
            "and blue laces for the color": 1, 
            "and cattles racing devils and demons": 1, 
            "and demons and deuteronomy fumigate our": 1, 
            "and deuteronomy fumigate our economy, 'lluminate": 1, 
            "and die alone, song of revelation": 1, 
            "and manifest all insanity, look around": 1, 
            "and the snl hilarity troublesome times": 1, 
            "around sayonara tomorrow, it's just blood": 1, 
            "as if this country ain't already": 1, 
            "blood clot, you doing, bullshit you": 1, 
            "blood on the ground conrad tokyo,": 5, 
            "blue laces for the color of": 1, 
            "broken dreams and manifest all insanity,": 1, 
            "bullshit you spewing as if this": 1, 
            "cattles racing devils and demons and": 1, 
            "clot, you doing, bullshit you spewing": 1, 
            "cnn and all this shit, gwaan": 1, 
            "color of men just embrace it": 1, 
            "comedy blood clot, you doing, bullshit": 1, 
            "conrad tokyo, sapporo, pistachio": 1, 
            "conrad tokyo, sapporo, pistachio conrad tokyo,": 7, 
            "conrad tokyo, sapporo, pistachio just done": 1, 
            "conrad tokyo, sapporo, pistachio sayonara tomorrow,": 4, 
            "coroner in crooked faces, red and": 1, 
            "country ain't already ruined in lieu": 1, 
            "crooked faces, red and blue laces": 1, 
            "dawg is off on sabbatical rather": 1, 
            "debate us, if we different, then": 1, 
            "demons and deuteronomy fumigate our economy,": 1, 
            "deuteronomy fumigate our economy, 'lluminate broken": 1, 
            "devastation, got a hunger for sin": 1, 
            "devils and demons and deuteronomy fumigate": 1, 
            "die alone, song of revelation reverends": 1, 
            "different, then we're haters we ended": 1, 
            "dogs looking for food the nucleus": 1, 
            "doing, bullshit you spewing as if": 1, 
            "done mash a show, dawg is": 1, 
            "dreams and manifest all insanity, look": 1, 
            "economy, 'lluminate broken dreams and manifest": 1, 
            "embrace it and die alone, song": 1, 
            "ended our hiatus, the dogs looking": 1, 
            "every nation obama nation, let the": 1, 
            "faces, red and blue laces for": 1, 
            "food the nucleus is here now": 1, 
            "for comedy blood clot, you doing,": 1, 
            "for devastation, got a hunger for": 1, 
            "for food the nucleus is here": 1, 
            "for sin every nation obama nation,": 1, 
            "for the color of men just": 1, 
            "fuckery trump and the snl hilarity": 1, 
            "fumbling swearing they're the greatest online": 1, 
            "fumigate our economy, 'lluminate broken dreams": 1, 
            "got a hunger for sin every": 1, 
            "greatest online they debate us, if": 1, 
            "ground conrad tokyo, sapporo, pistachio conrad": 1, 
            "ground conrad tokyo, sapporo, pistachio sayonara": 4, 
            "gwaan yo, move with the fuckery": 1, 
            "haters we ended our hiatus, the": 1, 
            "here now ooo toleration for devastation,": 1, 
            "hiatus, the dogs looking for food": 1, 
            "hilarity troublesome times kid, no times": 1, 
            "hunger for sin every nation obama": 1, 
            "if this country ain't already ruined": 1, 
            "if we different, then we're haters": 1, 
            "in crooked faces, red and blue": 1, 
            "in lieu of these mumbling, fumbling": 1, 
            "insanity, look around sayonara tomorrow, it's": 1, 
            "is here now ooo toleration for": 1, 
            "is off on sabbatical rather watch": 1, 
            "it and die alone, song of": 1, 
            "it's just blood on the ground": 5, 
            "just blood on the ground conrad": 5, 
            "just done mash a show, dawg": 1, 
            "just embrace it and die alone,": 1, 
            "kid, no times for comedy blood": 1, 
            "laces for the color of men": 1, 
            "let the coroner in crooked faces,": 1, 
            "lieu of these mumbling, fumbling swearing": 1, 
            "look around sayonara tomorrow, it's just": 1, 
            "looking for food the nucleus is": 1, 
            "manifest all insanity, look around sayonara": 1, 
            "mash a show, dawg is off": 1, 
            "men just embrace it and die": 1, 
            "move with the fuckery trump and": 1, 
            "mumbling, fumbling swearing they're the greatest": 1, 
            "nation obama nation, let the coroner": 1, 
            "nation, let the coroner in crooked": 1, 
            "nixon shit than politicians politic cnn": 1, 
            "no times for comedy blood clot,": 1, 
            "now ooo toleration for devastation, got": 1, 
            "nucleus is here now ooo toleration": 1, 
            "obama nation, let the coroner in": 1, 
            "of men just embrace it and": 1, 
            "of revelation reverends and cattles racing": 1, 
            "of these mumbling, fumbling swearing they're": 1, 
            "off on sabbatical rather watch the": 1, 
            "on sabbatical rather watch the nixon": 1, 
            "on the ground conrad tokyo, sapporo,": 5, 
            "online they debate us, if we": 1, 
            "ooo toleration for devastation, got a": 1, 
            "our economy, 'lluminate broken dreams and": 1, 
            "our hiatus, the dogs looking for": 1, 
            "pistachio": 1, 
            "pistachio conrad tokyo, sapporo, pistachio": 1, 
            "pistachio conrad tokyo, sapporo, pistachio conrad": 6, 
            "pistachio just done mash a show,": 1, 
            "pistachio sayonara tomorrow, it's just blood": 4, 
            "politic cnn and all this shit,": 1, 
            "politicians politic cnn and all this": 1, 
            "racing devils and demons and deuteronomy": 1, 
            "rather watch the nixon shit than": 1, 
            "red and blue laces for the": 1, 
            "revelation reverends and cattles racing devils": 1, 
            "reverends and cattles racing devils and": 1, 
            "ruined in lieu of these mumbling,": 1, 
            "sabbatical rather watch the nixon shit": 1, 
            "sapporo, pistachio": 1, 
            "sapporo, pistachio conrad tokyo, sapporo, pistachio": 7, 
            "sapporo, pistachio just done mash a": 1, 
            "sapporo, pistachio sayonara tomorrow, it's just": 4, 
            "sayonara tomorrow, it's just blood on": 5, 
            "shit than politicians politic cnn and": 1, 
            "shit, gwaan yo, move with the": 1, 
            "show, dawg is off on sabbatical": 1, 
            "sin every nation obama nation, let": 1, 
            "snl hilarity troublesome times kid, no": 1, 
            "song of revelation reverends and cattles": 1, 
            "spewing as if this country ain't": 1, 
            "swearing they're the greatest online they": 1, 
            "than politicians politic cnn and all": 1, 
            "the color of men just embrace": 1, 
            "the coroner in crooked faces, red": 1, 
            "the dogs looking for food the": 1, 
            "the fuckery trump and the snl": 1, 
            "the greatest online they debate us,": 1, 
            "the ground conrad tokyo, sapporo, pistachio": 5, 
            "the nixon shit than politicians politic": 1, 
            "the nucleus is here now ooo": 1, 
            "the snl hilarity troublesome times kid,": 1, 
            "then we're haters we ended our": 1, 
            "these mumbling, fumbling swearing they're the": 1, 
            "they debate us, if we different,": 1, 
            "they're the greatest online they debate": 1, 
            "this country ain't already ruined in": 1, 
            "this shit, gwaan yo, move with": 1, 
            "times for comedy blood clot, you": 1, 
            "times kid, no times for comedy": 1, 
            "tokyo, sapporo, pistachio": 1, 
            "tokyo, sapporo, pistachio conrad tokyo, sapporo,": 7, 
            "tokyo, sapporo, pistachio just done mash": 1, 
            "tokyo, sapporo, pistachio sayonara tomorrow, it's": 4, 
            "toleration for devastation, got a hunger": 1, 
            "tomorrow, it's just blood on the": 5, 
            "troublesome times kid, no times for": 1, 
            "trump and the snl hilarity troublesome": 1, 
            "us, if we different, then we're": 1, 
            "watch the nixon shit than politicians": 1, 
            "we different, then we're haters we": 1, 
            "we ended our hiatus, the dogs": 1, 
            "we're haters we ended our hiatus,": 1, 
            "with the fuckery trump and the": 1, 
            "yo, move with the fuckery trump": 1, 
            "you doing, bullshit you spewing as": 1, 
            "you spewing as if this country": 1
        }, 
        "7": {
            "": 1290, 
            "'lluminate broken dreams and manifest all insanity,": 1, 
            "a hunger for sin every nation obama": 1, 
            "a show, dawg is off on sabbatical": 1, 
            "ain't already ruined in lieu of these": 1, 
            "all insanity, look around sayonara tomorrow, it's": 1, 
            "all this shit, gwaan yo, move with": 1, 
            "alone, song of revelation reverends and cattles": 1, 
            "already ruined in lieu of these mumbling,": 1, 
            "and all this shit, gwaan yo, move": 1, 
            "and blue laces for the color of": 1, 
            "and cattles racing devils and demons and": 1, 
            "and demons and deuteronomy fumigate our economy,": 1, 
            "and deuteronomy fumigate our economy, 'lluminate broken": 1, 
            "and die alone, song of revelation reverends": 1, 
            "and manifest all insanity, look around sayonara": 1, 
            "and the snl hilarity troublesome times kid,": 1, 
            "around sayonara tomorrow, it's just blood on": 1, 
            "as if this country ain't already ruined": 1, 
            "blood clot, you doing, bullshit you spewing": 1, 
            "blood on the ground conrad tokyo, sapporo,": 5, 
            "blue laces for the color of men": 1, 
            "broken dreams and manifest all insanity, look": 1, 
            "bullshit you spewing as if this country": 1, 
            "cattles racing devils and demons and deuteronomy": 1, 
            "clot, you doing, bullshit you spewing as": 1, 
            "cnn and all this shit, gwaan yo,": 1, 
            "color of men just embrace it and": 1, 
            "comedy blood clot, you doing, bullshit you": 1, 
            "conrad tokyo, sapporo, pistachio": 1, 
            "conrad tokyo, sapporo, pistachio conrad tokyo, sapporo,": 7, 
            "conrad tokyo, sapporo, pistachio just done mash": 1, 
            "conrad tokyo, sapporo, pistachio sayonara tomorrow, it's": 4, 
            "coroner in crooked faces, red and blue": 1, 
            "country ain't already ruined in lieu of": 1, 
            "crooked faces, red and blue laces for": 1, 
            "dawg is off on sabbatical rather watch": 1, 
            "debate us, if we different, then we're": 1, 
            "demons and deuteronomy fumigate our economy, 'lluminate": 1, 
            "deuteronomy fumigate our economy, 'lluminate broken dreams": 1, 
            "devastation, got a hunger for sin every": 1, 
            "devils and demons and deuteronomy fumigate our": 1, 
            "die alone, song of revelation reverends and": 1, 
            "different, then we're haters we ended our": 1, 
            "dogs looking for food the nucleus is": 1, 
            "doing, bullshit you spewing as if this": 1, 
            "done mash a show, dawg is off": 1, 
            "dreams and manifest all insanity, look around": 1, 
            "economy, 'lluminate broken dreams and manifest all": 1, 
            "embrace it and die alone, song of": 1, 
            "ended our hiatus, the dogs looking for": 1, 
            "every nation obama nation, let the coroner": 1, 
            "faces, red and blue laces for the": 1, 
            "food the nucleus is here now ooo": 1, 
            "for comedy blood clot, you doing, bullshit": 1, 
            "for devastation, got a hunger for sin": 1, 
            "for food the nucleus is here now": 1, 
            "for sin every nation obama nation, let": 1, 
            "for the color of men just embrace": 1, 
            "fuckery trump and the snl hilarity troublesome": 1, 
            "fumbling swearing they're the greatest online they": 1, 
            "fumigate our economy, 'lluminate broken dreams and": 1, 
            "got a hunger for sin every nation": 1, 
            "greatest online they debate us, if we": 1, 
            "ground conrad tokyo, sapporo, pistachio conrad tokyo,": 1, 
            "ground conrad tokyo, sapporo, pistachio sayonara tomorrow,": 4, 
            "gwaan yo, move with the fuckery trump": 1, 
            "haters we ended our hiatus, the dogs": 1, 
            "here now ooo toleration for devastation, got": 1, 
            "hiatus, the dogs looking for food the": 1, 
            "hilarity troublesome times kid, no times for": 1, 
            "hunger for sin every nation obama nation,": 1, 
            "if this country ain't already ruined in": 1, 
            "if we different, then we're haters we": 1, 
            "in crooked faces, red and blue laces": 1, 
            "in lieu of these mumbling, fumbling swearing": 1, 
            "insanity, look around sayonara tomorrow, it's just": 1, 
            "is here now ooo toleration for devastation,": 1, 
            "is off on sabbatical rather watch the": 1, 
            "it and die alone, song of revelation": 1, 
            "it's just blood on the ground conrad": 5, 
            "just blood on the ground conrad tokyo,": 5, 
            "just done mash a show, dawg is": 1, 
            "just embrace it and die alone, song": 1, 
            "kid, no times for comedy blood clot,": 1, 
            "laces for the color of men just": 1, 
            "let the coroner in crooked faces, red": 1, 
            "lieu of these mumbling, fumbling swearing they're": 1, 
            "look around sayonara tomorrow, it's just blood": 1, 
            "looking for food the nucleus is here": 1, 
            "manifest all insanity, look around sayonara tomorrow,": 1, 
            "mash a show, dawg is off on": 1, 
            "men just embrace it and die alone,": 1, 
            "move with the fuckery trump and the": 1, 
            "mumbling, fumbling swearing they're the greatest online": 1, 
            "nation obama nation, let the coroner in": 1, 
            "nation, let the coroner in crooked faces,": 1, 
            "nixon shit than politicians politic cnn and": 1, 
            "no times for comedy blood clot, you": 1, 
            "now ooo toleration for devastation, got a": 1, 
            "nucleus is here now ooo toleration for": 1, 
            "obama nation, let the coroner in crooked": 1, 
            "of men just embrace it and die": 1, 
            "of revelation reverends and cattles racing devils": 1, 
            "of these mumbling, fumbling swearing they're the": 1, 
            "off on sabbatical rather watch the nixon": 1, 
            "on sabbatical rather watch the nixon shit": 1, 
            "on the ground conrad tokyo, sapporo, pistachio": 5, 
            "online they debate us, if we different,": 1, 
            "ooo toleration for devastation, got a hunger": 1, 
            "our economy, 'lluminate broken dreams and manifest": 1, 
            "our hiatus, the dogs looking for food": 1, 
            "pistachio": 1, 
            "pistachio conrad tokyo, sapporo, pistachio": 1, 
            "pistachio conrad tokyo, sapporo, pistachio conrad tokyo,": 6, 
            "pistachio just done mash a show, dawg": 1, 
            "pistachio sayonara tomorrow, it's just blood on": 4, 
            "politic cnn and all this shit, gwaan": 1, 
            "politicians politic cnn and all this shit,": 1, 
            "racing devils and demons and deuteronomy fumigate": 1, 
            "rather watch the nixon shit than politicians": 1, 
            "red and blue laces for the color": 1, 
            "revelation reverends and cattles racing devils and": 1, 
            "reverends and cattles racing devils and demons": 1, 
            "ruined in lieu of these mumbling, fumbling": 1, 
            "sabbatical rather watch the nixon shit than": 1, 
            "sapporo, pistachio": 1, 
            "sapporo, pistachio conrad tokyo, sapporo, pistachio": 1, 
            "sapporo, pistachio conrad tokyo, sapporo, pistachio conrad": 6, 
            "sapporo, pistachio just done mash a show,": 1, 
            "sapporo, pistachio sayonara tomorrow, it's just blood": 4, 
            "sayonara tomorrow, it's just blood on the": 5, 
            "shit than politicians politic cnn and all": 1, 
            "shit, gwaan yo, move with the fuckery": 1, 
            "show, dawg is off on sabbatical rather": 1, 
            "sin every nation obama nation, let the": 1, 
            "snl hilarity troublesome times kid, no times": 1, 
            "song of revelation reverends and cattles racing": 1, 
            "spewing as if this country ain't already": 1, 
            "swearing they're the greatest online they debate": 1, 
            "than politicians politic cnn and all this": 1, 
            "the color of men just embrace it": 1, 
            "the coroner in crooked faces, red and": 1, 
            "the dogs looking for food the nucleus": 1, 
            "the fuckery trump and the snl hilarity": 1, 
            "the greatest online they debate us, if": 1, 
            "the ground conrad tokyo, sapporo, pistachio conrad": 1, 
            "the ground conrad tokyo, sapporo, pistachio sayonara": 4, 
            "the nixon shit than politicians politic cnn": 1, 
            "the nucleus is here now ooo toleration": 1, 
            "the snl hilarity troublesome times kid, no": 1, 
            "then we're haters we ended our hiatus,": 1, 
            "these mumbling, fumbling swearing they're the greatest": 1, 
            "they debate us, if we different, then": 1, 
            "they're the greatest online they debate us,": 1, 
            "this country ain't already ruined in lieu": 1, 
            "this shit, gwaan yo, move with the": 1, 
            "times for comedy blood clot, you doing,": 1, 
            "times kid, no times for comedy blood": 1, 
            "tokyo, sapporo, pistachio": 1, 
            "tokyo, sapporo, pistachio conrad tokyo, sapporo, pistachio": 7, 
            "tokyo, sapporo, pistachio just done mash a": 1, 
            "tokyo, sapporo, pistachio sayonara tomorrow, it's just": 4, 
            "toleration for devastation, got a hunger for": 1, 
            "tomorrow, it's just blood on the ground": 5, 
            "troublesome times kid, no times for comedy": 1, 
            "trump and the snl hilarity troublesome times": 1, 
            "us, if we different, then we're haters": 1, 
            "watch the nixon shit than politicians politic": 1, 
            "we different, then we're haters we ended": 1, 
            "we ended our hiatus, the dogs looking": 1, 
            "we're haters we ended our hiatus, the": 1, 
            "with the fuckery trump and the snl": 1, 
            "yo, move with the fuckery trump and": 1, 
            "you doing, bullshit you spewing as if": 1, 
            "you spewing as if this country ain't": 1
        }, 
        "8": {
            "": 1289, 
            "'lluminate broken dreams and manifest all insanity, look": 1, 
            "a hunger for sin every nation obama nation,": 1, 
            "a show, dawg is off on sabbatical rather": 1, 
            "ain't already ruined in lieu of these mumbling,": 1, 
            "all insanity, look around sayonara tomorrow, it's just": 1, 
            "all this shit, gwaan yo, move with the": 1, 
            "alone, song of revelation reverends and cattles racing": 1, 
            "already ruined in lieu of these mumbling, fumbling": 1, 
            "and all this shit, gwaan yo, move with": 1, 
            "and blue laces for the color of men": 1, 
            "and cattles racing devils and demons and deuteronomy": 1, 
            "and demons and deuteronomy fumigate our economy, 'lluminate": 1, 
            "and deuteronomy fumigate our economy, 'lluminate broken dreams": 1, 
            "and die alone, song of revelation reverends and": 1, 
            "and manifest all insanity, look around sayonara tomorrow,": 1, 
            "and the snl hilarity troublesome times kid, no": 1, 
            "around sayonara tomorrow, it's just blood on the": 1, 
            "as if this country ain't already ruined in": 1, 
            "blood clot, you doing, bullshit you spewing as": 1, 
            "blood on the ground conrad tokyo, sapporo, pistachio": 5, 
            "blue laces for the color of men just": 1, 
            "broken dreams and manifest all insanity, look around": 1, 
            "bullshit you spewing as if this country ain't": 1, 
            "cattles racing devils and demons and deuteronomy fumigate": 1, 
            "clot, you doing, bullshit you spewing as if": 1, 
            "cnn and all this shit, gwaan yo, move": 1, 
            "color of men just embrace it and die": 1, 
            "comedy blood clot, you doing, bullshit you spewing": 1, 
            "conrad tokyo, sapporo, pistachio": 1, 
            "conrad tokyo, sapporo, pistachio conrad tokyo, sapporo, pistachio": 7, 
            "conrad tokyo, sapporo, pistachio just done mash a": 1, 
            "conrad tokyo, sapporo, pistachio sayonara tomorrow, it's just": 4, 
            "coroner in crooked faces, red and blue laces": 1, 
            "country ain't already ruined in lieu of these": 1, 
            "crooked faces, red and blue laces for the": 1, 
            "dawg is off on sabbatical rather watch the": 1, 
            "debate us, if we different, then we're haters": 1, 
            "demons and deuteronomy fumigate our economy, 'lluminate broken": 1, 
            "deuteronomy fumigate our economy, 'lluminate broken dreams and": 1, 
            "devastation, got a hunger for sin every nation": 1, 
            "devils and demons and deuteronomy fumigate our economy,": 1, 
            "die alone, song of revelation reverends and cattles": 1, 
            "different, then we're haters we ended our hiatus,": 1, 
            "dogs looking for food the nucleus is here": 1, 
            "doing, bullshit you spewing as if this country": 1, 
            "done mash a show, dawg is off on": 1, 
            "dreams and manifest all insanity, look around sayonara": 1, 
            "economy, 'lluminate broken dreams and manifest all insanity,": 1, 
            "embrace it and die alone, song of revelation": 1, 
            "ended our hiatus, the dogs looking for food": 1, 
            "every nation obama nation, let the coroner in": 1, 
            "faces, red and blue laces for the color": 1, 
            "food the nucleus is here now ooo toleration": 1, 
            "for comedy blood clot, you doing, bullshit you": 1, 
            "for devastation, got a hunger for sin every": 1, 
            "for food the nucleus is here now ooo": 1, 
            "for sin every nation obama nation, let the": 1, 
            "for the color of men just embrace it": 1, 
            "fuckery trump and the snl hilarity troublesome times": 1, 
            "fumbling swearing they're the greatest online they debate": 1, 
            "fumigate our economy, 'lluminate broken dreams and manifest": 1, 
            "got a hunger for sin every nation obama": 1, 
            "greatest online they debate us, if we different,": 1, 
            "ground conrad tokyo, sapporo, pistachio conrad tokyo, sapporo,": 1, 
            "ground conrad tokyo, sapporo, pistachio sayonara tomorrow, it's": 4, 
            "gwaan yo, move with the fuckery trump and": 1, 
            "haters we ended our hiatus, the dogs looking": 1, 
            "here now ooo toleration for devastation, got a": 1, 
            "hiatus, the dogs looking for food the nucleus": 1, 
            "hilarity troublesome times kid, no times for comedy": 1, 
            "hunger for sin every nation obama nation, let": 1, 
            "if this country ain't already ruined in lieu": 1, 
            "if we different, then we're haters we ended": 1, 
            "in crooked faces, red and blue laces for": 1, 
            "in lieu of these mumbling, fumbling swearing they're": 1, 
            "insanity, look around sayonara tomorrow, it's just blood": 1, 
            "is here now ooo toleration for devastation, got": 1, 
            "is off on sabbatical rather watch the nixon": 1, 
            "it and die alone, song of revelation reverends": 1, 
            "it's just blood on the ground conrad tokyo,": 5, 
            "just blood on the ground conrad tokyo, sapporo,": 5, 
            "just done mash a show, dawg is off": 1, 
            "just embrace it and die alone, song of": 1, 
            "kid, no times for comedy blood clot, you": 1, 
            "laces for the color of men just embrace": 1, 
            "let the coroner in crooked faces, red and": 1, 
            "lieu of these mumbling, fumbling swearing they're the": 1, 
            "look around sayonara tomorrow, it's just blood on": 1, 
            "looking for food the nucleus is here now": 1, 
            "manifest all insanity, look around sayonara tomorrow, it's": 1, 
            "mash a show, dawg is off on sabbatical": 1, 
            "men just embrace it and die alone, song": 1, 
            "move with the fuckery trump and the snl": 1, 
            "mumbling, fumbling swearing they're the greatest online they": 1, 
            "nation obama nation, let the coroner in crooked": 1, 
            "nation, let the coroner in crooked faces, red": 1, 
            "nixon shit than politicians politic cnn and all": 1, 
            "no times for comedy blood clot, you doing,": 1, 
            "now ooo toleration for devastation, got a hunger": 1, 
            "nucleus is here now ooo toleration for devastation,": 1, 
            "obama nation, let the coroner in crooked faces,": 1, 
            "of men just embrace it and die alone,": 1, 
            "of revelation reverends and cattles racing devils and": 1, 
            "of these mumbling, fumbling swearing they're the greatest": 1, 
            "off on sabbatical rather watch the nixon shit": 1, 
            "on sabbatical rather watch the nixon shit than": 1, 
            "on the ground conrad tokyo, sapporo, pistachio conrad": 1, 
            "on the ground conrad tokyo, sapporo, pistachio sayonara": 4, 
            "online they debate us, if we different, then": 1, 
            "ooo toleration for devastation, got a hunger for": 1, 
            "our economy, 'lluminate broken dreams and manifest all": 1, 
            "our hiatus, the dogs looking for food the": 1, 
            "pistachio": 1, 
            "pistachio conrad tokyo, sapporo, pistachio": 1, 
            "pistachio conrad tokyo, sapporo, pistachio conrad tokyo, sapporo,": 6, 
            "pistachio just done mash a show, dawg is": 1, 
            "pistachio sayonara tomorrow, it's just blood on the": 4, 
            "politic cnn and all this shit, gwaan yo,": 1, 
            "politicians politic cnn and all this shit, gwaan": 1, 
            "racing devils and demons and deuteronomy fumigate our": 1, 
            "rather watch the nixon shit than politicians politic": 1, 
            "red and blue laces for the color of": 1, 
            "revelation reverends and cattles racing devils and demons": 1, 
            "reverends and cattles racing devils and demons and": 1, 
            "ruined in lieu of these mumbling, fumbling swearing": 1, 
            "sabbatical rather watch the nixon shit than politicians": 1, 
            "sapporo, pistachio": 1, 
            "sapporo, pistachio conrad tokyo, sapporo, pistachio": 1, 
            "sapporo, pistachio conrad tokyo, sapporo, pistachio conrad tokyo,": 6, 
            "sapporo, pistachio just done mash a show, dawg": 1, 
            "sapporo, pistachio sayonara tomorrow, it's just blood on": 4, 
            "sayonara tomorrow, it's just blood on the ground": 5, 
            "shit than politicians politic cnn and all this": 1, 
            "shit, gwaan yo, move with the fuckery trump": 1, 
            "show, dawg is off on sabbatical rather watch": 1, 
            "sin every nation obama nation, let the coroner": 1, 
            "snl hilarity troublesome times kid, no times for": 1, 
            "song of revelation reverends and cattles racing devils": 1, 
            "spewing as if this country ain't already ruined": 1, 
            "swearing they're the greatest online they debate us,": 1, 
            "than politicians politic cnn and all this shit,": 1, 
            "the color of men just embrace it and": 1, 
            "the coroner in crooked faces, red and blue": 1, 
            "the dogs looking for food the nucleus is": 1, 
            "the fuckery trump and the snl hilarity troublesome": 1, 
            "the greatest online they debate us, if we": 1, 
            "the ground conrad tokyo, sapporo, pistachio conrad tokyo,": 1, 
            "the ground conrad tokyo, sapporo, pistachio sayonara tomorrow,": 4, 
            "the nixon shit than politicians politic cnn and": 1, 
            "the nucleus is here now ooo toleration for": 1, 
            "the snl hilarity troublesome times kid, no times": 1, 
            "then we're haters we ended our hiatus, the": 1, 
            "these mumbling, fumbling swearing they're the greatest online": 1, 
            "they debate us, if we different, then we're": 1, 
            "they're the greatest online they debate us, if": 1, 
            "this country ain't already ruined in lieu of": 1, 
            "this shit, gwaan yo, move with the fuckery": 1, 
            "times for comedy blood clot, you doing, bullshit": 1, 
            "times kid, no times for comedy blood clot,": 1, 
            "tokyo, sapporo, pistachio": 1, 
            "tokyo, sapporo, pistachio conrad tokyo, sapporo, pistachio": 1, 
            "tokyo, sapporo, pistachio conrad tokyo, sapporo, pistachio conrad": 6, 
            "tokyo, sapporo, pistachio just done mash a show,": 1, 
            "tokyo, sapporo, pistachio sayonara tomorrow, it's just blood": 4, 
            "toleration for devastation, got a hunger for sin": 1, 
            "tomorrow, it's just blood on the ground conrad": 5, 
            "troublesome times kid, no times for comedy blood": 1, 
            "trump and the snl hilarity troublesome times kid,": 1, 
            "us, if we different, then we're haters we": 1, 
            "watch the nixon shit than politicians politic cnn": 1, 
            "we different, then we're haters we ended our": 1, 
            "we ended our hiatus, the dogs looking for": 1, 
            "we're haters we ended our hiatus, the dogs": 1, 
            "with the fuckery trump and the snl hilarity": 1, 
            "yo, move with the fuckery trump and the": 1, 
            "you doing, bullshit you spewing as if this": 1, 
            "you spewing as if this country ain't already": 1
        }
    }, 
    "song_title": "A Tribe Called Quest We Got It From Here Thank You 4 Your Service Conrad Tokyo", 
    "total_words": [
        239, 
        {
            "'lluminate": 1, 
            "a": 2, 
            "ain't": 1, 
            "all": 2, 
            "alone,": 1, 
            "already": 1, 
            "and": 8, 
            "around": 1, 
            "as": 1, 
            "blood": 6, 
            "blue": 1, 
            "broken": 1, 
            "bullshit": 1, 
            "cattles": 1, 
            "clot,": 1, 
            "cnn": 1, 
            "color": 1, 
            "comedy": 1, 
            "conrad": 13, 
            "coroner": 1, 
            "country": 1, 
            "crooked": 1, 
            "dawg": 1, 
            "debate": 1, 
            "demons": 1, 
            "deuteronomy": 1, 
            "devastation,": 1, 
            "devils": 1, 
            "die": 1, 
            "different,": 1, 
            "dogs": 1, 
            "doing,": 1, 
            "done": 1, 
            "dreams": 1, 
            "economy,": 1, 
            "embrace": 1, 
            "ended": 1, 
            "every": 1, 
            "faces,": 1, 
            "food": 1, 
            "for": 5, 
            "fuckery": 1, 
            "fumbling": 1, 
            "fumigate": 1, 
            "got": 1, 
            "greatest": 1, 
            "ground": 5, 
            "gwaan": 1, 
            "haters": 1, 
            "here": 1, 
            "hiatus,": 1, 
            "hilarity": 1, 
            "hunger": 1, 
            "if": 2, 
            "in": 2, 
            "insanity,": 1, 
            "is": 2, 
            "it": 1, 
            "it's": 5, 
            "just": 7, 
            "kid,": 1, 
            "laces": 1, 
            "let": 1, 
            "lieu": 1, 
            "look": 1, 
            "looking": 1, 
            "manifest": 1, 
            "mash": 1, 
            "men": 1, 
            "move": 1, 
            "mumbling,": 1, 
            "nation": 1, 
            "nation,": 1, 
            "nixon": 1, 
            "no": 1, 
            "now": 1, 
            "nucleus": 1, 
            "obama": 1, 
            "of": 3, 
            "off": 1, 
            "on": 6, 
            "online": 1, 
            "ooo": 1, 
            "our": 2, 
            "pistachio": 13, 
            "politic": 1, 
            "politicians": 1, 
            "racing": 1, 
            "rather": 1, 
            "red": 1, 
            "revelation": 1, 
            "reverends": 1, 
            "ruined": 1, 
            "sabbatical": 1, 
            "sapporo,": 13, 
            "sayonara": 5, 
            "shit": 1, 
            "shit,": 1, 
            "show,": 1, 
            "sin": 1, 
            "snl": 1, 
            "song": 1, 
            "spewing": 1, 
            "swearing": 1, 
            "than": 1, 
            "the": 13, 
            "then": 1, 
            "these": 1, 
            "they": 1, 
            "they're": 1, 
            "this": 2, 
            "times": 2, 
            "tokyo,": 13, 
            "toleration": 1, 
            "tomorrow,": 5, 
            "troublesome": 1, 
            "trump": 1, 
            "us,": 1, 
            "watch": 1, 
            "we": 2, 
            "we're": 1, 
            "with": 1, 
            "yo,": 1, 
            "you": 2
        }
    ], 
    "unique_words": [
        124, 
        [
            "all", 
            "already", 
            "'lluminate", 
            "just", 
            "hunger", 
            "color", 
            "move", 
            "economy,", 
            "swearing", 
            "ended", 
            "done", 
            "clot,", 
            "sabbatical", 
            "lieu", 
            "crooked", 
            "debate", 
            "ground", 
            "nation,", 
            "now", 
            "fuckery", 
            "revelation", 
            "deuteronomy", 
            "cattles", 
            "bullshit", 
            "insanity,", 
            "we're", 
            "dogs", 
            "hilarity", 
            "laces", 
            "then", 
            "around", 
            "mash", 
            "song", 
            "food", 
            "ooo", 
            "watch", 
            "nation", 
            "every", 
            "they", 
            "gwaan", 
            "tomorrow,", 
            "haters", 
            "with", 
            "than", 
            "dreams", 
            "obama", 
            "they're", 
            "look", 
            "shit,", 
            "this", 
            "die", 
            "us,", 
            "ruined", 
            "politic", 
            "country", 
            "fumigate", 
            "conrad", 
            "faces,", 
            "hiatus,", 
            "and", 
            "troublesome", 
            "trump", 
            "devils", 
            "is", 
            "racing", 
            "tokyo,", 
            "it", 
            "as", 
            "dawg", 
            "embrace", 
            "fumbling", 
            "in", 
            "our", 
            "manifest", 
            "show,", 
            "shit", 
            "if", 
            "blue", 
            "these", 
            "let", 
            "for", 
            "no", 
            "rather", 
            "demons", 
            "looking", 
            "coroner", 
            "politicians", 
            "sayonara", 
            "online", 
            "cnn", 
            "got", 
            "you", 
            "comedy", 
            "kid,", 
            "sin", 
            "red", 
            "we", 
            "reverends", 
            "toleration", 
            "spewing", 
            "snl", 
            "men", 
            "mumbling,", 
            "doing,", 
            "here", 
            "broken", 
            "nucleus", 
            "blood", 
            "devastation,", 
            "a", 
            "on", 
            "yo,", 
            "off", 
            "different,", 
            "of", 
            "sapporo,", 
            "times", 
            "pistachio", 
            "greatest", 
            "it's", 
            "ain't", 
            "the", 
            "alone,", 
            "nixon"
        ]
    ], 
    "year": 2016
}