{
    "album": "Sports Weekend (As Nasty As They Wanna Be Part 2)", 
    "artist": "2 Live Crew", 
    "lyrics": "I thought I was fuckin' until I got turned out\nWhen the bitch said, \"Marquis, can you stick your dick in my mouth?\"\nThat experience has me all fucked up in the head\n'Cause half of my time is spent in bed\nAnd when she calls, you know I'ma come runnin'\nWith my dick in my hand, the first lick, I'm nuttin'\nThere's no freak in the world quite like you\n'Cause you suck my dick until my balls turn blue\n\n\nI remember the first time I got a blow job\nYou know what I mean, when she slobs on Bob\nShe was kissin' the head, then she blew my balls\nIt felt like my skin had started to crawl\nAnd the bitch kept suckin' like a freak in heat\nMovin' like a basser without any sleep\nAnd after she was done, this is what I said:\n\"Baby, baby, please! Just a little more head!\"\n", 
    "ngrams": {
        "2": {
            "": 592, 
            "'cause half": 1, 
            "'cause you": 1, 
            "a basser": 1, 
            "a blow": 1, 
            "a freak": 1, 
            "a little": 1, 
            "after she": 1, 
            "all fucked": 1, 
            "and after": 1, 
            "and the": 1, 
            "and when": 1, 
            "any sleep": 1, 
            "baby, baby,": 1, 
            "baby, please": 1, 
            "balls it": 1, 
            "balls turn": 1, 
            "basser without": 1, 
            "bed and": 1, 
            "bitch kept": 1, 
            "bitch said,": 1, 
            "blew my": 1, 
            "blow job": 1, 
            "blue i": 1, 
            "bob she": 1, 
            "calls, you": 1, 
            "can you": 1, 
            "come runnin'": 1, 
            "crawl and": 1, 
            "dick in": 2, 
            "dick until": 1, 
            "done, this": 1, 
            "experience has": 1, 
            "felt like": 1, 
            "first lick,": 1, 
            "first time": 1, 
            "freak in": 2, 
            "fucked up": 1, 
            "fuckin' until": 1, 
            "got a": 1, 
            "got turned": 1, 
            "had started": 1, 
            "half of": 1, 
            "hand, the": 1, 
            "has me": 1, 
            "head": 1, 
            "head 'cause": 1, 
            "head, then": 1, 
            "heat movin'": 1, 
            "i got": 2, 
            "i mean,": 1, 
            "i remember": 1, 
            "i said": 1, 
            "i thought": 1, 
            "i was": 1, 
            "i'm nuttin'": 1, 
            "i'ma come": 1, 
            "in bed": 1, 
            "in heat": 1, 
            "in my": 2, 
            "in the": 2, 
            "is spent": 1, 
            "is what": 1, 
            "it felt": 1, 
            "job you": 1, 
            "just a": 1, 
            "kept suckin'": 1, 
            "kissin' the": 1, 
            "know i'ma": 1, 
            "know what": 1, 
            "lick, i'm": 1, 
            "like a": 2, 
            "like my": 1, 
            "like you": 1, 
            "little more": 1, 
            "marquis, can": 1, 
            "me all": 1, 
            "mean, when": 1, 
            "more head": 1, 
            "mouth that": 1, 
            "movin' like": 1, 
            "my balls": 2, 
            "my dick": 2, 
            "my hand,": 1, 
            "my mouth": 1, 
            "my skin": 1, 
            "my time": 1, 
            "no freak": 1, 
            "nuttin' there's": 1, 
            "of my": 1, 
            "on bob": 1, 
            "out when": 1, 
            "please just": 1, 
            "quite like": 1, 
            "remember the": 1, 
            "runnin' with": 1, 
            "said baby,": 1, 
            "said, marquis,": 1, 
            "she blew": 1, 
            "she calls,": 1, 
            "she slobs": 1, 
            "she was": 2, 
            "skin had": 1, 
            "sleep and": 1, 
            "slobs on": 1, 
            "spent in": 1, 
            "started to": 1, 
            "stick your": 1, 
            "suck my": 1, 
            "suckin' like": 1, 
            "that experience": 1, 
            "the bitch": 2, 
            "the first": 2, 
            "the head": 1, 
            "the head,": 1, 
            "the world": 1, 
            "then she": 1, 
            "there's no": 1, 
            "this is": 1, 
            "thought i": 1, 
            "time i": 1, 
            "time is": 1, 
            "to crawl": 1, 
            "turn blue": 1, 
            "turned out": 1, 
            "until i": 1, 
            "until my": 1, 
            "up in": 1, 
            "was done,": 1, 
            "was fuckin'": 1, 
            "was kissin'": 1, 
            "what i": 2, 
            "when she": 2, 
            "when the": 1, 
            "with my": 1, 
            "without any": 1, 
            "world quite": 1, 
            "you 'cause": 1, 
            "you know": 2, 
            "you stick": 1, 
            "you suck": 1, 
            "your dick": 1
        }, 
        "3": {
            "": 591, 
            "'cause half of": 1, 
            "'cause you suck": 1, 
            "a basser without": 1, 
            "a blow job": 1, 
            "a freak in": 1, 
            "a little more": 1, 
            "after she was": 1, 
            "all fucked up": 1, 
            "and after she": 1, 
            "and the bitch": 1, 
            "and when she": 1, 
            "any sleep and": 1, 
            "baby, baby, please": 1, 
            "baby, please just": 1, 
            "balls it felt": 1, 
            "balls turn blue": 1, 
            "basser without any": 1, 
            "bed and when": 1, 
            "bitch kept suckin'": 1, 
            "bitch said, marquis,": 1, 
            "blew my balls": 1, 
            "blow job you": 1, 
            "blue i remember": 1, 
            "bob she was": 1, 
            "calls, you know": 1, 
            "can you stick": 1, 
            "come runnin' with": 1, 
            "crawl and the": 1, 
            "dick in my": 2, 
            "dick until my": 1, 
            "done, this is": 1, 
            "experience has me": 1, 
            "felt like my": 1, 
            "first lick, i'm": 1, 
            "first time i": 1, 
            "freak in heat": 1, 
            "freak in the": 1, 
            "fucked up in": 1, 
            "fuckin' until i": 1, 
            "got a blow": 1, 
            "got turned out": 1, 
            "had started to": 1, 
            "half of my": 1, 
            "hand, the first": 1, 
            "has me all": 1, 
            "head": 1, 
            "head 'cause half": 1, 
            "head, then she": 1, 
            "heat movin' like": 1, 
            "i got a": 1, 
            "i got turned": 1, 
            "i mean, when": 1, 
            "i remember the": 1, 
            "i said baby,": 1, 
            "i thought i": 1, 
            "i was fuckin'": 1, 
            "i'm nuttin' there's": 1, 
            "i'ma come runnin'": 1, 
            "in bed and": 1, 
            "in heat movin'": 1, 
            "in my hand,": 1, 
            "in my mouth": 1, 
            "in the head": 1, 
            "in the world": 1, 
            "is spent in": 1, 
            "is what i": 1, 
            "it felt like": 1, 
            "job you know": 1, 
            "just a little": 1, 
            "kept suckin' like": 1, 
            "kissin' the head,": 1, 
            "know i'ma come": 1, 
            "know what i": 1, 
            "lick, i'm nuttin'": 1, 
            "like a basser": 1, 
            "like a freak": 1, 
            "like my skin": 1, 
            "like you 'cause": 1, 
            "little more head": 1, 
            "marquis, can you": 1, 
            "me all fucked": 1, 
            "mean, when she": 1, 
            "more head": 1, 
            "mouth that experience": 1, 
            "movin' like a": 1, 
            "my balls it": 1, 
            "my balls turn": 1, 
            "my dick in": 1, 
            "my dick until": 1, 
            "my hand, the": 1, 
            "my mouth that": 1, 
            "my skin had": 1, 
            "my time is": 1, 
            "no freak in": 1, 
            "nuttin' there's no": 1, 
            "of my time": 1, 
            "on bob she": 1, 
            "out when the": 1, 
            "please just a": 1, 
            "quite like you": 1, 
            "remember the first": 1, 
            "runnin' with my": 1, 
            "said baby, baby,": 1, 
            "said, marquis, can": 1, 
            "she blew my": 1, 
            "she calls, you": 1, 
            "she slobs on": 1, 
            "she was done,": 1, 
            "she was kissin'": 1, 
            "skin had started": 1, 
            "sleep and after": 1, 
            "slobs on bob": 1, 
            "spent in bed": 1, 
            "started to crawl": 1, 
            "stick your dick": 1, 
            "suck my dick": 1, 
            "suckin' like a": 1, 
            "that experience has": 1, 
            "the bitch kept": 1, 
            "the bitch said,": 1, 
            "the first lick,": 1, 
            "the first time": 1, 
            "the head 'cause": 1, 
            "the head, then": 1, 
            "the world quite": 1, 
            "then she blew": 1, 
            "there's no freak": 1, 
            "this is what": 1, 
            "thought i was": 1, 
            "time i got": 1, 
            "time is spent": 1, 
            "to crawl and": 1, 
            "turn blue i": 1, 
            "turned out when": 1, 
            "until i got": 1, 
            "until my balls": 1, 
            "up in the": 1, 
            "was done, this": 1, 
            "was fuckin' until": 1, 
            "was kissin' the": 1, 
            "what i mean,": 1, 
            "what i said": 1, 
            "when she calls,": 1, 
            "when she slobs": 1, 
            "when the bitch": 1, 
            "with my dick": 1, 
            "without any sleep": 1, 
            "world quite like": 1, 
            "you 'cause you": 1, 
            "you know i'ma": 1, 
            "you know what": 1, 
            "you stick your": 1, 
            "you suck my": 1, 
            "your dick in": 1
        }, 
        "4": {
            "": 590, 
            "'cause half of my": 1, 
            "'cause you suck my": 1, 
            "a basser without any": 1, 
            "a blow job you": 1, 
            "a freak in heat": 1, 
            "a little more head": 1, 
            "after she was done,": 1, 
            "all fucked up in": 1, 
            "and after she was": 1, 
            "and the bitch kept": 1, 
            "and when she calls,": 1, 
            "any sleep and after": 1, 
            "baby, baby, please just": 1, 
            "baby, please just a": 1, 
            "balls it felt like": 1, 
            "balls turn blue i": 1, 
            "basser without any sleep": 1, 
            "bed and when she": 1, 
            "bitch kept suckin' like": 1, 
            "bitch said, marquis, can": 1, 
            "blew my balls it": 1, 
            "blow job you know": 1, 
            "blue i remember the": 1, 
            "bob she was kissin'": 1, 
            "calls, you know i'ma": 1, 
            "can you stick your": 1, 
            "come runnin' with my": 1, 
            "crawl and the bitch": 1, 
            "dick in my hand,": 1, 
            "dick in my mouth": 1, 
            "dick until my balls": 1, 
            "done, this is what": 1, 
            "experience has me all": 1, 
            "felt like my skin": 1, 
            "first lick, i'm nuttin'": 1, 
            "first time i got": 1, 
            "freak in heat movin'": 1, 
            "freak in the world": 1, 
            "fucked up in the": 1, 
            "fuckin' until i got": 1, 
            "got a blow job": 1, 
            "got turned out when": 1, 
            "had started to crawl": 1, 
            "half of my time": 1, 
            "hand, the first lick,": 1, 
            "has me all fucked": 1, 
            "head": 1, 
            "head 'cause half of": 1, 
            "head, then she blew": 1, 
            "heat movin' like a": 1, 
            "i got a blow": 1, 
            "i got turned out": 1, 
            "i mean, when she": 1, 
            "i remember the first": 1, 
            "i said baby, baby,": 1, 
            "i thought i was": 1, 
            "i was fuckin' until": 1, 
            "i'm nuttin' there's no": 1, 
            "i'ma come runnin' with": 1, 
            "in bed and when": 1, 
            "in heat movin' like": 1, 
            "in my hand, the": 1, 
            "in my mouth that": 1, 
            "in the head 'cause": 1, 
            "in the world quite": 1, 
            "is spent in bed": 1, 
            "is what i said": 1, 
            "it felt like my": 1, 
            "job you know what": 1, 
            "just a little more": 1, 
            "kept suckin' like a": 1, 
            "kissin' the head, then": 1, 
            "know i'ma come runnin'": 1, 
            "know what i mean,": 1, 
            "lick, i'm nuttin' there's": 1, 
            "like a basser without": 1, 
            "like a freak in": 1, 
            "like my skin had": 1, 
            "like you 'cause you": 1, 
            "little more head": 1, 
            "marquis, can you stick": 1, 
            "me all fucked up": 1, 
            "mean, when she slobs": 1, 
            "more head": 1, 
            "mouth that experience has": 1, 
            "movin' like a basser": 1, 
            "my balls it felt": 1, 
            "my balls turn blue": 1, 
            "my dick in my": 1, 
            "my dick until my": 1, 
            "my hand, the first": 1, 
            "my mouth that experience": 1, 
            "my skin had started": 1, 
            "my time is spent": 1, 
            "no freak in the": 1, 
            "nuttin' there's no freak": 1, 
            "of my time is": 1, 
            "on bob she was": 1, 
            "out when the bitch": 1, 
            "please just a little": 1, 
            "quite like you 'cause": 1, 
            "remember the first time": 1, 
            "runnin' with my dick": 1, 
            "said baby, baby, please": 1, 
            "said, marquis, can you": 1, 
            "she blew my balls": 1, 
            "she calls, you know": 1, 
            "she slobs on bob": 1, 
            "she was done, this": 1, 
            "she was kissin' the": 1, 
            "skin had started to": 1, 
            "sleep and after she": 1, 
            "slobs on bob she": 1, 
            "spent in bed and": 1, 
            "started to crawl and": 1, 
            "stick your dick in": 1, 
            "suck my dick until": 1, 
            "suckin' like a freak": 1, 
            "that experience has me": 1, 
            "the bitch kept suckin'": 1, 
            "the bitch said, marquis,": 1, 
            "the first lick, i'm": 1, 
            "the first time i": 1, 
            "the head 'cause half": 1, 
            "the head, then she": 1, 
            "the world quite like": 1, 
            "then she blew my": 1, 
            "there's no freak in": 1, 
            "this is what i": 1, 
            "thought i was fuckin'": 1, 
            "time i got a": 1, 
            "time is spent in": 1, 
            "to crawl and the": 1, 
            "turn blue i remember": 1, 
            "turned out when the": 1, 
            "until i got turned": 1, 
            "until my balls turn": 1, 
            "up in the head": 1, 
            "was done, this is": 1, 
            "was fuckin' until i": 1, 
            "was kissin' the head,": 1, 
            "what i mean, when": 1, 
            "what i said baby,": 1, 
            "when she calls, you": 1, 
            "when she slobs on": 1, 
            "when the bitch said,": 1, 
            "with my dick in": 1, 
            "without any sleep and": 1, 
            "world quite like you": 1, 
            "you 'cause you suck": 1, 
            "you know i'ma come": 1, 
            "you know what i": 1, 
            "you stick your dick": 1, 
            "you suck my dick": 1, 
            "your dick in my": 1
        }, 
        "5": {
            "": 589, 
            "'cause half of my time": 1, 
            "'cause you suck my dick": 1, 
            "a basser without any sleep": 1, 
            "a blow job you know": 1, 
            "a freak in heat movin'": 1, 
            "a little more head": 1, 
            "after she was done, this": 1, 
            "all fucked up in the": 1, 
            "and after she was done,": 1, 
            "and the bitch kept suckin'": 1, 
            "and when she calls, you": 1, 
            "any sleep and after she": 1, 
            "baby, baby, please just a": 1, 
            "baby, please just a little": 1, 
            "balls it felt like my": 1, 
            "balls turn blue i remember": 1, 
            "basser without any sleep and": 1, 
            "bed and when she calls,": 1, 
            "bitch kept suckin' like a": 1, 
            "bitch said, marquis, can you": 1, 
            "blew my balls it felt": 1, 
            "blow job you know what": 1, 
            "blue i remember the first": 1, 
            "bob she was kissin' the": 1, 
            "calls, you know i'ma come": 1, 
            "can you stick your dick": 1, 
            "come runnin' with my dick": 1, 
            "crawl and the bitch kept": 1, 
            "dick in my hand, the": 1, 
            "dick in my mouth that": 1, 
            "dick until my balls turn": 1, 
            "done, this is what i": 1, 
            "experience has me all fucked": 1, 
            "felt like my skin had": 1, 
            "first lick, i'm nuttin' there's": 1, 
            "first time i got a": 1, 
            "freak in heat movin' like": 1, 
            "freak in the world quite": 1, 
            "fucked up in the head": 1, 
            "fuckin' until i got turned": 1, 
            "got a blow job you": 1, 
            "got turned out when the": 1, 
            "had started to crawl and": 1, 
            "half of my time is": 1, 
            "hand, the first lick, i'm": 1, 
            "has me all fucked up": 1, 
            "head": 1, 
            "head 'cause half of my": 1, 
            "head, then she blew my": 1, 
            "heat movin' like a basser": 1, 
            "i got a blow job": 1, 
            "i got turned out when": 1, 
            "i mean, when she slobs": 1, 
            "i remember the first time": 1, 
            "i said baby, baby, please": 1, 
            "i thought i was fuckin'": 1, 
            "i was fuckin' until i": 1, 
            "i'm nuttin' there's no freak": 1, 
            "i'ma come runnin' with my": 1, 
            "in bed and when she": 1, 
            "in heat movin' like a": 1, 
            "in my hand, the first": 1, 
            "in my mouth that experience": 1, 
            "in the head 'cause half": 1, 
            "in the world quite like": 1, 
            "is spent in bed and": 1, 
            "is what i said baby,": 1, 
            "it felt like my skin": 1, 
            "job you know what i": 1, 
            "just a little more head": 1, 
            "kept suckin' like a freak": 1, 
            "kissin' the head, then she": 1, 
            "know i'ma come runnin' with": 1, 
            "know what i mean, when": 1, 
            "lick, i'm nuttin' there's no": 1, 
            "like a basser without any": 1, 
            "like a freak in heat": 1, 
            "like my skin had started": 1, 
            "like you 'cause you suck": 1, 
            "little more head": 1, 
            "marquis, can you stick your": 1, 
            "me all fucked up in": 1, 
            "mean, when she slobs on": 1, 
            "more head": 1, 
            "mouth that experience has me": 1, 
            "movin' like a basser without": 1, 
            "my balls it felt like": 1, 
            "my balls turn blue i": 1, 
            "my dick in my hand,": 1, 
            "my dick until my balls": 1, 
            "my hand, the first lick,": 1, 
            "my mouth that experience has": 1, 
            "my skin had started to": 1, 
            "my time is spent in": 1, 
            "no freak in the world": 1, 
            "nuttin' there's no freak in": 1, 
            "of my time is spent": 1, 
            "on bob she was kissin'": 1, 
            "out when the bitch said,": 1, 
            "please just a little more": 1, 
            "quite like you 'cause you": 1, 
            "remember the first time i": 1, 
            "runnin' with my dick in": 1, 
            "said baby, baby, please just": 1, 
            "said, marquis, can you stick": 1, 
            "she blew my balls it": 1, 
            "she calls, you know i'ma": 1, 
            "she slobs on bob she": 1, 
            "she was done, this is": 1, 
            "she was kissin' the head,": 1, 
            "skin had started to crawl": 1, 
            "sleep and after she was": 1, 
            "slobs on bob she was": 1, 
            "spent in bed and when": 1, 
            "started to crawl and the": 1, 
            "stick your dick in my": 1, 
            "suck my dick until my": 1, 
            "suckin' like a freak in": 1, 
            "that experience has me all": 1, 
            "the bitch kept suckin' like": 1, 
            "the bitch said, marquis, can": 1, 
            "the first lick, i'm nuttin'": 1, 
            "the first time i got": 1, 
            "the head 'cause half of": 1, 
            "the head, then she blew": 1, 
            "the world quite like you": 1, 
            "then she blew my balls": 1, 
            "there's no freak in the": 1, 
            "this is what i said": 1, 
            "thought i was fuckin' until": 1, 
            "time i got a blow": 1, 
            "time is spent in bed": 1, 
            "to crawl and the bitch": 1, 
            "turn blue i remember the": 1, 
            "turned out when the bitch": 1, 
            "until i got turned out": 1, 
            "until my balls turn blue": 1, 
            "up in the head 'cause": 1, 
            "was done, this is what": 1, 
            "was fuckin' until i got": 1, 
            "was kissin' the head, then": 1, 
            "what i mean, when she": 1, 
            "what i said baby, baby,": 1, 
            "when she calls, you know": 1, 
            "when she slobs on bob": 1, 
            "when the bitch said, marquis,": 1, 
            "with my dick in my": 1, 
            "without any sleep and after": 1, 
            "world quite like you 'cause": 1, 
            "you 'cause you suck my": 1, 
            "you know i'ma come runnin'": 1, 
            "you know what i mean,": 1, 
            "you stick your dick in": 1, 
            "you suck my dick until": 1, 
            "your dick in my mouth": 1
        }, 
        "6": {
            "": 588, 
            "'cause half of my time is": 1, 
            "'cause you suck my dick until": 1, 
            "a basser without any sleep and": 1, 
            "a blow job you know what": 1, 
            "a freak in heat movin' like": 1, 
            "a little more head": 1, 
            "after she was done, this is": 1, 
            "all fucked up in the head": 1, 
            "and after she was done, this": 1, 
            "and the bitch kept suckin' like": 1, 
            "and when she calls, you know": 1, 
            "any sleep and after she was": 1, 
            "baby, baby, please just a little": 1, 
            "baby, please just a little more": 1, 
            "balls it felt like my skin": 1, 
            "balls turn blue i remember the": 1, 
            "basser without any sleep and after": 1, 
            "bed and when she calls, you": 1, 
            "bitch kept suckin' like a freak": 1, 
            "bitch said, marquis, can you stick": 1, 
            "blew my balls it felt like": 1, 
            "blow job you know what i": 1, 
            "blue i remember the first time": 1, 
            "bob she was kissin' the head,": 1, 
            "calls, you know i'ma come runnin'": 1, 
            "can you stick your dick in": 1, 
            "come runnin' with my dick in": 1, 
            "crawl and the bitch kept suckin'": 1, 
            "dick in my hand, the first": 1, 
            "dick in my mouth that experience": 1, 
            "dick until my balls turn blue": 1, 
            "done, this is what i said": 1, 
            "experience has me all fucked up": 1, 
            "felt like my skin had started": 1, 
            "first lick, i'm nuttin' there's no": 1, 
            "first time i got a blow": 1, 
            "freak in heat movin' like a": 1, 
            "freak in the world quite like": 1, 
            "fucked up in the head 'cause": 1, 
            "fuckin' until i got turned out": 1, 
            "got a blow job you know": 1, 
            "got turned out when the bitch": 1, 
            "had started to crawl and the": 1, 
            "half of my time is spent": 1, 
            "hand, the first lick, i'm nuttin'": 1, 
            "has me all fucked up in": 1, 
            "head": 1, 
            "head 'cause half of my time": 1, 
            "head, then she blew my balls": 1, 
            "heat movin' like a basser without": 1, 
            "i got a blow job you": 1, 
            "i got turned out when the": 1, 
            "i mean, when she slobs on": 1, 
            "i remember the first time i": 1, 
            "i said baby, baby, please just": 1, 
            "i thought i was fuckin' until": 1, 
            "i was fuckin' until i got": 1, 
            "i'm nuttin' there's no freak in": 1, 
            "i'ma come runnin' with my dick": 1, 
            "in bed and when she calls,": 1, 
            "in heat movin' like a basser": 1, 
            "in my hand, the first lick,": 1, 
            "in my mouth that experience has": 1, 
            "in the head 'cause half of": 1, 
            "in the world quite like you": 1, 
            "is spent in bed and when": 1, 
            "is what i said baby, baby,": 1, 
            "it felt like my skin had": 1, 
            "job you know what i mean,": 1, 
            "just a little more head": 1, 
            "kept suckin' like a freak in": 1, 
            "kissin' the head, then she blew": 1, 
            "know i'ma come runnin' with my": 1, 
            "know what i mean, when she": 1, 
            "lick, i'm nuttin' there's no freak": 1, 
            "like a basser without any sleep": 1, 
            "like a freak in heat movin'": 1, 
            "like my skin had started to": 1, 
            "like you 'cause you suck my": 1, 
            "little more head": 1, 
            "marquis, can you stick your dick": 1, 
            "me all fucked up in the": 1, 
            "mean, when she slobs on bob": 1, 
            "more head": 1, 
            "mouth that experience has me all": 1, 
            "movin' like a basser without any": 1, 
            "my balls it felt like my": 1, 
            "my balls turn blue i remember": 1, 
            "my dick in my hand, the": 1, 
            "my dick until my balls turn": 1, 
            "my hand, the first lick, i'm": 1, 
            "my mouth that experience has me": 1, 
            "my skin had started to crawl": 1, 
            "my time is spent in bed": 1, 
            "no freak in the world quite": 1, 
            "nuttin' there's no freak in the": 1, 
            "of my time is spent in": 1, 
            "on bob she was kissin' the": 1, 
            "out when the bitch said, marquis,": 1, 
            "please just a little more head": 1, 
            "quite like you 'cause you suck": 1, 
            "remember the first time i got": 1, 
            "runnin' with my dick in my": 1, 
            "said baby, baby, please just a": 1, 
            "said, marquis, can you stick your": 1, 
            "she blew my balls it felt": 1, 
            "she calls, you know i'ma come": 1, 
            "she slobs on bob she was": 1, 
            "she was done, this is what": 1, 
            "she was kissin' the head, then": 1, 
            "skin had started to crawl and": 1, 
            "sleep and after she was done,": 1, 
            "slobs on bob she was kissin'": 1, 
            "spent in bed and when she": 1, 
            "started to crawl and the bitch": 1, 
            "stick your dick in my mouth": 1, 
            "suck my dick until my balls": 1, 
            "suckin' like a freak in heat": 1, 
            "that experience has me all fucked": 1, 
            "the bitch kept suckin' like a": 1, 
            "the bitch said, marquis, can you": 1, 
            "the first lick, i'm nuttin' there's": 1, 
            "the first time i got a": 1, 
            "the head 'cause half of my": 1, 
            "the head, then she blew my": 1, 
            "the world quite like you 'cause": 1, 
            "then she blew my balls it": 1, 
            "there's no freak in the world": 1, 
            "this is what i said baby,": 1, 
            "thought i was fuckin' until i": 1, 
            "time i got a blow job": 1, 
            "time is spent in bed and": 1, 
            "to crawl and the bitch kept": 1, 
            "turn blue i remember the first": 1, 
            "turned out when the bitch said,": 1, 
            "until i got turned out when": 1, 
            "until my balls turn blue i": 1, 
            "up in the head 'cause half": 1, 
            "was done, this is what i": 1, 
            "was fuckin' until i got turned": 1, 
            "was kissin' the head, then she": 1, 
            "what i mean, when she slobs": 1, 
            "what i said baby, baby, please": 1, 
            "when she calls, you know i'ma": 1, 
            "when she slobs on bob she": 1, 
            "when the bitch said, marquis, can": 1, 
            "with my dick in my hand,": 1, 
            "without any sleep and after she": 1, 
            "world quite like you 'cause you": 1, 
            "you 'cause you suck my dick": 1, 
            "you know i'ma come runnin' with": 1, 
            "you know what i mean, when": 1, 
            "you stick your dick in my": 1, 
            "you suck my dick until my": 1, 
            "your dick in my mouth that": 1
        }, 
        "7": {
            "": 587, 
            "'cause half of my time is spent": 1, 
            "'cause you suck my dick until my": 1, 
            "a basser without any sleep and after": 1, 
            "a blow job you know what i": 1, 
            "a freak in heat movin' like a": 1, 
            "a little more head": 1, 
            "after she was done, this is what": 1, 
            "all fucked up in the head 'cause": 1, 
            "and after she was done, this is": 1, 
            "and the bitch kept suckin' like a": 1, 
            "and when she calls, you know i'ma": 1, 
            "any sleep and after she was done,": 1, 
            "baby, baby, please just a little more": 1, 
            "baby, please just a little more head": 1, 
            "balls it felt like my skin had": 1, 
            "balls turn blue i remember the first": 1, 
            "basser without any sleep and after she": 1, 
            "bed and when she calls, you know": 1, 
            "bitch kept suckin' like a freak in": 1, 
            "bitch said, marquis, can you stick your": 1, 
            "blew my balls it felt like my": 1, 
            "blow job you know what i mean,": 1, 
            "blue i remember the first time i": 1, 
            "bob she was kissin' the head, then": 1, 
            "calls, you know i'ma come runnin' with": 1, 
            "can you stick your dick in my": 1, 
            "come runnin' with my dick in my": 1, 
            "crawl and the bitch kept suckin' like": 1, 
            "dick in my hand, the first lick,": 1, 
            "dick in my mouth that experience has": 1, 
            "dick until my balls turn blue i": 1, 
            "done, this is what i said baby,": 1, 
            "experience has me all fucked up in": 1, 
            "felt like my skin had started to": 1, 
            "first lick, i'm nuttin' there's no freak": 1, 
            "first time i got a blow job": 1, 
            "freak in heat movin' like a basser": 1, 
            "freak in the world quite like you": 1, 
            "fucked up in the head 'cause half": 1, 
            "fuckin' until i got turned out when": 1, 
            "got a blow job you know what": 1, 
            "got turned out when the bitch said,": 1, 
            "had started to crawl and the bitch": 1, 
            "half of my time is spent in": 1, 
            "hand, the first lick, i'm nuttin' there's": 1, 
            "has me all fucked up in the": 1, 
            "head": 1, 
            "head 'cause half of my time is": 1, 
            "head, then she blew my balls it": 1, 
            "heat movin' like a basser without any": 1, 
            "i got a blow job you know": 1, 
            "i got turned out when the bitch": 1, 
            "i mean, when she slobs on bob": 1, 
            "i remember the first time i got": 1, 
            "i said baby, baby, please just a": 1, 
            "i thought i was fuckin' until i": 1, 
            "i was fuckin' until i got turned": 1, 
            "i'm nuttin' there's no freak in the": 1, 
            "i'ma come runnin' with my dick in": 1, 
            "in bed and when she calls, you": 1, 
            "in heat movin' like a basser without": 1, 
            "in my hand, the first lick, i'm": 1, 
            "in my mouth that experience has me": 1, 
            "in the head 'cause half of my": 1, 
            "in the world quite like you 'cause": 1, 
            "is spent in bed and when she": 1, 
            "is what i said baby, baby, please": 1, 
            "it felt like my skin had started": 1, 
            "job you know what i mean, when": 1, 
            "just a little more head": 1, 
            "kept suckin' like a freak in heat": 1, 
            "kissin' the head, then she blew my": 1, 
            "know i'ma come runnin' with my dick": 1, 
            "know what i mean, when she slobs": 1, 
            "lick, i'm nuttin' there's no freak in": 1, 
            "like a basser without any sleep and": 1, 
            "like a freak in heat movin' like": 1, 
            "like my skin had started to crawl": 1, 
            "like you 'cause you suck my dick": 1, 
            "little more head": 1, 
            "marquis, can you stick your dick in": 1, 
            "me all fucked up in the head": 1, 
            "mean, when she slobs on bob she": 1, 
            "more head": 1, 
            "mouth that experience has me all fucked": 1, 
            "movin' like a basser without any sleep": 1, 
            "my balls it felt like my skin": 1, 
            "my balls turn blue i remember the": 1, 
            "my dick in my hand, the first": 1, 
            "my dick until my balls turn blue": 1, 
            "my hand, the first lick, i'm nuttin'": 1, 
            "my mouth that experience has me all": 1, 
            "my skin had started to crawl and": 1, 
            "my time is spent in bed and": 1, 
            "no freak in the world quite like": 1, 
            "nuttin' there's no freak in the world": 1, 
            "of my time is spent in bed": 1, 
            "on bob she was kissin' the head,": 1, 
            "out when the bitch said, marquis, can": 1, 
            "please just a little more head": 1, 
            "quite like you 'cause you suck my": 1, 
            "remember the first time i got a": 1, 
            "runnin' with my dick in my hand,": 1, 
            "said baby, baby, please just a little": 1, 
            "said, marquis, can you stick your dick": 1, 
            "she blew my balls it felt like": 1, 
            "she calls, you know i'ma come runnin'": 1, 
            "she slobs on bob she was kissin'": 1, 
            "she was done, this is what i": 1, 
            "she was kissin' the head, then she": 1, 
            "skin had started to crawl and the": 1, 
            "sleep and after she was done, this": 1, 
            "slobs on bob she was kissin' the": 1, 
            "spent in bed and when she calls,": 1, 
            "started to crawl and the bitch kept": 1, 
            "stick your dick in my mouth that": 1, 
            "suck my dick until my balls turn": 1, 
            "suckin' like a freak in heat movin'": 1, 
            "that experience has me all fucked up": 1, 
            "the bitch kept suckin' like a freak": 1, 
            "the bitch said, marquis, can you stick": 1, 
            "the first lick, i'm nuttin' there's no": 1, 
            "the first time i got a blow": 1, 
            "the head 'cause half of my time": 1, 
            "the head, then she blew my balls": 1, 
            "the world quite like you 'cause you": 1, 
            "then she blew my balls it felt": 1, 
            "there's no freak in the world quite": 1, 
            "this is what i said baby, baby,": 1, 
            "thought i was fuckin' until i got": 1, 
            "time i got a blow job you": 1, 
            "time is spent in bed and when": 1, 
            "to crawl and the bitch kept suckin'": 1, 
            "turn blue i remember the first time": 1, 
            "turned out when the bitch said, marquis,": 1, 
            "until i got turned out when the": 1, 
            "until my balls turn blue i remember": 1, 
            "up in the head 'cause half of": 1, 
            "was done, this is what i said": 1, 
            "was fuckin' until i got turned out": 1, 
            "was kissin' the head, then she blew": 1, 
            "what i mean, when she slobs on": 1, 
            "what i said baby, baby, please just": 1, 
            "when she calls, you know i'ma come": 1, 
            "when she slobs on bob she was": 1, 
            "when the bitch said, marquis, can you": 1, 
            "with my dick in my hand, the": 1, 
            "without any sleep and after she was": 1, 
            "world quite like you 'cause you suck": 1, 
            "you 'cause you suck my dick until": 1, 
            "you know i'ma come runnin' with my": 1, 
            "you know what i mean, when she": 1, 
            "you stick your dick in my mouth": 1, 
            "you suck my dick until my balls": 1, 
            "your dick in my mouth that experience": 1
        }, 
        "8": {
            "": 586, 
            "'cause half of my time is spent in": 1, 
            "'cause you suck my dick until my balls": 1, 
            "a basser without any sleep and after she": 1, 
            "a blow job you know what i mean,": 1, 
            "a freak in heat movin' like a basser": 1, 
            "a little more head": 1, 
            "after she was done, this is what i": 1, 
            "all fucked up in the head 'cause half": 1, 
            "and after she was done, this is what": 1, 
            "and the bitch kept suckin' like a freak": 1, 
            "and when she calls, you know i'ma come": 1, 
            "any sleep and after she was done, this": 1, 
            "baby, baby, please just a little more head": 1, 
            "baby, please just a little more head": 1, 
            "balls it felt like my skin had started": 1, 
            "balls turn blue i remember the first time": 1, 
            "basser without any sleep and after she was": 1, 
            "bed and when she calls, you know i'ma": 1, 
            "bitch kept suckin' like a freak in heat": 1, 
            "bitch said, marquis, can you stick your dick": 1, 
            "blew my balls it felt like my skin": 1, 
            "blow job you know what i mean, when": 1, 
            "blue i remember the first time i got": 1, 
            "bob she was kissin' the head, then she": 1, 
            "calls, you know i'ma come runnin' with my": 1, 
            "can you stick your dick in my mouth": 1, 
            "come runnin' with my dick in my hand,": 1, 
            "crawl and the bitch kept suckin' like a": 1, 
            "dick in my hand, the first lick, i'm": 1, 
            "dick in my mouth that experience has me": 1, 
            "dick until my balls turn blue i remember": 1, 
            "done, this is what i said baby, baby,": 1, 
            "experience has me all fucked up in the": 1, 
            "felt like my skin had started to crawl": 1, 
            "first lick, i'm nuttin' there's no freak in": 1, 
            "first time i got a blow job you": 1, 
            "freak in heat movin' like a basser without": 1, 
            "freak in the world quite like you 'cause": 1, 
            "fucked up in the head 'cause half of": 1, 
            "fuckin' until i got turned out when the": 1, 
            "got a blow job you know what i": 1, 
            "got turned out when the bitch said, marquis,": 1, 
            "had started to crawl and the bitch kept": 1, 
            "half of my time is spent in bed": 1, 
            "hand, the first lick, i'm nuttin' there's no": 1, 
            "has me all fucked up in the head": 1, 
            "head": 1, 
            "head 'cause half of my time is spent": 1, 
            "head, then she blew my balls it felt": 1, 
            "heat movin' like a basser without any sleep": 1, 
            "i got a blow job you know what": 1, 
            "i got turned out when the bitch said,": 1, 
            "i mean, when she slobs on bob she": 1, 
            "i remember the first time i got a": 1, 
            "i said baby, baby, please just a little": 1, 
            "i thought i was fuckin' until i got": 1, 
            "i was fuckin' until i got turned out": 1, 
            "i'm nuttin' there's no freak in the world": 1, 
            "i'ma come runnin' with my dick in my": 1, 
            "in bed and when she calls, you know": 1, 
            "in heat movin' like a basser without any": 1, 
            "in my hand, the first lick, i'm nuttin'": 1, 
            "in my mouth that experience has me all": 1, 
            "in the head 'cause half of my time": 1, 
            "in the world quite like you 'cause you": 1, 
            "is spent in bed and when she calls,": 1, 
            "is what i said baby, baby, please just": 1, 
            "it felt like my skin had started to": 1, 
            "job you know what i mean, when she": 1, 
            "just a little more head": 1, 
            "kept suckin' like a freak in heat movin'": 1, 
            "kissin' the head, then she blew my balls": 1, 
            "know i'ma come runnin' with my dick in": 1, 
            "know what i mean, when she slobs on": 1, 
            "lick, i'm nuttin' there's no freak in the": 1, 
            "like a basser without any sleep and after": 1, 
            "like a freak in heat movin' like a": 1, 
            "like my skin had started to crawl and": 1, 
            "like you 'cause you suck my dick until": 1, 
            "little more head": 1, 
            "marquis, can you stick your dick in my": 1, 
            "me all fucked up in the head 'cause": 1, 
            "mean, when she slobs on bob she was": 1, 
            "more head": 1, 
            "mouth that experience has me all fucked up": 1, 
            "movin' like a basser without any sleep and": 1, 
            "my balls it felt like my skin had": 1, 
            "my balls turn blue i remember the first": 1, 
            "my dick in my hand, the first lick,": 1, 
            "my dick until my balls turn blue i": 1, 
            "my hand, the first lick, i'm nuttin' there's": 1, 
            "my mouth that experience has me all fucked": 1, 
            "my skin had started to crawl and the": 1, 
            "my time is spent in bed and when": 1, 
            "no freak in the world quite like you": 1, 
            "nuttin' there's no freak in the world quite": 1, 
            "of my time is spent in bed and": 1, 
            "on bob she was kissin' the head, then": 1, 
            "out when the bitch said, marquis, can you": 1, 
            "please just a little more head": 1, 
            "quite like you 'cause you suck my dick": 1, 
            "remember the first time i got a blow": 1, 
            "runnin' with my dick in my hand, the": 1, 
            "said baby, baby, please just a little more": 1, 
            "said, marquis, can you stick your dick in": 1, 
            "she blew my balls it felt like my": 1, 
            "she calls, you know i'ma come runnin' with": 1, 
            "she slobs on bob she was kissin' the": 1, 
            "she was done, this is what i said": 1, 
            "she was kissin' the head, then she blew": 1, 
            "skin had started to crawl and the bitch": 1, 
            "sleep and after she was done, this is": 1, 
            "slobs on bob she was kissin' the head,": 1, 
            "spent in bed and when she calls, you": 1, 
            "started to crawl and the bitch kept suckin'": 1, 
            "stick your dick in my mouth that experience": 1, 
            "suck my dick until my balls turn blue": 1, 
            "suckin' like a freak in heat movin' like": 1, 
            "that experience has me all fucked up in": 1, 
            "the bitch kept suckin' like a freak in": 1, 
            "the bitch said, marquis, can you stick your": 1, 
            "the first lick, i'm nuttin' there's no freak": 1, 
            "the first time i got a blow job": 1, 
            "the head 'cause half of my time is": 1, 
            "the head, then she blew my balls it": 1, 
            "the world quite like you 'cause you suck": 1, 
            "then she blew my balls it felt like": 1, 
            "there's no freak in the world quite like": 1, 
            "this is what i said baby, baby, please": 1, 
            "thought i was fuckin' until i got turned": 1, 
            "time i got a blow job you know": 1, 
            "time is spent in bed and when she": 1, 
            "to crawl and the bitch kept suckin' like": 1, 
            "turn blue i remember the first time i": 1, 
            "turned out when the bitch said, marquis, can": 1, 
            "until i got turned out when the bitch": 1, 
            "until my balls turn blue i remember the": 1, 
            "up in the head 'cause half of my": 1, 
            "was done, this is what i said baby,": 1, 
            "was fuckin' until i got turned out when": 1, 
            "was kissin' the head, then she blew my": 1, 
            "what i mean, when she slobs on bob": 1, 
            "what i said baby, baby, please just a": 1, 
            "when she calls, you know i'ma come runnin'": 1, 
            "when she slobs on bob she was kissin'": 1, 
            "when the bitch said, marquis, can you stick": 1, 
            "with my dick in my hand, the first": 1, 
            "without any sleep and after she was done,": 1, 
            "world quite like you 'cause you suck my": 1, 
            "you 'cause you suck my dick until my": 1, 
            "you know i'ma come runnin' with my dick": 1, 
            "you know what i mean, when she slobs": 1, 
            "you stick your dick in my mouth that": 1, 
            "you suck my dick until my balls turn": 1, 
            "your dick in my mouth that experience has": 1
        }
    }, 
    "song_title": "Baby Baby Please (Just a Little More Head)", 
    "total_words": [
        155, 
        {
            "'cause": 2, 
            "a": 4, 
            "after": 1, 
            "all": 1, 
            "and": 3, 
            "any": 1, 
            "baby,": 2, 
            "balls": 2, 
            "basser": 1, 
            "bed": 1, 
            "bitch": 2, 
            "blew": 1, 
            "blow": 1, 
            "blue": 1, 
            "bob": 1, 
            "calls,": 1, 
            "can": 1, 
            "come": 1, 
            "crawl": 1, 
            "dick": 3, 
            "done,": 1, 
            "experience": 1, 
            "felt": 1, 
            "first": 2, 
            "freak": 2, 
            "fucked": 1, 
            "fuckin'": 1, 
            "got": 2, 
            "had": 1, 
            "half": 1, 
            "hand,": 1, 
            "has": 1, 
            "head": 2, 
            "head,": 1, 
            "heat": 1, 
            "i": 7, 
            "i'm": 1, 
            "i'ma": 1, 
            "in": 6, 
            "is": 2, 
            "it": 1, 
            "job": 1, 
            "just": 1, 
            "kept": 1, 
            "kissin'": 1, 
            "know": 2, 
            "lick,": 1, 
            "like": 4, 
            "little": 1, 
            "marquis,": 1, 
            "me": 1, 
            "mean,": 1, 
            "more": 1, 
            "mouth": 1, 
            "movin'": 1, 
            "my": 8, 
            "no": 1, 
            "nuttin'": 1, 
            "of": 1, 
            "on": 1, 
            "out": 1, 
            "please": 1, 
            "quite": 1, 
            "remember": 1, 
            "runnin'": 1, 
            "said": 1, 
            "said,": 1, 
            "she": 5, 
            "skin": 1, 
            "sleep": 1, 
            "slobs": 1, 
            "spent": 1, 
            "started": 1, 
            "stick": 1, 
            "suck": 1, 
            "suckin'": 1, 
            "that": 1, 
            "the": 7, 
            "then": 1, 
            "there's": 1, 
            "this": 1, 
            "thought": 1, 
            "time": 2, 
            "to": 1, 
            "turn": 1, 
            "turned": 1, 
            "until": 2, 
            "up": 1, 
            "was": 3, 
            "what": 2, 
            "when": 3, 
            "with": 1, 
            "without": 1, 
            "world": 1, 
            "you": 5, 
            "your": 1
        }
    ], 
    "unique_words": [
        96, 
        [
            "all", 
            "suckin'", 
            "just", 
            "hand,", 
            "please", 
            "marquis,", 
            "sleep", 
            "bitch", 
            "skin", 
            "mean,", 
            "done,", 
            "your", 
            "blow", 
            "little", 
            "nuttin'", 
            "crawl", 
            "dick", 
            "had", 
            "to", 
            "kissin'", 
            "has", 
            "was", 
            "until", 
            "more", 
            "me", 
            "head", 
            "calls,", 
            "basser", 
            "that", 
            "started", 
            "i'ma", 
            "heat", 
            "know", 
            "half", 
            "world", 
            "with", 
            "slobs", 
            "balls", 
            "like", 
            "this", 
            "up", 
            "bed", 
            "baby,", 
            "can", 
            "of", 
            "head,", 
            "lick,", 
            "and", 
            "blew", 
            "freak", 
            "then", 
            "is", 
            "turned", 
            "it", 
            "runnin'", 
            "movin'", 
            "in", 
            "bob", 
            "said,", 
            "any", 
            "out", 
            "blue", 
            "what", 
            "said", 
            "no", 
            "when", 
            "there's", 
            "got", 
            "you", 
            "she", 
            "felt", 
            "fuckin'", 
            "after", 
            "quite", 
            "job", 
            "mouth", 
            "'cause", 
            "fucked", 
            "suck", 
            "come", 
            "i'm", 
            "a", 
            "on", 
            "kept", 
            "remember", 
            "i", 
            "my", 
            "spent", 
            "experience", 
            "thought", 
            "turn", 
            "without", 
            "time", 
            "the", 
            "first", 
            "stick"
        ]
    ], 
    "year": 1991
}