{
    "album": "Sports Weekend (As Nasty As They Wanna Be Part 2)", 
    "artist": "2 Live Crew", 
    "lyrics": "\"Go-o-o-o-o-o-o-o-od-DAMN!! Shee-yee-YIT!! Look at the ass\non that bitch! Look at the titties!\"\n\n\n\n\n\nThere's only one place where we can go\nTo see freaky hoes doin' shows\nDoin' tricks to make us holler\nOn a giving night, all for a dollar\nSilicone breasts, all on their chests\nNothin' like others, but above the rest\nThey'll do anything to turn us on\nThem hoes got it goin' on!!\n", 
    "ngrams": {
        "2": {
            "": 299, 
            "a dollar": 1, 
            "a giving": 1, 
            "above the": 1, 
            "all for": 1, 
            "all on": 1, 
            "anything to": 1, 
            "ass on": 1, 
            "at the": 2, 
            "bitch look": 1, 
            "breasts, all": 1, 
            "but above": 1, 
            "can go": 1, 
            "chests nothin'": 1, 
            "do anything": 1, 
            "doin' shows": 1, 
            "doin' tricks": 1, 
            "dollar silicone": 1, 
            "for a": 1, 
            "freaky hoes": 1, 
            "giving night,": 1, 
            "go to": 1, 
            "go-o-o-o-o-o-o-o-od-damn shee-yee-yit": 1, 
            "goin' on": 1, 
            "got it": 1, 
            "hoes doin'": 1, 
            "hoes got": 1, 
            "holler on": 1, 
            "it goin'": 1, 
            "like others,": 1, 
            "look at": 2, 
            "make us": 1, 
            "night, all": 1, 
            "nothin' like": 1, 
            "on": 1, 
            "on a": 1, 
            "on that": 1, 
            "on their": 1, 
            "on them": 1, 
            "one place": 1, 
            "only one": 1, 
            "others, but": 1, 
            "place where": 1, 
            "rest they'll": 1, 
            "see freaky": 1, 
            "shee-yee-yit look": 1, 
            "shows doin'": 1, 
            "silicone breasts,": 1, 
            "that bitch": 1, 
            "the ass": 1, 
            "the rest": 1, 
            "the titties": 1, 
            "their chests": 1, 
            "them hoes": 1, 
            "there's only": 1, 
            "they'll do": 1, 
            "titties there's": 1, 
            "to make": 1, 
            "to see": 1, 
            "to turn": 1, 
            "tricks to": 1, 
            "turn us": 1, 
            "us holler": 1, 
            "us on": 1, 
            "we can": 1, 
            "where we": 1
        }, 
        "3": {
            "": 298, 
            "a dollar silicone": 1, 
            "a giving night,": 1, 
            "above the rest": 1, 
            "all for a": 1, 
            "all on their": 1, 
            "anything to turn": 1, 
            "ass on that": 1, 
            "at the ass": 1, 
            "at the titties": 1, 
            "bitch look at": 1, 
            "breasts, all on": 1, 
            "but above the": 1, 
            "can go to": 1, 
            "chests nothin' like": 1, 
            "do anything to": 1, 
            "doin' shows doin'": 1, 
            "doin' tricks to": 1, 
            "dollar silicone breasts,": 1, 
            "for a dollar": 1, 
            "freaky hoes doin'": 1, 
            "giving night, all": 1, 
            "go to see": 1, 
            "go-o-o-o-o-o-o-o-od-damn shee-yee-yit look": 1, 
            "goin' on": 1, 
            "got it goin'": 1, 
            "hoes doin' shows": 1, 
            "hoes got it": 1, 
            "holler on a": 1, 
            "it goin' on": 1, 
            "like others, but": 1, 
            "look at the": 2, 
            "make us holler": 1, 
            "night, all for": 1, 
            "nothin' like others,": 1, 
            "on": 1, 
            "on a giving": 1, 
            "on that bitch": 1, 
            "on their chests": 1, 
            "on them hoes": 1, 
            "one place where": 1, 
            "only one place": 1, 
            "others, but above": 1, 
            "place where we": 1, 
            "rest they'll do": 1, 
            "see freaky hoes": 1, 
            "shee-yee-yit look at": 1, 
            "shows doin' tricks": 1, 
            "silicone breasts, all": 1, 
            "that bitch look": 1, 
            "the ass on": 1, 
            "the rest they'll": 1, 
            "the titties there's": 1, 
            "their chests nothin'": 1, 
            "them hoes got": 1, 
            "there's only one": 1, 
            "they'll do anything": 1, 
            "titties there's only": 1, 
            "to make us": 1, 
            "to see freaky": 1, 
            "to turn us": 1, 
            "tricks to make": 1, 
            "turn us on": 1, 
            "us holler on": 1, 
            "us on them": 1, 
            "we can go": 1, 
            "where we can": 1
        }, 
        "4": {
            "": 297, 
            "a dollar silicone breasts,": 1, 
            "a giving night, all": 1, 
            "above the rest they'll": 1, 
            "all for a dollar": 1, 
            "all on their chests": 1, 
            "anything to turn us": 1, 
            "ass on that bitch": 1, 
            "at the ass on": 1, 
            "at the titties there's": 1, 
            "bitch look at the": 1, 
            "breasts, all on their": 1, 
            "but above the rest": 1, 
            "can go to see": 1, 
            "chests nothin' like others,": 1, 
            "do anything to turn": 1, 
            "doin' shows doin' tricks": 1, 
            "doin' tricks to make": 1, 
            "dollar silicone breasts, all": 1, 
            "for a dollar silicone": 1, 
            "freaky hoes doin' shows": 1, 
            "giving night, all for": 1, 
            "go to see freaky": 1, 
            "go-o-o-o-o-o-o-o-od-damn shee-yee-yit look at": 1, 
            "goin' on": 1, 
            "got it goin' on": 1, 
            "hoes doin' shows doin'": 1, 
            "hoes got it goin'": 1, 
            "holler on a giving": 1, 
            "it goin' on": 1, 
            "like others, but above": 1, 
            "look at the ass": 1, 
            "look at the titties": 1, 
            "make us holler on": 1, 
            "night, all for a": 1, 
            "nothin' like others, but": 1, 
            "on": 1, 
            "on a giving night,": 1, 
            "on that bitch look": 1, 
            "on their chests nothin'": 1, 
            "on them hoes got": 1, 
            "one place where we": 1, 
            "only one place where": 1, 
            "others, but above the": 1, 
            "place where we can": 1, 
            "rest they'll do anything": 1, 
            "see freaky hoes doin'": 1, 
            "shee-yee-yit look at the": 1, 
            "shows doin' tricks to": 1, 
            "silicone breasts, all on": 1, 
            "that bitch look at": 1, 
            "the ass on that": 1, 
            "the rest they'll do": 1, 
            "the titties there's only": 1, 
            "their chests nothin' like": 1, 
            "them hoes got it": 1, 
            "there's only one place": 1, 
            "they'll do anything to": 1, 
            "titties there's only one": 1, 
            "to make us holler": 1, 
            "to see freaky hoes": 1, 
            "to turn us on": 1, 
            "tricks to make us": 1, 
            "turn us on them": 1, 
            "us holler on a": 1, 
            "us on them hoes": 1, 
            "we can go to": 1, 
            "where we can go": 1
        }, 
        "5": {
            "": 296, 
            "a dollar silicone breasts, all": 1, 
            "a giving night, all for": 1, 
            "above the rest they'll do": 1, 
            "all for a dollar silicone": 1, 
            "all on their chests nothin'": 1, 
            "anything to turn us on": 1, 
            "ass on that bitch look": 1, 
            "at the ass on that": 1, 
            "at the titties there's only": 1, 
            "bitch look at the titties": 1, 
            "breasts, all on their chests": 1, 
            "but above the rest they'll": 1, 
            "can go to see freaky": 1, 
            "chests nothin' like others, but": 1, 
            "do anything to turn us": 1, 
            "doin' shows doin' tricks to": 1, 
            "doin' tricks to make us": 1, 
            "dollar silicone breasts, all on": 1, 
            "for a dollar silicone breasts,": 1, 
            "freaky hoes doin' shows doin'": 1, 
            "giving night, all for a": 1, 
            "go to see freaky hoes": 1, 
            "go-o-o-o-o-o-o-o-od-damn shee-yee-yit look at the": 1, 
            "goin' on": 1, 
            "got it goin' on": 1, 
            "hoes doin' shows doin' tricks": 1, 
            "hoes got it goin' on": 1, 
            "holler on a giving night,": 1, 
            "it goin' on": 1, 
            "like others, but above the": 1, 
            "look at the ass on": 1, 
            "look at the titties there's": 1, 
            "make us holler on a": 1, 
            "night, all for a dollar": 1, 
            "nothin' like others, but above": 1, 
            "on": 1, 
            "on a giving night, all": 1, 
            "on that bitch look at": 1, 
            "on their chests nothin' like": 1, 
            "on them hoes got it": 1, 
            "one place where we can": 1, 
            "only one place where we": 1, 
            "others, but above the rest": 1, 
            "place where we can go": 1, 
            "rest they'll do anything to": 1, 
            "see freaky hoes doin' shows": 1, 
            "shee-yee-yit look at the ass": 1, 
            "shows doin' tricks to make": 1, 
            "silicone breasts, all on their": 1, 
            "that bitch look at the": 1, 
            "the ass on that bitch": 1, 
            "the rest they'll do anything": 1, 
            "the titties there's only one": 1, 
            "their chests nothin' like others,": 1, 
            "them hoes got it goin'": 1, 
            "there's only one place where": 1, 
            "they'll do anything to turn": 1, 
            "titties there's only one place": 1, 
            "to make us holler on": 1, 
            "to see freaky hoes doin'": 1, 
            "to turn us on them": 1, 
            "tricks to make us holler": 1, 
            "turn us on them hoes": 1, 
            "us holler on a giving": 1, 
            "us on them hoes got": 1, 
            "we can go to see": 1, 
            "where we can go to": 1
        }, 
        "6": {
            "": 295, 
            "a dollar silicone breasts, all on": 1, 
            "a giving night, all for a": 1, 
            "above the rest they'll do anything": 1, 
            "all for a dollar silicone breasts,": 1, 
            "all on their chests nothin' like": 1, 
            "anything to turn us on them": 1, 
            "ass on that bitch look at": 1, 
            "at the ass on that bitch": 1, 
            "at the titties there's only one": 1, 
            "bitch look at the titties there's": 1, 
            "breasts, all on their chests nothin'": 1, 
            "but above the rest they'll do": 1, 
            "can go to see freaky hoes": 1, 
            "chests nothin' like others, but above": 1, 
            "do anything to turn us on": 1, 
            "doin' shows doin' tricks to make": 1, 
            "doin' tricks to make us holler": 1, 
            "dollar silicone breasts, all on their": 1, 
            "for a dollar silicone breasts, all": 1, 
            "freaky hoes doin' shows doin' tricks": 1, 
            "giving night, all for a dollar": 1, 
            "go to see freaky hoes doin'": 1, 
            "go-o-o-o-o-o-o-o-od-damn shee-yee-yit look at the ass": 1, 
            "goin' on": 1, 
            "got it goin' on": 1, 
            "hoes doin' shows doin' tricks to": 1, 
            "hoes got it goin' on": 1, 
            "holler on a giving night, all": 1, 
            "it goin' on": 1, 
            "like others, but above the rest": 1, 
            "look at the ass on that": 1, 
            "look at the titties there's only": 1, 
            "make us holler on a giving": 1, 
            "night, all for a dollar silicone": 1, 
            "nothin' like others, but above the": 1, 
            "on": 1, 
            "on a giving night, all for": 1, 
            "on that bitch look at the": 1, 
            "on their chests nothin' like others,": 1, 
            "on them hoes got it goin'": 1, 
            "one place where we can go": 1, 
            "only one place where we can": 1, 
            "others, but above the rest they'll": 1, 
            "place where we can go to": 1, 
            "rest they'll do anything to turn": 1, 
            "see freaky hoes doin' shows doin'": 1, 
            "shee-yee-yit look at the ass on": 1, 
            "shows doin' tricks to make us": 1, 
            "silicone breasts, all on their chests": 1, 
            "that bitch look at the titties": 1, 
            "the ass on that bitch look": 1, 
            "the rest they'll do anything to": 1, 
            "the titties there's only one place": 1, 
            "their chests nothin' like others, but": 1, 
            "them hoes got it goin' on": 1, 
            "there's only one place where we": 1, 
            "they'll do anything to turn us": 1, 
            "titties there's only one place where": 1, 
            "to make us holler on a": 1, 
            "to see freaky hoes doin' shows": 1, 
            "to turn us on them hoes": 1, 
            "tricks to make us holler on": 1, 
            "turn us on them hoes got": 1, 
            "us holler on a giving night,": 1, 
            "us on them hoes got it": 1, 
            "we can go to see freaky": 1, 
            "where we can go to see": 1
        }, 
        "7": {
            "": 294, 
            "a dollar silicone breasts, all on their": 1, 
            "a giving night, all for a dollar": 1, 
            "above the rest they'll do anything to": 1, 
            "all for a dollar silicone breasts, all": 1, 
            "all on their chests nothin' like others,": 1, 
            "anything to turn us on them hoes": 1, 
            "ass on that bitch look at the": 1, 
            "at the ass on that bitch look": 1, 
            "at the titties there's only one place": 1, 
            "bitch look at the titties there's only": 1, 
            "breasts, all on their chests nothin' like": 1, 
            "but above the rest they'll do anything": 1, 
            "can go to see freaky hoes doin'": 1, 
            "chests nothin' like others, but above the": 1, 
            "do anything to turn us on them": 1, 
            "doin' shows doin' tricks to make us": 1, 
            "doin' tricks to make us holler on": 1, 
            "dollar silicone breasts, all on their chests": 1, 
            "for a dollar silicone breasts, all on": 1, 
            "freaky hoes doin' shows doin' tricks to": 1, 
            "giving night, all for a dollar silicone": 1, 
            "go to see freaky hoes doin' shows": 1, 
            "go-o-o-o-o-o-o-o-od-damn shee-yee-yit look at the ass on": 1, 
            "goin' on": 1, 
            "got it goin' on": 1, 
            "hoes doin' shows doin' tricks to make": 1, 
            "hoes got it goin' on": 1, 
            "holler on a giving night, all for": 1, 
            "it goin' on": 1, 
            "like others, but above the rest they'll": 1, 
            "look at the ass on that bitch": 1, 
            "look at the titties there's only one": 1, 
            "make us holler on a giving night,": 1, 
            "night, all for a dollar silicone breasts,": 1, 
            "nothin' like others, but above the rest": 1, 
            "on": 1, 
            "on a giving night, all for a": 1, 
            "on that bitch look at the titties": 1, 
            "on their chests nothin' like others, but": 1, 
            "on them hoes got it goin' on": 1, 
            "one place where we can go to": 1, 
            "only one place where we can go": 1, 
            "others, but above the rest they'll do": 1, 
            "place where we can go to see": 1, 
            "rest they'll do anything to turn us": 1, 
            "see freaky hoes doin' shows doin' tricks": 1, 
            "shee-yee-yit look at the ass on that": 1, 
            "shows doin' tricks to make us holler": 1, 
            "silicone breasts, all on their chests nothin'": 1, 
            "that bitch look at the titties there's": 1, 
            "the ass on that bitch look at": 1, 
            "the rest they'll do anything to turn": 1, 
            "the titties there's only one place where": 1, 
            "their chests nothin' like others, but above": 1, 
            "them hoes got it goin' on": 1, 
            "there's only one place where we can": 1, 
            "they'll do anything to turn us on": 1, 
            "titties there's only one place where we": 1, 
            "to make us holler on a giving": 1, 
            "to see freaky hoes doin' shows doin'": 1, 
            "to turn us on them hoes got": 1, 
            "tricks to make us holler on a": 1, 
            "turn us on them hoes got it": 1, 
            "us holler on a giving night, all": 1, 
            "us on them hoes got it goin'": 1, 
            "we can go to see freaky hoes": 1, 
            "where we can go to see freaky": 1
        }, 
        "8": {
            "": 293, 
            "a dollar silicone breasts, all on their chests": 1, 
            "a giving night, all for a dollar silicone": 1, 
            "above the rest they'll do anything to turn": 1, 
            "all for a dollar silicone breasts, all on": 1, 
            "all on their chests nothin' like others, but": 1, 
            "anything to turn us on them hoes got": 1, 
            "ass on that bitch look at the titties": 1, 
            "at the ass on that bitch look at": 1, 
            "at the titties there's only one place where": 1, 
            "bitch look at the titties there's only one": 1, 
            "breasts, all on their chests nothin' like others,": 1, 
            "but above the rest they'll do anything to": 1, 
            "can go to see freaky hoes doin' shows": 1, 
            "chests nothin' like others, but above the rest": 1, 
            "do anything to turn us on them hoes": 1, 
            "doin' shows doin' tricks to make us holler": 1, 
            "doin' tricks to make us holler on a": 1, 
            "dollar silicone breasts, all on their chests nothin'": 1, 
            "for a dollar silicone breasts, all on their": 1, 
            "freaky hoes doin' shows doin' tricks to make": 1, 
            "giving night, all for a dollar silicone breasts,": 1, 
            "go to see freaky hoes doin' shows doin'": 1, 
            "go-o-o-o-o-o-o-o-od-damn shee-yee-yit look at the ass on that": 1, 
            "goin' on": 1, 
            "got it goin' on": 1, 
            "hoes doin' shows doin' tricks to make us": 1, 
            "hoes got it goin' on": 1, 
            "holler on a giving night, all for a": 1, 
            "it goin' on": 1, 
            "like others, but above the rest they'll do": 1, 
            "look at the ass on that bitch look": 1, 
            "look at the titties there's only one place": 1, 
            "make us holler on a giving night, all": 1, 
            "night, all for a dollar silicone breasts, all": 1, 
            "nothin' like others, but above the rest they'll": 1, 
            "on": 1, 
            "on a giving night, all for a dollar": 1, 
            "on that bitch look at the titties there's": 1, 
            "on their chests nothin' like others, but above": 1, 
            "on them hoes got it goin' on": 1, 
            "one place where we can go to see": 1, 
            "only one place where we can go to": 1, 
            "others, but above the rest they'll do anything": 1, 
            "place where we can go to see freaky": 1, 
            "rest they'll do anything to turn us on": 1, 
            "see freaky hoes doin' shows doin' tricks to": 1, 
            "shee-yee-yit look at the ass on that bitch": 1, 
            "shows doin' tricks to make us holler on": 1, 
            "silicone breasts, all on their chests nothin' like": 1, 
            "that bitch look at the titties there's only": 1, 
            "the ass on that bitch look at the": 1, 
            "the rest they'll do anything to turn us": 1, 
            "the titties there's only one place where we": 1, 
            "their chests nothin' like others, but above the": 1, 
            "them hoes got it goin' on": 1, 
            "there's only one place where we can go": 1, 
            "they'll do anything to turn us on them": 1, 
            "titties there's only one place where we can": 1, 
            "to make us holler on a giving night,": 1, 
            "to see freaky hoes doin' shows doin' tricks": 1, 
            "to turn us on them hoes got it": 1, 
            "tricks to make us holler on a giving": 1, 
            "turn us on them hoes got it goin'": 1, 
            "us holler on a giving night, all for": 1, 
            "us on them hoes got it goin' on": 1, 
            "we can go to see freaky hoes doin'": 1, 
            "where we can go to see freaky hoes": 1
        }
    }, 
    "song_title": "Pop That Pussy", 
    "total_words": [
        67, 
        {
            "a": 2, 
            "above": 1, 
            "all": 2, 
            "anything": 1, 
            "ass": 1, 
            "at": 2, 
            "bitch": 1, 
            "breasts,": 1, 
            "but": 1, 
            "can": 1, 
            "chests": 1, 
            "do": 1, 
            "doin'": 2, 
            "dollar": 1, 
            "for": 1, 
            "freaky": 1, 
            "giving": 1, 
            "go": 1, 
            "go-o-o-o-o-o-o-o-od-damn": 1, 
            "goin'": 1, 
            "got": 1, 
            "hoes": 2, 
            "holler": 1, 
            "it": 1, 
            "like": 1, 
            "look": 2, 
            "make": 1, 
            "night,": 1, 
            "nothin'": 1, 
            "on": 5, 
            "one": 1, 
            "only": 1, 
            "others,": 1, 
            "place": 1, 
            "rest": 1, 
            "see": 1, 
            "shee-yee-yit": 1, 
            "shows": 1, 
            "silicone": 1, 
            "that": 1, 
            "the": 3, 
            "their": 1, 
            "them": 1, 
            "there's": 1, 
            "they'll": 1, 
            "titties": 1, 
            "to": 3, 
            "tricks": 1, 
            "turn": 1, 
            "us": 2, 
            "we": 1, 
            "where": 1
        }
    ], 
    "unique_words": [
        52, 
        [
            "all", 
            "dollar", 
            "them", 
            "rest", 
            "one", 
            "chests", 
            "others,", 
            "see", 
            "holler", 
            "bitch", 
            "hoes", 
            "go", 
            "for", 
            "to", 
            "giving", 
            "make", 
            "their", 
            "only", 
            "there's", 
            "above", 
            "got", 
            "go-o-o-o-o-o-o-o-od-damn", 
            "freaky", 
            "shows", 
            "ass", 
            "do", 
            "we", 
            "they'll", 
            "that", 
            "silicone", 
            "titties", 
            "doin'", 
            "but", 
            "it", 
            "shee-yee-yit", 
            "the", 
            "like", 
            "a", 
            "on", 
            "look", 
            "anything", 
            "night,", 
            "tricks", 
            "us", 
            "turn", 
            "nothin'", 
            "goin'", 
            "place", 
            "can", 
            "breasts,", 
            "where", 
            "at"
        ]
    ], 
    "year": 1991
}