{
    "album": "Sports Weekend (As Nasty As They Wanna Be Part 2)", 
    "artist": "2 Live Crew", 
    "lyrics": "I like getting head, 'cause it's so convenient (Huh.)\nYou can do it any time; you don't have to beat it!\nYou can get it in the car, or even in the park (Yeah!)\nBut most head-hunters go out after dark (True.)\nThere's nothing like a pretty hoe on her knees\nSuckin' my D (Yeaaah.) and lickin' my B's\nWe don't have to take our clothes off to bust a nut\nWhen I pull out my dick, BIIIITCH, pucker up!\nAnd gimme some!\n\n\nCoolin' in a club on a Saturday night\nGettin' fucked up with the boys and feelin' all right (Yeah!)\nWhen I saw this bitch who had to be a winner\nAnd the only thing on my mind was to run up in her\nSo I got her kind of tipsy with some Sex On The Beach\nThen the bitch got hot and she wanted to eat\nSo, for me to get over, took her straight to the bed (What?)\nShe got on her knees and gave some good hot head! (Yeah!)\n\n\nHot head hoes, some white some niggeroes\nBut I like the ones who suck toes and assholes\nWith tongues like razors that cut when she licks (Ooh!)\nHow can I fuck you with a skinless dick? (ha ha ha ha ...)\nYou take pride in suckin' a good dick\nAnd after I nut, bitch, you better not spit (ha ha ha ha ...)\nYou're a dirt dobbler, a goop gobbler\nYou'll fuck Satan for the righteous dollar\nSo gimme some! (Gimme some!)\n", 
    "ngrams": {
        "2": {
            "": 942, 
            "'cause it's": 1, 
            "a club": 1, 
            "a dirt": 1, 
            "a good": 1, 
            "a goop": 1, 
            "a nut": 1, 
            "a pretty": 1, 
            "a saturday": 1, 
            "a skinless": 1, 
            "a winner": 1, 
            "after dark": 1, 
            "after i": 1, 
            "all right": 1, 
            "and after": 1, 
            "and assholes": 1, 
            "and feelin'": 1, 
            "and gave": 1, 
            "and gimme": 1, 
            "and lickin'": 1, 
            "and she": 1, 
            "and the": 1, 
            "any time": 1, 
            "assholes with": 1, 
            "b's we": 1, 
            "be a": 1, 
            "beach then": 1, 
            "beat it": 1, 
            "bed what": 1, 
            "better not": 1, 
            "biiiitch, pucker": 1, 
            "bitch got": 1, 
            "bitch who": 1, 
            "bitch, you": 1, 
            "boys and": 1, 
            "bust a": 1, 
            "but i": 1, 
            "but most": 1, 
            "can do": 1, 
            "can get": 1, 
            "can i": 1, 
            "car, or": 1, 
            "clothes off": 1, 
            "club on": 1, 
            "convenient huh": 1, 
            "coolin' in": 1, 
            "cut when": 1, 
            "d yeaaah": 1, 
            "dark true": 1, 
            "dick and": 1, 
            "dick ha": 1, 
            "dick, biiiitch,": 1, 
            "dirt dobbler,": 1, 
            "do it": 1, 
            "dobbler, a": 1, 
            "dollar so": 1, 
            "don't have": 2, 
            "eat so,": 1, 
            "even in": 1, 
            "feelin' all": 1, 
            "for me": 1, 
            "for the": 1, 
            "fuck satan": 1, 
            "fuck you": 1, 
            "fucked up": 1, 
            "gave some": 1, 
            "get it": 1, 
            "get over,": 1, 
            "gettin' fucked": 1, 
            "getting head,": 1, 
            "gimme some": 3, 
            "go out": 1, 
            "gobbler you'll": 1, 
            "good dick": 1, 
            "good hot": 1, 
            "goop gobbler": 1, 
            "got her": 1, 
            "got hot": 1, 
            "got on": 1, 
            "ha ha": 6, 
            "ha you": 1, 
            "ha you're": 1, 
            "had to": 1, 
            "have to": 2, 
            "head hoes,": 1, 
            "head yeah": 1, 
            "head, 'cause": 1, 
            "head-hunters go": 1, 
            "her kind": 1, 
            "her knees": 2, 
            "her so": 1, 
            "her straight": 1, 
            "hoe on": 1, 
            "hoes, some": 1, 
            "hot and": 1, 
            "hot head": 2, 
            "how can": 1, 
            "huh you": 1, 
            "i fuck": 1, 
            "i got": 1, 
            "i like": 2, 
            "i nut,": 1, 
            "i pull": 1, 
            "i saw": 1, 
            "in a": 1, 
            "in her": 1, 
            "in suckin'": 1, 
            "in the": 2, 
            "it any": 1, 
            "it in": 1, 
            "it you": 1, 
            "it's so": 1, 
            "kind of": 1, 
            "knees and": 1, 
            "knees suckin'": 1, 
            "lickin' my": 1, 
            "licks ooh": 1, 
            "like a": 1, 
            "like getting": 1, 
            "like razors": 1, 
            "like the": 1, 
            "me to": 1, 
            "mind was": 1, 
            "most head-hunters": 1, 
            "my b's": 1, 
            "my d": 1, 
            "my dick,": 1, 
            "my mind": 1, 
            "niggeroes but": 1, 
            "night gettin'": 1, 
            "not spit": 1, 
            "nothing like": 1, 
            "nut when": 1, 
            "nut, bitch,": 1, 
            "of tipsy": 1, 
            "off to": 1, 
            "on a": 1, 
            "on her": 2, 
            "on my": 1, 
            "on the": 1, 
            "ones who": 1, 
            "only thing": 1, 
            "ooh how": 1, 
            "or even": 1, 
            "our clothes": 1, 
            "out after": 1, 
            "out my": 1, 
            "over, took": 1, 
            "park yeah": 1, 
            "pretty hoe": 1, 
            "pride in": 1, 
            "pucker up": 1, 
            "pull out": 1, 
            "razors that": 1, 
            "right yeah": 1, 
            "righteous dollar": 1, 
            "run up": 1, 
            "satan for": 1, 
            "saturday night": 1, 
            "saw this": 1, 
            "sex on": 1, 
            "she got": 1, 
            "she licks": 1, 
            "she wanted": 1, 
            "skinless dick": 1, 
            "so convenient": 1, 
            "so gimme": 1, 
            "so i": 1, 
            "so, for": 1, 
            "some": 1, 
            "some coolin'": 1, 
            "some gimme": 1, 
            "some good": 1, 
            "some niggeroes": 1, 
            "some sex": 1, 
            "some white": 1, 
            "spit ha": 1, 
            "straight to": 1, 
            "suck toes": 1, 
            "suckin' a": 1, 
            "suckin' my": 1, 
            "take our": 1, 
            "take pride": 1, 
            "that cut": 1, 
            "the beach": 1, 
            "the bed": 1, 
            "the bitch": 1, 
            "the boys": 1, 
            "the car,": 1, 
            "the ones": 1, 
            "the only": 1, 
            "the park": 1, 
            "the righteous": 1, 
            "then the": 1, 
            "there's nothing": 1, 
            "thing on": 1, 
            "this bitch": 1, 
            "time you": 1, 
            "tipsy with": 1, 
            "to be": 1, 
            "to beat": 1, 
            "to bust": 1, 
            "to eat": 1, 
            "to get": 1, 
            "to run": 1, 
            "to take": 1, 
            "to the": 1, 
            "toes and": 1, 
            "tongues like": 1, 
            "took her": 1, 
            "true there's": 1, 
            "up and": 1, 
            "up in": 1, 
            "up with": 1, 
            "wanted to": 1, 
            "was to": 1, 
            "we don't": 1, 
            "what she": 1, 
            "when i": 2, 
            "when she": 1, 
            "white some": 1, 
            "who had": 1, 
            "who suck": 1, 
            "winner and": 1, 
            "with a": 1, 
            "with some": 1, 
            "with the": 1, 
            "with tongues": 1, 
            "yeaaah and": 1, 
            "yeah but": 1, 
            "yeah hot": 1, 
            "yeah when": 1, 
            "you better": 1, 
            "you can": 2, 
            "you don't": 1, 
            "you take": 1, 
            "you with": 1, 
            "you'll fuck": 1, 
            "you're a": 1
        }, 
        "3": {
            "": 941, 
            "'cause it's so": 1, 
            "a club on": 1, 
            "a dirt dobbler,": 1, 
            "a good dick": 1, 
            "a goop gobbler": 1, 
            "a nut when": 1, 
            "a pretty hoe": 1, 
            "a saturday night": 1, 
            "a skinless dick": 1, 
            "a winner and": 1, 
            "after dark true": 1, 
            "after i nut,": 1, 
            "all right yeah": 1, 
            "and after i": 1, 
            "and assholes with": 1, 
            "and feelin' all": 1, 
            "and gave some": 1, 
            "and gimme some": 1, 
            "and lickin' my": 1, 
            "and she wanted": 1, 
            "and the only": 1, 
            "any time you": 1, 
            "assholes with tongues": 1, 
            "b's we don't": 1, 
            "be a winner": 1, 
            "beach then the": 1, 
            "beat it you": 1, 
            "bed what she": 1, 
            "better not spit": 1, 
            "biiiitch, pucker up": 1, 
            "bitch got hot": 1, 
            "bitch who had": 1, 
            "bitch, you better": 1, 
            "boys and feelin'": 1, 
            "bust a nut": 1, 
            "but i like": 1, 
            "but most head-hunters": 1, 
            "can do it": 1, 
            "can get it": 1, 
            "can i fuck": 1, 
            "car, or even": 1, 
            "clothes off to": 1, 
            "club on a": 1, 
            "convenient huh you": 1, 
            "coolin' in a": 1, 
            "cut when she": 1, 
            "d yeaaah and": 1, 
            "dark true there's": 1, 
            "dick and after": 1, 
            "dick ha ha": 1, 
            "dick, biiiitch, pucker": 1, 
            "dirt dobbler, a": 1, 
            "do it any": 1, 
            "dobbler, a goop": 1, 
            "dollar so gimme": 1, 
            "don't have to": 2, 
            "eat so, for": 1, 
            "even in the": 1, 
            "feelin' all right": 1, 
            "for me to": 1, 
            "for the righteous": 1, 
            "fuck satan for": 1, 
            "fuck you with": 1, 
            "fucked up with": 1, 
            "gave some good": 1, 
            "get it in": 1, 
            "get over, took": 1, 
            "gettin' fucked up": 1, 
            "getting head, 'cause": 1, 
            "gimme some": 1, 
            "gimme some coolin'": 1, 
            "gimme some gimme": 1, 
            "go out after": 1, 
            "gobbler you'll fuck": 1, 
            "good dick and": 1, 
            "good hot head": 1, 
            "goop gobbler you'll": 1, 
            "got her kind": 1, 
            "got hot and": 1, 
            "got on her": 1, 
            "ha ha ha": 4, 
            "ha ha you": 1, 
            "ha ha you're": 1, 
            "ha you take": 1, 
            "ha you're a": 1, 
            "had to be": 1, 
            "have to beat": 1, 
            "have to take": 1, 
            "head hoes, some": 1, 
            "head yeah hot": 1, 
            "head, 'cause it's": 1, 
            "head-hunters go out": 1, 
            "her kind of": 1, 
            "her knees and": 1, 
            "her knees suckin'": 1, 
            "her so i": 1, 
            "her straight to": 1, 
            "hoe on her": 1, 
            "hoes, some white": 1, 
            "hot and she": 1, 
            "hot head hoes,": 1, 
            "hot head yeah": 1, 
            "how can i": 1, 
            "huh you can": 1, 
            "i fuck you": 1, 
            "i got her": 1, 
            "i like getting": 1, 
            "i like the": 1, 
            "i nut, bitch,": 1, 
            "i pull out": 1, 
            "i saw this": 1, 
            "in a club": 1, 
            "in her so": 1, 
            "in suckin' a": 1, 
            "in the car,": 1, 
            "in the park": 1, 
            "it any time": 1, 
            "it in the": 1, 
            "it you can": 1, 
            "it's so convenient": 1, 
            "kind of tipsy": 1, 
            "knees and gave": 1, 
            "knees suckin' my": 1, 
            "lickin' my b's": 1, 
            "licks ooh how": 1, 
            "like a pretty": 1, 
            "like getting head,": 1, 
            "like razors that": 1, 
            "like the ones": 1, 
            "me to get": 1, 
            "mind was to": 1, 
            "most head-hunters go": 1, 
            "my b's we": 1, 
            "my d yeaaah": 1, 
            "my dick, biiiitch,": 1, 
            "my mind was": 1, 
            "niggeroes but i": 1, 
            "night gettin' fucked": 1, 
            "not spit ha": 1, 
            "nothing like a": 1, 
            "nut when i": 1, 
            "nut, bitch, you": 1, 
            "of tipsy with": 1, 
            "off to bust": 1, 
            "on a saturday": 1, 
            "on her knees": 2, 
            "on my mind": 1, 
            "on the beach": 1, 
            "ones who suck": 1, 
            "only thing on": 1, 
            "ooh how can": 1, 
            "or even in": 1, 
            "our clothes off": 1, 
            "out after dark": 1, 
            "out my dick,": 1, 
            "over, took her": 1, 
            "park yeah but": 1, 
            "pretty hoe on": 1, 
            "pride in suckin'": 1, 
            "pucker up and": 1, 
            "pull out my": 1, 
            "razors that cut": 1, 
            "right yeah when": 1, 
            "righteous dollar so": 1, 
            "run up in": 1, 
            "satan for the": 1, 
            "saturday night gettin'": 1, 
            "saw this bitch": 1, 
            "sex on the": 1, 
            "she got on": 1, 
            "she licks ooh": 1, 
            "she wanted to": 1, 
            "skinless dick ha": 1, 
            "so convenient huh": 1, 
            "so gimme some": 1, 
            "so i got": 1, 
            "so, for me": 1, 
            "some": 1, 
            "some coolin' in": 1, 
            "some gimme some": 1, 
            "some good hot": 1, 
            "some niggeroes but": 1, 
            "some sex on": 1, 
            "some white some": 1, 
            "spit ha ha": 1, 
            "straight to the": 1, 
            "suck toes and": 1, 
            "suckin' a good": 1, 
            "suckin' my d": 1, 
            "take our clothes": 1, 
            "take pride in": 1, 
            "that cut when": 1, 
            "the beach then": 1, 
            "the bed what": 1, 
            "the bitch got": 1, 
            "the boys and": 1, 
            "the car, or": 1, 
            "the ones who": 1, 
            "the only thing": 1, 
            "the park yeah": 1, 
            "the righteous dollar": 1, 
            "then the bitch": 1, 
            "there's nothing like": 1, 
            "thing on my": 1, 
            "this bitch who": 1, 
            "time you don't": 1, 
            "tipsy with some": 1, 
            "to be a": 1, 
            "to beat it": 1, 
            "to bust a": 1, 
            "to eat so,": 1, 
            "to get over,": 1, 
            "to run up": 1, 
            "to take our": 1, 
            "to the bed": 1, 
            "toes and assholes": 1, 
            "tongues like razors": 1, 
            "took her straight": 1, 
            "true there's nothing": 1, 
            "up and gimme": 1, 
            "up in her": 1, 
            "up with the": 1, 
            "wanted to eat": 1, 
            "was to run": 1, 
            "we don't have": 1, 
            "what she got": 1, 
            "when i pull": 1, 
            "when i saw": 1, 
            "when she licks": 1, 
            "white some niggeroes": 1, 
            "who had to": 1, 
            "who suck toes": 1, 
            "winner and the": 1, 
            "with a skinless": 1, 
            "with some sex": 1, 
            "with the boys": 1, 
            "with tongues like": 1, 
            "yeaaah and lickin'": 1, 
            "yeah but most": 1, 
            "yeah hot head": 1, 
            "yeah when i": 1, 
            "you better not": 1, 
            "you can do": 1, 
            "you can get": 1, 
            "you don't have": 1, 
            "you take pride": 1, 
            "you with a": 1, 
            "you'll fuck satan": 1, 
            "you're a dirt": 1
        }, 
        "4": {
            "": 940, 
            "'cause it's so convenient": 1, 
            "a club on a": 1, 
            "a dirt dobbler, a": 1, 
            "a good dick and": 1, 
            "a goop gobbler you'll": 1, 
            "a nut when i": 1, 
            "a pretty hoe on": 1, 
            "a saturday night gettin'": 1, 
            "a skinless dick ha": 1, 
            "a winner and the": 1, 
            "after dark true there's": 1, 
            "after i nut, bitch,": 1, 
            "all right yeah when": 1, 
            "and after i nut,": 1, 
            "and assholes with tongues": 1, 
            "and feelin' all right": 1, 
            "and gave some good": 1, 
            "and gimme some coolin'": 1, 
            "and lickin' my b's": 1, 
            "and she wanted to": 1, 
            "and the only thing": 1, 
            "any time you don't": 1, 
            "assholes with tongues like": 1, 
            "b's we don't have": 1, 
            "be a winner and": 1, 
            "beach then the bitch": 1, 
            "beat it you can": 1, 
            "bed what she got": 1, 
            "better not spit ha": 1, 
            "biiiitch, pucker up and": 1, 
            "bitch got hot and": 1, 
            "bitch who had to": 1, 
            "bitch, you better not": 1, 
            "boys and feelin' all": 1, 
            "bust a nut when": 1, 
            "but i like the": 1, 
            "but most head-hunters go": 1, 
            "can do it any": 1, 
            "can get it in": 1, 
            "can i fuck you": 1, 
            "car, or even in": 1, 
            "clothes off to bust": 1, 
            "club on a saturday": 1, 
            "convenient huh you can": 1, 
            "coolin' in a club": 1, 
            "cut when she licks": 1, 
            "d yeaaah and lickin'": 1, 
            "dark true there's nothing": 1, 
            "dick and after i": 1, 
            "dick ha ha ha": 1, 
            "dick, biiiitch, pucker up": 1, 
            "dirt dobbler, a goop": 1, 
            "do it any time": 1, 
            "dobbler, a goop gobbler": 1, 
            "dollar so gimme some": 1, 
            "don't have to beat": 1, 
            "don't have to take": 1, 
            "eat so, for me": 1, 
            "even in the park": 1, 
            "feelin' all right yeah": 1, 
            "for me to get": 1, 
            "for the righteous dollar": 1, 
            "fuck satan for the": 1, 
            "fuck you with a": 1, 
            "fucked up with the": 1, 
            "gave some good hot": 1, 
            "get it in the": 1, 
            "get over, took her": 1, 
            "gettin' fucked up with": 1, 
            "getting head, 'cause it's": 1, 
            "gimme some": 1, 
            "gimme some coolin' in": 1, 
            "gimme some gimme some": 1, 
            "go out after dark": 1, 
            "gobbler you'll fuck satan": 1, 
            "good dick and after": 1, 
            "good hot head yeah": 1, 
            "goop gobbler you'll fuck": 1, 
            "got her kind of": 1, 
            "got hot and she": 1, 
            "got on her knees": 1, 
            "ha ha ha ha": 2, 
            "ha ha ha you": 1, 
            "ha ha ha you're": 1, 
            "ha ha you take": 1, 
            "ha ha you're a": 1, 
            "ha you take pride": 1, 
            "ha you're a dirt": 1, 
            "had to be a": 1, 
            "have to beat it": 1, 
            "have to take our": 1, 
            "head hoes, some white": 1, 
            "head yeah hot head": 1, 
            "head, 'cause it's so": 1, 
            "head-hunters go out after": 1, 
            "her kind of tipsy": 1, 
            "her knees and gave": 1, 
            "her knees suckin' my": 1, 
            "her so i got": 1, 
            "her straight to the": 1, 
            "hoe on her knees": 1, 
            "hoes, some white some": 1, 
            "hot and she wanted": 1, 
            "hot head hoes, some": 1, 
            "hot head yeah hot": 1, 
            "how can i fuck": 1, 
            "huh you can do": 1, 
            "i fuck you with": 1, 
            "i got her kind": 1, 
            "i like getting head,": 1, 
            "i like the ones": 1, 
            "i nut, bitch, you": 1, 
            "i pull out my": 1, 
            "i saw this bitch": 1, 
            "in a club on": 1, 
            "in her so i": 1, 
            "in suckin' a good": 1, 
            "in the car, or": 1, 
            "in the park yeah": 1, 
            "it any time you": 1, 
            "it in the car,": 1, 
            "it you can get": 1, 
            "it's so convenient huh": 1, 
            "kind of tipsy with": 1, 
            "knees and gave some": 1, 
            "knees suckin' my d": 1, 
            "lickin' my b's we": 1, 
            "licks ooh how can": 1, 
            "like a pretty hoe": 1, 
            "like getting head, 'cause": 1, 
            "like razors that cut": 1, 
            "like the ones who": 1, 
            "me to get over,": 1, 
            "mind was to run": 1, 
            "most head-hunters go out": 1, 
            "my b's we don't": 1, 
            "my d yeaaah and": 1, 
            "my dick, biiiitch, pucker": 1, 
            "my mind was to": 1, 
            "niggeroes but i like": 1, 
            "night gettin' fucked up": 1, 
            "not spit ha ha": 1, 
            "nothing like a pretty": 1, 
            "nut when i pull": 1, 
            "nut, bitch, you better": 1, 
            "of tipsy with some": 1, 
            "off to bust a": 1, 
            "on a saturday night": 1, 
            "on her knees and": 1, 
            "on her knees suckin'": 1, 
            "on my mind was": 1, 
            "on the beach then": 1, 
            "ones who suck toes": 1, 
            "only thing on my": 1, 
            "ooh how can i": 1, 
            "or even in the": 1, 
            "our clothes off to": 1, 
            "out after dark true": 1, 
            "out my dick, biiiitch,": 1, 
            "over, took her straight": 1, 
            "park yeah but most": 1, 
            "pretty hoe on her": 1, 
            "pride in suckin' a": 1, 
            "pucker up and gimme": 1, 
            "pull out my dick,": 1, 
            "razors that cut when": 1, 
            "right yeah when i": 1, 
            "righteous dollar so gimme": 1, 
            "run up in her": 1, 
            "satan for the righteous": 1, 
            "saturday night gettin' fucked": 1, 
            "saw this bitch who": 1, 
            "sex on the beach": 1, 
            "she got on her": 1, 
            "she licks ooh how": 1, 
            "she wanted to eat": 1, 
            "skinless dick ha ha": 1, 
            "so convenient huh you": 1, 
            "so gimme some gimme": 1, 
            "so i got her": 1, 
            "so, for me to": 1, 
            "some": 1, 
            "some coolin' in a": 1, 
            "some gimme some": 1, 
            "some good hot head": 1, 
            "some niggeroes but i": 1, 
            "some sex on the": 1, 
            "some white some niggeroes": 1, 
            "spit ha ha ha": 1, 
            "straight to the bed": 1, 
            "suck toes and assholes": 1, 
            "suckin' a good dick": 1, 
            "suckin' my d yeaaah": 1, 
            "take our clothes off": 1, 
            "take pride in suckin'": 1, 
            "that cut when she": 1, 
            "the beach then the": 1, 
            "the bed what she": 1, 
            "the bitch got hot": 1, 
            "the boys and feelin'": 1, 
            "the car, or even": 1, 
            "the ones who suck": 1, 
            "the only thing on": 1, 
            "the park yeah but": 1, 
            "the righteous dollar so": 1, 
            "then the bitch got": 1, 
            "there's nothing like a": 1, 
            "thing on my mind": 1, 
            "this bitch who had": 1, 
            "time you don't have": 1, 
            "tipsy with some sex": 1, 
            "to be a winner": 1, 
            "to beat it you": 1, 
            "to bust a nut": 1, 
            "to eat so, for": 1, 
            "to get over, took": 1, 
            "to run up in": 1, 
            "to take our clothes": 1, 
            "to the bed what": 1, 
            "toes and assholes with": 1, 
            "tongues like razors that": 1, 
            "took her straight to": 1, 
            "true there's nothing like": 1, 
            "up and gimme some": 1, 
            "up in her so": 1, 
            "up with the boys": 1, 
            "wanted to eat so,": 1, 
            "was to run up": 1, 
            "we don't have to": 1, 
            "what she got on": 1, 
            "when i pull out": 1, 
            "when i saw this": 1, 
            "when she licks ooh": 1, 
            "white some niggeroes but": 1, 
            "who had to be": 1, 
            "who suck toes and": 1, 
            "winner and the only": 1, 
            "with a skinless dick": 1, 
            "with some sex on": 1, 
            "with the boys and": 1, 
            "with tongues like razors": 1, 
            "yeaaah and lickin' my": 1, 
            "yeah but most head-hunters": 1, 
            "yeah hot head hoes,": 1, 
            "yeah when i saw": 1, 
            "you better not spit": 1, 
            "you can do it": 1, 
            "you can get it": 1, 
            "you don't have to": 1, 
            "you take pride in": 1, 
            "you with a skinless": 1, 
            "you'll fuck satan for": 1, 
            "you're a dirt dobbler,": 1
        }, 
        "5": {
            "": 939, 
            "'cause it's so convenient huh": 1, 
            "a club on a saturday": 1, 
            "a dirt dobbler, a goop": 1, 
            "a good dick and after": 1, 
            "a goop gobbler you'll fuck": 1, 
            "a nut when i pull": 1, 
            "a pretty hoe on her": 1, 
            "a saturday night gettin' fucked": 1, 
            "a skinless dick ha ha": 1, 
            "a winner and the only": 1, 
            "after dark true there's nothing": 1, 
            "after i nut, bitch, you": 1, 
            "all right yeah when i": 1, 
            "and after i nut, bitch,": 1, 
            "and assholes with tongues like": 1, 
            "and feelin' all right yeah": 1, 
            "and gave some good hot": 1, 
            "and gimme some coolin' in": 1, 
            "and lickin' my b's we": 1, 
            "and she wanted to eat": 1, 
            "and the only thing on": 1, 
            "any time you don't have": 1, 
            "assholes with tongues like razors": 1, 
            "b's we don't have to": 1, 
            "be a winner and the": 1, 
            "beach then the bitch got": 1, 
            "beat it you can get": 1, 
            "bed what she got on": 1, 
            "better not spit ha ha": 1, 
            "biiiitch, pucker up and gimme": 1, 
            "bitch got hot and she": 1, 
            "bitch who had to be": 1, 
            "bitch, you better not spit": 1, 
            "boys and feelin' all right": 1, 
            "bust a nut when i": 1, 
            "but i like the ones": 1, 
            "but most head-hunters go out": 1, 
            "can do it any time": 1, 
            "can get it in the": 1, 
            "can i fuck you with": 1, 
            "car, or even in the": 1, 
            "clothes off to bust a": 1, 
            "club on a saturday night": 1, 
            "convenient huh you can do": 1, 
            "coolin' in a club on": 1, 
            "cut when she licks ooh": 1, 
            "d yeaaah and lickin' my": 1, 
            "dark true there's nothing like": 1, 
            "dick and after i nut,": 1, 
            "dick ha ha ha ha": 1, 
            "dick, biiiitch, pucker up and": 1, 
            "dirt dobbler, a goop gobbler": 1, 
            "do it any time you": 1, 
            "dobbler, a goop gobbler you'll": 1, 
            "dollar so gimme some gimme": 1, 
            "don't have to beat it": 1, 
            "don't have to take our": 1, 
            "eat so, for me to": 1, 
            "even in the park yeah": 1, 
            "feelin' all right yeah when": 1, 
            "for me to get over,": 1, 
            "for the righteous dollar so": 1, 
            "fuck satan for the righteous": 1, 
            "fuck you with a skinless": 1, 
            "fucked up with the boys": 1, 
            "gave some good hot head": 1, 
            "get it in the car,": 1, 
            "get over, took her straight": 1, 
            "gettin' fucked up with the": 1, 
            "getting head, 'cause it's so": 1, 
            "gimme some": 1, 
            "gimme some coolin' in a": 1, 
            "gimme some gimme some": 1, 
            "go out after dark true": 1, 
            "gobbler you'll fuck satan for": 1, 
            "good dick and after i": 1, 
            "good hot head yeah hot": 1, 
            "goop gobbler you'll fuck satan": 1, 
            "got her kind of tipsy": 1, 
            "got hot and she wanted": 1, 
            "got on her knees and": 1, 
            "ha ha ha ha you": 1, 
            "ha ha ha ha you're": 1, 
            "ha ha ha you take": 1, 
            "ha ha ha you're a": 1, 
            "ha ha you take pride": 1, 
            "ha ha you're a dirt": 1, 
            "ha you take pride in": 1, 
            "ha you're a dirt dobbler,": 1, 
            "had to be a winner": 1, 
            "have to beat it you": 1, 
            "have to take our clothes": 1, 
            "head hoes, some white some": 1, 
            "head yeah hot head hoes,": 1, 
            "head, 'cause it's so convenient": 1, 
            "head-hunters go out after dark": 1, 
            "her kind of tipsy with": 1, 
            "her knees and gave some": 1, 
            "her knees suckin' my d": 1, 
            "her so i got her": 1, 
            "her straight to the bed": 1, 
            "hoe on her knees suckin'": 1, 
            "hoes, some white some niggeroes": 1, 
            "hot and she wanted to": 1, 
            "hot head hoes, some white": 1, 
            "hot head yeah hot head": 1, 
            "how can i fuck you": 1, 
            "huh you can do it": 1, 
            "i fuck you with a": 1, 
            "i got her kind of": 1, 
            "i like getting head, 'cause": 1, 
            "i like the ones who": 1, 
            "i nut, bitch, you better": 1, 
            "i pull out my dick,": 1, 
            "i saw this bitch who": 1, 
            "in a club on a": 1, 
            "in her so i got": 1, 
            "in suckin' a good dick": 1, 
            "in the car, or even": 1, 
            "in the park yeah but": 1, 
            "it any time you don't": 1, 
            "it in the car, or": 1, 
            "it you can get it": 1, 
            "it's so convenient huh you": 1, 
            "kind of tipsy with some": 1, 
            "knees and gave some good": 1, 
            "knees suckin' my d yeaaah": 1, 
            "lickin' my b's we don't": 1, 
            "licks ooh how can i": 1, 
            "like a pretty hoe on": 1, 
            "like getting head, 'cause it's": 1, 
            "like razors that cut when": 1, 
            "like the ones who suck": 1, 
            "me to get over, took": 1, 
            "mind was to run up": 1, 
            "most head-hunters go out after": 1, 
            "my b's we don't have": 1, 
            "my d yeaaah and lickin'": 1, 
            "my dick, biiiitch, pucker up": 1, 
            "my mind was to run": 1, 
            "niggeroes but i like the": 1, 
            "night gettin' fucked up with": 1, 
            "not spit ha ha ha": 1, 
            "nothing like a pretty hoe": 1, 
            "nut when i pull out": 1, 
            "nut, bitch, you better not": 1, 
            "of tipsy with some sex": 1, 
            "off to bust a nut": 1, 
            "on a saturday night gettin'": 1, 
            "on her knees and gave": 1, 
            "on her knees suckin' my": 1, 
            "on my mind was to": 1, 
            "on the beach then the": 1, 
            "ones who suck toes and": 1, 
            "only thing on my mind": 1, 
            "ooh how can i fuck": 1, 
            "or even in the park": 1, 
            "our clothes off to bust": 1, 
            "out after dark true there's": 1, 
            "out my dick, biiiitch, pucker": 1, 
            "over, took her straight to": 1, 
            "park yeah but most head-hunters": 1, 
            "pretty hoe on her knees": 1, 
            "pride in suckin' a good": 1, 
            "pucker up and gimme some": 1, 
            "pull out my dick, biiiitch,": 1, 
            "razors that cut when she": 1, 
            "right yeah when i saw": 1, 
            "righteous dollar so gimme some": 1, 
            "run up in her so": 1, 
            "satan for the righteous dollar": 1, 
            "saturday night gettin' fucked up": 1, 
            "saw this bitch who had": 1, 
            "sex on the beach then": 1, 
            "she got on her knees": 1, 
            "she licks ooh how can": 1, 
            "she wanted to eat so,": 1, 
            "skinless dick ha ha ha": 1, 
            "so convenient huh you can": 1, 
            "so gimme some gimme some": 1, 
            "so i got her kind": 1, 
            "so, for me to get": 1, 
            "some": 1, 
            "some coolin' in a club": 1, 
            "some gimme some": 1, 
            "some good hot head yeah": 1, 
            "some niggeroes but i like": 1, 
            "some sex on the beach": 1, 
            "some white some niggeroes but": 1, 
            "spit ha ha ha ha": 1, 
            "straight to the bed what": 1, 
            "suck toes and assholes with": 1, 
            "suckin' a good dick and": 1, 
            "suckin' my d yeaaah and": 1, 
            "take our clothes off to": 1, 
            "take pride in suckin' a": 1, 
            "that cut when she licks": 1, 
            "the beach then the bitch": 1, 
            "the bed what she got": 1, 
            "the bitch got hot and": 1, 
            "the boys and feelin' all": 1, 
            "the car, or even in": 1, 
            "the ones who suck toes": 1, 
            "the only thing on my": 1, 
            "the park yeah but most": 1, 
            "the righteous dollar so gimme": 1, 
            "then the bitch got hot": 1, 
            "there's nothing like a pretty": 1, 
            "thing on my mind was": 1, 
            "this bitch who had to": 1, 
            "time you don't have to": 1, 
            "tipsy with some sex on": 1, 
            "to be a winner and": 1, 
            "to beat it you can": 1, 
            "to bust a nut when": 1, 
            "to eat so, for me": 1, 
            "to get over, took her": 1, 
            "to run up in her": 1, 
            "to take our clothes off": 1, 
            "to the bed what she": 1, 
            "toes and assholes with tongues": 1, 
            "tongues like razors that cut": 1, 
            "took her straight to the": 1, 
            "true there's nothing like a": 1, 
            "up and gimme some coolin'": 1, 
            "up in her so i": 1, 
            "up with the boys and": 1, 
            "wanted to eat so, for": 1, 
            "was to run up in": 1, 
            "we don't have to take": 1, 
            "what she got on her": 1, 
            "when i pull out my": 1, 
            "when i saw this bitch": 1, 
            "when she licks ooh how": 1, 
            "white some niggeroes but i": 1, 
            "who had to be a": 1, 
            "who suck toes and assholes": 1, 
            "winner and the only thing": 1, 
            "with a skinless dick ha": 1, 
            "with some sex on the": 1, 
            "with the boys and feelin'": 1, 
            "with tongues like razors that": 1, 
            "yeaaah and lickin' my b's": 1, 
            "yeah but most head-hunters go": 1, 
            "yeah hot head hoes, some": 1, 
            "yeah when i saw this": 1, 
            "you better not spit ha": 1, 
            "you can do it any": 1, 
            "you can get it in": 1, 
            "you don't have to beat": 1, 
            "you take pride in suckin'": 1, 
            "you with a skinless dick": 1, 
            "you'll fuck satan for the": 1, 
            "you're a dirt dobbler, a": 1
        }, 
        "6": {
            "": 938, 
            "'cause it's so convenient huh you": 1, 
            "a club on a saturday night": 1, 
            "a dirt dobbler, a goop gobbler": 1, 
            "a good dick and after i": 1, 
            "a goop gobbler you'll fuck satan": 1, 
            "a nut when i pull out": 1, 
            "a pretty hoe on her knees": 1, 
            "a saturday night gettin' fucked up": 1, 
            "a skinless dick ha ha ha": 1, 
            "a winner and the only thing": 1, 
            "after dark true there's nothing like": 1, 
            "after i nut, bitch, you better": 1, 
            "all right yeah when i saw": 1, 
            "and after i nut, bitch, you": 1, 
            "and assholes with tongues like razors": 1, 
            "and feelin' all right yeah when": 1, 
            "and gave some good hot head": 1, 
            "and gimme some coolin' in a": 1, 
            "and lickin' my b's we don't": 1, 
            "and she wanted to eat so,": 1, 
            "and the only thing on my": 1, 
            "any time you don't have to": 1, 
            "assholes with tongues like razors that": 1, 
            "b's we don't have to take": 1, 
            "be a winner and the only": 1, 
            "beach then the bitch got hot": 1, 
            "beat it you can get it": 1, 
            "bed what she got on her": 1, 
            "better not spit ha ha ha": 1, 
            "biiiitch, pucker up and gimme some": 1, 
            "bitch got hot and she wanted": 1, 
            "bitch who had to be a": 1, 
            "bitch, you better not spit ha": 1, 
            "boys and feelin' all right yeah": 1, 
            "bust a nut when i pull": 1, 
            "but i like the ones who": 1, 
            "but most head-hunters go out after": 1, 
            "can do it any time you": 1, 
            "can get it in the car,": 1, 
            "can i fuck you with a": 1, 
            "car, or even in the park": 1, 
            "clothes off to bust a nut": 1, 
            "club on a saturday night gettin'": 1, 
            "convenient huh you can do it": 1, 
            "coolin' in a club on a": 1, 
            "cut when she licks ooh how": 1, 
            "d yeaaah and lickin' my b's": 1, 
            "dark true there's nothing like a": 1, 
            "dick and after i nut, bitch,": 1, 
            "dick ha ha ha ha you": 1, 
            "dick, biiiitch, pucker up and gimme": 1, 
            "dirt dobbler, a goop gobbler you'll": 1, 
            "do it any time you don't": 1, 
            "dobbler, a goop gobbler you'll fuck": 1, 
            "dollar so gimme some gimme some": 1, 
            "don't have to beat it you": 1, 
            "don't have to take our clothes": 1, 
            "eat so, for me to get": 1, 
            "even in the park yeah but": 1, 
            "feelin' all right yeah when i": 1, 
            "for me to get over, took": 1, 
            "for the righteous dollar so gimme": 1, 
            "fuck satan for the righteous dollar": 1, 
            "fuck you with a skinless dick": 1, 
            "fucked up with the boys and": 1, 
            "gave some good hot head yeah": 1, 
            "get it in the car, or": 1, 
            "get over, took her straight to": 1, 
            "gettin' fucked up with the boys": 1, 
            "getting head, 'cause it's so convenient": 1, 
            "gimme some": 1, 
            "gimme some coolin' in a club": 1, 
            "gimme some gimme some": 1, 
            "go out after dark true there's": 1, 
            "gobbler you'll fuck satan for the": 1, 
            "good dick and after i nut,": 1, 
            "good hot head yeah hot head": 1, 
            "goop gobbler you'll fuck satan for": 1, 
            "got her kind of tipsy with": 1, 
            "got hot and she wanted to": 1, 
            "got on her knees and gave": 1, 
            "ha ha ha ha you take": 1, 
            "ha ha ha ha you're a": 1, 
            "ha ha ha you take pride": 1, 
            "ha ha ha you're a dirt": 1, 
            "ha ha you take pride in": 1, 
            "ha ha you're a dirt dobbler,": 1, 
            "ha you take pride in suckin'": 1, 
            "ha you're a dirt dobbler, a": 1, 
            "had to be a winner and": 1, 
            "have to beat it you can": 1, 
            "have to take our clothes off": 1, 
            "head hoes, some white some niggeroes": 1, 
            "head yeah hot head hoes, some": 1, 
            "head, 'cause it's so convenient huh": 1, 
            "head-hunters go out after dark true": 1, 
            "her kind of tipsy with some": 1, 
            "her knees and gave some good": 1, 
            "her knees suckin' my d yeaaah": 1, 
            "her so i got her kind": 1, 
            "her straight to the bed what": 1, 
            "hoe on her knees suckin' my": 1, 
            "hoes, some white some niggeroes but": 1, 
            "hot and she wanted to eat": 1, 
            "hot head hoes, some white some": 1, 
            "hot head yeah hot head hoes,": 1, 
            "how can i fuck you with": 1, 
            "huh you can do it any": 1, 
            "i fuck you with a skinless": 1, 
            "i got her kind of tipsy": 1, 
            "i like getting head, 'cause it's": 1, 
            "i like the ones who suck": 1, 
            "i nut, bitch, you better not": 1, 
            "i pull out my dick, biiiitch,": 1, 
            "i saw this bitch who had": 1, 
            "in a club on a saturday": 1, 
            "in her so i got her": 1, 
            "in suckin' a good dick and": 1, 
            "in the car, or even in": 1, 
            "in the park yeah but most": 1, 
            "it any time you don't have": 1, 
            "it in the car, or even": 1, 
            "it you can get it in": 1, 
            "it's so convenient huh you can": 1, 
            "kind of tipsy with some sex": 1, 
            "knees and gave some good hot": 1, 
            "knees suckin' my d yeaaah and": 1, 
            "lickin' my b's we don't have": 1, 
            "licks ooh how can i fuck": 1, 
            "like a pretty hoe on her": 1, 
            "like getting head, 'cause it's so": 1, 
            "like razors that cut when she": 1, 
            "like the ones who suck toes": 1, 
            "me to get over, took her": 1, 
            "mind was to run up in": 1, 
            "most head-hunters go out after dark": 1, 
            "my b's we don't have to": 1, 
            "my d yeaaah and lickin' my": 1, 
            "my dick, biiiitch, pucker up and": 1, 
            "my mind was to run up": 1, 
            "niggeroes but i like the ones": 1, 
            "night gettin' fucked up with the": 1, 
            "not spit ha ha ha ha": 1, 
            "nothing like a pretty hoe on": 1, 
            "nut when i pull out my": 1, 
            "nut, bitch, you better not spit": 1, 
            "of tipsy with some sex on": 1, 
            "off to bust a nut when": 1, 
            "on a saturday night gettin' fucked": 1, 
            "on her knees and gave some": 1, 
            "on her knees suckin' my d": 1, 
            "on my mind was to run": 1, 
            "on the beach then the bitch": 1, 
            "ones who suck toes and assholes": 1, 
            "only thing on my mind was": 1, 
            "ooh how can i fuck you": 1, 
            "or even in the park yeah": 1, 
            "our clothes off to bust a": 1, 
            "out after dark true there's nothing": 1, 
            "out my dick, biiiitch, pucker up": 1, 
            "over, took her straight to the": 1, 
            "park yeah but most head-hunters go": 1, 
            "pretty hoe on her knees suckin'": 1, 
            "pride in suckin' a good dick": 1, 
            "pucker up and gimme some coolin'": 1, 
            "pull out my dick, biiiitch, pucker": 1, 
            "razors that cut when she licks": 1, 
            "right yeah when i saw this": 1, 
            "righteous dollar so gimme some gimme": 1, 
            "run up in her so i": 1, 
            "satan for the righteous dollar so": 1, 
            "saturday night gettin' fucked up with": 1, 
            "saw this bitch who had to": 1, 
            "sex on the beach then the": 1, 
            "she got on her knees and": 1, 
            "she licks ooh how can i": 1, 
            "she wanted to eat so, for": 1, 
            "skinless dick ha ha ha ha": 1, 
            "so convenient huh you can do": 1, 
            "so gimme some gimme some": 1, 
            "so i got her kind of": 1, 
            "so, for me to get over,": 1, 
            "some": 1, 
            "some coolin' in a club on": 1, 
            "some gimme some": 1, 
            "some good hot head yeah hot": 1, 
            "some niggeroes but i like the": 1, 
            "some sex on the beach then": 1, 
            "some white some niggeroes but i": 1, 
            "spit ha ha ha ha you're": 1, 
            "straight to the bed what she": 1, 
            "suck toes and assholes with tongues": 1, 
            "suckin' a good dick and after": 1, 
            "suckin' my d yeaaah and lickin'": 1, 
            "take our clothes off to bust": 1, 
            "take pride in suckin' a good": 1, 
            "that cut when she licks ooh": 1, 
            "the beach then the bitch got": 1, 
            "the bed what she got on": 1, 
            "the bitch got hot and she": 1, 
            "the boys and feelin' all right": 1, 
            "the car, or even in the": 1, 
            "the ones who suck toes and": 1, 
            "the only thing on my mind": 1, 
            "the park yeah but most head-hunters": 1, 
            "the righteous dollar so gimme some": 1, 
            "then the bitch got hot and": 1, 
            "there's nothing like a pretty hoe": 1, 
            "thing on my mind was to": 1, 
            "this bitch who had to be": 1, 
            "time you don't have to beat": 1, 
            "tipsy with some sex on the": 1, 
            "to be a winner and the": 1, 
            "to beat it you can get": 1, 
            "to bust a nut when i": 1, 
            "to eat so, for me to": 1, 
            "to get over, took her straight": 1, 
            "to run up in her so": 1, 
            "to take our clothes off to": 1, 
            "to the bed what she got": 1, 
            "toes and assholes with tongues like": 1, 
            "tongues like razors that cut when": 1, 
            "took her straight to the bed": 1, 
            "true there's nothing like a pretty": 1, 
            "up and gimme some coolin' in": 1, 
            "up in her so i got": 1, 
            "up with the boys and feelin'": 1, 
            "wanted to eat so, for me": 1, 
            "was to run up in her": 1, 
            "we don't have to take our": 1, 
            "what she got on her knees": 1, 
            "when i pull out my dick,": 1, 
            "when i saw this bitch who": 1, 
            "when she licks ooh how can": 1, 
            "white some niggeroes but i like": 1, 
            "who had to be a winner": 1, 
            "who suck toes and assholes with": 1, 
            "winner and the only thing on": 1, 
            "with a skinless dick ha ha": 1, 
            "with some sex on the beach": 1, 
            "with the boys and feelin' all": 1, 
            "with tongues like razors that cut": 1, 
            "yeaaah and lickin' my b's we": 1, 
            "yeah but most head-hunters go out": 1, 
            "yeah hot head hoes, some white": 1, 
            "yeah when i saw this bitch": 1, 
            "you better not spit ha ha": 1, 
            "you can do it any time": 1, 
            "you can get it in the": 1, 
            "you don't have to beat it": 1, 
            "you take pride in suckin' a": 1, 
            "you with a skinless dick ha": 1, 
            "you'll fuck satan for the righteous": 1, 
            "you're a dirt dobbler, a goop": 1
        }, 
        "7": {
            "": 937, 
            "'cause it's so convenient huh you can": 1, 
            "a club on a saturday night gettin'": 1, 
            "a dirt dobbler, a goop gobbler you'll": 1, 
            "a good dick and after i nut,": 1, 
            "a goop gobbler you'll fuck satan for": 1, 
            "a nut when i pull out my": 1, 
            "a pretty hoe on her knees suckin'": 1, 
            "a saturday night gettin' fucked up with": 1, 
            "a skinless dick ha ha ha ha": 1, 
            "a winner and the only thing on": 1, 
            "after dark true there's nothing like a": 1, 
            "after i nut, bitch, you better not": 1, 
            "all right yeah when i saw this": 1, 
            "and after i nut, bitch, you better": 1, 
            "and assholes with tongues like razors that": 1, 
            "and feelin' all right yeah when i": 1, 
            "and gave some good hot head yeah": 1, 
            "and gimme some coolin' in a club": 1, 
            "and lickin' my b's we don't have": 1, 
            "and she wanted to eat so, for": 1, 
            "and the only thing on my mind": 1, 
            "any time you don't have to beat": 1, 
            "assholes with tongues like razors that cut": 1, 
            "b's we don't have to take our": 1, 
            "be a winner and the only thing": 1, 
            "beach then the bitch got hot and": 1, 
            "beat it you can get it in": 1, 
            "bed what she got on her knees": 1, 
            "better not spit ha ha ha ha": 1, 
            "biiiitch, pucker up and gimme some coolin'": 1, 
            "bitch got hot and she wanted to": 1, 
            "bitch who had to be a winner": 1, 
            "bitch, you better not spit ha ha": 1, 
            "boys and feelin' all right yeah when": 1, 
            "bust a nut when i pull out": 1, 
            "but i like the ones who suck": 1, 
            "but most head-hunters go out after dark": 1, 
            "can do it any time you don't": 1, 
            "can get it in the car, or": 1, 
            "can i fuck you with a skinless": 1, 
            "car, or even in the park yeah": 1, 
            "clothes off to bust a nut when": 1, 
            "club on a saturday night gettin' fucked": 1, 
            "convenient huh you can do it any": 1, 
            "coolin' in a club on a saturday": 1, 
            "cut when she licks ooh how can": 1, 
            "d yeaaah and lickin' my b's we": 1, 
            "dark true there's nothing like a pretty": 1, 
            "dick and after i nut, bitch, you": 1, 
            "dick ha ha ha ha you take": 1, 
            "dick, biiiitch, pucker up and gimme some": 1, 
            "dirt dobbler, a goop gobbler you'll fuck": 1, 
            "do it any time you don't have": 1, 
            "dobbler, a goop gobbler you'll fuck satan": 1, 
            "dollar so gimme some gimme some": 1, 
            "don't have to beat it you can": 1, 
            "don't have to take our clothes off": 1, 
            "eat so, for me to get over,": 1, 
            "even in the park yeah but most": 1, 
            "feelin' all right yeah when i saw": 1, 
            "for me to get over, took her": 1, 
            "for the righteous dollar so gimme some": 1, 
            "fuck satan for the righteous dollar so": 1, 
            "fuck you with a skinless dick ha": 1, 
            "fucked up with the boys and feelin'": 1, 
            "gave some good hot head yeah hot": 1, 
            "get it in the car, or even": 1, 
            "get over, took her straight to the": 1, 
            "gettin' fucked up with the boys and": 1, 
            "getting head, 'cause it's so convenient huh": 1, 
            "gimme some": 1, 
            "gimme some coolin' in a club on": 1, 
            "gimme some gimme some": 1, 
            "go out after dark true there's nothing": 1, 
            "gobbler you'll fuck satan for the righteous": 1, 
            "good dick and after i nut, bitch,": 1, 
            "good hot head yeah hot head hoes,": 1, 
            "goop gobbler you'll fuck satan for the": 1, 
            "got her kind of tipsy with some": 1, 
            "got hot and she wanted to eat": 1, 
            "got on her knees and gave some": 1, 
            "ha ha ha ha you take pride": 1, 
            "ha ha ha ha you're a dirt": 1, 
            "ha ha ha you take pride in": 1, 
            "ha ha ha you're a dirt dobbler,": 1, 
            "ha ha you take pride in suckin'": 1, 
            "ha ha you're a dirt dobbler, a": 1, 
            "ha you take pride in suckin' a": 1, 
            "ha you're a dirt dobbler, a goop": 1, 
            "had to be a winner and the": 1, 
            "have to beat it you can get": 1, 
            "have to take our clothes off to": 1, 
            "head hoes, some white some niggeroes but": 1, 
            "head yeah hot head hoes, some white": 1, 
            "head, 'cause it's so convenient huh you": 1, 
            "head-hunters go out after dark true there's": 1, 
            "her kind of tipsy with some sex": 1, 
            "her knees and gave some good hot": 1, 
            "her knees suckin' my d yeaaah and": 1, 
            "her so i got her kind of": 1, 
            "her straight to the bed what she": 1, 
            "hoe on her knees suckin' my d": 1, 
            "hoes, some white some niggeroes but i": 1, 
            "hot and she wanted to eat so,": 1, 
            "hot head hoes, some white some niggeroes": 1, 
            "hot head yeah hot head hoes, some": 1, 
            "how can i fuck you with a": 1, 
            "huh you can do it any time": 1, 
            "i fuck you with a skinless dick": 1, 
            "i got her kind of tipsy with": 1, 
            "i like getting head, 'cause it's so": 1, 
            "i like the ones who suck toes": 1, 
            "i nut, bitch, you better not spit": 1, 
            "i pull out my dick, biiiitch, pucker": 1, 
            "i saw this bitch who had to": 1, 
            "in a club on a saturday night": 1, 
            "in her so i got her kind": 1, 
            "in suckin' a good dick and after": 1, 
            "in the car, or even in the": 1, 
            "in the park yeah but most head-hunters": 1, 
            "it any time you don't have to": 1, 
            "it in the car, or even in": 1, 
            "it you can get it in the": 1, 
            "it's so convenient huh you can do": 1, 
            "kind of tipsy with some sex on": 1, 
            "knees and gave some good hot head": 1, 
            "knees suckin' my d yeaaah and lickin'": 1, 
            "lickin' my b's we don't have to": 1, 
            "licks ooh how can i fuck you": 1, 
            "like a pretty hoe on her knees": 1, 
            "like getting head, 'cause it's so convenient": 1, 
            "like razors that cut when she licks": 1, 
            "like the ones who suck toes and": 1, 
            "me to get over, took her straight": 1, 
            "mind was to run up in her": 1, 
            "most head-hunters go out after dark true": 1, 
            "my b's we don't have to take": 1, 
            "my d yeaaah and lickin' my b's": 1, 
            "my dick, biiiitch, pucker up and gimme": 1, 
            "my mind was to run up in": 1, 
            "niggeroes but i like the ones who": 1, 
            "night gettin' fucked up with the boys": 1, 
            "not spit ha ha ha ha you're": 1, 
            "nothing like a pretty hoe on her": 1, 
            "nut when i pull out my dick,": 1, 
            "nut, bitch, you better not spit ha": 1, 
            "of tipsy with some sex on the": 1, 
            "off to bust a nut when i": 1, 
            "on a saturday night gettin' fucked up": 1, 
            "on her knees and gave some good": 1, 
            "on her knees suckin' my d yeaaah": 1, 
            "on my mind was to run up": 1, 
            "on the beach then the bitch got": 1, 
            "ones who suck toes and assholes with": 1, 
            "only thing on my mind was to": 1, 
            "ooh how can i fuck you with": 1, 
            "or even in the park yeah but": 1, 
            "our clothes off to bust a nut": 1, 
            "out after dark true there's nothing like": 1, 
            "out my dick, biiiitch, pucker up and": 1, 
            "over, took her straight to the bed": 1, 
            "park yeah but most head-hunters go out": 1, 
            "pretty hoe on her knees suckin' my": 1, 
            "pride in suckin' a good dick and": 1, 
            "pucker up and gimme some coolin' in": 1, 
            "pull out my dick, biiiitch, pucker up": 1, 
            "razors that cut when she licks ooh": 1, 
            "right yeah when i saw this bitch": 1, 
            "righteous dollar so gimme some gimme some": 1, 
            "run up in her so i got": 1, 
            "satan for the righteous dollar so gimme": 1, 
            "saturday night gettin' fucked up with the": 1, 
            "saw this bitch who had to be": 1, 
            "sex on the beach then the bitch": 1, 
            "she got on her knees and gave": 1, 
            "she licks ooh how can i fuck": 1, 
            "she wanted to eat so, for me": 1, 
            "skinless dick ha ha ha ha you": 1, 
            "so convenient huh you can do it": 1, 
            "so gimme some gimme some": 1, 
            "so i got her kind of tipsy": 1, 
            "so, for me to get over, took": 1, 
            "some": 1, 
            "some coolin' in a club on a": 1, 
            "some gimme some": 1, 
            "some good hot head yeah hot head": 1, 
            "some niggeroes but i like the ones": 1, 
            "some sex on the beach then the": 1, 
            "some white some niggeroes but i like": 1, 
            "spit ha ha ha ha you're a": 1, 
            "straight to the bed what she got": 1, 
            "suck toes and assholes with tongues like": 1, 
            "suckin' a good dick and after i": 1, 
            "suckin' my d yeaaah and lickin' my": 1, 
            "take our clothes off to bust a": 1, 
            "take pride in suckin' a good dick": 1, 
            "that cut when she licks ooh how": 1, 
            "the beach then the bitch got hot": 1, 
            "the bed what she got on her": 1, 
            "the bitch got hot and she wanted": 1, 
            "the boys and feelin' all right yeah": 1, 
            "the car, or even in the park": 1, 
            "the ones who suck toes and assholes": 1, 
            "the only thing on my mind was": 1, 
            "the park yeah but most head-hunters go": 1, 
            "the righteous dollar so gimme some gimme": 1, 
            "then the bitch got hot and she": 1, 
            "there's nothing like a pretty hoe on": 1, 
            "thing on my mind was to run": 1, 
            "this bitch who had to be a": 1, 
            "time you don't have to beat it": 1, 
            "tipsy with some sex on the beach": 1, 
            "to be a winner and the only": 1, 
            "to beat it you can get it": 1, 
            "to bust a nut when i pull": 1, 
            "to eat so, for me to get": 1, 
            "to get over, took her straight to": 1, 
            "to run up in her so i": 1, 
            "to take our clothes off to bust": 1, 
            "to the bed what she got on": 1, 
            "toes and assholes with tongues like razors": 1, 
            "tongues like razors that cut when she": 1, 
            "took her straight to the bed what": 1, 
            "true there's nothing like a pretty hoe": 1, 
            "up and gimme some coolin' in a": 1, 
            "up in her so i got her": 1, 
            "up with the boys and feelin' all": 1, 
            "wanted to eat so, for me to": 1, 
            "was to run up in her so": 1, 
            "we don't have to take our clothes": 1, 
            "what she got on her knees and": 1, 
            "when i pull out my dick, biiiitch,": 1, 
            "when i saw this bitch who had": 1, 
            "when she licks ooh how can i": 1, 
            "white some niggeroes but i like the": 1, 
            "who had to be a winner and": 1, 
            "who suck toes and assholes with tongues": 1, 
            "winner and the only thing on my": 1, 
            "with a skinless dick ha ha ha": 1, 
            "with some sex on the beach then": 1, 
            "with the boys and feelin' all right": 1, 
            "with tongues like razors that cut when": 1, 
            "yeaaah and lickin' my b's we don't": 1, 
            "yeah but most head-hunters go out after": 1, 
            "yeah hot head hoes, some white some": 1, 
            "yeah when i saw this bitch who": 1, 
            "you better not spit ha ha ha": 1, 
            "you can do it any time you": 1, 
            "you can get it in the car,": 1, 
            "you don't have to beat it you": 1, 
            "you take pride in suckin' a good": 1, 
            "you with a skinless dick ha ha": 1, 
            "you'll fuck satan for the righteous dollar": 1, 
            "you're a dirt dobbler, a goop gobbler": 1
        }, 
        "8": {
            "": 936, 
            "'cause it's so convenient huh you can do": 1, 
            "a club on a saturday night gettin' fucked": 1, 
            "a dirt dobbler, a goop gobbler you'll fuck": 1, 
            "a good dick and after i nut, bitch,": 1, 
            "a goop gobbler you'll fuck satan for the": 1, 
            "a nut when i pull out my dick,": 1, 
            "a pretty hoe on her knees suckin' my": 1, 
            "a saturday night gettin' fucked up with the": 1, 
            "a skinless dick ha ha ha ha you": 1, 
            "a winner and the only thing on my": 1, 
            "after dark true there's nothing like a pretty": 1, 
            "after i nut, bitch, you better not spit": 1, 
            "all right yeah when i saw this bitch": 1, 
            "and after i nut, bitch, you better not": 1, 
            "and assholes with tongues like razors that cut": 1, 
            "and feelin' all right yeah when i saw": 1, 
            "and gave some good hot head yeah hot": 1, 
            "and gimme some coolin' in a club on": 1, 
            "and lickin' my b's we don't have to": 1, 
            "and she wanted to eat so, for me": 1, 
            "and the only thing on my mind was": 1, 
            "any time you don't have to beat it": 1, 
            "assholes with tongues like razors that cut when": 1, 
            "b's we don't have to take our clothes": 1, 
            "be a winner and the only thing on": 1, 
            "beach then the bitch got hot and she": 1, 
            "beat it you can get it in the": 1, 
            "bed what she got on her knees and": 1, 
            "better not spit ha ha ha ha you're": 1, 
            "biiiitch, pucker up and gimme some coolin' in": 1, 
            "bitch got hot and she wanted to eat": 1, 
            "bitch who had to be a winner and": 1, 
            "bitch, you better not spit ha ha ha": 1, 
            "boys and feelin' all right yeah when i": 1, 
            "bust a nut when i pull out my": 1, 
            "but i like the ones who suck toes": 1, 
            "but most head-hunters go out after dark true": 1, 
            "can do it any time you don't have": 1, 
            "can get it in the car, or even": 1, 
            "can i fuck you with a skinless dick": 1, 
            "car, or even in the park yeah but": 1, 
            "clothes off to bust a nut when i": 1, 
            "club on a saturday night gettin' fucked up": 1, 
            "convenient huh you can do it any time": 1, 
            "coolin' in a club on a saturday night": 1, 
            "cut when she licks ooh how can i": 1, 
            "d yeaaah and lickin' my b's we don't": 1, 
            "dark true there's nothing like a pretty hoe": 1, 
            "dick and after i nut, bitch, you better": 1, 
            "dick ha ha ha ha you take pride": 1, 
            "dick, biiiitch, pucker up and gimme some coolin'": 1, 
            "dirt dobbler, a goop gobbler you'll fuck satan": 1, 
            "do it any time you don't have to": 1, 
            "dobbler, a goop gobbler you'll fuck satan for": 1, 
            "dollar so gimme some gimme some": 1, 
            "don't have to beat it you can get": 1, 
            "don't have to take our clothes off to": 1, 
            "eat so, for me to get over, took": 1, 
            "even in the park yeah but most head-hunters": 1, 
            "feelin' all right yeah when i saw this": 1, 
            "for me to get over, took her straight": 1, 
            "for the righteous dollar so gimme some gimme": 1, 
            "fuck satan for the righteous dollar so gimme": 1, 
            "fuck you with a skinless dick ha ha": 1, 
            "fucked up with the boys and feelin' all": 1, 
            "gave some good hot head yeah hot head": 1, 
            "get it in the car, or even in": 1, 
            "get over, took her straight to the bed": 1, 
            "gettin' fucked up with the boys and feelin'": 1, 
            "getting head, 'cause it's so convenient huh you": 1, 
            "gimme some": 1, 
            "gimme some coolin' in a club on a": 1, 
            "gimme some gimme some": 1, 
            "go out after dark true there's nothing like": 1, 
            "gobbler you'll fuck satan for the righteous dollar": 1, 
            "good dick and after i nut, bitch, you": 1, 
            "good hot head yeah hot head hoes, some": 1, 
            "goop gobbler you'll fuck satan for the righteous": 1, 
            "got her kind of tipsy with some sex": 1, 
            "got hot and she wanted to eat so,": 1, 
            "got on her knees and gave some good": 1, 
            "ha ha ha ha you take pride in": 1, 
            "ha ha ha ha you're a dirt dobbler,": 1, 
            "ha ha ha you take pride in suckin'": 1, 
            "ha ha ha you're a dirt dobbler, a": 1, 
            "ha ha you take pride in suckin' a": 1, 
            "ha ha you're a dirt dobbler, a goop": 1, 
            "ha you take pride in suckin' a good": 1, 
            "ha you're a dirt dobbler, a goop gobbler": 1, 
            "had to be a winner and the only": 1, 
            "have to beat it you can get it": 1, 
            "have to take our clothes off to bust": 1, 
            "head hoes, some white some niggeroes but i": 1, 
            "head yeah hot head hoes, some white some": 1, 
            "head, 'cause it's so convenient huh you can": 1, 
            "head-hunters go out after dark true there's nothing": 1, 
            "her kind of tipsy with some sex on": 1, 
            "her knees and gave some good hot head": 1, 
            "her knees suckin' my d yeaaah and lickin'": 1, 
            "her so i got her kind of tipsy": 1, 
            "her straight to the bed what she got": 1, 
            "hoe on her knees suckin' my d yeaaah": 1, 
            "hoes, some white some niggeroes but i like": 1, 
            "hot and she wanted to eat so, for": 1, 
            "hot head hoes, some white some niggeroes but": 1, 
            "hot head yeah hot head hoes, some white": 1, 
            "how can i fuck you with a skinless": 1, 
            "huh you can do it any time you": 1, 
            "i fuck you with a skinless dick ha": 1, 
            "i got her kind of tipsy with some": 1, 
            "i like getting head, 'cause it's so convenient": 1, 
            "i like the ones who suck toes and": 1, 
            "i nut, bitch, you better not spit ha": 1, 
            "i pull out my dick, biiiitch, pucker up": 1, 
            "i saw this bitch who had to be": 1, 
            "in a club on a saturday night gettin'": 1, 
            "in her so i got her kind of": 1, 
            "in suckin' a good dick and after i": 1, 
            "in the car, or even in the park": 1, 
            "in the park yeah but most head-hunters go": 1, 
            "it any time you don't have to beat": 1, 
            "it in the car, or even in the": 1, 
            "it you can get it in the car,": 1, 
            "it's so convenient huh you can do it": 1, 
            "kind of tipsy with some sex on the": 1, 
            "knees and gave some good hot head yeah": 1, 
            "knees suckin' my d yeaaah and lickin' my": 1, 
            "lickin' my b's we don't have to take": 1, 
            "licks ooh how can i fuck you with": 1, 
            "like a pretty hoe on her knees suckin'": 1, 
            "like getting head, 'cause it's so convenient huh": 1, 
            "like razors that cut when she licks ooh": 1, 
            "like the ones who suck toes and assholes": 1, 
            "me to get over, took her straight to": 1, 
            "mind was to run up in her so": 1, 
            "most head-hunters go out after dark true there's": 1, 
            "my b's we don't have to take our": 1, 
            "my d yeaaah and lickin' my b's we": 1, 
            "my dick, biiiitch, pucker up and gimme some": 1, 
            "my mind was to run up in her": 1, 
            "niggeroes but i like the ones who suck": 1, 
            "night gettin' fucked up with the boys and": 1, 
            "not spit ha ha ha ha you're a": 1, 
            "nothing like a pretty hoe on her knees": 1, 
            "nut when i pull out my dick, biiiitch,": 1, 
            "nut, bitch, you better not spit ha ha": 1, 
            "of tipsy with some sex on the beach": 1, 
            "off to bust a nut when i pull": 1, 
            "on a saturday night gettin' fucked up with": 1, 
            "on her knees and gave some good hot": 1, 
            "on her knees suckin' my d yeaaah and": 1, 
            "on my mind was to run up in": 1, 
            "on the beach then the bitch got hot": 1, 
            "ones who suck toes and assholes with tongues": 1, 
            "only thing on my mind was to run": 1, 
            "ooh how can i fuck you with a": 1, 
            "or even in the park yeah but most": 1, 
            "our clothes off to bust a nut when": 1, 
            "out after dark true there's nothing like a": 1, 
            "out my dick, biiiitch, pucker up and gimme": 1, 
            "over, took her straight to the bed what": 1, 
            "park yeah but most head-hunters go out after": 1, 
            "pretty hoe on her knees suckin' my d": 1, 
            "pride in suckin' a good dick and after": 1, 
            "pucker up and gimme some coolin' in a": 1, 
            "pull out my dick, biiiitch, pucker up and": 1, 
            "razors that cut when she licks ooh how": 1, 
            "right yeah when i saw this bitch who": 1, 
            "righteous dollar so gimme some gimme some": 1, 
            "run up in her so i got her": 1, 
            "satan for the righteous dollar so gimme some": 1, 
            "saturday night gettin' fucked up with the boys": 1, 
            "saw this bitch who had to be a": 1, 
            "sex on the beach then the bitch got": 1, 
            "she got on her knees and gave some": 1, 
            "she licks ooh how can i fuck you": 1, 
            "she wanted to eat so, for me to": 1, 
            "skinless dick ha ha ha ha you take": 1, 
            "so convenient huh you can do it any": 1, 
            "so gimme some gimme some": 1, 
            "so i got her kind of tipsy with": 1, 
            "so, for me to get over, took her": 1, 
            "some": 1, 
            "some coolin' in a club on a saturday": 1, 
            "some gimme some": 1, 
            "some good hot head yeah hot head hoes,": 1, 
            "some niggeroes but i like the ones who": 1, 
            "some sex on the beach then the bitch": 1, 
            "some white some niggeroes but i like the": 1, 
            "spit ha ha ha ha you're a dirt": 1, 
            "straight to the bed what she got on": 1, 
            "suck toes and assholes with tongues like razors": 1, 
            "suckin' a good dick and after i nut,": 1, 
            "suckin' my d yeaaah and lickin' my b's": 1, 
            "take our clothes off to bust a nut": 1, 
            "take pride in suckin' a good dick and": 1, 
            "that cut when she licks ooh how can": 1, 
            "the beach then the bitch got hot and": 1, 
            "the bed what she got on her knees": 1, 
            "the bitch got hot and she wanted to": 1, 
            "the boys and feelin' all right yeah when": 1, 
            "the car, or even in the park yeah": 1, 
            "the ones who suck toes and assholes with": 1, 
            "the only thing on my mind was to": 1, 
            "the park yeah but most head-hunters go out": 1, 
            "the righteous dollar so gimme some gimme some": 1, 
            "then the bitch got hot and she wanted": 1, 
            "there's nothing like a pretty hoe on her": 1, 
            "thing on my mind was to run up": 1, 
            "this bitch who had to be a winner": 1, 
            "time you don't have to beat it you": 1, 
            "tipsy with some sex on the beach then": 1, 
            "to be a winner and the only thing": 1, 
            "to beat it you can get it in": 1, 
            "to bust a nut when i pull out": 1, 
            "to eat so, for me to get over,": 1, 
            "to get over, took her straight to the": 1, 
            "to run up in her so i got": 1, 
            "to take our clothes off to bust a": 1, 
            "to the bed what she got on her": 1, 
            "toes and assholes with tongues like razors that": 1, 
            "tongues like razors that cut when she licks": 1, 
            "took her straight to the bed what she": 1, 
            "true there's nothing like a pretty hoe on": 1, 
            "up and gimme some coolin' in a club": 1, 
            "up in her so i got her kind": 1, 
            "up with the boys and feelin' all right": 1, 
            "wanted to eat so, for me to get": 1, 
            "was to run up in her so i": 1, 
            "we don't have to take our clothes off": 1, 
            "what she got on her knees and gave": 1, 
            "when i pull out my dick, biiiitch, pucker": 1, 
            "when i saw this bitch who had to": 1, 
            "when she licks ooh how can i fuck": 1, 
            "white some niggeroes but i like the ones": 1, 
            "who had to be a winner and the": 1, 
            "who suck toes and assholes with tongues like": 1, 
            "winner and the only thing on my mind": 1, 
            "with a skinless dick ha ha ha ha": 1, 
            "with some sex on the beach then the": 1, 
            "with the boys and feelin' all right yeah": 1, 
            "with tongues like razors that cut when she": 1, 
            "yeaaah and lickin' my b's we don't have": 1, 
            "yeah but most head-hunters go out after dark": 1, 
            "yeah hot head hoes, some white some niggeroes": 1, 
            "yeah when i saw this bitch who had": 1, 
            "you better not spit ha ha ha ha": 1, 
            "you can do it any time you don't": 1, 
            "you can get it in the car, or": 1, 
            "you don't have to beat it you can": 1, 
            "you take pride in suckin' a good dick": 1, 
            "you with a skinless dick ha ha ha": 1, 
            "you'll fuck satan for the righteous dollar so": 1, 
            "you're a dirt dobbler, a goop gobbler you'll": 1
        }
    }, 
    "song_title": "Some Hot Head", 
    "total_words": [
        254, 
        {
            "'cause": 1, 
            "a": 9, 
            "after": 2, 
            "all": 1, 
            "and": 8, 
            "any": 1, 
            "assholes": 1, 
            "b's": 1, 
            "be": 1, 
            "beach": 1, 
            "beat": 1, 
            "bed": 1, 
            "better": 1, 
            "biiiitch,": 1, 
            "bitch": 2, 
            "bitch,": 1, 
            "boys": 1, 
            "bust": 1, 
            "but": 2, 
            "can": 3, 
            "car,": 1, 
            "clothes": 1, 
            "club": 1, 
            "convenient": 1, 
            "coolin'": 1, 
            "cut": 1, 
            "d": 1, 
            "dark": 1, 
            "dick": 2, 
            "dick,": 1, 
            "dirt": 1, 
            "do": 1, 
            "dobbler,": 1, 
            "dollar": 1, 
            "don't": 2, 
            "eat": 1, 
            "even": 1, 
            "feelin'": 1, 
            "for": 2, 
            "fuck": 2, 
            "fucked": 1, 
            "gave": 1, 
            "get": 2, 
            "gettin'": 1, 
            "getting": 1, 
            "gimme": 3, 
            "go": 1, 
            "gobbler": 1, 
            "good": 2, 
            "goop": 1, 
            "got": 3, 
            "ha": 8, 
            "had": 1, 
            "have": 2, 
            "head": 2, 
            "head,": 1, 
            "head-hunters": 1, 
            "her": 5, 
            "hoe": 1, 
            "hoes,": 1, 
            "hot": 3, 
            "how": 1, 
            "huh": 1, 
            "i": 7, 
            "in": 5, 
            "it": 3, 
            "it's": 1, 
            "kind": 1, 
            "knees": 2, 
            "lickin'": 1, 
            "licks": 1, 
            "like": 4, 
            "me": 1, 
            "mind": 1, 
            "most": 1, 
            "my": 4, 
            "niggeroes": 1, 
            "night": 1, 
            "not": 1, 
            "nothing": 1, 
            "nut": 1, 
            "nut,": 1, 
            "of": 1, 
            "off": 1, 
            "on": 5, 
            "ones": 1, 
            "only": 1, 
            "ooh": 1, 
            "or": 1, 
            "our": 1, 
            "out": 2, 
            "over,": 1, 
            "park": 1, 
            "pretty": 1, 
            "pride": 1, 
            "pucker": 1, 
            "pull": 1, 
            "razors": 1, 
            "right": 1, 
            "righteous": 1, 
            "run": 1, 
            "satan": 1, 
            "saturday": 1, 
            "saw": 1, 
            "sex": 1, 
            "she": 3, 
            "skinless": 1, 
            "so": 3, 
            "so,": 1, 
            "some": 7, 
            "spit": 1, 
            "straight": 1, 
            "suck": 1, 
            "suckin'": 2, 
            "take": 2, 
            "that": 1, 
            "the": 9, 
            "then": 1, 
            "there's": 1, 
            "thing": 1, 
            "this": 1, 
            "time": 1, 
            "tipsy": 1, 
            "to": 8, 
            "toes": 1, 
            "tongues": 1, 
            "took": 1, 
            "true": 1, 
            "up": 3, 
            "wanted": 1, 
            "was": 1, 
            "we": 1, 
            "what": 1, 
            "when": 3, 
            "white": 1, 
            "who": 2, 
            "winner": 1, 
            "with": 4, 
            "yeaaah": 1, 
            "yeah": 3, 
            "you": 6, 
            "you'll": 1, 
            "you're": 1
        }
    ], 
    "unique_words": [
        143, 
        [
            "all", 
            "suckin'", 
            "don't", 
            "assholes", 
            "go", 
            "razors", 
            "cut", 
            "with", 
            "dick", 
            "had", 
            "bust", 
            "better", 
            "to", 
            "only", 
            "satan", 
            "pretty", 
            "pride", 
            "gave", 
            "do", 
            "good", 
            "get", 
            "beat", 
            "dollar", 
            "hoes,", 
            "ones", 
            "bitch", 
            "goop", 
            "not", 
            "d", 
            "dick,", 
            "like", 
            "gimme", 
            "she", 
            "night", 
            "clothes", 
            "dobbler,", 
            "right", 
            "head-hunters", 
            "nut", 
            "some", 
            "yeah", 
            "sex", 
            "car,", 
            "our", 
            "saturday", 
            "out", 
            "even", 
            "knees", 
            "what", 
            "for", 
            "gettin'", 
            "there's", 
            "biiiitch,", 
            "it", 
            "got", 
            "be", 
            "we", 
            "toes", 
            "run", 
            "dirt", 
            "niggeroes", 
            "licks", 
            "wanted", 
            "after", 
            "on", 
            "getting", 
            "of", 
            "thing", 
            "or", 
            "tongues", 
            "winner", 
            "nothing", 
            "lickin'", 
            "bitch,", 
            "you're", 
            "her", 
            "it's", 
            "white", 
            "feelin'", 
            "was", 
            "head", 
            "spit", 
            "that", 
            "club", 
            "skinless", 
            "park", 
            "took", 
            "but", 
            "yeaaah", 
            "boys", 
            "ha", 
            "true", 
            "eat", 
            "me", 
            "pull", 
            "kind", 
            "righteous", 
            "this", 
            "straight", 
            "up", 
            "bed", 
            "coolin'", 
            "can", 
            "gobbler", 
            "head,", 
            "my", 
            "and", 
            "over,", 
            "then", 
            "mind", 
            "fuck", 
            "have", 
            "in", 
            "saw", 
            "any", 
            "so,", 
            "hoe", 
            "convenient", 
            "when", 
            "how", 
            "hot", 
            "b's", 
            "take", 
            "you", 
            "beach", 
            "tipsy", 
            "huh", 
            "who", 
            "ooh", 
            "most", 
            "'cause", 
            "fucked", 
            "suck", 
            "a", 
            "dark", 
            "off", 
            "i", 
            "pucker", 
            "you'll", 
            "nut,", 
            "so", 
            "time", 
            "the"
        ]
    ], 
    "year": 1991
}