{
    "album": "Hello Nasty", 
    "artist": "Beastie Boys", 
    "lyrics": "Once again I'm all wrapped up in me\nMy best friend's my own worst enemy\nElectricity and gravity\n\nOh my God now take a look at me\nMy life line's run by AT&T\nThey got their wires all up in me\nIs push and pull the way it's got to be\n\nOnce again I'm all wrapped up in me and me\n", 
    "ngrams": {
        "2": {
            "": 211, 
            "a look": 1, 
            "again i'm": 2, 
            "all up": 1, 
            "all wrapped": 2, 
            "and gravity": 1, 
            "and me": 1, 
            "and pull": 1, 
            "at me": 1, 
            "at&t they": 1, 
            "be once": 1, 
            "best friend's": 1, 
            "by at&t": 1, 
            "electricity and": 1, 
            "enemy electricity": 1, 
            "friend's my": 1, 
            "god now": 1, 
            "got their": 1, 
            "got to": 1, 
            "gravity oh": 1, 
            "i'm all": 2, 
            "in me": 3, 
            "is push": 1, 
            "it's got": 1, 
            "life line's": 1, 
            "line's run": 1, 
            "look at": 1, 
            "me": 1, 
            "me and": 1, 
            "me is": 1, 
            "me my": 2, 
            "my best": 1, 
            "my god": 1, 
            "my life": 1, 
            "my own": 1, 
            "now take": 1, 
            "oh my": 1, 
            "once again": 2, 
            "own worst": 1, 
            "pull the": 1, 
            "push and": 1, 
            "run by": 1, 
            "take a": 1, 
            "the way": 1, 
            "their wires": 1, 
            "they got": 1, 
            "to be": 1, 
            "up in": 3, 
            "way it's": 1, 
            "wires all": 1, 
            "worst enemy": 1, 
            "wrapped up": 2
        }, 
        "3": {
            "": 210, 
            "a look at": 1, 
            "again i'm all": 2, 
            "all up in": 1, 
            "all wrapped up": 2, 
            "and gravity oh": 1, 
            "and me": 1, 
            "and pull the": 1, 
            "at me my": 1, 
            "at&t they got": 1, 
            "be once again": 1, 
            "best friend's my": 1, 
            "by at&t they": 1, 
            "electricity and gravity": 1, 
            "enemy electricity and": 1, 
            "friend's my own": 1, 
            "god now take": 1, 
            "got their wires": 1, 
            "got to be": 1, 
            "gravity oh my": 1, 
            "i'm all wrapped": 2, 
            "in me and": 1, 
            "in me is": 1, 
            "in me my": 1, 
            "is push and": 1, 
            "it's got to": 1, 
            "life line's run": 1, 
            "line's run by": 1, 
            "look at me": 1, 
            "me": 1, 
            "me and me": 1, 
            "me is push": 1, 
            "me my best": 1, 
            "me my life": 1, 
            "my best friend's": 1, 
            "my god now": 1, 
            "my life line's": 1, 
            "my own worst": 1, 
            "now take a": 1, 
            "oh my god": 1, 
            "once again i'm": 2, 
            "own worst enemy": 1, 
            "pull the way": 1, 
            "push and pull": 1, 
            "run by at&t": 1, 
            "take a look": 1, 
            "the way it's": 1, 
            "their wires all": 1, 
            "they got their": 1, 
            "to be once": 1, 
            "up in me": 3, 
            "way it's got": 1, 
            "wires all up": 1, 
            "worst enemy electricity": 1, 
            "wrapped up in": 2
        }, 
        "4": {
            "": 209, 
            "a look at me": 1, 
            "again i'm all wrapped": 2, 
            "all up in me": 1, 
            "all wrapped up in": 2, 
            "and gravity oh my": 1, 
            "and me": 1, 
            "and pull the way": 1, 
            "at me my life": 1, 
            "at&t they got their": 1, 
            "be once again i'm": 1, 
            "best friend's my own": 1, 
            "by at&t they got": 1, 
            "electricity and gravity oh": 1, 
            "enemy electricity and gravity": 1, 
            "friend's my own worst": 1, 
            "god now take a": 1, 
            "got their wires all": 1, 
            "got to be once": 1, 
            "gravity oh my god": 1, 
            "i'm all wrapped up": 2, 
            "in me and me": 1, 
            "in me is push": 1, 
            "in me my best": 1, 
            "is push and pull": 1, 
            "it's got to be": 1, 
            "life line's run by": 1, 
            "line's run by at&t": 1, 
            "look at me my": 1, 
            "me": 1, 
            "me and me": 1, 
            "me is push and": 1, 
            "me my best friend's": 1, 
            "me my life line's": 1, 
            "my best friend's my": 1, 
            "my god now take": 1, 
            "my life line's run": 1, 
            "my own worst enemy": 1, 
            "now take a look": 1, 
            "oh my god now": 1, 
            "once again i'm all": 2, 
            "own worst enemy electricity": 1, 
            "pull the way it's": 1, 
            "push and pull the": 1, 
            "run by at&t they": 1, 
            "take a look at": 1, 
            "the way it's got": 1, 
            "their wires all up": 1, 
            "they got their wires": 1, 
            "to be once again": 1, 
            "up in me and": 1, 
            "up in me is": 1, 
            "up in me my": 1, 
            "way it's got to": 1, 
            "wires all up in": 1, 
            "worst enemy electricity and": 1, 
            "wrapped up in me": 2
        }, 
        "5": {
            "": 208, 
            "a look at me my": 1, 
            "again i'm all wrapped up": 2, 
            "all up in me is": 1, 
            "all wrapped up in me": 2, 
            "and gravity oh my god": 1, 
            "and me": 1, 
            "and pull the way it's": 1, 
            "at me my life line's": 1, 
            "at&t they got their wires": 1, 
            "be once again i'm all": 1, 
            "best friend's my own worst": 1, 
            "by at&t they got their": 1, 
            "electricity and gravity oh my": 1, 
            "enemy electricity and gravity oh": 1, 
            "friend's my own worst enemy": 1, 
            "god now take a look": 1, 
            "got their wires all up": 1, 
            "got to be once again": 1, 
            "gravity oh my god now": 1, 
            "i'm all wrapped up in": 2, 
            "in me and me": 1, 
            "in me is push and": 1, 
            "in me my best friend's": 1, 
            "is push and pull the": 1, 
            "it's got to be once": 1, 
            "life line's run by at&t": 1, 
            "line's run by at&t they": 1, 
            "look at me my life": 1, 
            "me": 1, 
            "me and me": 1, 
            "me is push and pull": 1, 
            "me my best friend's my": 1, 
            "me my life line's run": 1, 
            "my best friend's my own": 1, 
            "my god now take a": 1, 
            "my life line's run by": 1, 
            "my own worst enemy electricity": 1, 
            "now take a look at": 1, 
            "oh my god now take": 1, 
            "once again i'm all wrapped": 2, 
            "own worst enemy electricity and": 1, 
            "pull the way it's got": 1, 
            "push and pull the way": 1, 
            "run by at&t they got": 1, 
            "take a look at me": 1, 
            "the way it's got to": 1, 
            "their wires all up in": 1, 
            "they got their wires all": 1, 
            "to be once again i'm": 1, 
            "up in me and me": 1, 
            "up in me is push": 1, 
            "up in me my best": 1, 
            "way it's got to be": 1, 
            "wires all up in me": 1, 
            "worst enemy electricity and gravity": 1, 
            "wrapped up in me and": 1, 
            "wrapped up in me my": 1
        }, 
        "6": {
            "": 207, 
            "a look at me my life": 1, 
            "again i'm all wrapped up in": 2, 
            "all up in me is push": 1, 
            "all wrapped up in me and": 1, 
            "all wrapped up in me my": 1, 
            "and gravity oh my god now": 1, 
            "and me": 1, 
            "and pull the way it's got": 1, 
            "at me my life line's run": 1, 
            "at&t they got their wires all": 1, 
            "be once again i'm all wrapped": 1, 
            "best friend's my own worst enemy": 1, 
            "by at&t they got their wires": 1, 
            "electricity and gravity oh my god": 1, 
            "enemy electricity and gravity oh my": 1, 
            "friend's my own worst enemy electricity": 1, 
            "god now take a look at": 1, 
            "got their wires all up in": 1, 
            "got to be once again i'm": 1, 
            "gravity oh my god now take": 1, 
            "i'm all wrapped up in me": 2, 
            "in me and me": 1, 
            "in me is push and pull": 1, 
            "in me my best friend's my": 1, 
            "is push and pull the way": 1, 
            "it's got to be once again": 1, 
            "life line's run by at&t they": 1, 
            "line's run by at&t they got": 1, 
            "look at me my life line's": 1, 
            "me": 1, 
            "me and me": 1, 
            "me is push and pull the": 1, 
            "me my best friend's my own": 1, 
            "me my life line's run by": 1, 
            "my best friend's my own worst": 1, 
            "my god now take a look": 1, 
            "my life line's run by at&t": 1, 
            "my own worst enemy electricity and": 1, 
            "now take a look at me": 1, 
            "oh my god now take a": 1, 
            "once again i'm all wrapped up": 2, 
            "own worst enemy electricity and gravity": 1, 
            "pull the way it's got to": 1, 
            "push and pull the way it's": 1, 
            "run by at&t they got their": 1, 
            "take a look at me my": 1, 
            "the way it's got to be": 1, 
            "their wires all up in me": 1, 
            "they got their wires all up": 1, 
            "to be once again i'm all": 1, 
            "up in me and me": 1, 
            "up in me is push and": 1, 
            "up in me my best friend's": 1, 
            "way it's got to be once": 1, 
            "wires all up in me is": 1, 
            "worst enemy electricity and gravity oh": 1, 
            "wrapped up in me and me": 1, 
            "wrapped up in me my best": 1
        }, 
        "7": {
            "": 206, 
            "a look at me my life line's": 1, 
            "again i'm all wrapped up in me": 2, 
            "all up in me is push and": 1, 
            "all wrapped up in me and me": 1, 
            "all wrapped up in me my best": 1, 
            "and gravity oh my god now take": 1, 
            "and me": 1, 
            "and pull the way it's got to": 1, 
            "at me my life line's run by": 1, 
            "at&t they got their wires all up": 1, 
            "be once again i'm all wrapped up": 1, 
            "best friend's my own worst enemy electricity": 1, 
            "by at&t they got their wires all": 1, 
            "electricity and gravity oh my god now": 1, 
            "enemy electricity and gravity oh my god": 1, 
            "friend's my own worst enemy electricity and": 1, 
            "god now take a look at me": 1, 
            "got their wires all up in me": 1, 
            "got to be once again i'm all": 1, 
            "gravity oh my god now take a": 1, 
            "i'm all wrapped up in me and": 1, 
            "i'm all wrapped up in me my": 1, 
            "in me and me": 1, 
            "in me is push and pull the": 1, 
            "in me my best friend's my own": 1, 
            "is push and pull the way it's": 1, 
            "it's got to be once again i'm": 1, 
            "life line's run by at&t they got": 1, 
            "line's run by at&t they got their": 1, 
            "look at me my life line's run": 1, 
            "me": 1, 
            "me and me": 1, 
            "me is push and pull the way": 1, 
            "me my best friend's my own worst": 1, 
            "me my life line's run by at&t": 1, 
            "my best friend's my own worst enemy": 1, 
            "my god now take a look at": 1, 
            "my life line's run by at&t they": 1, 
            "my own worst enemy electricity and gravity": 1, 
            "now take a look at me my": 1, 
            "oh my god now take a look": 1, 
            "once again i'm all wrapped up in": 2, 
            "own worst enemy electricity and gravity oh": 1, 
            "pull the way it's got to be": 1, 
            "push and pull the way it's got": 1, 
            "run by at&t they got their wires": 1, 
            "take a look at me my life": 1, 
            "the way it's got to be once": 1, 
            "their wires all up in me is": 1, 
            "they got their wires all up in": 1, 
            "to be once again i'm all wrapped": 1, 
            "up in me and me": 1, 
            "up in me is push and pull": 1, 
            "up in me my best friend's my": 1, 
            "way it's got to be once again": 1, 
            "wires all up in me is push": 1, 
            "worst enemy electricity and gravity oh my": 1, 
            "wrapped up in me and me": 1, 
            "wrapped up in me my best friend's": 1
        }, 
        "8": {
            "": 205, 
            "a look at me my life line's run": 1, 
            "again i'm all wrapped up in me and": 1, 
            "again i'm all wrapped up in me my": 1, 
            "all up in me is push and pull": 1, 
            "all wrapped up in me and me": 1, 
            "all wrapped up in me my best friend's": 1, 
            "and gravity oh my god now take a": 1, 
            "and me": 1, 
            "and pull the way it's got to be": 1, 
            "at me my life line's run by at&t": 1, 
            "at&t they got their wires all up in": 1, 
            "be once again i'm all wrapped up in": 1, 
            "best friend's my own worst enemy electricity and": 1, 
            "by at&t they got their wires all up": 1, 
            "electricity and gravity oh my god now take": 1, 
            "enemy electricity and gravity oh my god now": 1, 
            "friend's my own worst enemy electricity and gravity": 1, 
            "god now take a look at me my": 1, 
            "got their wires all up in me is": 1, 
            "got to be once again i'm all wrapped": 1, 
            "gravity oh my god now take a look": 1, 
            "i'm all wrapped up in me and me": 1, 
            "i'm all wrapped up in me my best": 1, 
            "in me and me": 1, 
            "in me is push and pull the way": 1, 
            "in me my best friend's my own worst": 1, 
            "is push and pull the way it's got": 1, 
            "it's got to be once again i'm all": 1, 
            "life line's run by at&t they got their": 1, 
            "line's run by at&t they got their wires": 1, 
            "look at me my life line's run by": 1, 
            "me": 1, 
            "me and me": 1, 
            "me is push and pull the way it's": 1, 
            "me my best friend's my own worst enemy": 1, 
            "me my life line's run by at&t they": 1, 
            "my best friend's my own worst enemy electricity": 1, 
            "my god now take a look at me": 1, 
            "my life line's run by at&t they got": 1, 
            "my own worst enemy electricity and gravity oh": 1, 
            "now take a look at me my life": 1, 
            "oh my god now take a look at": 1, 
            "once again i'm all wrapped up in me": 2, 
            "own worst enemy electricity and gravity oh my": 1, 
            "pull the way it's got to be once": 1, 
            "push and pull the way it's got to": 1, 
            "run by at&t they got their wires all": 1, 
            "take a look at me my life line's": 1, 
            "the way it's got to be once again": 1, 
            "their wires all up in me is push": 1, 
            "they got their wires all up in me": 1, 
            "to be once again i'm all wrapped up": 1, 
            "up in me and me": 1, 
            "up in me is push and pull the": 1, 
            "up in me my best friend's my own": 1, 
            "way it's got to be once again i'm": 1, 
            "wires all up in me is push and": 1, 
            "worst enemy electricity and gravity oh my god": 1, 
            "wrapped up in me and me": 1, 
            "wrapped up in me my best friend's my": 1
        }
    }, 
    "song_title": "And Me", 
    "total_words": [
        61, 
        {
            "a": 1, 
            "again": 2, 
            "all": 3, 
            "and": 3, 
            "at": 1, 
            "at&t": 1, 
            "be": 1, 
            "best": 1, 
            "by": 1, 
            "electricity": 1, 
            "enemy": 1, 
            "friend's": 1, 
            "god": 1, 
            "got": 2, 
            "gravity": 1, 
            "i'm": 2, 
            "in": 3, 
            "is": 1, 
            "it's": 1, 
            "life": 1, 
            "line's": 1, 
            "look": 1, 
            "me": 5, 
            "my": 4, 
            "now": 1, 
            "oh": 1, 
            "once": 2, 
            "own": 1, 
            "pull": 1, 
            "push": 1, 
            "run": 1, 
            "take": 1, 
            "the": 1, 
            "their": 1, 
            "they": 1, 
            "to": 1, 
            "up": 3, 
            "way": 1, 
            "wires": 1, 
            "worst": 1, 
            "wrapped": 2
        }
    ], 
    "unique_words": [
        41, 
        [
            "and", 
            "the", 
            "all", 
            "own", 
            "is", 
            "line's", 
            "at", 
            "friend's", 
            "in", 
            "best", 
            "again", 
            "to", 
            "electricity", 
            "god", 
            "gravity", 
            "their", 
            "take", 
            "way", 
            "wrapped", 
            "got", 
            "be", 
            "life", 
            "wires", 
            "run", 
            "pull", 
            "me", 
            "worst", 
            "they", 
            "at&t", 
            "now", 
            "by", 
            "a", 
            "enemy", 
            "look", 
            "oh", 
            "up", 
            "it's", 
            "push", 
            "i'm", 
            "my", 
            "once"
        ]
    ], 
    "year": 1998
}