{
    "album": "Hello Nasty", 
    "artist": "Beastie Boys", 
    "lyrics": "I want to take this minute to introduce you to my people\nThis one is for Sao Paulo\nThis one's for Bay-town\nTo Sac-town, the whole bay area and all galaxies\nBangkok\nThis goes out to, to Albee Square Mall\nThis one's for Ondo\nBombay, Espana\nUpper Tasmania, Scandinavia\nTo all the people in the Dead Sea\nThis one's for Newcastle, where venom come from?\nKyoto\nThis one's for Gloucester, Massachusetts\nNew Dehli, Italia, Beijing\nThe Takei brothers\nCairo, Miami, Xenom\n14th Street\n", 
    "ngrams": {
        "2": {
            "": 388, 
            "14th street": 1, 
            "albee square": 1, 
            "all galaxies": 1, 
            "all the": 1, 
            "and all": 1, 
            "area and": 1, 
            "bangkok this": 1, 
            "bay area": 1, 
            "bay-town to": 1, 
            "beijing the": 1, 
            "bombay, espana": 1, 
            "brothers cairo,": 1, 
            "cairo, miami,": 1, 
            "come from": 1, 
            "dead sea": 1, 
            "dehli, italia,": 1, 
            "espana upper": 1, 
            "for bay-town": 1, 
            "for gloucester,": 1, 
            "for newcastle,": 1, 
            "for ondo": 1, 
            "for sao": 1, 
            "from kyoto": 1, 
            "galaxies bangkok": 1, 
            "gloucester, massachusetts": 1, 
            "goes out": 1, 
            "i want": 1, 
            "in the": 1, 
            "introduce you": 1, 
            "is for": 1, 
            "italia, beijing": 1, 
            "kyoto this": 1, 
            "mall this": 1, 
            "massachusetts new": 1, 
            "miami, xenom": 1, 
            "minute to": 1, 
            "my people": 1, 
            "new dehli,": 1, 
            "newcastle, where": 1, 
            "ondo bombay,": 1, 
            "one is": 1, 
            "one's for": 4, 
            "out to,": 1, 
            "paulo this": 1, 
            "people in": 1, 
            "people this": 1, 
            "sac-town, the": 1, 
            "sao paulo": 1, 
            "scandinavia to": 1, 
            "sea this": 1, 
            "square mall": 1, 
            "street": 1, 
            "take this": 1, 
            "takei brothers": 1, 
            "tasmania, scandinavia": 1, 
            "the dead": 1, 
            "the people": 1, 
            "the takei": 1, 
            "the whole": 1, 
            "this goes": 1, 
            "this minute": 1, 
            "this one": 1, 
            "this one's": 4, 
            "to albee": 1, 
            "to all": 1, 
            "to introduce": 1, 
            "to my": 1, 
            "to sac-town,": 1, 
            "to take": 1, 
            "to, to": 1, 
            "upper tasmania,": 1, 
            "venom come": 1, 
            "want to": 1, 
            "where venom": 1, 
            "whole bay": 1, 
            "xenom 14th": 1, 
            "you to": 1
        }, 
        "3": {
            "": 387, 
            "14th street": 1, 
            "albee square mall": 1, 
            "all galaxies bangkok": 1, 
            "all the people": 1, 
            "and all galaxies": 1, 
            "area and all": 1, 
            "bangkok this goes": 1, 
            "bay area and": 1, 
            "bay-town to sac-town,": 1, 
            "beijing the takei": 1, 
            "bombay, espana upper": 1, 
            "brothers cairo, miami,": 1, 
            "cairo, miami, xenom": 1, 
            "come from kyoto": 1, 
            "dead sea this": 1, 
            "dehli, italia, beijing": 1, 
            "espana upper tasmania,": 1, 
            "for bay-town to": 1, 
            "for gloucester, massachusetts": 1, 
            "for newcastle, where": 1, 
            "for ondo bombay,": 1, 
            "for sao paulo": 1, 
            "from kyoto this": 1, 
            "galaxies bangkok this": 1, 
            "gloucester, massachusetts new": 1, 
            "goes out to,": 1, 
            "i want to": 1, 
            "in the dead": 1, 
            "introduce you to": 1, 
            "is for sao": 1, 
            "italia, beijing the": 1, 
            "kyoto this one's": 1, 
            "mall this one's": 1, 
            "massachusetts new dehli,": 1, 
            "miami, xenom 14th": 1, 
            "minute to introduce": 1, 
            "my people this": 1, 
            "new dehli, italia,": 1, 
            "newcastle, where venom": 1, 
            "ondo bombay, espana": 1, 
            "one is for": 1, 
            "one's for bay-town": 1, 
            "one's for gloucester,": 1, 
            "one's for newcastle,": 1, 
            "one's for ondo": 1, 
            "out to, to": 1, 
            "paulo this one's": 1, 
            "people in the": 1, 
            "people this one": 1, 
            "sac-town, the whole": 1, 
            "sao paulo this": 1, 
            "scandinavia to all": 1, 
            "sea this one's": 1, 
            "square mall this": 1, 
            "street": 1, 
            "take this minute": 1, 
            "takei brothers cairo,": 1, 
            "tasmania, scandinavia to": 1, 
            "the dead sea": 1, 
            "the people in": 1, 
            "the takei brothers": 1, 
            "the whole bay": 1, 
            "this goes out": 1, 
            "this minute to": 1, 
            "this one is": 1, 
            "this one's for": 4, 
            "to albee square": 1, 
            "to all the": 1, 
            "to introduce you": 1, 
            "to my people": 1, 
            "to sac-town, the": 1, 
            "to take this": 1, 
            "to, to albee": 1, 
            "upper tasmania, scandinavia": 1, 
            "venom come from": 1, 
            "want to take": 1, 
            "where venom come": 1, 
            "whole bay area": 1, 
            "xenom 14th street": 1, 
            "you to my": 1
        }, 
        "4": {
            "": 386, 
            "14th street": 1, 
            "albee square mall this": 1, 
            "all galaxies bangkok this": 1, 
            "all the people in": 1, 
            "and all galaxies bangkok": 1, 
            "area and all galaxies": 1, 
            "bangkok this goes out": 1, 
            "bay area and all": 1, 
            "bay-town to sac-town, the": 1, 
            "beijing the takei brothers": 1, 
            "bombay, espana upper tasmania,": 1, 
            "brothers cairo, miami, xenom": 1, 
            "cairo, miami, xenom 14th": 1, 
            "come from kyoto this": 1, 
            "dead sea this one's": 1, 
            "dehli, italia, beijing the": 1, 
            "espana upper tasmania, scandinavia": 1, 
            "for bay-town to sac-town,": 1, 
            "for gloucester, massachusetts new": 1, 
            "for newcastle, where venom": 1, 
            "for ondo bombay, espana": 1, 
            "for sao paulo this": 1, 
            "from kyoto this one's": 1, 
            "galaxies bangkok this goes": 1, 
            "gloucester, massachusetts new dehli,": 1, 
            "goes out to, to": 1, 
            "i want to take": 1, 
            "in the dead sea": 1, 
            "introduce you to my": 1, 
            "is for sao paulo": 1, 
            "italia, beijing the takei": 1, 
            "kyoto this one's for": 1, 
            "mall this one's for": 1, 
            "massachusetts new dehli, italia,": 1, 
            "miami, xenom 14th street": 1, 
            "minute to introduce you": 1, 
            "my people this one": 1, 
            "new dehli, italia, beijing": 1, 
            "newcastle, where venom come": 1, 
            "ondo bombay, espana upper": 1, 
            "one is for sao": 1, 
            "one's for bay-town to": 1, 
            "one's for gloucester, massachusetts": 1, 
            "one's for newcastle, where": 1, 
            "one's for ondo bombay,": 1, 
            "out to, to albee": 1, 
            "paulo this one's for": 1, 
            "people in the dead": 1, 
            "people this one is": 1, 
            "sac-town, the whole bay": 1, 
            "sao paulo this one's": 1, 
            "scandinavia to all the": 1, 
            "sea this one's for": 1, 
            "square mall this one's": 1, 
            "street": 1, 
            "take this minute to": 1, 
            "takei brothers cairo, miami,": 1, 
            "tasmania, scandinavia to all": 1, 
            "the dead sea this": 1, 
            "the people in the": 1, 
            "the takei brothers cairo,": 1, 
            "the whole bay area": 1, 
            "this goes out to,": 1, 
            "this minute to introduce": 1, 
            "this one is for": 1, 
            "this one's for bay-town": 1, 
            "this one's for gloucester,": 1, 
            "this one's for newcastle,": 1, 
            "this one's for ondo": 1, 
            "to albee square mall": 1, 
            "to all the people": 1, 
            "to introduce you to": 1, 
            "to my people this": 1, 
            "to sac-town, the whole": 1, 
            "to take this minute": 1, 
            "to, to albee square": 1, 
            "upper tasmania, scandinavia to": 1, 
            "venom come from kyoto": 1, 
            "want to take this": 1, 
            "where venom come from": 1, 
            "whole bay area and": 1, 
            "xenom 14th street": 1, 
            "you to my people": 1
        }, 
        "5": {
            "": 385, 
            "14th street": 1, 
            "albee square mall this one's": 1, 
            "all galaxies bangkok this goes": 1, 
            "all the people in the": 1, 
            "and all galaxies bangkok this": 1, 
            "area and all galaxies bangkok": 1, 
            "bangkok this goes out to,": 1, 
            "bay area and all galaxies": 1, 
            "bay-town to sac-town, the whole": 1, 
            "beijing the takei brothers cairo,": 1, 
            "bombay, espana upper tasmania, scandinavia": 1, 
            "brothers cairo, miami, xenom 14th": 1, 
            "cairo, miami, xenom 14th street": 1, 
            "come from kyoto this one's": 1, 
            "dead sea this one's for": 1, 
            "dehli, italia, beijing the takei": 1, 
            "espana upper tasmania, scandinavia to": 1, 
            "for bay-town to sac-town, the": 1, 
            "for gloucester, massachusetts new dehli,": 1, 
            "for newcastle, where venom come": 1, 
            "for ondo bombay, espana upper": 1, 
            "for sao paulo this one's": 1, 
            "from kyoto this one's for": 1, 
            "galaxies bangkok this goes out": 1, 
            "gloucester, massachusetts new dehli, italia,": 1, 
            "goes out to, to albee": 1, 
            "i want to take this": 1, 
            "in the dead sea this": 1, 
            "introduce you to my people": 1, 
            "is for sao paulo this": 1, 
            "italia, beijing the takei brothers": 1, 
            "kyoto this one's for gloucester,": 1, 
            "mall this one's for ondo": 1, 
            "massachusetts new dehli, italia, beijing": 1, 
            "miami, xenom 14th street": 1, 
            "minute to introduce you to": 1, 
            "my people this one is": 1, 
            "new dehli, italia, beijing the": 1, 
            "newcastle, where venom come from": 1, 
            "ondo bombay, espana upper tasmania,": 1, 
            "one is for sao paulo": 1, 
            "one's for bay-town to sac-town,": 1, 
            "one's for gloucester, massachusetts new": 1, 
            "one's for newcastle, where venom": 1, 
            "one's for ondo bombay, espana": 1, 
            "out to, to albee square": 1, 
            "paulo this one's for bay-town": 1, 
            "people in the dead sea": 1, 
            "people this one is for": 1, 
            "sac-town, the whole bay area": 1, 
            "sao paulo this one's for": 1, 
            "scandinavia to all the people": 1, 
            "sea this one's for newcastle,": 1, 
            "square mall this one's for": 1, 
            "street": 1, 
            "take this minute to introduce": 1, 
            "takei brothers cairo, miami, xenom": 1, 
            "tasmania, scandinavia to all the": 1, 
            "the dead sea this one's": 1, 
            "the people in the dead": 1, 
            "the takei brothers cairo, miami,": 1, 
            "the whole bay area and": 1, 
            "this goes out to, to": 1, 
            "this minute to introduce you": 1, 
            "this one is for sao": 1, 
            "this one's for bay-town to": 1, 
            "this one's for gloucester, massachusetts": 1, 
            "this one's for newcastle, where": 1, 
            "this one's for ondo bombay,": 1, 
            "to albee square mall this": 1, 
            "to all the people in": 1, 
            "to introduce you to my": 1, 
            "to my people this one": 1, 
            "to sac-town, the whole bay": 1, 
            "to take this minute to": 1, 
            "to, to albee square mall": 1, 
            "upper tasmania, scandinavia to all": 1, 
            "venom come from kyoto this": 1, 
            "want to take this minute": 1, 
            "where venom come from kyoto": 1, 
            "whole bay area and all": 1, 
            "xenom 14th street": 1, 
            "you to my people this": 1
        }, 
        "6": {
            "": 384, 
            "14th street": 1, 
            "albee square mall this one's for": 1, 
            "all galaxies bangkok this goes out": 1, 
            "all the people in the dead": 1, 
            "and all galaxies bangkok this goes": 1, 
            "area and all galaxies bangkok this": 1, 
            "bangkok this goes out to, to": 1, 
            "bay area and all galaxies bangkok": 1, 
            "bay-town to sac-town, the whole bay": 1, 
            "beijing the takei brothers cairo, miami,": 1, 
            "bombay, espana upper tasmania, scandinavia to": 1, 
            "brothers cairo, miami, xenom 14th street": 1, 
            "cairo, miami, xenom 14th street": 1, 
            "come from kyoto this one's for": 1, 
            "dead sea this one's for newcastle,": 1, 
            "dehli, italia, beijing the takei brothers": 1, 
            "espana upper tasmania, scandinavia to all": 1, 
            "for bay-town to sac-town, the whole": 1, 
            "for gloucester, massachusetts new dehli, italia,": 1, 
            "for newcastle, where venom come from": 1, 
            "for ondo bombay, espana upper tasmania,": 1, 
            "for sao paulo this one's for": 1, 
            "from kyoto this one's for gloucester,": 1, 
            "galaxies bangkok this goes out to,": 1, 
            "gloucester, massachusetts new dehli, italia, beijing": 1, 
            "goes out to, to albee square": 1, 
            "i want to take this minute": 1, 
            "in the dead sea this one's": 1, 
            "introduce you to my people this": 1, 
            "is for sao paulo this one's": 1, 
            "italia, beijing the takei brothers cairo,": 1, 
            "kyoto this one's for gloucester, massachusetts": 1, 
            "mall this one's for ondo bombay,": 1, 
            "massachusetts new dehli, italia, beijing the": 1, 
            "miami, xenom 14th street": 1, 
            "minute to introduce you to my": 1, 
            "my people this one is for": 1, 
            "new dehli, italia, beijing the takei": 1, 
            "newcastle, where venom come from kyoto": 1, 
            "ondo bombay, espana upper tasmania, scandinavia": 1, 
            "one is for sao paulo this": 1, 
            "one's for bay-town to sac-town, the": 1, 
            "one's for gloucester, massachusetts new dehli,": 1, 
            "one's for newcastle, where venom come": 1, 
            "one's for ondo bombay, espana upper": 1, 
            "out to, to albee square mall": 1, 
            "paulo this one's for bay-town to": 1, 
            "people in the dead sea this": 1, 
            "people this one is for sao": 1, 
            "sac-town, the whole bay area and": 1, 
            "sao paulo this one's for bay-town": 1, 
            "scandinavia to all the people in": 1, 
            "sea this one's for newcastle, where": 1, 
            "square mall this one's for ondo": 1, 
            "street": 1, 
            "take this minute to introduce you": 1, 
            "takei brothers cairo, miami, xenom 14th": 1, 
            "tasmania, scandinavia to all the people": 1, 
            "the dead sea this one's for": 1, 
            "the people in the dead sea": 1, 
            "the takei brothers cairo, miami, xenom": 1, 
            "the whole bay area and all": 1, 
            "this goes out to, to albee": 1, 
            "this minute to introduce you to": 1, 
            "this one is for sao paulo": 1, 
            "this one's for bay-town to sac-town,": 1, 
            "this one's for gloucester, massachusetts new": 1, 
            "this one's for newcastle, where venom": 1, 
            "this one's for ondo bombay, espana": 1, 
            "to albee square mall this one's": 1, 
            "to all the people in the": 1, 
            "to introduce you to my people": 1, 
            "to my people this one is": 1, 
            "to sac-town, the whole bay area": 1, 
            "to take this minute to introduce": 1, 
            "to, to albee square mall this": 1, 
            "upper tasmania, scandinavia to all the": 1, 
            "venom come from kyoto this one's": 1, 
            "want to take this minute to": 1, 
            "where venom come from kyoto this": 1, 
            "whole bay area and all galaxies": 1, 
            "xenom 14th street": 1, 
            "you to my people this one": 1
        }, 
        "7": {
            "": 383, 
            "14th street": 1, 
            "albee square mall this one's for ondo": 1, 
            "all galaxies bangkok this goes out to,": 1, 
            "all the people in the dead sea": 1, 
            "and all galaxies bangkok this goes out": 1, 
            "area and all galaxies bangkok this goes": 1, 
            "bangkok this goes out to, to albee": 1, 
            "bay area and all galaxies bangkok this": 1, 
            "bay-town to sac-town, the whole bay area": 1, 
            "beijing the takei brothers cairo, miami, xenom": 1, 
            "bombay, espana upper tasmania, scandinavia to all": 1, 
            "brothers cairo, miami, xenom 14th street": 1, 
            "cairo, miami, xenom 14th street": 1, 
            "come from kyoto this one's for gloucester,": 1, 
            "dead sea this one's for newcastle, where": 1, 
            "dehli, italia, beijing the takei brothers cairo,": 1, 
            "espana upper tasmania, scandinavia to all the": 1, 
            "for bay-town to sac-town, the whole bay": 1, 
            "for gloucester, massachusetts new dehli, italia, beijing": 1, 
            "for newcastle, where venom come from kyoto": 1, 
            "for ondo bombay, espana upper tasmania, scandinavia": 1, 
            "for sao paulo this one's for bay-town": 1, 
            "from kyoto this one's for gloucester, massachusetts": 1, 
            "galaxies bangkok this goes out to, to": 1, 
            "gloucester, massachusetts new dehli, italia, beijing the": 1, 
            "goes out to, to albee square mall": 1, 
            "i want to take this minute to": 1, 
            "in the dead sea this one's for": 1, 
            "introduce you to my people this one": 1, 
            "is for sao paulo this one's for": 1, 
            "italia, beijing the takei brothers cairo, miami,": 1, 
            "kyoto this one's for gloucester, massachusetts new": 1, 
            "mall this one's for ondo bombay, espana": 1, 
            "massachusetts new dehli, italia, beijing the takei": 1, 
            "miami, xenom 14th street": 1, 
            "minute to introduce you to my people": 1, 
            "my people this one is for sao": 1, 
            "new dehli, italia, beijing the takei brothers": 1, 
            "newcastle, where venom come from kyoto this": 1, 
            "ondo bombay, espana upper tasmania, scandinavia to": 1, 
            "one is for sao paulo this one's": 1, 
            "one's for bay-town to sac-town, the whole": 1, 
            "one's for gloucester, massachusetts new dehli, italia,": 1, 
            "one's for newcastle, where venom come from": 1, 
            "one's for ondo bombay, espana upper tasmania,": 1, 
            "out to, to albee square mall this": 1, 
            "paulo this one's for bay-town to sac-town,": 1, 
            "people in the dead sea this one's": 1, 
            "people this one is for sao paulo": 1, 
            "sac-town, the whole bay area and all": 1, 
            "sao paulo this one's for bay-town to": 1, 
            "scandinavia to all the people in the": 1, 
            "sea this one's for newcastle, where venom": 1, 
            "square mall this one's for ondo bombay,": 1, 
            "street": 1, 
            "take this minute to introduce you to": 1, 
            "takei brothers cairo, miami, xenom 14th street": 1, 
            "tasmania, scandinavia to all the people in": 1, 
            "the dead sea this one's for newcastle,": 1, 
            "the people in the dead sea this": 1, 
            "the takei brothers cairo, miami, xenom 14th": 1, 
            "the whole bay area and all galaxies": 1, 
            "this goes out to, to albee square": 1, 
            "this minute to introduce you to my": 1, 
            "this one is for sao paulo this": 1, 
            "this one's for bay-town to sac-town, the": 1, 
            "this one's for gloucester, massachusetts new dehli,": 1, 
            "this one's for newcastle, where venom come": 1, 
            "this one's for ondo bombay, espana upper": 1, 
            "to albee square mall this one's for": 1, 
            "to all the people in the dead": 1, 
            "to introduce you to my people this": 1, 
            "to my people this one is for": 1, 
            "to sac-town, the whole bay area and": 1, 
            "to take this minute to introduce you": 1, 
            "to, to albee square mall this one's": 1, 
            "upper tasmania, scandinavia to all the people": 1, 
            "venom come from kyoto this one's for": 1, 
            "want to take this minute to introduce": 1, 
            "where venom come from kyoto this one's": 1, 
            "whole bay area and all galaxies bangkok": 1, 
            "xenom 14th street": 1, 
            "you to my people this one is": 1
        }, 
        "8": {
            "": 382, 
            "14th street": 1, 
            "albee square mall this one's for ondo bombay,": 1, 
            "all galaxies bangkok this goes out to, to": 1, 
            "all the people in the dead sea this": 1, 
            "and all galaxies bangkok this goes out to,": 1, 
            "area and all galaxies bangkok this goes out": 1, 
            "bangkok this goes out to, to albee square": 1, 
            "bay area and all galaxies bangkok this goes": 1, 
            "bay-town to sac-town, the whole bay area and": 1, 
            "beijing the takei brothers cairo, miami, xenom 14th": 1, 
            "bombay, espana upper tasmania, scandinavia to all the": 1, 
            "brothers cairo, miami, xenom 14th street": 1, 
            "cairo, miami, xenom 14th street": 1, 
            "come from kyoto this one's for gloucester, massachusetts": 1, 
            "dead sea this one's for newcastle, where venom": 1, 
            "dehli, italia, beijing the takei brothers cairo, miami,": 1, 
            "espana upper tasmania, scandinavia to all the people": 1, 
            "for bay-town to sac-town, the whole bay area": 1, 
            "for gloucester, massachusetts new dehli, italia, beijing the": 1, 
            "for newcastle, where venom come from kyoto this": 1, 
            "for ondo bombay, espana upper tasmania, scandinavia to": 1, 
            "for sao paulo this one's for bay-town to": 1, 
            "from kyoto this one's for gloucester, massachusetts new": 1, 
            "galaxies bangkok this goes out to, to albee": 1, 
            "gloucester, massachusetts new dehli, italia, beijing the takei": 1, 
            "goes out to, to albee square mall this": 1, 
            "i want to take this minute to introduce": 1, 
            "in the dead sea this one's for newcastle,": 1, 
            "introduce you to my people this one is": 1, 
            "is for sao paulo this one's for bay-town": 1, 
            "italia, beijing the takei brothers cairo, miami, xenom": 1, 
            "kyoto this one's for gloucester, massachusetts new dehli,": 1, 
            "mall this one's for ondo bombay, espana upper": 1, 
            "massachusetts new dehli, italia, beijing the takei brothers": 1, 
            "miami, xenom 14th street": 1, 
            "minute to introduce you to my people this": 1, 
            "my people this one is for sao paulo": 1, 
            "new dehli, italia, beijing the takei brothers cairo,": 1, 
            "newcastle, where venom come from kyoto this one's": 1, 
            "ondo bombay, espana upper tasmania, scandinavia to all": 1, 
            "one is for sao paulo this one's for": 1, 
            "one's for bay-town to sac-town, the whole bay": 1, 
            "one's for gloucester, massachusetts new dehli, italia, beijing": 1, 
            "one's for newcastle, where venom come from kyoto": 1, 
            "one's for ondo bombay, espana upper tasmania, scandinavia": 1, 
            "out to, to albee square mall this one's": 1, 
            "paulo this one's for bay-town to sac-town, the": 1, 
            "people in the dead sea this one's for": 1, 
            "people this one is for sao paulo this": 1, 
            "sac-town, the whole bay area and all galaxies": 1, 
            "sao paulo this one's for bay-town to sac-town,": 1, 
            "scandinavia to all the people in the dead": 1, 
            "sea this one's for newcastle, where venom come": 1, 
            "square mall this one's for ondo bombay, espana": 1, 
            "street": 1, 
            "take this minute to introduce you to my": 1, 
            "takei brothers cairo, miami, xenom 14th street": 1, 
            "tasmania, scandinavia to all the people in the": 1, 
            "the dead sea this one's for newcastle, where": 1, 
            "the people in the dead sea this one's": 1, 
            "the takei brothers cairo, miami, xenom 14th street": 1, 
            "the whole bay area and all galaxies bangkok": 1, 
            "this goes out to, to albee square mall": 1, 
            "this minute to introduce you to my people": 1, 
            "this one is for sao paulo this one's": 1, 
            "this one's for bay-town to sac-town, the whole": 1, 
            "this one's for gloucester, massachusetts new dehli, italia,": 1, 
            "this one's for newcastle, where venom come from": 1, 
            "this one's for ondo bombay, espana upper tasmania,": 1, 
            "to albee square mall this one's for ondo": 1, 
            "to all the people in the dead sea": 1, 
            "to introduce you to my people this one": 1, 
            "to my people this one is for sao": 1, 
            "to sac-town, the whole bay area and all": 1, 
            "to take this minute to introduce you to": 1, 
            "to, to albee square mall this one's for": 1, 
            "upper tasmania, scandinavia to all the people in": 1, 
            "venom come from kyoto this one's for gloucester,": 1, 
            "want to take this minute to introduce you": 1, 
            "where venom come from kyoto this one's for": 1, 
            "whole bay area and all galaxies bangkok this": 1, 
            "xenom 14th street": 1, 
            "you to my people this one is for": 1
        }
    }, 
    "song_title": "Dedication", 
    "total_words": [
        83, 
        {
            "14th": 1, 
            "albee": 1, 
            "all": 2, 
            "and": 1, 
            "area": 1, 
            "bangkok": 1, 
            "bay": 1, 
            "bay-town": 1, 
            "beijing": 1, 
            "bombay,": 1, 
            "brothers": 1, 
            "cairo,": 1, 
            "come": 1, 
            "dead": 1, 
            "dehli,": 1, 
            "espana": 1, 
            "for": 5, 
            "from": 1, 
            "galaxies": 1, 
            "gloucester,": 1, 
            "goes": 1, 
            "i": 1, 
            "in": 1, 
            "introduce": 1, 
            "is": 1, 
            "italia,": 1, 
            "kyoto": 1, 
            "mall": 1, 
            "massachusetts": 1, 
            "miami,": 1, 
            "minute": 1, 
            "my": 1, 
            "new": 1, 
            "newcastle,": 1, 
            "ondo": 1, 
            "one": 1, 
            "one's": 4, 
            "out": 1, 
            "paulo": 1, 
            "people": 2, 
            "sac-town,": 1, 
            "sao": 1, 
            "scandinavia": 1, 
            "sea": 1, 
            "square": 1, 
            "street": 1, 
            "take": 1, 
            "takei": 1, 
            "tasmania,": 1, 
            "the": 4, 
            "this": 7, 
            "to": 6, 
            "to,": 1, 
            "upper": 1, 
            "venom": 1, 
            "want": 1, 
            "where": 1, 
            "whole": 1, 
            "xenom": 1, 
            "you": 1
        }
    ], 
    "unique_words": [
        60, 
        [
            "and", 
            "upper", 
            "all", 
            "square", 
            "sao", 
            "want", 
            "people", 
            "is", 
            "ondo", 
            "dead", 
            "one", 
            "street", 
            "sac-town,", 
            "sea", 
            "in", 
            "where", 
            "out", 
            "from", 
            "for", 
            "area", 
            "miami,", 
            "14th", 
            "paulo", 
            "to", 
            "venom", 
            "take", 
            "goes", 
            "gloucester,", 
            "new", 
            "you", 
            "espana", 
            "italia,", 
            "one's", 
            "newcastle,", 
            "brothers", 
            "dehli,", 
            "kyoto", 
            "galaxies", 
            "introduce", 
            "bangkok", 
            "tasmania,", 
            "massachusetts", 
            "come", 
            "minute", 
            "scandinavia", 
            "bombay,", 
            "i", 
            "whole", 
            "bay", 
            "beijing", 
            "this", 
            "mall", 
            "xenom", 
            "bay-town", 
            "to,", 
            "albee", 
            "the", 
            "takei", 
            "my", 
            "cairo,"
        ]
    ], 
    "year": 1998
}