{
    "album": "Hello Nasty", 
    "artist": "Beastie Boys", 
    "lyrics": "Words comin forth like water from the tap\nClap tracks line the spaces places papers people stack\nBack track through the minutes when the thoughts went insane\nI pulled the picture off the cover and blew out the mind games\nPeople say this is the playlist of the void non-bound\nBut I can say this is the plainness of the peace I've found\nIt's not the sorrow or the pity that we hope to dismantle\nIt's the cast of past dice lighting both ends of the candles\nScandelescent in the means I have dreamed on the schemes\nReunited in the times of such picturesque scenes\nCan I get a witness to testify\nOpen your eyes realize electrify\n\nElectrify\n\nSo I plan and I scam and write it off on my taxes\nIt's times like these I'll just go with the decisions of the masses\nAnd to the crowds who've come before with their profit massing ways\nTo the greed that fucked it up and brought it down to today\nWith pain I stand sane and remain holding strong\nWhilst all around me those who clowned me are now drowning by the throngs\nIt's illogical the actions that are typically displayed\nA set back ain't all that much problem to invade\nSo I will glow like a lantern on a new moon night\nI'll fight violence with these hands that weren't built to fight\nBut like a furnace burning coal my goals are bound to burn in flames\nWhether achieved or dismantled by the agendas displayed\nCan I get a witness to testify?\nOpen your eyes realize electrify\n\nElectrify\n", 
    "ngrams": {
        "2": {
            "": 1155, 
            "a furnace": 1, 
            "a lantern": 1, 
            "a new": 1, 
            "a set": 1, 
            "a witness": 2, 
            "achieved or": 1, 
            "actions that": 1, 
            "agendas displayed": 1, 
            "ain't all": 1, 
            "all around": 1, 
            "all that": 1, 
            "and blew": 1, 
            "and brought": 1, 
            "and i": 1, 
            "and remain": 1, 
            "and to": 1, 
            "and write": 1, 
            "are bound": 1, 
            "are now": 1, 
            "are typically": 1, 
            "around me": 1, 
            "back ain't": 1, 
            "back track": 1, 
            "before with": 1, 
            "blew out": 1, 
            "both ends": 1, 
            "bound to": 1, 
            "brought it": 1, 
            "built to": 1, 
            "burn in": 1, 
            "burning coal": 1, 
            "but i": 1, 
            "but like": 1, 
            "by the": 2, 
            "can i": 2, 
            "can say": 1, 
            "candles scandelescent": 1, 
            "cast of": 1, 
            "clap tracks": 1, 
            "clowned me": 1, 
            "coal my": 1, 
            "come before": 1, 
            "comin forth": 1, 
            "cover and": 1, 
            "crowds who've": 1, 
            "decisions of": 1, 
            "dice lighting": 1, 
            "dismantle it's": 1, 
            "dismantled by": 1, 
            "displayed a": 1, 
            "displayed can": 1, 
            "down to": 1, 
            "dreamed on": 1, 
            "drowning by": 1, 
            "electrify": 1, 
            "electrify electrify": 2, 
            "electrify so": 1, 
            "ends of": 1, 
            "eyes realize": 2, 
            "fight but": 1, 
            "fight violence": 1, 
            "flames whether": 1, 
            "forth like": 1, 
            "found it's": 1, 
            "from the": 1, 
            "fucked it": 1, 
            "furnace burning": 1, 
            "games people": 1, 
            "get a": 2, 
            "glow like": 1, 
            "go with": 1, 
            "goals are": 1, 
            "greed that": 1, 
            "hands that": 1, 
            "have dreamed": 1, 
            "holding strong": 1, 
            "hope to": 1, 
            "i can": 1, 
            "i get": 2, 
            "i have": 1, 
            "i plan": 1, 
            "i pulled": 1, 
            "i scam": 1, 
            "i stand": 1, 
            "i will": 1, 
            "i'll fight": 1, 
            "i'll just": 1, 
            "i've found": 1, 
            "illogical the": 1, 
            "in flames": 1, 
            "in the": 2, 
            "insane i": 1, 
            "invade so": 1, 
            "is the": 2, 
            "it down": 1, 
            "it off": 1, 
            "it up": 1, 
            "it's illogical": 1, 
            "it's not": 1, 
            "it's the": 1, 
            "it's times": 1, 
            "just go": 1, 
            "lantern on": 1, 
            "lighting both": 1, 
            "like a": 2, 
            "like these": 1, 
            "like water": 1, 
            "line the": 1, 
            "masses and": 1, 
            "massing ways": 1, 
            "me are": 1, 
            "me those": 1, 
            "means i": 1, 
            "mind games": 1, 
            "minutes when": 1, 
            "moon night": 1, 
            "much problem": 1, 
            "my goals": 1, 
            "my taxes": 1, 
            "new moon": 1, 
            "night i'll": 1, 
            "non-bound but": 1, 
            "not the": 1, 
            "now drowning": 1, 
            "of past": 1, 
            "of such": 1, 
            "of the": 4, 
            "off on": 1, 
            "off the": 1, 
            "on a": 1, 
            "on my": 1, 
            "on the": 1, 
            "open your": 2, 
            "or dismantled": 1, 
            "or the": 1, 
            "out the": 1, 
            "pain i": 1, 
            "papers people": 1, 
            "past dice": 1, 
            "peace i've": 1, 
            "people say": 1, 
            "people stack": 1, 
            "picture off": 1, 
            "picturesque scenes": 1, 
            "pity that": 1, 
            "places papers": 1, 
            "plainness of": 1, 
            "plan and": 1, 
            "playlist of": 1, 
            "problem to": 1, 
            "profit massing": 1, 
            "pulled the": 1, 
            "realize electrify": 2, 
            "remain holding": 1, 
            "reunited in": 1, 
            "sane and": 1, 
            "say this": 2, 
            "scam and": 1, 
            "scandelescent in": 1, 
            "scenes can": 1, 
            "schemes reunited": 1, 
            "set back": 1, 
            "so i": 2, 
            "sorrow or": 1, 
            "spaces places": 1, 
            "stack back": 1, 
            "stand sane": 1, 
            "strong whilst": 1, 
            "such picturesque": 1, 
            "tap clap": 1, 
            "taxes it's": 1, 
            "testify open": 2, 
            "that are": 1, 
            "that fucked": 1, 
            "that much": 1, 
            "that we": 1, 
            "that weren't": 1, 
            "the actions": 1, 
            "the agendas": 1, 
            "the candles": 1, 
            "the cast": 1, 
            "the cover": 1, 
            "the crowds": 1, 
            "the decisions": 1, 
            "the greed": 1, 
            "the masses": 1, 
            "the means": 1, 
            "the mind": 1, 
            "the minutes": 1, 
            "the peace": 1, 
            "the picture": 1, 
            "the pity": 1, 
            "the plainness": 1, 
            "the playlist": 1, 
            "the schemes": 1, 
            "the sorrow": 1, 
            "the spaces": 1, 
            "the tap": 1, 
            "the thoughts": 1, 
            "the throngs": 1, 
            "the times": 1, 
            "the void": 1, 
            "their profit": 1, 
            "these hands": 1, 
            "these i'll": 1, 
            "this is": 2, 
            "those who": 1, 
            "thoughts went": 1, 
            "throngs it's": 1, 
            "through the": 1, 
            "times like": 1, 
            "times of": 1, 
            "to burn": 1, 
            "to dismantle": 1, 
            "to fight": 1, 
            "to invade": 1, 
            "to testify": 2, 
            "to the": 2, 
            "to today": 1, 
            "today with": 1, 
            "track through": 1, 
            "tracks line": 1, 
            "typically displayed": 1, 
            "up and": 1, 
            "violence with": 1, 
            "void non-bound": 1, 
            "water from": 1, 
            "ways to": 1, 
            "we hope": 1, 
            "went insane": 1, 
            "weren't built": 1, 
            "when the": 1, 
            "whether achieved": 1, 
            "whilst all": 1, 
            "who clowned": 1, 
            "who've come": 1, 
            "will glow": 1, 
            "with pain": 1, 
            "with the": 1, 
            "with their": 1, 
            "with these": 1, 
            "witness to": 2, 
            "words comin": 1, 
            "write it": 1, 
            "your eyes": 2
        }, 
        "3": {
            "": 1154, 
            "a furnace burning": 1, 
            "a lantern on": 1, 
            "a new moon": 1, 
            "a set back": 1, 
            "a witness to": 2, 
            "achieved or dismantled": 1, 
            "actions that are": 1, 
            "agendas displayed can": 1, 
            "ain't all that": 1, 
            "all around me": 1, 
            "all that much": 1, 
            "and blew out": 1, 
            "and brought it": 1, 
            "and i scam": 1, 
            "and remain holding": 1, 
            "and to the": 1, 
            "and write it": 1, 
            "are bound to": 1, 
            "are now drowning": 1, 
            "are typically displayed": 1, 
            "around me those": 1, 
            "back ain't all": 1, 
            "back track through": 1, 
            "before with their": 1, 
            "blew out the": 1, 
            "both ends of": 1, 
            "bound to burn": 1, 
            "brought it down": 1, 
            "built to fight": 1, 
            "burn in flames": 1, 
            "burning coal my": 1, 
            "but i can": 1, 
            "but like a": 1, 
            "by the agendas": 1, 
            "by the throngs": 1, 
            "can i get": 2, 
            "can say this": 1, 
            "candles scandelescent in": 1, 
            "cast of past": 1, 
            "clap tracks line": 1, 
            "clowned me are": 1, 
            "coal my goals": 1, 
            "come before with": 1, 
            "comin forth like": 1, 
            "cover and blew": 1, 
            "crowds who've come": 1, 
            "decisions of the": 1, 
            "dice lighting both": 1, 
            "dismantle it's the": 1, 
            "dismantled by the": 1, 
            "displayed a set": 1, 
            "displayed can i": 1, 
            "down to today": 1, 
            "dreamed on the": 1, 
            "drowning by the": 1, 
            "electrify": 1, 
            "electrify electrify": 1, 
            "electrify electrify so": 1, 
            "electrify so i": 1, 
            "ends of the": 1, 
            "eyes realize electrify": 2, 
            "fight but like": 1, 
            "fight violence with": 1, 
            "flames whether achieved": 1, 
            "forth like water": 1, 
            "found it's not": 1, 
            "from the tap": 1, 
            "fucked it up": 1, 
            "furnace burning coal": 1, 
            "games people say": 1, 
            "get a witness": 2, 
            "glow like a": 1, 
            "go with the": 1, 
            "goals are bound": 1, 
            "greed that fucked": 1, 
            "hands that weren't": 1, 
            "have dreamed on": 1, 
            "holding strong whilst": 1, 
            "hope to dismantle": 1, 
            "i can say": 1, 
            "i get a": 2, 
            "i have dreamed": 1, 
            "i plan and": 1, 
            "i pulled the": 1, 
            "i scam and": 1, 
            "i stand sane": 1, 
            "i will glow": 1, 
            "i'll fight violence": 1, 
            "i'll just go": 1, 
            "i've found it's": 1, 
            "illogical the actions": 1, 
            "in flames whether": 1, 
            "in the means": 1, 
            "in the times": 1, 
            "insane i pulled": 1, 
            "invade so i": 1, 
            "is the plainness": 1, 
            "is the playlist": 1, 
            "it down to": 1, 
            "it off on": 1, 
            "it up and": 1, 
            "it's illogical the": 1, 
            "it's not the": 1, 
            "it's the cast": 1, 
            "it's times like": 1, 
            "just go with": 1, 
            "lantern on a": 1, 
            "lighting both ends": 1, 
            "like a furnace": 1, 
            "like a lantern": 1, 
            "like these i'll": 1, 
            "like water from": 1, 
            "line the spaces": 1, 
            "masses and to": 1, 
            "massing ways to": 1, 
            "me are now": 1, 
            "me those who": 1, 
            "means i have": 1, 
            "mind games people": 1, 
            "minutes when the": 1, 
            "moon night i'll": 1, 
            "much problem to": 1, 
            "my goals are": 1, 
            "my taxes it's": 1, 
            "new moon night": 1, 
            "night i'll fight": 1, 
            "non-bound but i": 1, 
            "not the sorrow": 1, 
            "now drowning by": 1, 
            "of past dice": 1, 
            "of such picturesque": 1, 
            "of the candles": 1, 
            "of the masses": 1, 
            "of the peace": 1, 
            "of the void": 1, 
            "off on my": 1, 
            "off the cover": 1, 
            "on a new": 1, 
            "on my taxes": 1, 
            "on the schemes": 1, 
            "open your eyes": 2, 
            "or dismantled by": 1, 
            "or the pity": 1, 
            "out the mind": 1, 
            "pain i stand": 1, 
            "papers people stack": 1, 
            "past dice lighting": 1, 
            "peace i've found": 1, 
            "people say this": 1, 
            "people stack back": 1, 
            "picture off the": 1, 
            "picturesque scenes can": 1, 
            "pity that we": 1, 
            "places papers people": 1, 
            "plainness of the": 1, 
            "plan and i": 1, 
            "playlist of the": 1, 
            "problem to invade": 1, 
            "profit massing ways": 1, 
            "pulled the picture": 1, 
            "realize electrify electrify": 2, 
            "remain holding strong": 1, 
            "reunited in the": 1, 
            "sane and remain": 1, 
            "say this is": 2, 
            "scam and write": 1, 
            "scandelescent in the": 1, 
            "scenes can i": 1, 
            "schemes reunited in": 1, 
            "set back ain't": 1, 
            "so i plan": 1, 
            "so i will": 1, 
            "sorrow or the": 1, 
            "spaces places papers": 1, 
            "stack back track": 1, 
            "stand sane and": 1, 
            "strong whilst all": 1, 
            "such picturesque scenes": 1, 
            "tap clap tracks": 1, 
            "taxes it's times": 1, 
            "testify open your": 2, 
            "that are typically": 1, 
            "that fucked it": 1, 
            "that much problem": 1, 
            "that we hope": 1, 
            "that weren't built": 1, 
            "the actions that": 1, 
            "the agendas displayed": 1, 
            "the candles scandelescent": 1, 
            "the cast of": 1, 
            "the cover and": 1, 
            "the crowds who've": 1, 
            "the decisions of": 1, 
            "the greed that": 1, 
            "the masses and": 1, 
            "the means i": 1, 
            "the mind games": 1, 
            "the minutes when": 1, 
            "the peace i've": 1, 
            "the picture off": 1, 
            "the pity that": 1, 
            "the plainness of": 1, 
            "the playlist of": 1, 
            "the schemes reunited": 1, 
            "the sorrow or": 1, 
            "the spaces places": 1, 
            "the tap clap": 1, 
            "the thoughts went": 1, 
            "the throngs it's": 1, 
            "the times of": 1, 
            "the void non-bound": 1, 
            "their profit massing": 1, 
            "these hands that": 1, 
            "these i'll just": 1, 
            "this is the": 2, 
            "those who clowned": 1, 
            "thoughts went insane": 1, 
            "throngs it's illogical": 1, 
            "through the minutes": 1, 
            "times like these": 1, 
            "times of such": 1, 
            "to burn in": 1, 
            "to dismantle it's": 1, 
            "to fight but": 1, 
            "to invade so": 1, 
            "to testify open": 2, 
            "to the crowds": 1, 
            "to the greed": 1, 
            "to today with": 1, 
            "today with pain": 1, 
            "track through the": 1, 
            "tracks line the": 1, 
            "typically displayed a": 1, 
            "up and brought": 1, 
            "violence with these": 1, 
            "void non-bound but": 1, 
            "water from the": 1, 
            "ways to the": 1, 
            "we hope to": 1, 
            "went insane i": 1, 
            "weren't built to": 1, 
            "when the thoughts": 1, 
            "whether achieved or": 1, 
            "whilst all around": 1, 
            "who clowned me": 1, 
            "who've come before": 1, 
            "will glow like": 1, 
            "with pain i": 1, 
            "with the decisions": 1, 
            "with their profit": 1, 
            "with these hands": 1, 
            "witness to testify": 2, 
            "words comin forth": 1, 
            "write it off": 1, 
            "your eyes realize": 2
        }, 
        "4": {
            "": 1153, 
            "a furnace burning coal": 1, 
            "a lantern on a": 1, 
            "a new moon night": 1, 
            "a set back ain't": 1, 
            "a witness to testify": 2, 
            "achieved or dismantled by": 1, 
            "actions that are typically": 1, 
            "agendas displayed can i": 1, 
            "ain't all that much": 1, 
            "all around me those": 1, 
            "all that much problem": 1, 
            "and blew out the": 1, 
            "and brought it down": 1, 
            "and i scam and": 1, 
            "and remain holding strong": 1, 
            "and to the crowds": 1, 
            "and write it off": 1, 
            "are bound to burn": 1, 
            "are now drowning by": 1, 
            "are typically displayed a": 1, 
            "around me those who": 1, 
            "back ain't all that": 1, 
            "back track through the": 1, 
            "before with their profit": 1, 
            "blew out the mind": 1, 
            "both ends of the": 1, 
            "bound to burn in": 1, 
            "brought it down to": 1, 
            "built to fight but": 1, 
            "burn in flames whether": 1, 
            "burning coal my goals": 1, 
            "but i can say": 1, 
            "but like a furnace": 1, 
            "by the agendas displayed": 1, 
            "by the throngs it's": 1, 
            "can i get a": 2, 
            "can say this is": 1, 
            "candles scandelescent in the": 1, 
            "cast of past dice": 1, 
            "clap tracks line the": 1, 
            "clowned me are now": 1, 
            "coal my goals are": 1, 
            "come before with their": 1, 
            "comin forth like water": 1, 
            "cover and blew out": 1, 
            "crowds who've come before": 1, 
            "decisions of the masses": 1, 
            "dice lighting both ends": 1, 
            "dismantle it's the cast": 1, 
            "dismantled by the agendas": 1, 
            "displayed a set back": 1, 
            "displayed can i get": 1, 
            "down to today with": 1, 
            "dreamed on the schemes": 1, 
            "drowning by the throngs": 1, 
            "electrify": 1, 
            "electrify electrify": 1, 
            "electrify electrify so i": 1, 
            "electrify so i plan": 1, 
            "ends of the candles": 1, 
            "eyes realize electrify electrify": 2, 
            "fight but like a": 1, 
            "fight violence with these": 1, 
            "flames whether achieved or": 1, 
            "forth like water from": 1, 
            "found it's not the": 1, 
            "from the tap clap": 1, 
            "fucked it up and": 1, 
            "furnace burning coal my": 1, 
            "games people say this": 1, 
            "get a witness to": 2, 
            "glow like a lantern": 1, 
            "go with the decisions": 1, 
            "goals are bound to": 1, 
            "greed that fucked it": 1, 
            "hands that weren't built": 1, 
            "have dreamed on the": 1, 
            "holding strong whilst all": 1, 
            "hope to dismantle it's": 1, 
            "i can say this": 1, 
            "i get a witness": 2, 
            "i have dreamed on": 1, 
            "i plan and i": 1, 
            "i pulled the picture": 1, 
            "i scam and write": 1, 
            "i stand sane and": 1, 
            "i will glow like": 1, 
            "i'll fight violence with": 1, 
            "i'll just go with": 1, 
            "i've found it's not": 1, 
            "illogical the actions that": 1, 
            "in flames whether achieved": 1, 
            "in the means i": 1, 
            "in the times of": 1, 
            "insane i pulled the": 1, 
            "invade so i will": 1, 
            "is the plainness of": 1, 
            "is the playlist of": 1, 
            "it down to today": 1, 
            "it off on my": 1, 
            "it up and brought": 1, 
            "it's illogical the actions": 1, 
            "it's not the sorrow": 1, 
            "it's the cast of": 1, 
            "it's times like these": 1, 
            "just go with the": 1, 
            "lantern on a new": 1, 
            "lighting both ends of": 1, 
            "like a furnace burning": 1, 
            "like a lantern on": 1, 
            "like these i'll just": 1, 
            "like water from the": 1, 
            "line the spaces places": 1, 
            "masses and to the": 1, 
            "massing ways to the": 1, 
            "me are now drowning": 1, 
            "me those who clowned": 1, 
            "means i have dreamed": 1, 
            "mind games people say": 1, 
            "minutes when the thoughts": 1, 
            "moon night i'll fight": 1, 
            "much problem to invade": 1, 
            "my goals are bound": 1, 
            "my taxes it's times": 1, 
            "new moon night i'll": 1, 
            "night i'll fight violence": 1, 
            "non-bound but i can": 1, 
            "not the sorrow or": 1, 
            "now drowning by the": 1, 
            "of past dice lighting": 1, 
            "of such picturesque scenes": 1, 
            "of the candles scandelescent": 1, 
            "of the masses and": 1, 
            "of the peace i've": 1, 
            "of the void non-bound": 1, 
            "off on my taxes": 1, 
            "off the cover and": 1, 
            "on a new moon": 1, 
            "on my taxes it's": 1, 
            "on the schemes reunited": 1, 
            "open your eyes realize": 2, 
            "or dismantled by the": 1, 
            "or the pity that": 1, 
            "out the mind games": 1, 
            "pain i stand sane": 1, 
            "papers people stack back": 1, 
            "past dice lighting both": 1, 
            "peace i've found it's": 1, 
            "people say this is": 1, 
            "people stack back track": 1, 
            "picture off the cover": 1, 
            "picturesque scenes can i": 1, 
            "pity that we hope": 1, 
            "places papers people stack": 1, 
            "plainness of the peace": 1, 
            "plan and i scam": 1, 
            "playlist of the void": 1, 
            "problem to invade so": 1, 
            "profit massing ways to": 1, 
            "pulled the picture off": 1, 
            "realize electrify electrify": 1, 
            "realize electrify electrify so": 1, 
            "remain holding strong whilst": 1, 
            "reunited in the times": 1, 
            "sane and remain holding": 1, 
            "say this is the": 2, 
            "scam and write it": 1, 
            "scandelescent in the means": 1, 
            "scenes can i get": 1, 
            "schemes reunited in the": 1, 
            "set back ain't all": 1, 
            "so i plan and": 1, 
            "so i will glow": 1, 
            "sorrow or the pity": 1, 
            "spaces places papers people": 1, 
            "stack back track through": 1, 
            "stand sane and remain": 1, 
            "strong whilst all around": 1, 
            "such picturesque scenes can": 1, 
            "tap clap tracks line": 1, 
            "taxes it's times like": 1, 
            "testify open your eyes": 2, 
            "that are typically displayed": 1, 
            "that fucked it up": 1, 
            "that much problem to": 1, 
            "that we hope to": 1, 
            "that weren't built to": 1, 
            "the actions that are": 1, 
            "the agendas displayed can": 1, 
            "the candles scandelescent in": 1, 
            "the cast of past": 1, 
            "the cover and blew": 1, 
            "the crowds who've come": 1, 
            "the decisions of the": 1, 
            "the greed that fucked": 1, 
            "the masses and to": 1, 
            "the means i have": 1, 
            "the mind games people": 1, 
            "the minutes when the": 1, 
            "the peace i've found": 1, 
            "the picture off the": 1, 
            "the pity that we": 1, 
            "the plainness of the": 1, 
            "the playlist of the": 1, 
            "the schemes reunited in": 1, 
            "the sorrow or the": 1, 
            "the spaces places papers": 1, 
            "the tap clap tracks": 1, 
            "the thoughts went insane": 1, 
            "the throngs it's illogical": 1, 
            "the times of such": 1, 
            "the void non-bound but": 1, 
            "their profit massing ways": 1, 
            "these hands that weren't": 1, 
            "these i'll just go": 1, 
            "this is the plainness": 1, 
            "this is the playlist": 1, 
            "those who clowned me": 1, 
            "thoughts went insane i": 1, 
            "throngs it's illogical the": 1, 
            "through the minutes when": 1, 
            "times like these i'll": 1, 
            "times of such picturesque": 1, 
            "to burn in flames": 1, 
            "to dismantle it's the": 1, 
            "to fight but like": 1, 
            "to invade so i": 1, 
            "to testify open your": 2, 
            "to the crowds who've": 1, 
            "to the greed that": 1, 
            "to today with pain": 1, 
            "today with pain i": 1, 
            "track through the minutes": 1, 
            "tracks line the spaces": 1, 
            "typically displayed a set": 1, 
            "up and brought it": 1, 
            "violence with these hands": 1, 
            "void non-bound but i": 1, 
            "water from the tap": 1, 
            "ways to the greed": 1, 
            "we hope to dismantle": 1, 
            "went insane i pulled": 1, 
            "weren't built to fight": 1, 
            "when the thoughts went": 1, 
            "whether achieved or dismantled": 1, 
            "whilst all around me": 1, 
            "who clowned me are": 1, 
            "who've come before with": 1, 
            "will glow like a": 1, 
            "with pain i stand": 1, 
            "with the decisions of": 1, 
            "with their profit massing": 1, 
            "with these hands that": 1, 
            "witness to testify open": 2, 
            "words comin forth like": 1, 
            "write it off on": 1, 
            "your eyes realize electrify": 2
        }, 
        "5": {
            "": 1152, 
            "a furnace burning coal my": 1, 
            "a lantern on a new": 1, 
            "a new moon night i'll": 1, 
            "a set back ain't all": 1, 
            "a witness to testify open": 2, 
            "achieved or dismantled by the": 1, 
            "actions that are typically displayed": 1, 
            "agendas displayed can i get": 1, 
            "ain't all that much problem": 1, 
            "all around me those who": 1, 
            "all that much problem to": 1, 
            "and blew out the mind": 1, 
            "and brought it down to": 1, 
            "and i scam and write": 1, 
            "and remain holding strong whilst": 1, 
            "and to the crowds who've": 1, 
            "and write it off on": 1, 
            "are bound to burn in": 1, 
            "are now drowning by the": 1, 
            "are typically displayed a set": 1, 
            "around me those who clowned": 1, 
            "back ain't all that much": 1, 
            "back track through the minutes": 1, 
            "before with their profit massing": 1, 
            "blew out the mind games": 1, 
            "both ends of the candles": 1, 
            "bound to burn in flames": 1, 
            "brought it down to today": 1, 
            "built to fight but like": 1, 
            "burn in flames whether achieved": 1, 
            "burning coal my goals are": 1, 
            "but i can say this": 1, 
            "but like a furnace burning": 1, 
            "by the agendas displayed can": 1, 
            "by the throngs it's illogical": 1, 
            "can i get a witness": 2, 
            "can say this is the": 1, 
            "candles scandelescent in the means": 1, 
            "cast of past dice lighting": 1, 
            "clap tracks line the spaces": 1, 
            "clowned me are now drowning": 1, 
            "coal my goals are bound": 1, 
            "come before with their profit": 1, 
            "comin forth like water from": 1, 
            "cover and blew out the": 1, 
            "crowds who've come before with": 1, 
            "decisions of the masses and": 1, 
            "dice lighting both ends of": 1, 
            "dismantle it's the cast of": 1, 
            "dismantled by the agendas displayed": 1, 
            "displayed a set back ain't": 1, 
            "displayed can i get a": 1, 
            "down to today with pain": 1, 
            "dreamed on the schemes reunited": 1, 
            "drowning by the throngs it's": 1, 
            "electrify": 1, 
            "electrify electrify": 1, 
            "electrify electrify so i plan": 1, 
            "electrify so i plan and": 1, 
            "ends of the candles scandelescent": 1, 
            "eyes realize electrify electrify": 1, 
            "eyes realize electrify electrify so": 1, 
            "fight but like a furnace": 1, 
            "fight violence with these hands": 1, 
            "flames whether achieved or dismantled": 1, 
            "forth like water from the": 1, 
            "found it's not the sorrow": 1, 
            "from the tap clap tracks": 1, 
            "fucked it up and brought": 1, 
            "furnace burning coal my goals": 1, 
            "games people say this is": 1, 
            "get a witness to testify": 2, 
            "glow like a lantern on": 1, 
            "go with the decisions of": 1, 
            "goals are bound to burn": 1, 
            "greed that fucked it up": 1, 
            "hands that weren't built to": 1, 
            "have dreamed on the schemes": 1, 
            "holding strong whilst all around": 1, 
            "hope to dismantle it's the": 1, 
            "i can say this is": 1, 
            "i get a witness to": 2, 
            "i have dreamed on the": 1, 
            "i plan and i scam": 1, 
            "i pulled the picture off": 1, 
            "i scam and write it": 1, 
            "i stand sane and remain": 1, 
            "i will glow like a": 1, 
            "i'll fight violence with these": 1, 
            "i'll just go with the": 1, 
            "i've found it's not the": 1, 
            "illogical the actions that are": 1, 
            "in flames whether achieved or": 1, 
            "in the means i have": 1, 
            "in the times of such": 1, 
            "insane i pulled the picture": 1, 
            "invade so i will glow": 1, 
            "is the plainness of the": 1, 
            "is the playlist of the": 1, 
            "it down to today with": 1, 
            "it off on my taxes": 1, 
            "it up and brought it": 1, 
            "it's illogical the actions that": 1, 
            "it's not the sorrow or": 1, 
            "it's the cast of past": 1, 
            "it's times like these i'll": 1, 
            "just go with the decisions": 1, 
            "lantern on a new moon": 1, 
            "lighting both ends of the": 1, 
            "like a furnace burning coal": 1, 
            "like a lantern on a": 1, 
            "like these i'll just go": 1, 
            "like water from the tap": 1, 
            "line the spaces places papers": 1, 
            "masses and to the crowds": 1, 
            "massing ways to the greed": 1, 
            "me are now drowning by": 1, 
            "me those who clowned me": 1, 
            "means i have dreamed on": 1, 
            "mind games people say this": 1, 
            "minutes when the thoughts went": 1, 
            "moon night i'll fight violence": 1, 
            "much problem to invade so": 1, 
            "my goals are bound to": 1, 
            "my taxes it's times like": 1, 
            "new moon night i'll fight": 1, 
            "night i'll fight violence with": 1, 
            "non-bound but i can say": 1, 
            "not the sorrow or the": 1, 
            "now drowning by the throngs": 1, 
            "of past dice lighting both": 1, 
            "of such picturesque scenes can": 1, 
            "of the candles scandelescent in": 1, 
            "of the masses and to": 1, 
            "of the peace i've found": 1, 
            "of the void non-bound but": 1, 
            "off on my taxes it's": 1, 
            "off the cover and blew": 1, 
            "on a new moon night": 1, 
            "on my taxes it's times": 1, 
            "on the schemes reunited in": 1, 
            "open your eyes realize electrify": 2, 
            "or dismantled by the agendas": 1, 
            "or the pity that we": 1, 
            "out the mind games people": 1, 
            "pain i stand sane and": 1, 
            "papers people stack back track": 1, 
            "past dice lighting both ends": 1, 
            "peace i've found it's not": 1, 
            "people say this is the": 1, 
            "people stack back track through": 1, 
            "picture off the cover and": 1, 
            "picturesque scenes can i get": 1, 
            "pity that we hope to": 1, 
            "places papers people stack back": 1, 
            "plainness of the peace i've": 1, 
            "plan and i scam and": 1, 
            "playlist of the void non-bound": 1, 
            "problem to invade so i": 1, 
            "profit massing ways to the": 1, 
            "pulled the picture off the": 1, 
            "realize electrify electrify": 1, 
            "realize electrify electrify so i": 1, 
            "remain holding strong whilst all": 1, 
            "reunited in the times of": 1, 
            "sane and remain holding strong": 1, 
            "say this is the plainness": 1, 
            "say this is the playlist": 1, 
            "scam and write it off": 1, 
            "scandelescent in the means i": 1, 
            "scenes can i get a": 1, 
            "schemes reunited in the times": 1, 
            "set back ain't all that": 1, 
            "so i plan and i": 1, 
            "so i will glow like": 1, 
            "sorrow or the pity that": 1, 
            "spaces places papers people stack": 1, 
            "stack back track through the": 1, 
            "stand sane and remain holding": 1, 
            "strong whilst all around me": 1, 
            "such picturesque scenes can i": 1, 
            "tap clap tracks line the": 1, 
            "taxes it's times like these": 1, 
            "testify open your eyes realize": 2, 
            "that are typically displayed a": 1, 
            "that fucked it up and": 1, 
            "that much problem to invade": 1, 
            "that we hope to dismantle": 1, 
            "that weren't built to fight": 1, 
            "the actions that are typically": 1, 
            "the agendas displayed can i": 1, 
            "the candles scandelescent in the": 1, 
            "the cast of past dice": 1, 
            "the cover and blew out": 1, 
            "the crowds who've come before": 1, 
            "the decisions of the masses": 1, 
            "the greed that fucked it": 1, 
            "the masses and to the": 1, 
            "the means i have dreamed": 1, 
            "the mind games people say": 1, 
            "the minutes when the thoughts": 1, 
            "the peace i've found it's": 1, 
            "the picture off the cover": 1, 
            "the pity that we hope": 1, 
            "the plainness of the peace": 1, 
            "the playlist of the void": 1, 
            "the schemes reunited in the": 1, 
            "the sorrow or the pity": 1, 
            "the spaces places papers people": 1, 
            "the tap clap tracks line": 1, 
            "the thoughts went insane i": 1, 
            "the throngs it's illogical the": 1, 
            "the times of such picturesque": 1, 
            "the void non-bound but i": 1, 
            "their profit massing ways to": 1, 
            "these hands that weren't built": 1, 
            "these i'll just go with": 1, 
            "this is the plainness of": 1, 
            "this is the playlist of": 1, 
            "those who clowned me are": 1, 
            "thoughts went insane i pulled": 1, 
            "throngs it's illogical the actions": 1, 
            "through the minutes when the": 1, 
            "times like these i'll just": 1, 
            "times of such picturesque scenes": 1, 
            "to burn in flames whether": 1, 
            "to dismantle it's the cast": 1, 
            "to fight but like a": 1, 
            "to invade so i will": 1, 
            "to testify open your eyes": 2, 
            "to the crowds who've come": 1, 
            "to the greed that fucked": 1, 
            "to today with pain i": 1, 
            "today with pain i stand": 1, 
            "track through the minutes when": 1, 
            "tracks line the spaces places": 1, 
            "typically displayed a set back": 1, 
            "up and brought it down": 1, 
            "violence with these hands that": 1, 
            "void non-bound but i can": 1, 
            "water from the tap clap": 1, 
            "ways to the greed that": 1, 
            "we hope to dismantle it's": 1, 
            "went insane i pulled the": 1, 
            "weren't built to fight but": 1, 
            "when the thoughts went insane": 1, 
            "whether achieved or dismantled by": 1, 
            "whilst all around me those": 1, 
            "who clowned me are now": 1, 
            "who've come before with their": 1, 
            "will glow like a lantern": 1, 
            "with pain i stand sane": 1, 
            "with the decisions of the": 1, 
            "with their profit massing ways": 1, 
            "with these hands that weren't": 1, 
            "witness to testify open your": 2, 
            "words comin forth like water": 1, 
            "write it off on my": 1, 
            "your eyes realize electrify electrify": 2
        }, 
        "6": {
            "": 1151, 
            "a furnace burning coal my goals": 1, 
            "a lantern on a new moon": 1, 
            "a new moon night i'll fight": 1, 
            "a set back ain't all that": 1, 
            "a witness to testify open your": 2, 
            "achieved or dismantled by the agendas": 1, 
            "actions that are typically displayed a": 1, 
            "agendas displayed can i get a": 1, 
            "ain't all that much problem to": 1, 
            "all around me those who clowned": 1, 
            "all that much problem to invade": 1, 
            "and blew out the mind games": 1, 
            "and brought it down to today": 1, 
            "and i scam and write it": 1, 
            "and remain holding strong whilst all": 1, 
            "and to the crowds who've come": 1, 
            "and write it off on my": 1, 
            "are bound to burn in flames": 1, 
            "are now drowning by the throngs": 1, 
            "are typically displayed a set back": 1, 
            "around me those who clowned me": 1, 
            "back ain't all that much problem": 1, 
            "back track through the minutes when": 1, 
            "before with their profit massing ways": 1, 
            "blew out the mind games people": 1, 
            "both ends of the candles scandelescent": 1, 
            "bound to burn in flames whether": 1, 
            "brought it down to today with": 1, 
            "built to fight but like a": 1, 
            "burn in flames whether achieved or": 1, 
            "burning coal my goals are bound": 1, 
            "but i can say this is": 1, 
            "but like a furnace burning coal": 1, 
            "by the agendas displayed can i": 1, 
            "by the throngs it's illogical the": 1, 
            "can i get a witness to": 2, 
            "can say this is the plainness": 1, 
            "candles scandelescent in the means i": 1, 
            "cast of past dice lighting both": 1, 
            "clap tracks line the spaces places": 1, 
            "clowned me are now drowning by": 1, 
            "coal my goals are bound to": 1, 
            "come before with their profit massing": 1, 
            "comin forth like water from the": 1, 
            "cover and blew out the mind": 1, 
            "crowds who've come before with their": 1, 
            "decisions of the masses and to": 1, 
            "dice lighting both ends of the": 1, 
            "dismantle it's the cast of past": 1, 
            "dismantled by the agendas displayed can": 1, 
            "displayed a set back ain't all": 1, 
            "displayed can i get a witness": 1, 
            "down to today with pain i": 1, 
            "dreamed on the schemes reunited in": 1, 
            "drowning by the throngs it's illogical": 1, 
            "electrify": 1, 
            "electrify electrify": 1, 
            "electrify electrify so i plan and": 1, 
            "electrify so i plan and i": 1, 
            "ends of the candles scandelescent in": 1, 
            "eyes realize electrify electrify": 1, 
            "eyes realize electrify electrify so i": 1, 
            "fight but like a furnace burning": 1, 
            "fight violence with these hands that": 1, 
            "flames whether achieved or dismantled by": 1, 
            "forth like water from the tap": 1, 
            "found it's not the sorrow or": 1, 
            "from the tap clap tracks line": 1, 
            "fucked it up and brought it": 1, 
            "furnace burning coal my goals are": 1, 
            "games people say this is the": 1, 
            "get a witness to testify open": 2, 
            "glow like a lantern on a": 1, 
            "go with the decisions of the": 1, 
            "goals are bound to burn in": 1, 
            "greed that fucked it up and": 1, 
            "hands that weren't built to fight": 1, 
            "have dreamed on the schemes reunited": 1, 
            "holding strong whilst all around me": 1, 
            "hope to dismantle it's the cast": 1, 
            "i can say this is the": 1, 
            "i get a witness to testify": 2, 
            "i have dreamed on the schemes": 1, 
            "i plan and i scam and": 1, 
            "i pulled the picture off the": 1, 
            "i scam and write it off": 1, 
            "i stand sane and remain holding": 1, 
            "i will glow like a lantern": 1, 
            "i'll fight violence with these hands": 1, 
            "i'll just go with the decisions": 1, 
            "i've found it's not the sorrow": 1, 
            "illogical the actions that are typically": 1, 
            "in flames whether achieved or dismantled": 1, 
            "in the means i have dreamed": 1, 
            "in the times of such picturesque": 1, 
            "insane i pulled the picture off": 1, 
            "invade so i will glow like": 1, 
            "is the plainness of the peace": 1, 
            "is the playlist of the void": 1, 
            "it down to today with pain": 1, 
            "it off on my taxes it's": 1, 
            "it up and brought it down": 1, 
            "it's illogical the actions that are": 1, 
            "it's not the sorrow or the": 1, 
            "it's the cast of past dice": 1, 
            "it's times like these i'll just": 1, 
            "just go with the decisions of": 1, 
            "lantern on a new moon night": 1, 
            "lighting both ends of the candles": 1, 
            "like a furnace burning coal my": 1, 
            "like a lantern on a new": 1, 
            "like these i'll just go with": 1, 
            "like water from the tap clap": 1, 
            "line the spaces places papers people": 1, 
            "masses and to the crowds who've": 1, 
            "massing ways to the greed that": 1, 
            "me are now drowning by the": 1, 
            "me those who clowned me are": 1, 
            "means i have dreamed on the": 1, 
            "mind games people say this is": 1, 
            "minutes when the thoughts went insane": 1, 
            "moon night i'll fight violence with": 1, 
            "much problem to invade so i": 1, 
            "my goals are bound to burn": 1, 
            "my taxes it's times like these": 1, 
            "new moon night i'll fight violence": 1, 
            "night i'll fight violence with these": 1, 
            "non-bound but i can say this": 1, 
            "not the sorrow or the pity": 1, 
            "now drowning by the throngs it's": 1, 
            "of past dice lighting both ends": 1, 
            "of such picturesque scenes can i": 1, 
            "of the candles scandelescent in the": 1, 
            "of the masses and to the": 1, 
            "of the peace i've found it's": 1, 
            "of the void non-bound but i": 1, 
            "off on my taxes it's times": 1, 
            "off the cover and blew out": 1, 
            "on a new moon night i'll": 1, 
            "on my taxes it's times like": 1, 
            "on the schemes reunited in the": 1, 
            "open your eyes realize electrify electrify": 2, 
            "or dismantled by the agendas displayed": 1, 
            "or the pity that we hope": 1, 
            "out the mind games people say": 1, 
            "pain i stand sane and remain": 1, 
            "papers people stack back track through": 1, 
            "past dice lighting both ends of": 1, 
            "peace i've found it's not the": 1, 
            "people say this is the playlist": 1, 
            "people stack back track through the": 1, 
            "picture off the cover and blew": 1, 
            "picturesque scenes can i get a": 1, 
            "pity that we hope to dismantle": 1, 
            "places papers people stack back track": 1, 
            "plainness of the peace i've found": 1, 
            "plan and i scam and write": 1, 
            "playlist of the void non-bound but": 1, 
            "problem to invade so i will": 1, 
            "profit massing ways to the greed": 1, 
            "pulled the picture off the cover": 1, 
            "realize electrify electrify": 1, 
            "realize electrify electrify so i plan": 1, 
            "remain holding strong whilst all around": 1, 
            "reunited in the times of such": 1, 
            "sane and remain holding strong whilst": 1, 
            "say this is the plainness of": 1, 
            "say this is the playlist of": 1, 
            "scam and write it off on": 1, 
            "scandelescent in the means i have": 1, 
            "scenes can i get a witness": 1, 
            "schemes reunited in the times of": 1, 
            "set back ain't all that much": 1, 
            "so i plan and i scam": 1, 
            "so i will glow like a": 1, 
            "sorrow or the pity that we": 1, 
            "spaces places papers people stack back": 1, 
            "stack back track through the minutes": 1, 
            "stand sane and remain holding strong": 1, 
            "strong whilst all around me those": 1, 
            "such picturesque scenes can i get": 1, 
            "tap clap tracks line the spaces": 1, 
            "taxes it's times like these i'll": 1, 
            "testify open your eyes realize electrify": 2, 
            "that are typically displayed a set": 1, 
            "that fucked it up and brought": 1, 
            "that much problem to invade so": 1, 
            "that we hope to dismantle it's": 1, 
            "that weren't built to fight but": 1, 
            "the actions that are typically displayed": 1, 
            "the agendas displayed can i get": 1, 
            "the candles scandelescent in the means": 1, 
            "the cast of past dice lighting": 1, 
            "the cover and blew out the": 1, 
            "the crowds who've come before with": 1, 
            "the decisions of the masses and": 1, 
            "the greed that fucked it up": 1, 
            "the masses and to the crowds": 1, 
            "the means i have dreamed on": 1, 
            "the mind games people say this": 1, 
            "the minutes when the thoughts went": 1, 
            "the peace i've found it's not": 1, 
            "the picture off the cover and": 1, 
            "the pity that we hope to": 1, 
            "the plainness of the peace i've": 1, 
            "the playlist of the void non-bound": 1, 
            "the schemes reunited in the times": 1, 
            "the sorrow or the pity that": 1, 
            "the spaces places papers people stack": 1, 
            "the tap clap tracks line the": 1, 
            "the thoughts went insane i pulled": 1, 
            "the throngs it's illogical the actions": 1, 
            "the times of such picturesque scenes": 1, 
            "the void non-bound but i can": 1, 
            "their profit massing ways to the": 1, 
            "these hands that weren't built to": 1, 
            "these i'll just go with the": 1, 
            "this is the plainness of the": 1, 
            "this is the playlist of the": 1, 
            "those who clowned me are now": 1, 
            "thoughts went insane i pulled the": 1, 
            "throngs it's illogical the actions that": 1, 
            "through the minutes when the thoughts": 1, 
            "times like these i'll just go": 1, 
            "times of such picturesque scenes can": 1, 
            "to burn in flames whether achieved": 1, 
            "to dismantle it's the cast of": 1, 
            "to fight but like a furnace": 1, 
            "to invade so i will glow": 1, 
            "to testify open your eyes realize": 2, 
            "to the crowds who've come before": 1, 
            "to the greed that fucked it": 1, 
            "to today with pain i stand": 1, 
            "today with pain i stand sane": 1, 
            "track through the minutes when the": 1, 
            "tracks line the spaces places papers": 1, 
            "typically displayed a set back ain't": 1, 
            "up and brought it down to": 1, 
            "violence with these hands that weren't": 1, 
            "void non-bound but i can say": 1, 
            "water from the tap clap tracks": 1, 
            "ways to the greed that fucked": 1, 
            "we hope to dismantle it's the": 1, 
            "went insane i pulled the picture": 1, 
            "weren't built to fight but like": 1, 
            "when the thoughts went insane i": 1, 
            "whether achieved or dismantled by the": 1, 
            "whilst all around me those who": 1, 
            "who clowned me are now drowning": 1, 
            "who've come before with their profit": 1, 
            "will glow like a lantern on": 1, 
            "with pain i stand sane and": 1, 
            "with the decisions of the masses": 1, 
            "with their profit massing ways to": 1, 
            "with these hands that weren't built": 1, 
            "witness to testify open your eyes": 2, 
            "words comin forth like water from": 1, 
            "write it off on my taxes": 1, 
            "your eyes realize electrify electrify": 1, 
            "your eyes realize electrify electrify so": 1
        }, 
        "7": {
            "": 1150, 
            "a furnace burning coal my goals are": 1, 
            "a lantern on a new moon night": 1, 
            "a new moon night i'll fight violence": 1, 
            "a set back ain't all that much": 1, 
            "a witness to testify open your eyes": 2, 
            "achieved or dismantled by the agendas displayed": 1, 
            "actions that are typically displayed a set": 1, 
            "agendas displayed can i get a witness": 1, 
            "ain't all that much problem to invade": 1, 
            "all around me those who clowned me": 1, 
            "all that much problem to invade so": 1, 
            "and blew out the mind games people": 1, 
            "and brought it down to today with": 1, 
            "and i scam and write it off": 1, 
            "and remain holding strong whilst all around": 1, 
            "and to the crowds who've come before": 1, 
            "and write it off on my taxes": 1, 
            "are bound to burn in flames whether": 1, 
            "are now drowning by the throngs it's": 1, 
            "are typically displayed a set back ain't": 1, 
            "around me those who clowned me are": 1, 
            "back ain't all that much problem to": 1, 
            "back track through the minutes when the": 1, 
            "before with their profit massing ways to": 1, 
            "blew out the mind games people say": 1, 
            "both ends of the candles scandelescent in": 1, 
            "bound to burn in flames whether achieved": 1, 
            "brought it down to today with pain": 1, 
            "built to fight but like a furnace": 1, 
            "burn in flames whether achieved or dismantled": 1, 
            "burning coal my goals are bound to": 1, 
            "but i can say this is the": 1, 
            "but like a furnace burning coal my": 1, 
            "by the agendas displayed can i get": 1, 
            "by the throngs it's illogical the actions": 1, 
            "can i get a witness to testify": 2, 
            "can say this is the plainness of": 1, 
            "candles scandelescent in the means i have": 1, 
            "cast of past dice lighting both ends": 1, 
            "clap tracks line the spaces places papers": 1, 
            "clowned me are now drowning by the": 1, 
            "coal my goals are bound to burn": 1, 
            "come before with their profit massing ways": 1, 
            "comin forth like water from the tap": 1, 
            "cover and blew out the mind games": 1, 
            "crowds who've come before with their profit": 1, 
            "decisions of the masses and to the": 1, 
            "dice lighting both ends of the candles": 1, 
            "dismantle it's the cast of past dice": 1, 
            "dismantled by the agendas displayed can i": 1, 
            "displayed a set back ain't all that": 1, 
            "displayed can i get a witness to": 1, 
            "down to today with pain i stand": 1, 
            "dreamed on the schemes reunited in the": 1, 
            "drowning by the throngs it's illogical the": 1, 
            "electrify": 1, 
            "electrify electrify": 1, 
            "electrify electrify so i plan and i": 1, 
            "electrify so i plan and i scam": 1, 
            "ends of the candles scandelescent in the": 1, 
            "eyes realize electrify electrify": 1, 
            "eyes realize electrify electrify so i plan": 1, 
            "fight but like a furnace burning coal": 1, 
            "fight violence with these hands that weren't": 1, 
            "flames whether achieved or dismantled by the": 1, 
            "forth like water from the tap clap": 1, 
            "found it's not the sorrow or the": 1, 
            "from the tap clap tracks line the": 1, 
            "fucked it up and brought it down": 1, 
            "furnace burning coal my goals are bound": 1, 
            "games people say this is the playlist": 1, 
            "get a witness to testify open your": 2, 
            "glow like a lantern on a new": 1, 
            "go with the decisions of the masses": 1, 
            "goals are bound to burn in flames": 1, 
            "greed that fucked it up and brought": 1, 
            "hands that weren't built to fight but": 1, 
            "have dreamed on the schemes reunited in": 1, 
            "holding strong whilst all around me those": 1, 
            "hope to dismantle it's the cast of": 1, 
            "i can say this is the plainness": 1, 
            "i get a witness to testify open": 2, 
            "i have dreamed on the schemes reunited": 1, 
            "i plan and i scam and write": 1, 
            "i pulled the picture off the cover": 1, 
            "i scam and write it off on": 1, 
            "i stand sane and remain holding strong": 1, 
            "i will glow like a lantern on": 1, 
            "i'll fight violence with these hands that": 1, 
            "i'll just go with the decisions of": 1, 
            "i've found it's not the sorrow or": 1, 
            "illogical the actions that are typically displayed": 1, 
            "in flames whether achieved or dismantled by": 1, 
            "in the means i have dreamed on": 1, 
            "in the times of such picturesque scenes": 1, 
            "insane i pulled the picture off the": 1, 
            "invade so i will glow like a": 1, 
            "is the plainness of the peace i've": 1, 
            "is the playlist of the void non-bound": 1, 
            "it down to today with pain i": 1, 
            "it off on my taxes it's times": 1, 
            "it up and brought it down to": 1, 
            "it's illogical the actions that are typically": 1, 
            "it's not the sorrow or the pity": 1, 
            "it's the cast of past dice lighting": 1, 
            "it's times like these i'll just go": 1, 
            "just go with the decisions of the": 1, 
            "lantern on a new moon night i'll": 1, 
            "lighting both ends of the candles scandelescent": 1, 
            "like a furnace burning coal my goals": 1, 
            "like a lantern on a new moon": 1, 
            "like these i'll just go with the": 1, 
            "like water from the tap clap tracks": 1, 
            "line the spaces places papers people stack": 1, 
            "masses and to the crowds who've come": 1, 
            "massing ways to the greed that fucked": 1, 
            "me are now drowning by the throngs": 1, 
            "me those who clowned me are now": 1, 
            "means i have dreamed on the schemes": 1, 
            "mind games people say this is the": 1, 
            "minutes when the thoughts went insane i": 1, 
            "moon night i'll fight violence with these": 1, 
            "much problem to invade so i will": 1, 
            "my goals are bound to burn in": 1, 
            "my taxes it's times like these i'll": 1, 
            "new moon night i'll fight violence with": 1, 
            "night i'll fight violence with these hands": 1, 
            "non-bound but i can say this is": 1, 
            "not the sorrow or the pity that": 1, 
            "now drowning by the throngs it's illogical": 1, 
            "of past dice lighting both ends of": 1, 
            "of such picturesque scenes can i get": 1, 
            "of the candles scandelescent in the means": 1, 
            "of the masses and to the crowds": 1, 
            "of the peace i've found it's not": 1, 
            "of the void non-bound but i can": 1, 
            "off on my taxes it's times like": 1, 
            "off the cover and blew out the": 1, 
            "on a new moon night i'll fight": 1, 
            "on my taxes it's times like these": 1, 
            "on the schemes reunited in the times": 1, 
            "open your eyes realize electrify electrify": 1, 
            "open your eyes realize electrify electrify so": 1, 
            "or dismantled by the agendas displayed can": 1, 
            "or the pity that we hope to": 1, 
            "out the mind games people say this": 1, 
            "pain i stand sane and remain holding": 1, 
            "papers people stack back track through the": 1, 
            "past dice lighting both ends of the": 1, 
            "peace i've found it's not the sorrow": 1, 
            "people say this is the playlist of": 1, 
            "people stack back track through the minutes": 1, 
            "picture off the cover and blew out": 1, 
            "picturesque scenes can i get a witness": 1, 
            "pity that we hope to dismantle it's": 1, 
            "places papers people stack back track through": 1, 
            "plainness of the peace i've found it's": 1, 
            "plan and i scam and write it": 1, 
            "playlist of the void non-bound but i": 1, 
            "problem to invade so i will glow": 1, 
            "profit massing ways to the greed that": 1, 
            "pulled the picture off the cover and": 1, 
            "realize electrify electrify": 1, 
            "realize electrify electrify so i plan and": 1, 
            "remain holding strong whilst all around me": 1, 
            "reunited in the times of such picturesque": 1, 
            "sane and remain holding strong whilst all": 1, 
            "say this is the plainness of the": 1, 
            "say this is the playlist of the": 1, 
            "scam and write it off on my": 1, 
            "scandelescent in the means i have dreamed": 1, 
            "scenes can i get a witness to": 1, 
            "schemes reunited in the times of such": 1, 
            "set back ain't all that much problem": 1, 
            "so i plan and i scam and": 1, 
            "so i will glow like a lantern": 1, 
            "sorrow or the pity that we hope": 1, 
            "spaces places papers people stack back track": 1, 
            "stack back track through the minutes when": 1, 
            "stand sane and remain holding strong whilst": 1, 
            "strong whilst all around me those who": 1, 
            "such picturesque scenes can i get a": 1, 
            "tap clap tracks line the spaces places": 1, 
            "taxes it's times like these i'll just": 1, 
            "testify open your eyes realize electrify electrify": 2, 
            "that are typically displayed a set back": 1, 
            "that fucked it up and brought it": 1, 
            "that much problem to invade so i": 1, 
            "that we hope to dismantle it's the": 1, 
            "that weren't built to fight but like": 1, 
            "the actions that are typically displayed a": 1, 
            "the agendas displayed can i get a": 1, 
            "the candles scandelescent in the means i": 1, 
            "the cast of past dice lighting both": 1, 
            "the cover and blew out the mind": 1, 
            "the crowds who've come before with their": 1, 
            "the decisions of the masses and to": 1, 
            "the greed that fucked it up and": 1, 
            "the masses and to the crowds who've": 1, 
            "the means i have dreamed on the": 1, 
            "the mind games people say this is": 1, 
            "the minutes when the thoughts went insane": 1, 
            "the peace i've found it's not the": 1, 
            "the picture off the cover and blew": 1, 
            "the pity that we hope to dismantle": 1, 
            "the plainness of the peace i've found": 1, 
            "the playlist of the void non-bound but": 1, 
            "the schemes reunited in the times of": 1, 
            "the sorrow or the pity that we": 1, 
            "the spaces places papers people stack back": 1, 
            "the tap clap tracks line the spaces": 1, 
            "the thoughts went insane i pulled the": 1, 
            "the throngs it's illogical the actions that": 1, 
            "the times of such picturesque scenes can": 1, 
            "the void non-bound but i can say": 1, 
            "their profit massing ways to the greed": 1, 
            "these hands that weren't built to fight": 1, 
            "these i'll just go with the decisions": 1, 
            "this is the plainness of the peace": 1, 
            "this is the playlist of the void": 1, 
            "those who clowned me are now drowning": 1, 
            "thoughts went insane i pulled the picture": 1, 
            "throngs it's illogical the actions that are": 1, 
            "through the minutes when the thoughts went": 1, 
            "times like these i'll just go with": 1, 
            "times of such picturesque scenes can i": 1, 
            "to burn in flames whether achieved or": 1, 
            "to dismantle it's the cast of past": 1, 
            "to fight but like a furnace burning": 1, 
            "to invade so i will glow like": 1, 
            "to testify open your eyes realize electrify": 2, 
            "to the crowds who've come before with": 1, 
            "to the greed that fucked it up": 1, 
            "to today with pain i stand sane": 1, 
            "today with pain i stand sane and": 1, 
            "track through the minutes when the thoughts": 1, 
            "tracks line the spaces places papers people": 1, 
            "typically displayed a set back ain't all": 1, 
            "up and brought it down to today": 1, 
            "violence with these hands that weren't built": 1, 
            "void non-bound but i can say this": 1, 
            "water from the tap clap tracks line": 1, 
            "ways to the greed that fucked it": 1, 
            "we hope to dismantle it's the cast": 1, 
            "went insane i pulled the picture off": 1, 
            "weren't built to fight but like a": 1, 
            "when the thoughts went insane i pulled": 1, 
            "whether achieved or dismantled by the agendas": 1, 
            "whilst all around me those who clowned": 1, 
            "who clowned me are now drowning by": 1, 
            "who've come before with their profit massing": 1, 
            "will glow like a lantern on a": 1, 
            "with pain i stand sane and remain": 1, 
            "with the decisions of the masses and": 1, 
            "with their profit massing ways to the": 1, 
            "with these hands that weren't built to": 1, 
            "witness to testify open your eyes realize": 2, 
            "words comin forth like water from the": 1, 
            "write it off on my taxes it's": 1, 
            "your eyes realize electrify electrify": 1, 
            "your eyes realize electrify electrify so i": 1
        }, 
        "8": {
            "": 1149, 
            "a furnace burning coal my goals are bound": 1, 
            "a lantern on a new moon night i'll": 1, 
            "a new moon night i'll fight violence with": 1, 
            "a set back ain't all that much problem": 1, 
            "a witness to testify open your eyes realize": 2, 
            "achieved or dismantled by the agendas displayed can": 1, 
            "actions that are typically displayed a set back": 1, 
            "agendas displayed can i get a witness to": 1, 
            "ain't all that much problem to invade so": 1, 
            "all around me those who clowned me are": 1, 
            "all that much problem to invade so i": 1, 
            "and blew out the mind games people say": 1, 
            "and brought it down to today with pain": 1, 
            "and i scam and write it off on": 1, 
            "and remain holding strong whilst all around me": 1, 
            "and to the crowds who've come before with": 1, 
            "and write it off on my taxes it's": 1, 
            "are bound to burn in flames whether achieved": 1, 
            "are now drowning by the throngs it's illogical": 1, 
            "are typically displayed a set back ain't all": 1, 
            "around me those who clowned me are now": 1, 
            "back ain't all that much problem to invade": 1, 
            "back track through the minutes when the thoughts": 1, 
            "before with their profit massing ways to the": 1, 
            "blew out the mind games people say this": 1, 
            "both ends of the candles scandelescent in the": 1, 
            "bound to burn in flames whether achieved or": 1, 
            "brought it down to today with pain i": 1, 
            "built to fight but like a furnace burning": 1, 
            "burn in flames whether achieved or dismantled by": 1, 
            "burning coal my goals are bound to burn": 1, 
            "but i can say this is the plainness": 1, 
            "but like a furnace burning coal my goals": 1, 
            "by the agendas displayed can i get a": 1, 
            "by the throngs it's illogical the actions that": 1, 
            "can i get a witness to testify open": 2, 
            "can say this is the plainness of the": 1, 
            "candles scandelescent in the means i have dreamed": 1, 
            "cast of past dice lighting both ends of": 1, 
            "clap tracks line the spaces places papers people": 1, 
            "clowned me are now drowning by the throngs": 1, 
            "coal my goals are bound to burn in": 1, 
            "come before with their profit massing ways to": 1, 
            "comin forth like water from the tap clap": 1, 
            "cover and blew out the mind games people": 1, 
            "crowds who've come before with their profit massing": 1, 
            "decisions of the masses and to the crowds": 1, 
            "dice lighting both ends of the candles scandelescent": 1, 
            "dismantle it's the cast of past dice lighting": 1, 
            "dismantled by the agendas displayed can i get": 1, 
            "displayed a set back ain't all that much": 1, 
            "displayed can i get a witness to testify": 1, 
            "down to today with pain i stand sane": 1, 
            "dreamed on the schemes reunited in the times": 1, 
            "drowning by the throngs it's illogical the actions": 1, 
            "electrify": 1, 
            "electrify electrify": 1, 
            "electrify electrify so i plan and i scam": 1, 
            "electrify so i plan and i scam and": 1, 
            "ends of the candles scandelescent in the means": 1, 
            "eyes realize electrify electrify": 1, 
            "eyes realize electrify electrify so i plan and": 1, 
            "fight but like a furnace burning coal my": 1, 
            "fight violence with these hands that weren't built": 1, 
            "flames whether achieved or dismantled by the agendas": 1, 
            "forth like water from the tap clap tracks": 1, 
            "found it's not the sorrow or the pity": 1, 
            "from the tap clap tracks line the spaces": 1, 
            "fucked it up and brought it down to": 1, 
            "furnace burning coal my goals are bound to": 1, 
            "games people say this is the playlist of": 1, 
            "get a witness to testify open your eyes": 2, 
            "glow like a lantern on a new moon": 1, 
            "go with the decisions of the masses and": 1, 
            "goals are bound to burn in flames whether": 1, 
            "greed that fucked it up and brought it": 1, 
            "hands that weren't built to fight but like": 1, 
            "have dreamed on the schemes reunited in the": 1, 
            "holding strong whilst all around me those who": 1, 
            "hope to dismantle it's the cast of past": 1, 
            "i can say this is the plainness of": 1, 
            "i get a witness to testify open your": 2, 
            "i have dreamed on the schemes reunited in": 1, 
            "i plan and i scam and write it": 1, 
            "i pulled the picture off the cover and": 1, 
            "i scam and write it off on my": 1, 
            "i stand sane and remain holding strong whilst": 1, 
            "i will glow like a lantern on a": 1, 
            "i'll fight violence with these hands that weren't": 1, 
            "i'll just go with the decisions of the": 1, 
            "i've found it's not the sorrow or the": 1, 
            "illogical the actions that are typically displayed a": 1, 
            "in flames whether achieved or dismantled by the": 1, 
            "in the means i have dreamed on the": 1, 
            "in the times of such picturesque scenes can": 1, 
            "insane i pulled the picture off the cover": 1, 
            "invade so i will glow like a lantern": 1, 
            "is the plainness of the peace i've found": 1, 
            "is the playlist of the void non-bound but": 1, 
            "it down to today with pain i stand": 1, 
            "it off on my taxes it's times like": 1, 
            "it up and brought it down to today": 1, 
            "it's illogical the actions that are typically displayed": 1, 
            "it's not the sorrow or the pity that": 1, 
            "it's the cast of past dice lighting both": 1, 
            "it's times like these i'll just go with": 1, 
            "just go with the decisions of the masses": 1, 
            "lantern on a new moon night i'll fight": 1, 
            "lighting both ends of the candles scandelescent in": 1, 
            "like a furnace burning coal my goals are": 1, 
            "like a lantern on a new moon night": 1, 
            "like these i'll just go with the decisions": 1, 
            "like water from the tap clap tracks line": 1, 
            "line the spaces places papers people stack back": 1, 
            "masses and to the crowds who've come before": 1, 
            "massing ways to the greed that fucked it": 1, 
            "me are now drowning by the throngs it's": 1, 
            "me those who clowned me are now drowning": 1, 
            "means i have dreamed on the schemes reunited": 1, 
            "mind games people say this is the playlist": 1, 
            "minutes when the thoughts went insane i pulled": 1, 
            "moon night i'll fight violence with these hands": 1, 
            "much problem to invade so i will glow": 1, 
            "my goals are bound to burn in flames": 1, 
            "my taxes it's times like these i'll just": 1, 
            "new moon night i'll fight violence with these": 1, 
            "night i'll fight violence with these hands that": 1, 
            "non-bound but i can say this is the": 1, 
            "not the sorrow or the pity that we": 1, 
            "now drowning by the throngs it's illogical the": 1, 
            "of past dice lighting both ends of the": 1, 
            "of such picturesque scenes can i get a": 1, 
            "of the candles scandelescent in the means i": 1, 
            "of the masses and to the crowds who've": 1, 
            "of the peace i've found it's not the": 1, 
            "of the void non-bound but i can say": 1, 
            "off on my taxes it's times like these": 1, 
            "off the cover and blew out the mind": 1, 
            "on a new moon night i'll fight violence": 1, 
            "on my taxes it's times like these i'll": 1, 
            "on the schemes reunited in the times of": 1, 
            "open your eyes realize electrify electrify": 1, 
            "open your eyes realize electrify electrify so i": 1, 
            "or dismantled by the agendas displayed can i": 1, 
            "or the pity that we hope to dismantle": 1, 
            "out the mind games people say this is": 1, 
            "pain i stand sane and remain holding strong": 1, 
            "papers people stack back track through the minutes": 1, 
            "past dice lighting both ends of the candles": 1, 
            "peace i've found it's not the sorrow or": 1, 
            "people say this is the playlist of the": 1, 
            "people stack back track through the minutes when": 1, 
            "picture off the cover and blew out the": 1, 
            "picturesque scenes can i get a witness to": 1, 
            "pity that we hope to dismantle it's the": 1, 
            "places papers people stack back track through the": 1, 
            "plainness of the peace i've found it's not": 1, 
            "plan and i scam and write it off": 1, 
            "playlist of the void non-bound but i can": 1, 
            "problem to invade so i will glow like": 1, 
            "profit massing ways to the greed that fucked": 1, 
            "pulled the picture off the cover and blew": 1, 
            "realize electrify electrify": 1, 
            "realize electrify electrify so i plan and i": 1, 
            "remain holding strong whilst all around me those": 1, 
            "reunited in the times of such picturesque scenes": 1, 
            "sane and remain holding strong whilst all around": 1, 
            "say this is the plainness of the peace": 1, 
            "say this is the playlist of the void": 1, 
            "scam and write it off on my taxes": 1, 
            "scandelescent in the means i have dreamed on": 1, 
            "scenes can i get a witness to testify": 1, 
            "schemes reunited in the times of such picturesque": 1, 
            "set back ain't all that much problem to": 1, 
            "so i plan and i scam and write": 1, 
            "so i will glow like a lantern on": 1, 
            "sorrow or the pity that we hope to": 1, 
            "spaces places papers people stack back track through": 1, 
            "stack back track through the minutes when the": 1, 
            "stand sane and remain holding strong whilst all": 1, 
            "strong whilst all around me those who clowned": 1, 
            "such picturesque scenes can i get a witness": 1, 
            "tap clap tracks line the spaces places papers": 1, 
            "taxes it's times like these i'll just go": 1, 
            "testify open your eyes realize electrify electrify": 1, 
            "testify open your eyes realize electrify electrify so": 1, 
            "that are typically displayed a set back ain't": 1, 
            "that fucked it up and brought it down": 1, 
            "that much problem to invade so i will": 1, 
            "that we hope to dismantle it's the cast": 1, 
            "that weren't built to fight but like a": 1, 
            "the actions that are typically displayed a set": 1, 
            "the agendas displayed can i get a witness": 1, 
            "the candles scandelescent in the means i have": 1, 
            "the cast of past dice lighting both ends": 1, 
            "the cover and blew out the mind games": 1, 
            "the crowds who've come before with their profit": 1, 
            "the decisions of the masses and to the": 1, 
            "the greed that fucked it up and brought": 1, 
            "the masses and to the crowds who've come": 1, 
            "the means i have dreamed on the schemes": 1, 
            "the mind games people say this is the": 1, 
            "the minutes when the thoughts went insane i": 1, 
            "the peace i've found it's not the sorrow": 1, 
            "the picture off the cover and blew out": 1, 
            "the pity that we hope to dismantle it's": 1, 
            "the plainness of the peace i've found it's": 1, 
            "the playlist of the void non-bound but i": 1, 
            "the schemes reunited in the times of such": 1, 
            "the sorrow or the pity that we hope": 1, 
            "the spaces places papers people stack back track": 1, 
            "the tap clap tracks line the spaces places": 1, 
            "the thoughts went insane i pulled the picture": 1, 
            "the throngs it's illogical the actions that are": 1, 
            "the times of such picturesque scenes can i": 1, 
            "the void non-bound but i can say this": 1, 
            "their profit massing ways to the greed that": 1, 
            "these hands that weren't built to fight but": 1, 
            "these i'll just go with the decisions of": 1, 
            "this is the plainness of the peace i've": 1, 
            "this is the playlist of the void non-bound": 1, 
            "those who clowned me are now drowning by": 1, 
            "thoughts went insane i pulled the picture off": 1, 
            "throngs it's illogical the actions that are typically": 1, 
            "through the minutes when the thoughts went insane": 1, 
            "times like these i'll just go with the": 1, 
            "times of such picturesque scenes can i get": 1, 
            "to burn in flames whether achieved or dismantled": 1, 
            "to dismantle it's the cast of past dice": 1, 
            "to fight but like a furnace burning coal": 1, 
            "to invade so i will glow like a": 1, 
            "to testify open your eyes realize electrify electrify": 2, 
            "to the crowds who've come before with their": 1, 
            "to the greed that fucked it up and": 1, 
            "to today with pain i stand sane and": 1, 
            "today with pain i stand sane and remain": 1, 
            "track through the minutes when the thoughts went": 1, 
            "tracks line the spaces places papers people stack": 1, 
            "typically displayed a set back ain't all that": 1, 
            "up and brought it down to today with": 1, 
            "violence with these hands that weren't built to": 1, 
            "void non-bound but i can say this is": 1, 
            "water from the tap clap tracks line the": 1, 
            "ways to the greed that fucked it up": 1, 
            "we hope to dismantle it's the cast of": 1, 
            "went insane i pulled the picture off the": 1, 
            "weren't built to fight but like a furnace": 1, 
            "when the thoughts went insane i pulled the": 1, 
            "whether achieved or dismantled by the agendas displayed": 1, 
            "whilst all around me those who clowned me": 1, 
            "who clowned me are now drowning by the": 1, 
            "who've come before with their profit massing ways": 1, 
            "will glow like a lantern on a new": 1, 
            "with pain i stand sane and remain holding": 1, 
            "with the decisions of the masses and to": 1, 
            "with their profit massing ways to the greed": 1, 
            "with these hands that weren't built to fight": 1, 
            "witness to testify open your eyes realize electrify": 2, 
            "words comin forth like water from the tap": 1, 
            "write it off on my taxes it's times": 1, 
            "your eyes realize electrify electrify": 1, 
            "your eyes realize electrify electrify so i plan": 1
        }
    }, 
    "song_title": "Electrify", 
    "total_words": [
        268, 
        {
            "a": 6, 
            "achieved": 1, 
            "actions": 1, 
            "agendas": 1, 
            "ain't": 1, 
            "all": 2, 
            "and": 6, 
            "are": 3, 
            "around": 1, 
            "back": 2, 
            "before": 1, 
            "blew": 1, 
            "both": 1, 
            "bound": 1, 
            "brought": 1, 
            "built": 1, 
            "burn": 1, 
            "burning": 1, 
            "but": 2, 
            "by": 2, 
            "can": 3, 
            "candles": 1, 
            "cast": 1, 
            "clap": 1, 
            "clowned": 1, 
            "coal": 1, 
            "come": 1, 
            "comin": 1, 
            "cover": 1, 
            "crowds": 1, 
            "decisions": 1, 
            "dice": 1, 
            "dismantle": 1, 
            "dismantled": 1, 
            "displayed": 2, 
            "down": 1, 
            "dreamed": 1, 
            "drowning": 1, 
            "electrify": 4, 
            "ends": 1, 
            "eyes": 2, 
            "fight": 2, 
            "flames": 1, 
            "forth": 1, 
            "found": 1, 
            "from": 1, 
            "fucked": 1, 
            "furnace": 1, 
            "games": 1, 
            "get": 2, 
            "glow": 1, 
            "go": 1, 
            "goals": 1, 
            "greed": 1, 
            "hands": 1, 
            "have": 1, 
            "holding": 1, 
            "hope": 1, 
            "i": 9, 
            "i'll": 2, 
            "i've": 1, 
            "illogical": 1, 
            "in": 3, 
            "insane": 1, 
            "invade": 1, 
            "is": 2, 
            "it": 3, 
            "it's": 4, 
            "just": 1, 
            "lantern": 1, 
            "lighting": 1, 
            "like": 4, 
            "line": 1, 
            "masses": 1, 
            "massing": 1, 
            "me": 2, 
            "means": 1, 
            "mind": 1, 
            "minutes": 1, 
            "moon": 1, 
            "much": 1, 
            "my": 2, 
            "new": 1, 
            "night": 1, 
            "non-bound": 1, 
            "not": 1, 
            "now": 1, 
            "of": 6, 
            "off": 2, 
            "on": 3, 
            "open": 2, 
            "or": 2, 
            "out": 1, 
            "pain": 1, 
            "papers": 1, 
            "past": 1, 
            "peace": 1, 
            "people": 2, 
            "picture": 1, 
            "picturesque": 1, 
            "pity": 1, 
            "places": 1, 
            "plainness": 1, 
            "plan": 1, 
            "playlist": 1, 
            "problem": 1, 
            "profit": 1, 
            "pulled": 1, 
            "realize": 2, 
            "remain": 1, 
            "reunited": 1, 
            "sane": 1, 
            "say": 2, 
            "scam": 1, 
            "scandelescent": 1, 
            "scenes": 1, 
            "schemes": 1, 
            "set": 1, 
            "so": 2, 
            "sorrow": 1, 
            "spaces": 1, 
            "stack": 1, 
            "stand": 1, 
            "strong": 1, 
            "such": 1, 
            "tap": 1, 
            "taxes": 1, 
            "testify": 2, 
            "that": 5, 
            "the": 25, 
            "their": 1, 
            "these": 2, 
            "this": 2, 
            "those": 1, 
            "thoughts": 1, 
            "throngs": 1, 
            "through": 1, 
            "times": 2, 
            "to": 9, 
            "today": 1, 
            "track": 1, 
            "tracks": 1, 
            "typically": 1, 
            "up": 1, 
            "violence": 1, 
            "void": 1, 
            "water": 1, 
            "ways": 1, 
            "we": 1, 
            "went": 1, 
            "weren't": 1, 
            "when": 1, 
            "whether": 1, 
            "whilst": 1, 
            "who": 1, 
            "who've": 1, 
            "will": 1, 
            "with": 4, 
            "witness": 2, 
            "words": 1, 
            "write": 1, 
            "your": 2
        }
    ], 
    "unique_words": [
        162, 
        [
            "all", 
            "peace", 
            "just", 
            "dreamed", 
            "displayed", 
            "actions", 
            "whilst", 
            "spaces", 
            "through", 
            "go", 
            "decisions", 
            "before", 
            "dice", 
            "masses", 
            "massing", 
            "to", 
            "crowds", 
            "hope", 
            "around", 
            "means", 
            "void", 
            "clowned", 
            "words", 
            "hands", 
            "not", 
            "now", 
            "plainness", 
            "realize", 
            "down", 
            "like", 
            "pulled", 
            "taxes", 
            "whether", 
            "sane", 
            "night", 
            "found", 
            "went", 
            "clap", 
            "lantern", 
            "i'll", 
            "blew", 
            "schemes", 
            "people", 
            "back", 
            "scenes", 
            "past", 
            "are", 
            "non-bound", 
            "witness", 
            "out", 
            "illogical", 
            "ways", 
            "testify", 
            "moon", 
            "new", 
            "forth", 
            "invade", 
            "ends", 
            "sorrow", 
            "burn", 
            "water", 
            "tracks", 
            "strong", 
            "come", 
            "by", 
            "pity", 
            "both", 
            "drowning", 
            "flames", 
            "of", 
            "violence", 
            "times", 
            "games", 
            "stand", 
            "or", 
            "insane", 
            "burning", 
            "profit", 
            "bound", 
            "brought", 
            "throngs", 
            "set", 
            "comin", 
            "tap", 
            "open", 
            "your", 
            "playlist", 
            "from", 
            "electrify", 
            "it's", 
            "achieved", 
            "fight", 
            "their", 
            "much", 
            "dismantled", 
            "today", 
            "eyes", 
            "i've", 
            "but", 
            "ain't", 
            "goals", 
            "line", 
            "with", 
            "those", 
            "me", 
            "places", 
            "this", 
            "up", 
            "will", 
            "cast", 
            "remain", 
            "can", 
            "candles", 
            "problem", 
            "my", 
            "and", 
            "scam", 
            "we", 
            "minutes", 
            "is", 
            "mind", 
            "it", 
            "say", 
            "have", 
            "in", 
            "these", 
            "agendas", 
            "built", 
            "picturesque", 
            "get", 
            "when", 
            "write", 
            "that", 
            "holding", 
            "papers", 
            "furnace", 
            "weren't", 
            "picture", 
            "who've", 
            "pain", 
            "track", 
            "who", 
            "dismantle", 
            "reunited", 
            "lighting", 
            "plan", 
            "fucked", 
            "such", 
            "on", 
            "stack", 
            "thoughts", 
            "glow", 
            "a", 
            "off", 
            "i", 
            "scandelescent", 
            "cover", 
            "coal", 
            "so", 
            "the", 
            "typically", 
            "greed"
        ]
    ], 
    "year": 1998
}