{
    "album": "Hello Nasty", 
    "artist": "Beastie Boys", 
    "lyrics": "What's pleasing to the eye\nIn the delusion of my sight\nIs not what I find when I reach into the light\nI have lost my mind\nI'm walking through time\nDeluded as the next guy\nPretending and hoping to find\nThat distant peace of mind\n\nI don't know\nWho does know\nThere is no\nWhere to go\n\nIt's not so simple as I try to wish\nBut then again what is?\nThere is no other worthy quest\nSo on I go\n\nI don't know\nWho does know\nThere is no\nWhere to go\n", 
    "ngrams": {
        "2": {
            "": 338, 
            "again what": 1, 
            "and hoping": 1, 
            "as i": 1, 
            "as the": 1, 
            "but then": 1, 
            "deluded as": 1, 
            "delusion of": 1, 
            "distant peace": 1, 
            "does know": 2, 
            "don't know": 2, 
            "eye in": 1, 
            "find that": 1, 
            "find when": 1, 
            "go": 1, 
            "go i": 1, 
            "go it's": 1, 
            "guy pretending": 1, 
            "have lost": 1, 
            "hoping to": 1, 
            "i don't": 2, 
            "i find": 1, 
            "i go": 1, 
            "i have": 1, 
            "i reach": 1, 
            "i try": 1, 
            "i'm walking": 1, 
            "in the": 1, 
            "into the": 1, 
            "is no": 3, 
            "is not": 1, 
            "is there": 1, 
            "it's not": 1, 
            "know there": 2, 
            "know who": 2, 
            "light i": 1, 
            "lost my": 1, 
            "mind i": 1, 
            "mind i'm": 1, 
            "my mind": 1, 
            "my sight": 1, 
            "next guy": 1, 
            "no other": 1, 
            "no where": 2, 
            "not so": 1, 
            "not what": 1, 
            "of mind": 1, 
            "of my": 1, 
            "on i": 1, 
            "other worthy": 1, 
            "peace of": 1, 
            "pleasing to": 1, 
            "pretending and": 1, 
            "quest so": 1, 
            "reach into": 1, 
            "sight is": 1, 
            "simple as": 1, 
            "so on": 1, 
            "so simple": 1, 
            "that distant": 1, 
            "the delusion": 1, 
            "the eye": 1, 
            "the light": 1, 
            "the next": 1, 
            "then again": 1, 
            "there is": 3, 
            "through time": 1, 
            "time deluded": 1, 
            "to find": 1, 
            "to go": 2, 
            "to the": 1, 
            "to wish": 1, 
            "try to": 1, 
            "walking through": 1, 
            "what i": 1, 
            "what is": 1, 
            "what's pleasing": 1, 
            "when i": 1, 
            "where to": 2, 
            "who does": 2, 
            "wish but": 1, 
            "worthy quest": 1
        }, 
        "3": {
            "": 337, 
            "again what is": 1, 
            "and hoping to": 1, 
            "as i try": 1, 
            "as the next": 1, 
            "but then again": 1, 
            "deluded as the": 1, 
            "delusion of my": 1, 
            "distant peace of": 1, 
            "does know there": 2, 
            "don't know who": 2, 
            "eye in the": 1, 
            "find that distant": 1, 
            "find when i": 1, 
            "go": 1, 
            "go i don't": 1, 
            "go it's not": 1, 
            "guy pretending and": 1, 
            "have lost my": 1, 
            "hoping to find": 1, 
            "i don't know": 2, 
            "i find when": 1, 
            "i go i": 1, 
            "i have lost": 1, 
            "i reach into": 1, 
            "i try to": 1, 
            "i'm walking through": 1, 
            "in the delusion": 1, 
            "into the light": 1, 
            "is no other": 1, 
            "is no where": 2, 
            "is not what": 1, 
            "is there is": 1, 
            "it's not so": 1, 
            "know there is": 2, 
            "know who does": 2, 
            "light i have": 1, 
            "lost my mind": 1, 
            "mind i don't": 1, 
            "mind i'm walking": 1, 
            "my mind i'm": 1, 
            "my sight is": 1, 
            "next guy pretending": 1, 
            "no other worthy": 1, 
            "no where to": 2, 
            "not so simple": 1, 
            "not what i": 1, 
            "of mind i": 1, 
            "of my sight": 1, 
            "on i go": 1, 
            "other worthy quest": 1, 
            "peace of mind": 1, 
            "pleasing to the": 1, 
            "pretending and hoping": 1, 
            "quest so on": 1, 
            "reach into the": 1, 
            "sight is not": 1, 
            "simple as i": 1, 
            "so on i": 1, 
            "so simple as": 1, 
            "that distant peace": 1, 
            "the delusion of": 1, 
            "the eye in": 1, 
            "the light i": 1, 
            "the next guy": 1, 
            "then again what": 1, 
            "there is no": 3, 
            "through time deluded": 1, 
            "time deluded as": 1, 
            "to find that": 1, 
            "to go": 1, 
            "to go it's": 1, 
            "to the eye": 1, 
            "to wish but": 1, 
            "try to wish": 1, 
            "walking through time": 1, 
            "what i find": 1, 
            "what is there": 1, 
            "what's pleasing to": 1, 
            "when i reach": 1, 
            "where to go": 2, 
            "who does know": 2, 
            "wish but then": 1, 
            "worthy quest so": 1
        }, 
        "4": {
            "": 336, 
            "again what is there": 1, 
            "and hoping to find": 1, 
            "as i try to": 1, 
            "as the next guy": 1, 
            "but then again what": 1, 
            "deluded as the next": 1, 
            "delusion of my sight": 1, 
            "distant peace of mind": 1, 
            "does know there is": 2, 
            "don't know who does": 2, 
            "eye in the delusion": 1, 
            "find that distant peace": 1, 
            "find when i reach": 1, 
            "go": 1, 
            "go i don't know": 1, 
            "go it's not so": 1, 
            "guy pretending and hoping": 1, 
            "have lost my mind": 1, 
            "hoping to find that": 1, 
            "i don't know who": 2, 
            "i find when i": 1, 
            "i go i don't": 1, 
            "i have lost my": 1, 
            "i reach into the": 1, 
            "i try to wish": 1, 
            "i'm walking through time": 1, 
            "in the delusion of": 1, 
            "into the light i": 1, 
            "is no other worthy": 1, 
            "is no where to": 2, 
            "is not what i": 1, 
            "is there is no": 1, 
            "it's not so simple": 1, 
            "know there is no": 2, 
            "know who does know": 2, 
            "light i have lost": 1, 
            "lost my mind i'm": 1, 
            "mind i don't know": 1, 
            "mind i'm walking through": 1, 
            "my mind i'm walking": 1, 
            "my sight is not": 1, 
            "next guy pretending and": 1, 
            "no other worthy quest": 1, 
            "no where to go": 2, 
            "not so simple as": 1, 
            "not what i find": 1, 
            "of mind i don't": 1, 
            "of my sight is": 1, 
            "on i go i": 1, 
            "other worthy quest so": 1, 
            "peace of mind i": 1, 
            "pleasing to the eye": 1, 
            "pretending and hoping to": 1, 
            "quest so on i": 1, 
            "reach into the light": 1, 
            "sight is not what": 1, 
            "simple as i try": 1, 
            "so on i go": 1, 
            "so simple as i": 1, 
            "that distant peace of": 1, 
            "the delusion of my": 1, 
            "the eye in the": 1, 
            "the light i have": 1, 
            "the next guy pretending": 1, 
            "then again what is": 1, 
            "there is no other": 1, 
            "there is no where": 2, 
            "through time deluded as": 1, 
            "time deluded as the": 1, 
            "to find that distant": 1, 
            "to go": 1, 
            "to go it's not": 1, 
            "to the eye in": 1, 
            "to wish but then": 1, 
            "try to wish but": 1, 
            "walking through time deluded": 1, 
            "what i find when": 1, 
            "what is there is": 1, 
            "what's pleasing to the": 1, 
            "when i reach into": 1, 
            "where to go": 1, 
            "where to go it's": 1, 
            "who does know there": 2, 
            "wish but then again": 1, 
            "worthy quest so on": 1
        }, 
        "5": {
            "": 335, 
            "again what is there is": 1, 
            "and hoping to find that": 1, 
            "as i try to wish": 1, 
            "as the next guy pretending": 1, 
            "but then again what is": 1, 
            "deluded as the next guy": 1, 
            "delusion of my sight is": 1, 
            "distant peace of mind i": 1, 
            "does know there is no": 2, 
            "don't know who does know": 2, 
            "eye in the delusion of": 1, 
            "find that distant peace of": 1, 
            "find when i reach into": 1, 
            "go": 1, 
            "go i don't know who": 1, 
            "go it's not so simple": 1, 
            "guy pretending and hoping to": 1, 
            "have lost my mind i'm": 1, 
            "hoping to find that distant": 1, 
            "i don't know who does": 2, 
            "i find when i reach": 1, 
            "i go i don't know": 1, 
            "i have lost my mind": 1, 
            "i reach into the light": 1, 
            "i try to wish but": 1, 
            "i'm walking through time deluded": 1, 
            "in the delusion of my": 1, 
            "into the light i have": 1, 
            "is no other worthy quest": 1, 
            "is no where to go": 2, 
            "is not what i find": 1, 
            "is there is no other": 1, 
            "it's not so simple as": 1, 
            "know there is no where": 2, 
            "know who does know there": 2, 
            "light i have lost my": 1, 
            "lost my mind i'm walking": 1, 
            "mind i don't know who": 1, 
            "mind i'm walking through time": 1, 
            "my mind i'm walking through": 1, 
            "my sight is not what": 1, 
            "next guy pretending and hoping": 1, 
            "no other worthy quest so": 1, 
            "no where to go": 1, 
            "no where to go it's": 1, 
            "not so simple as i": 1, 
            "not what i find when": 1, 
            "of mind i don't know": 1, 
            "of my sight is not": 1, 
            "on i go i don't": 1, 
            "other worthy quest so on": 1, 
            "peace of mind i don't": 1, 
            "pleasing to the eye in": 1, 
            "pretending and hoping to find": 1, 
            "quest so on i go": 1, 
            "reach into the light i": 1, 
            "sight is not what i": 1, 
            "simple as i try to": 1, 
            "so on i go i": 1, 
            "so simple as i try": 1, 
            "that distant peace of mind": 1, 
            "the delusion of my sight": 1, 
            "the eye in the delusion": 1, 
            "the light i have lost": 1, 
            "the next guy pretending and": 1, 
            "then again what is there": 1, 
            "there is no other worthy": 1, 
            "there is no where to": 2, 
            "through time deluded as the": 1, 
            "time deluded as the next": 1, 
            "to find that distant peace": 1, 
            "to go": 1, 
            "to go it's not so": 1, 
            "to the eye in the": 1, 
            "to wish but then again": 1, 
            "try to wish but then": 1, 
            "walking through time deluded as": 1, 
            "what i find when i": 1, 
            "what is there is no": 1, 
            "what's pleasing to the eye": 1, 
            "when i reach into the": 1, 
            "where to go": 1, 
            "where to go it's not": 1, 
            "who does know there is": 2, 
            "wish but then again what": 1, 
            "worthy quest so on i": 1
        }, 
        "6": {
            "": 334, 
            "again what is there is no": 1, 
            "and hoping to find that distant": 1, 
            "as i try to wish but": 1, 
            "as the next guy pretending and": 1, 
            "but then again what is there": 1, 
            "deluded as the next guy pretending": 1, 
            "delusion of my sight is not": 1, 
            "distant peace of mind i don't": 1, 
            "does know there is no where": 2, 
            "don't know who does know there": 2, 
            "eye in the delusion of my": 1, 
            "find that distant peace of mind": 1, 
            "find when i reach into the": 1, 
            "go": 1, 
            "go i don't know who does": 1, 
            "go it's not so simple as": 1, 
            "guy pretending and hoping to find": 1, 
            "have lost my mind i'm walking": 1, 
            "hoping to find that distant peace": 1, 
            "i don't know who does know": 2, 
            "i find when i reach into": 1, 
            "i go i don't know who": 1, 
            "i have lost my mind i'm": 1, 
            "i reach into the light i": 1, 
            "i try to wish but then": 1, 
            "i'm walking through time deluded as": 1, 
            "in the delusion of my sight": 1, 
            "into the light i have lost": 1, 
            "is no other worthy quest so": 1, 
            "is no where to go": 1, 
            "is no where to go it's": 1, 
            "is not what i find when": 1, 
            "is there is no other worthy": 1, 
            "it's not so simple as i": 1, 
            "know there is no where to": 2, 
            "know who does know there is": 2, 
            "light i have lost my mind": 1, 
            "lost my mind i'm walking through": 1, 
            "mind i don't know who does": 1, 
            "mind i'm walking through time deluded": 1, 
            "my mind i'm walking through time": 1, 
            "my sight is not what i": 1, 
            "next guy pretending and hoping to": 1, 
            "no other worthy quest so on": 1, 
            "no where to go": 1, 
            "no where to go it's not": 1, 
            "not so simple as i try": 1, 
            "not what i find when i": 1, 
            "of mind i don't know who": 1, 
            "of my sight is not what": 1, 
            "on i go i don't know": 1, 
            "other worthy quest so on i": 1, 
            "peace of mind i don't know": 1, 
            "pleasing to the eye in the": 1, 
            "pretending and hoping to find that": 1, 
            "quest so on i go i": 1, 
            "reach into the light i have": 1, 
            "sight is not what i find": 1, 
            "simple as i try to wish": 1, 
            "so on i go i don't": 1, 
            "so simple as i try to": 1, 
            "that distant peace of mind i": 1, 
            "the delusion of my sight is": 1, 
            "the eye in the delusion of": 1, 
            "the light i have lost my": 1, 
            "the next guy pretending and hoping": 1, 
            "then again what is there is": 1, 
            "there is no other worthy quest": 1, 
            "there is no where to go": 2, 
            "through time deluded as the next": 1, 
            "time deluded as the next guy": 1, 
            "to find that distant peace of": 1, 
            "to go": 1, 
            "to go it's not so simple": 1, 
            "to the eye in the delusion": 1, 
            "to wish but then again what": 1, 
            "try to wish but then again": 1, 
            "walking through time deluded as the": 1, 
            "what i find when i reach": 1, 
            "what is there is no other": 1, 
            "what's pleasing to the eye in": 1, 
            "when i reach into the light": 1, 
            "where to go": 1, 
            "where to go it's not so": 1, 
            "who does know there is no": 2, 
            "wish but then again what is": 1, 
            "worthy quest so on i go": 1
        }, 
        "7": {
            "": 333, 
            "again what is there is no other": 1, 
            "and hoping to find that distant peace": 1, 
            "as i try to wish but then": 1, 
            "as the next guy pretending and hoping": 1, 
            "but then again what is there is": 1, 
            "deluded as the next guy pretending and": 1, 
            "delusion of my sight is not what": 1, 
            "distant peace of mind i don't know": 1, 
            "does know there is no where to": 2, 
            "don't know who does know there is": 2, 
            "eye in the delusion of my sight": 1, 
            "find that distant peace of mind i": 1, 
            "find when i reach into the light": 1, 
            "go": 1, 
            "go i don't know who does know": 1, 
            "go it's not so simple as i": 1, 
            "guy pretending and hoping to find that": 1, 
            "have lost my mind i'm walking through": 1, 
            "hoping to find that distant peace of": 1, 
            "i don't know who does know there": 2, 
            "i find when i reach into the": 1, 
            "i go i don't know who does": 1, 
            "i have lost my mind i'm walking": 1, 
            "i reach into the light i have": 1, 
            "i try to wish but then again": 1, 
            "i'm walking through time deluded as the": 1, 
            "in the delusion of my sight is": 1, 
            "into the light i have lost my": 1, 
            "is no other worthy quest so on": 1, 
            "is no where to go": 1, 
            "is no where to go it's not": 1, 
            "is not what i find when i": 1, 
            "is there is no other worthy quest": 1, 
            "it's not so simple as i try": 1, 
            "know there is no where to go": 2, 
            "know who does know there is no": 2, 
            "light i have lost my mind i'm": 1, 
            "lost my mind i'm walking through time": 1, 
            "mind i don't know who does know": 1, 
            "mind i'm walking through time deluded as": 1, 
            "my mind i'm walking through time deluded": 1, 
            "my sight is not what i find": 1, 
            "next guy pretending and hoping to find": 1, 
            "no other worthy quest so on i": 1, 
            "no where to go": 1, 
            "no where to go it's not so": 1, 
            "not so simple as i try to": 1, 
            "not what i find when i reach": 1, 
            "of mind i don't know who does": 1, 
            "of my sight is not what i": 1, 
            "on i go i don't know who": 1, 
            "other worthy quest so on i go": 1, 
            "peace of mind i don't know who": 1, 
            "pleasing to the eye in the delusion": 1, 
            "pretending and hoping to find that distant": 1, 
            "quest so on i go i don't": 1, 
            "reach into the light i have lost": 1, 
            "sight is not what i find when": 1, 
            "simple as i try to wish but": 1, 
            "so on i go i don't know": 1, 
            "so simple as i try to wish": 1, 
            "that distant peace of mind i don't": 1, 
            "the delusion of my sight is not": 1, 
            "the eye in the delusion of my": 1, 
            "the light i have lost my mind": 1, 
            "the next guy pretending and hoping to": 1, 
            "then again what is there is no": 1, 
            "there is no other worthy quest so": 1, 
            "there is no where to go": 1, 
            "there is no where to go it's": 1, 
            "through time deluded as the next guy": 1, 
            "time deluded as the next guy pretending": 1, 
            "to find that distant peace of mind": 1, 
            "to go": 1, 
            "to go it's not so simple as": 1, 
            "to the eye in the delusion of": 1, 
            "to wish but then again what is": 1, 
            "try to wish but then again what": 1, 
            "walking through time deluded as the next": 1, 
            "what i find when i reach into": 1, 
            "what is there is no other worthy": 1, 
            "what's pleasing to the eye in the": 1, 
            "when i reach into the light i": 1, 
            "where to go": 1, 
            "where to go it's not so simple": 1, 
            "who does know there is no where": 2, 
            "wish but then again what is there": 1, 
            "worthy quest so on i go i": 1
        }, 
        "8": {
            "": 332, 
            "again what is there is no other worthy": 1, 
            "and hoping to find that distant peace of": 1, 
            "as i try to wish but then again": 1, 
            "as the next guy pretending and hoping to": 1, 
            "but then again what is there is no": 1, 
            "deluded as the next guy pretending and hoping": 1, 
            "delusion of my sight is not what i": 1, 
            "distant peace of mind i don't know who": 1, 
            "does know there is no where to go": 2, 
            "don't know who does know there is no": 2, 
            "eye in the delusion of my sight is": 1, 
            "find that distant peace of mind i don't": 1, 
            "find when i reach into the light i": 1, 
            "go": 1, 
            "go i don't know who does know there": 1, 
            "go it's not so simple as i try": 1, 
            "guy pretending and hoping to find that distant": 1, 
            "have lost my mind i'm walking through time": 1, 
            "hoping to find that distant peace of mind": 1, 
            "i don't know who does know there is": 2, 
            "i find when i reach into the light": 1, 
            "i go i don't know who does know": 1, 
            "i have lost my mind i'm walking through": 1, 
            "i reach into the light i have lost": 1, 
            "i try to wish but then again what": 1, 
            "i'm walking through time deluded as the next": 1, 
            "in the delusion of my sight is not": 1, 
            "into the light i have lost my mind": 1, 
            "is no other worthy quest so on i": 1, 
            "is no where to go": 1, 
            "is no where to go it's not so": 1, 
            "is not what i find when i reach": 1, 
            "is there is no other worthy quest so": 1, 
            "it's not so simple as i try to": 1, 
            "know there is no where to go": 1, 
            "know there is no where to go it's": 1, 
            "know who does know there is no where": 2, 
            "light i have lost my mind i'm walking": 1, 
            "lost my mind i'm walking through time deluded": 1, 
            "mind i don't know who does know there": 1, 
            "mind i'm walking through time deluded as the": 1, 
            "my mind i'm walking through time deluded as": 1, 
            "my sight is not what i find when": 1, 
            "next guy pretending and hoping to find that": 1, 
            "no other worthy quest so on i go": 1, 
            "no where to go": 1, 
            "no where to go it's not so simple": 1, 
            "not so simple as i try to wish": 1, 
            "not what i find when i reach into": 1, 
            "of mind i don't know who does know": 1, 
            "of my sight is not what i find": 1, 
            "on i go i don't know who does": 1, 
            "other worthy quest so on i go i": 1, 
            "peace of mind i don't know who does": 1, 
            "pleasing to the eye in the delusion of": 1, 
            "pretending and hoping to find that distant peace": 1, 
            "quest so on i go i don't know": 1, 
            "reach into the light i have lost my": 1, 
            "sight is not what i find when i": 1, 
            "simple as i try to wish but then": 1, 
            "so on i go i don't know who": 1, 
            "so simple as i try to wish but": 1, 
            "that distant peace of mind i don't know": 1, 
            "the delusion of my sight is not what": 1, 
            "the eye in the delusion of my sight": 1, 
            "the light i have lost my mind i'm": 1, 
            "the next guy pretending and hoping to find": 1, 
            "then again what is there is no other": 1, 
            "there is no other worthy quest so on": 1, 
            "there is no where to go": 1, 
            "there is no where to go it's not": 1, 
            "through time deluded as the next guy pretending": 1, 
            "time deluded as the next guy pretending and": 1, 
            "to find that distant peace of mind i": 1, 
            "to go": 1, 
            "to go it's not so simple as i": 1, 
            "to the eye in the delusion of my": 1, 
            "to wish but then again what is there": 1, 
            "try to wish but then again what is": 1, 
            "walking through time deluded as the next guy": 1, 
            "what i find when i reach into the": 1, 
            "what is there is no other worthy quest": 1, 
            "what's pleasing to the eye in the delusion": 1, 
            "when i reach into the light i have": 1, 
            "where to go": 1, 
            "where to go it's not so simple as": 1, 
            "who does know there is no where to": 2, 
            "wish but then again what is there is": 1, 
            "worthy quest so on i go i don't": 1
        }
    }, 
    "song_title": "I Don't Know", 
    "total_words": [
        94, 
        {
            "again": 1, 
            "and": 1, 
            "as": 2, 
            "but": 1, 
            "deluded": 1, 
            "delusion": 1, 
            "distant": 1, 
            "does": 2, 
            "don't": 2, 
            "eye": 1, 
            "find": 2, 
            "go": 3, 
            "guy": 1, 
            "have": 1, 
            "hoping": 1, 
            "i": 7, 
            "i'm": 1, 
            "in": 1, 
            "into": 1, 
            "is": 5, 
            "it's": 1, 
            "know": 4, 
            "light": 1, 
            "lost": 1, 
            "mind": 2, 
            "my": 2, 
            "next": 1, 
            "no": 3, 
            "not": 2, 
            "of": 2, 
            "on": 1, 
            "other": 1, 
            "peace": 1, 
            "pleasing": 1, 
            "pretending": 1, 
            "quest": 1, 
            "reach": 1, 
            "sight": 1, 
            "simple": 1, 
            "so": 2, 
            "that": 1, 
            "the": 4, 
            "then": 1, 
            "there": 3, 
            "through": 1, 
            "time": 1, 
            "to": 5, 
            "try": 1, 
            "walking": 1, 
            "what": 2, 
            "what's": 1, 
            "when": 1, 
            "where": 2, 
            "who": 2, 
            "wish": 1, 
            "worthy": 1
        }
    ], 
    "unique_words": [
        56, 
        [
            "and", 
            "walking", 
            "peace", 
            "sight", 
            "don't", 
            "simple", 
            "into", 
            "delusion", 
            "mind", 
            "as", 
            "through", 
            "have", 
            "in", 
            "go", 
            "find", 
            "hoping", 
            "again", 
            "what", 
            "eye", 
            "no", 
            "deluded", 
            "it's", 
            "there", 
            "when", 
            "next", 
            "to", 
            "does", 
            "time", 
            "pleasing", 
            "is", 
            "then", 
            "that", 
            "what's", 
            "who", 
            "reach", 
            "but", 
            "wish", 
            "quest", 
            "know", 
            "pretending", 
            "worthy", 
            "not", 
            "i'm", 
            "guy", 
            "on", 
            "lost", 
            "i", 
            "of", 
            "try", 
            "where", 
            "so", 
            "light", 
            "distant", 
            "the", 
            "my", 
            "other"
        ]
    ], 
    "year": 1998
}