{
    "album": "Hello Nasty", 
    "artist": "Beastie Boys", 
    "lyrics": "And what do you do when\nYour own man kills himself and\nHow do I make friends now\n\nAnd where is my Mom\nI need to show her that\nShe taught me\n\nAnd please let me\nDie an instant death\n", 
    "ngrams": {
        "2": {
            "": 138, 
            "an instant": 1, 
            "and how": 1, 
            "and please": 1, 
            "and what": 1, 
            "and where": 1, 
            "death": 1, 
            "die an": 1, 
            "do i": 1, 
            "do when": 1, 
            "do you": 1, 
            "friends now": 1, 
            "her that": 1, 
            "himself and": 1, 
            "how do": 1, 
            "i make": 1, 
            "i need": 1, 
            "instant death": 1, 
            "is my": 1, 
            "kills himself": 1, 
            "let me": 1, 
            "make friends": 1, 
            "man kills": 1, 
            "me and": 1, 
            "me die": 1, 
            "mom i": 1, 
            "my mom": 1, 
            "need to": 1, 
            "now and": 1, 
            "own man": 1, 
            "please let": 1, 
            "she taught": 1, 
            "show her": 1, 
            "taught me": 1, 
            "that she": 1, 
            "to show": 1, 
            "what do": 1, 
            "when your": 1, 
            "where is": 1, 
            "you do": 1, 
            "your own": 1
        }, 
        "3": {
            "": 137, 
            "an instant death": 1, 
            "and how do": 1, 
            "and please let": 1, 
            "and what do": 1, 
            "and where is": 1, 
            "death": 1, 
            "die an instant": 1, 
            "do i make": 1, 
            "do when your": 1, 
            "do you do": 1, 
            "friends now and": 1, 
            "her that she": 1, 
            "himself and how": 1, 
            "how do i": 1, 
            "i make friends": 1, 
            "i need to": 1, 
            "instant death": 1, 
            "is my mom": 1, 
            "kills himself and": 1, 
            "let me die": 1, 
            "make friends now": 1, 
            "man kills himself": 1, 
            "me and please": 1, 
            "me die an": 1, 
            "mom i need": 1, 
            "my mom i": 1, 
            "need to show": 1, 
            "now and where": 1, 
            "own man kills": 1, 
            "please let me": 1, 
            "she taught me": 1, 
            "show her that": 1, 
            "taught me and": 1, 
            "that she taught": 1, 
            "to show her": 1, 
            "what do you": 1, 
            "when your own": 1, 
            "where is my": 1, 
            "you do when": 1, 
            "your own man": 1
        }, 
        "4": {
            "": 136, 
            "an instant death": 1, 
            "and how do i": 1, 
            "and please let me": 1, 
            "and what do you": 1, 
            "and where is my": 1, 
            "death": 1, 
            "die an instant death": 1, 
            "do i make friends": 1, 
            "do when your own": 1, 
            "do you do when": 1, 
            "friends now and where": 1, 
            "her that she taught": 1, 
            "himself and how do": 1, 
            "how do i make": 1, 
            "i make friends now": 1, 
            "i need to show": 1, 
            "instant death": 1, 
            "is my mom i": 1, 
            "kills himself and how": 1, 
            "let me die an": 1, 
            "make friends now and": 1, 
            "man kills himself and": 1, 
            "me and please let": 1, 
            "me die an instant": 1, 
            "mom i need to": 1, 
            "my mom i need": 1, 
            "need to show her": 1, 
            "now and where is": 1, 
            "own man kills himself": 1, 
            "please let me die": 1, 
            "she taught me and": 1, 
            "show her that she": 1, 
            "taught me and please": 1, 
            "that she taught me": 1, 
            "to show her that": 1, 
            "what do you do": 1, 
            "when your own man": 1, 
            "where is my mom": 1, 
            "you do when your": 1, 
            "your own man kills": 1
        }, 
        "5": {
            "": 135, 
            "an instant death": 1, 
            "and how do i make": 1, 
            "and please let me die": 1, 
            "and what do you do": 1, 
            "and where is my mom": 1, 
            "death": 1, 
            "die an instant death": 1, 
            "do i make friends now": 1, 
            "do when your own man": 1, 
            "do you do when your": 1, 
            "friends now and where is": 1, 
            "her that she taught me": 1, 
            "himself and how do i": 1, 
            "how do i make friends": 1, 
            "i make friends now and": 1, 
            "i need to show her": 1, 
            "instant death": 1, 
            "is my mom i need": 1, 
            "kills himself and how do": 1, 
            "let me die an instant": 1, 
            "make friends now and where": 1, 
            "man kills himself and how": 1, 
            "me and please let me": 1, 
            "me die an instant death": 1, 
            "mom i need to show": 1, 
            "my mom i need to": 1, 
            "need to show her that": 1, 
            "now and where is my": 1, 
            "own man kills himself and": 1, 
            "please let me die an": 1, 
            "she taught me and please": 1, 
            "show her that she taught": 1, 
            "taught me and please let": 1, 
            "that she taught me and": 1, 
            "to show her that she": 1, 
            "what do you do when": 1, 
            "when your own man kills": 1, 
            "where is my mom i": 1, 
            "you do when your own": 1, 
            "your own man kills himself": 1
        }, 
        "6": {
            "": 134, 
            "an instant death": 1, 
            "and how do i make friends": 1, 
            "and please let me die an": 1, 
            "and what do you do when": 1, 
            "and where is my mom i": 1, 
            "death": 1, 
            "die an instant death": 1, 
            "do i make friends now and": 1, 
            "do when your own man kills": 1, 
            "do you do when your own": 1, 
            "friends now and where is my": 1, 
            "her that she taught me and": 1, 
            "himself and how do i make": 1, 
            "how do i make friends now": 1, 
            "i make friends now and where": 1, 
            "i need to show her that": 1, 
            "instant death": 1, 
            "is my mom i need to": 1, 
            "kills himself and how do i": 1, 
            "let me die an instant death": 1, 
            "make friends now and where is": 1, 
            "man kills himself and how do": 1, 
            "me and please let me die": 1, 
            "me die an instant death": 1, 
            "mom i need to show her": 1, 
            "my mom i need to show": 1, 
            "need to show her that she": 1, 
            "now and where is my mom": 1, 
            "own man kills himself and how": 1, 
            "please let me die an instant": 1, 
            "she taught me and please let": 1, 
            "show her that she taught me": 1, 
            "taught me and please let me": 1, 
            "that she taught me and please": 1, 
            "to show her that she taught": 1, 
            "what do you do when your": 1, 
            "when your own man kills himself": 1, 
            "where is my mom i need": 1, 
            "you do when your own man": 1, 
            "your own man kills himself and": 1
        }, 
        "7": {
            "": 133, 
            "an instant death": 1, 
            "and how do i make friends now": 1, 
            "and please let me die an instant": 1, 
            "and what do you do when your": 1, 
            "and where is my mom i need": 1, 
            "death": 1, 
            "die an instant death": 1, 
            "do i make friends now and where": 1, 
            "do when your own man kills himself": 1, 
            "do you do when your own man": 1, 
            "friends now and where is my mom": 1, 
            "her that she taught me and please": 1, 
            "himself and how do i make friends": 1, 
            "how do i make friends now and": 1, 
            "i make friends now and where is": 1, 
            "i need to show her that she": 1, 
            "instant death": 1, 
            "is my mom i need to show": 1, 
            "kills himself and how do i make": 1, 
            "let me die an instant death": 1, 
            "make friends now and where is my": 1, 
            "man kills himself and how do i": 1, 
            "me and please let me die an": 1, 
            "me die an instant death": 1, 
            "mom i need to show her that": 1, 
            "my mom i need to show her": 1, 
            "need to show her that she taught": 1, 
            "now and where is my mom i": 1, 
            "own man kills himself and how do": 1, 
            "please let me die an instant death": 1, 
            "she taught me and please let me": 1, 
            "show her that she taught me and": 1, 
            "taught me and please let me die": 1, 
            "that she taught me and please let": 1, 
            "to show her that she taught me": 1, 
            "what do you do when your own": 1, 
            "when your own man kills himself and": 1, 
            "where is my mom i need to": 1, 
            "you do when your own man kills": 1, 
            "your own man kills himself and how": 1
        }, 
        "8": {
            "": 132, 
            "an instant death": 1, 
            "and how do i make friends now and": 1, 
            "and please let me die an instant death": 1, 
            "and what do you do when your own": 1, 
            "and where is my mom i need to": 1, 
            "death": 1, 
            "die an instant death": 1, 
            "do i make friends now and where is": 1, 
            "do when your own man kills himself and": 1, 
            "do you do when your own man kills": 1, 
            "friends now and where is my mom i": 1, 
            "her that she taught me and please let": 1, 
            "himself and how do i make friends now": 1, 
            "how do i make friends now and where": 1, 
            "i make friends now and where is my": 1, 
            "i need to show her that she taught": 1, 
            "instant death": 1, 
            "is my mom i need to show her": 1, 
            "kills himself and how do i make friends": 1, 
            "let me die an instant death": 1, 
            "make friends now and where is my mom": 1, 
            "man kills himself and how do i make": 1, 
            "me and please let me die an instant": 1, 
            "me die an instant death": 1, 
            "mom i need to show her that she": 1, 
            "my mom i need to show her that": 1, 
            "need to show her that she taught me": 1, 
            "now and where is my mom i need": 1, 
            "own man kills himself and how do i": 1, 
            "please let me die an instant death": 1, 
            "she taught me and please let me die": 1, 
            "show her that she taught me and please": 1, 
            "taught me and please let me die an": 1, 
            "that she taught me and please let me": 1, 
            "to show her that she taught me and": 1, 
            "what do you do when your own man": 1, 
            "when your own man kills himself and how": 1, 
            "where is my mom i need to show": 1, 
            "you do when your own man kills himself": 1, 
            "your own man kills himself and how do": 1
        }
    }, 
    "song_title": "Instant Death", 
    "total_words": [
        40, 
        {
            "an": 1, 
            "and": 4, 
            "death": 1, 
            "die": 1, 
            "do": 3, 
            "friends": 1, 
            "her": 1, 
            "himself": 1, 
            "how": 1, 
            "i": 2, 
            "instant": 1, 
            "is": 1, 
            "kills": 1, 
            "let": 1, 
            "make": 1, 
            "man": 1, 
            "me": 2, 
            "mom": 1, 
            "my": 1, 
            "need": 1, 
            "now": 1, 
            "own": 1, 
            "please": 1, 
            "she": 1, 
            "show": 1, 
            "taught": 1, 
            "that": 1, 
            "to": 1, 
            "what": 1, 
            "when": 1, 
            "where": 1, 
            "you": 1, 
            "your": 1
        }
    ], 
    "unique_words": [
        33, 
        [
            "and", 
            "do", 
            "himself", 
            "kills", 
            "that", 
            "when", 
            "is", 
            "an", 
            "own", 
            "let", 
            "mom", 
            "need", 
            "now", 
            "friends", 
            "your", 
            "man", 
            "me", 
            "what", 
            "death", 
            "instant", 
            "her", 
            "to", 
            "i", 
            "where", 
            "make", 
            "show", 
            "please", 
            "how", 
            "taught", 
            "she", 
            "die", 
            "you", 
            "my"
        ]
    ], 
    "year": 1998
}