{
    "album": "Hello Nasty", 
    "artist": "Beastie Boys", 
    "lyrics": "Like a flag at half mast as frames click fast\nNot a thing will last as past is past\nLike stacks of thoughts that got played and worn\nUsed over and over till they were tired and torn\nLike a broken clock that can't tell time\nLike a thick ass book that's filled with wack rhymes\nLike a scorching blaze that burned the sand\nLike a band that planned and planned and planned\nAnd flew down like a raven in the dark of night\nAnd snatched up the worm helpless to fight\nAnd brought it back to the nest singing microphone check\nOne two one two this is just a test\n\nLike sand in one hand You can't hold for long\nLike scheming on a plan that goes all wrong\nLike fudge and caramel they're not the same\nAnd it's a shame all you talk is game\nYou act like a diamond waiting to be set\nIn a gold ring, as if, I bet\nAs time goes by in this give and take\nAs long as I learn I will make mistakes\nWhat do I want? What do I need?\nWhy do I want it? What's in it for me?\nIt's the imagery of technology\nIs what you get is what you see\nDon't worry your mind\nWhen you give it your best\nOne two one two this is just a test\n", 
    "ngrams": {
        "2": {
            "": 855, 
            "a band": 1, 
            "a broken": 1, 
            "a diamond": 1, 
            "a flag": 1, 
            "a gold": 1, 
            "a plan": 1, 
            "a raven": 1, 
            "a scorching": 1, 
            "a shame": 1, 
            "a test": 2, 
            "a thick": 1, 
            "a thing": 1, 
            "act like": 1, 
            "all wrong": 1, 
            "all you": 1, 
            "and brought": 1, 
            "and caramel": 1, 
            "and flew": 1, 
            "and it's": 1, 
            "and over": 1, 
            "and planned": 2, 
            "and snatched": 1, 
            "and take": 1, 
            "and torn": 1, 
            "and worn": 1, 
            "as frames": 1, 
            "as i": 1, 
            "as if,": 1, 
            "as long": 1, 
            "as past": 1, 
            "as time": 1, 
            "ass book": 1, 
            "at half": 1, 
            "back to": 1, 
            "band that": 1, 
            "be set": 1, 
            "best one": 1, 
            "bet as": 1, 
            "blaze that": 1, 
            "book that's": 1, 
            "broken clock": 1, 
            "brought it": 1, 
            "burned the": 1, 
            "by in": 1, 
            "can't hold": 1, 
            "can't tell": 1, 
            "caramel they're": 1, 
            "check one": 1, 
            "click fast": 1, 
            "clock that": 1, 
            "dark of": 1, 
            "diamond waiting": 1, 
            "do i": 3, 
            "don't worry": 1, 
            "down like": 1, 
            "fast not": 1, 
            "fight and": 1, 
            "filled with": 1, 
            "flag at": 1, 
            "flew down": 1, 
            "for long": 1, 
            "for me": 1, 
            "frames click": 1, 
            "fudge and": 1, 
            "game you": 1, 
            "get is": 1, 
            "give and": 1, 
            "give it": 1, 
            "goes all": 1, 
            "goes by": 1, 
            "gold ring,": 1, 
            "got played": 1, 
            "half mast": 1, 
            "hand you": 1, 
            "helpless to": 1, 
            "hold for": 1, 
            "i bet": 1, 
            "i learn": 1, 
            "i need": 1, 
            "i want": 2, 
            "i will": 1, 
            "if, i": 1, 
            "imagery of": 1, 
            "in a": 1, 
            "in it": 1, 
            "in one": 1, 
            "in the": 1, 
            "in this": 1, 
            "is game": 1, 
            "is just": 2, 
            "is past": 1, 
            "is what": 2, 
            "it back": 1, 
            "it for": 1, 
            "it what's": 1, 
            "it your": 1, 
            "it's a": 1, 
            "it's the": 1, 
            "just a": 2, 
            "last as": 1, 
            "learn i": 1, 
            "like a": 7, 
            "like fudge": 1, 
            "like sand": 1, 
            "like scheming": 1, 
            "like stacks": 1, 
            "long as": 1, 
            "long like": 1, 
            "make mistakes": 1, 
            "mast as": 1, 
            "me it's": 1, 
            "microphone check": 1, 
            "mind when": 1, 
            "mistakes what": 1, 
            "need why": 1, 
            "nest singing": 1, 
            "night and": 1, 
            "not a": 1, 
            "not the": 1, 
            "of night": 1, 
            "of technology": 1, 
            "of thoughts": 1, 
            "on a": 1, 
            "one hand": 1, 
            "one two": 4, 
            "over and": 1, 
            "over till": 1, 
            "past is": 1, 
            "past like": 1, 
            "plan that": 1, 
            "planned and": 3, 
            "played and": 1, 
            "raven in": 1, 
            "rhymes like": 1, 
            "ring, as": 1, 
            "same and": 1, 
            "sand in": 1, 
            "sand like": 1, 
            "scheming on": 1, 
            "scorching blaze": 1, 
            "see don't": 1, 
            "set in": 1, 
            "shame all": 1, 
            "singing microphone": 1, 
            "snatched up": 1, 
            "stacks of": 1, 
            "take as": 1, 
            "talk is": 1, 
            "technology is": 1, 
            "tell time": 1, 
            "test": 1, 
            "test like": 1, 
            "that burned": 1, 
            "that can't": 1, 
            "that goes": 1, 
            "that got": 1, 
            "that planned": 1, 
            "that's filled": 1, 
            "the dark": 1, 
            "the imagery": 1, 
            "the nest": 1, 
            "the same": 1, 
            "the sand": 1, 
            "the worm": 1, 
            "they were": 1, 
            "they're not": 1, 
            "thick ass": 1, 
            "thing will": 1, 
            "this give": 1, 
            "this is": 2, 
            "thoughts that": 1, 
            "till they": 1, 
            "time goes": 1, 
            "time like": 1, 
            "tired and": 1, 
            "to be": 1, 
            "to fight": 1, 
            "to the": 1, 
            "torn like": 1, 
            "two one": 2, 
            "two this": 2, 
            "up the": 1, 
            "used over": 1, 
            "wack rhymes": 1, 
            "waiting to": 1, 
            "want it": 1, 
            "want what": 1, 
            "were tired": 1, 
            "what do": 2, 
            "what you": 2, 
            "what's in": 1, 
            "when you": 1, 
            "why do": 1, 
            "will last": 1, 
            "will make": 1, 
            "with wack": 1, 
            "worm helpless": 1, 
            "worn used": 1, 
            "worry your": 1, 
            "wrong like": 1, 
            "you act": 1, 
            "you can't": 1, 
            "you get": 1, 
            "you give": 1, 
            "you see": 1, 
            "you talk": 1, 
            "your best": 1, 
            "your mind": 1
        }, 
        "3": {
            "": 854, 
            "a band that": 1, 
            "a broken clock": 1, 
            "a diamond waiting": 1, 
            "a flag at": 1, 
            "a gold ring,": 1, 
            "a plan that": 1, 
            "a raven in": 1, 
            "a scorching blaze": 1, 
            "a shame all": 1, 
            "a test": 1, 
            "a test like": 1, 
            "a thick ass": 1, 
            "a thing will": 1, 
            "act like a": 1, 
            "all wrong like": 1, 
            "all you talk": 1, 
            "and brought it": 1, 
            "and caramel they're": 1, 
            "and flew down": 1, 
            "and it's a": 1, 
            "and over till": 1, 
            "and planned and": 2, 
            "and snatched up": 1, 
            "and take as": 1, 
            "and torn like": 1, 
            "and worn used": 1, 
            "as frames click": 1, 
            "as i learn": 1, 
            "as if, i": 1, 
            "as long as": 1, 
            "as past is": 1, 
            "as time goes": 1, 
            "ass book that's": 1, 
            "at half mast": 1, 
            "back to the": 1, 
            "band that planned": 1, 
            "be set in": 1, 
            "best one two": 1, 
            "bet as time": 1, 
            "blaze that burned": 1, 
            "book that's filled": 1, 
            "broken clock that": 1, 
            "brought it back": 1, 
            "burned the sand": 1, 
            "by in this": 1, 
            "can't hold for": 1, 
            "can't tell time": 1, 
            "caramel they're not": 1, 
            "check one two": 1, 
            "click fast not": 1, 
            "clock that can't": 1, 
            "dark of night": 1, 
            "diamond waiting to": 1, 
            "do i need": 1, 
            "do i want": 2, 
            "don't worry your": 1, 
            "down like a": 1, 
            "fast not a": 1, 
            "fight and brought": 1, 
            "filled with wack": 1, 
            "flag at half": 1, 
            "flew down like": 1, 
            "for long like": 1, 
            "for me it's": 1, 
            "frames click fast": 1, 
            "fudge and caramel": 1, 
            "game you act": 1, 
            "get is what": 1, 
            "give and take": 1, 
            "give it your": 1, 
            "goes all wrong": 1, 
            "goes by in": 1, 
            "gold ring, as": 1, 
            "got played and": 1, 
            "half mast as": 1, 
            "hand you can't": 1, 
            "helpless to fight": 1, 
            "hold for long": 1, 
            "i bet as": 1, 
            "i learn i": 1, 
            "i need why": 1, 
            "i want it": 1, 
            "i want what": 1, 
            "i will make": 1, 
            "if, i bet": 1, 
            "imagery of technology": 1, 
            "in a gold": 1, 
            "in it for": 1, 
            "in one hand": 1, 
            "in the dark": 1, 
            "in this give": 1, 
            "is game you": 1, 
            "is just a": 2, 
            "is past like": 1, 
            "is what you": 2, 
            "it back to": 1, 
            "it for me": 1, 
            "it what's in": 1, 
            "it your best": 1, 
            "it's a shame": 1, 
            "it's the imagery": 1, 
            "just a test": 2, 
            "last as past": 1, 
            "learn i will": 1, 
            "like a band": 1, 
            "like a broken": 1, 
            "like a diamond": 1, 
            "like a flag": 1, 
            "like a raven": 1, 
            "like a scorching": 1, 
            "like a thick": 1, 
            "like fudge and": 1, 
            "like sand in": 1, 
            "like scheming on": 1, 
            "like stacks of": 1, 
            "long as i": 1, 
            "long like scheming": 1, 
            "make mistakes what": 1, 
            "mast as frames": 1, 
            "me it's the": 1, 
            "microphone check one": 1, 
            "mind when you": 1, 
            "mistakes what do": 1, 
            "need why do": 1, 
            "nest singing microphone": 1, 
            "night and snatched": 1, 
            "not a thing": 1, 
            "not the same": 1, 
            "of night and": 1, 
            "of technology is": 1, 
            "of thoughts that": 1, 
            "on a plan": 1, 
            "one hand you": 1, 
            "one two one": 2, 
            "one two this": 2, 
            "over and over": 1, 
            "over till they": 1, 
            "past is past": 1, 
            "past like stacks": 1, 
            "plan that goes": 1, 
            "planned and flew": 1, 
            "planned and planned": 2, 
            "played and worn": 1, 
            "raven in the": 1, 
            "rhymes like a": 1, 
            "ring, as if,": 1, 
            "same and it's": 1, 
            "sand in one": 1, 
            "sand like a": 1, 
            "scheming on a": 1, 
            "scorching blaze that": 1, 
            "see don't worry": 1, 
            "set in a": 1, 
            "shame all you": 1, 
            "singing microphone check": 1, 
            "snatched up the": 1, 
            "stacks of thoughts": 1, 
            "take as long": 1, 
            "talk is game": 1, 
            "technology is what": 1, 
            "tell time like": 1, 
            "test": 1, 
            "test like sand": 1, 
            "that burned the": 1, 
            "that can't tell": 1, 
            "that goes all": 1, 
            "that got played": 1, 
            "that planned and": 1, 
            "that's filled with": 1, 
            "the dark of": 1, 
            "the imagery of": 1, 
            "the nest singing": 1, 
            "the same and": 1, 
            "the sand like": 1, 
            "the worm helpless": 1, 
            "they were tired": 1, 
            "they're not the": 1, 
            "thick ass book": 1, 
            "thing will last": 1, 
            "this give and": 1, 
            "this is just": 2, 
            "thoughts that got": 1, 
            "till they were": 1, 
            "time goes by": 1, 
            "time like a": 1, 
            "tired and torn": 1, 
            "to be set": 1, 
            "to fight and": 1, 
            "to the nest": 1, 
            "torn like a": 1, 
            "two one two": 2, 
            "two this is": 2, 
            "up the worm": 1, 
            "used over and": 1, 
            "wack rhymes like": 1, 
            "waiting to be": 1, 
            "want it what's": 1, 
            "want what do": 1, 
            "were tired and": 1, 
            "what do i": 2, 
            "what you get": 1, 
            "what you see": 1, 
            "what's in it": 1, 
            "when you give": 1, 
            "why do i": 1, 
            "will last as": 1, 
            "will make mistakes": 1, 
            "with wack rhymes": 1, 
            "worm helpless to": 1, 
            "worn used over": 1, 
            "worry your mind": 1, 
            "wrong like fudge": 1, 
            "you act like": 1, 
            "you can't hold": 1, 
            "you get is": 1, 
            "you give it": 1, 
            "you see don't": 1, 
            "you talk is": 1, 
            "your best one": 1, 
            "your mind when": 1
        }, 
        "4": {
            "": 853, 
            "a band that planned": 1, 
            "a broken clock that": 1, 
            "a diamond waiting to": 1, 
            "a flag at half": 1, 
            "a gold ring, as": 1, 
            "a plan that goes": 1, 
            "a raven in the": 1, 
            "a scorching blaze that": 1, 
            "a shame all you": 1, 
            "a test": 1, 
            "a test like sand": 1, 
            "a thick ass book": 1, 
            "a thing will last": 1, 
            "act like a diamond": 1, 
            "all wrong like fudge": 1, 
            "all you talk is": 1, 
            "and brought it back": 1, 
            "and caramel they're not": 1, 
            "and flew down like": 1, 
            "and it's a shame": 1, 
            "and over till they": 1, 
            "and planned and flew": 1, 
            "and planned and planned": 1, 
            "and snatched up the": 1, 
            "and take as long": 1, 
            "and torn like a": 1, 
            "and worn used over": 1, 
            "as frames click fast": 1, 
            "as i learn i": 1, 
            "as if, i bet": 1, 
            "as long as i": 1, 
            "as past is past": 1, 
            "as time goes by": 1, 
            "ass book that's filled": 1, 
            "at half mast as": 1, 
            "back to the nest": 1, 
            "band that planned and": 1, 
            "be set in a": 1, 
            "best one two one": 1, 
            "bet as time goes": 1, 
            "blaze that burned the": 1, 
            "book that's filled with": 1, 
            "broken clock that can't": 1, 
            "brought it back to": 1, 
            "burned the sand like": 1, 
            "by in this give": 1, 
            "can't hold for long": 1, 
            "can't tell time like": 1, 
            "caramel they're not the": 1, 
            "check one two one": 1, 
            "click fast not a": 1, 
            "clock that can't tell": 1, 
            "dark of night and": 1, 
            "diamond waiting to be": 1, 
            "do i need why": 1, 
            "do i want it": 1, 
            "do i want what": 1, 
            "don't worry your mind": 1, 
            "down like a raven": 1, 
            "fast not a thing": 1, 
            "fight and brought it": 1, 
            "filled with wack rhymes": 1, 
            "flag at half mast": 1, 
            "flew down like a": 1, 
            "for long like scheming": 1, 
            "for me it's the": 1, 
            "frames click fast not": 1, 
            "fudge and caramel they're": 1, 
            "game you act like": 1, 
            "get is what you": 1, 
            "give and take as": 1, 
            "give it your best": 1, 
            "goes all wrong like": 1, 
            "goes by in this": 1, 
            "gold ring, as if,": 1, 
            "got played and worn": 1, 
            "half mast as frames": 1, 
            "hand you can't hold": 1, 
            "helpless to fight and": 1, 
            "hold for long like": 1, 
            "i bet as time": 1, 
            "i learn i will": 1, 
            "i need why do": 1, 
            "i want it what's": 1, 
            "i want what do": 1, 
            "i will make mistakes": 1, 
            "if, i bet as": 1, 
            "imagery of technology is": 1, 
            "in a gold ring,": 1, 
            "in it for me": 1, 
            "in one hand you": 1, 
            "in the dark of": 1, 
            "in this give and": 1, 
            "is game you act": 1, 
            "is just a test": 2, 
            "is past like stacks": 1, 
            "is what you get": 1, 
            "is what you see": 1, 
            "it back to the": 1, 
            "it for me it's": 1, 
            "it what's in it": 1, 
            "it your best one": 1, 
            "it's a shame all": 1, 
            "it's the imagery of": 1, 
            "just a test": 1, 
            "just a test like": 1, 
            "last as past is": 1, 
            "learn i will make": 1, 
            "like a band that": 1, 
            "like a broken clock": 1, 
            "like a diamond waiting": 1, 
            "like a flag at": 1, 
            "like a raven in": 1, 
            "like a scorching blaze": 1, 
            "like a thick ass": 1, 
            "like fudge and caramel": 1, 
            "like sand in one": 1, 
            "like scheming on a": 1, 
            "like stacks of thoughts": 1, 
            "long as i learn": 1, 
            "long like scheming on": 1, 
            "make mistakes what do": 1, 
            "mast as frames click": 1, 
            "me it's the imagery": 1, 
            "microphone check one two": 1, 
            "mind when you give": 1, 
            "mistakes what do i": 1, 
            "need why do i": 1, 
            "nest singing microphone check": 1, 
            "night and snatched up": 1, 
            "not a thing will": 1, 
            "not the same and": 1, 
            "of night and snatched": 1, 
            "of technology is what": 1, 
            "of thoughts that got": 1, 
            "on a plan that": 1, 
            "one hand you can't": 1, 
            "one two one two": 2, 
            "one two this is": 2, 
            "over and over till": 1, 
            "over till they were": 1, 
            "past is past like": 1, 
            "past like stacks of": 1, 
            "plan that goes all": 1, 
            "planned and flew down": 1, 
            "planned and planned and": 2, 
            "played and worn used": 1, 
            "raven in the dark": 1, 
            "rhymes like a scorching": 1, 
            "ring, as if, i": 1, 
            "same and it's a": 1, 
            "sand in one hand": 1, 
            "sand like a band": 1, 
            "scheming on a plan": 1, 
            "scorching blaze that burned": 1, 
            "see don't worry your": 1, 
            "set in a gold": 1, 
            "shame all you talk": 1, 
            "singing microphone check one": 1, 
            "snatched up the worm": 1, 
            "stacks of thoughts that": 1, 
            "take as long as": 1, 
            "talk is game you": 1, 
            "technology is what you": 1, 
            "tell time like a": 1, 
            "test": 1, 
            "test like sand in": 1, 
            "that burned the sand": 1, 
            "that can't tell time": 1, 
            "that goes all wrong": 1, 
            "that got played and": 1, 
            "that planned and planned": 1, 
            "that's filled with wack": 1, 
            "the dark of night": 1, 
            "the imagery of technology": 1, 
            "the nest singing microphone": 1, 
            "the same and it's": 1, 
            "the sand like a": 1, 
            "the worm helpless to": 1, 
            "they were tired and": 1, 
            "they're not the same": 1, 
            "thick ass book that's": 1, 
            "thing will last as": 1, 
            "this give and take": 1, 
            "this is just a": 2, 
            "thoughts that got played": 1, 
            "till they were tired": 1, 
            "time goes by in": 1, 
            "time like a thick": 1, 
            "tired and torn like": 1, 
            "to be set in": 1, 
            "to fight and brought": 1, 
            "to the nest singing": 1, 
            "torn like a broken": 1, 
            "two one two this": 2, 
            "two this is just": 2, 
            "up the worm helpless": 1, 
            "used over and over": 1, 
            "wack rhymes like a": 1, 
            "waiting to be set": 1, 
            "want it what's in": 1, 
            "want what do i": 1, 
            "were tired and torn": 1, 
            "what do i need": 1, 
            "what do i want": 1, 
            "what you get is": 1, 
            "what you see don't": 1, 
            "what's in it for": 1, 
            "when you give it": 1, 
            "why do i want": 1, 
            "will last as past": 1, 
            "will make mistakes what": 1, 
            "with wack rhymes like": 1, 
            "worm helpless to fight": 1, 
            "worn used over and": 1, 
            "worry your mind when": 1, 
            "wrong like fudge and": 1, 
            "you act like a": 1, 
            "you can't hold for": 1, 
            "you get is what": 1, 
            "you give it your": 1, 
            "you see don't worry": 1, 
            "you talk is game": 1, 
            "your best one two": 1, 
            "your mind when you": 1
        }, 
        "5": {
            "": 852, 
            "a band that planned and": 1, 
            "a broken clock that can't": 1, 
            "a diamond waiting to be": 1, 
            "a flag at half mast": 1, 
            "a gold ring, as if,": 1, 
            "a plan that goes all": 1, 
            "a raven in the dark": 1, 
            "a scorching blaze that burned": 1, 
            "a shame all you talk": 1, 
            "a test": 1, 
            "a test like sand in": 1, 
            "a thick ass book that's": 1, 
            "a thing will last as": 1, 
            "act like a diamond waiting": 1, 
            "all wrong like fudge and": 1, 
            "all you talk is game": 1, 
            "and brought it back to": 1, 
            "and caramel they're not the": 1, 
            "and flew down like a": 1, 
            "and it's a shame all": 1, 
            "and over till they were": 1, 
            "and planned and flew down": 1, 
            "and planned and planned and": 1, 
            "and snatched up the worm": 1, 
            "and take as long as": 1, 
            "and torn like a broken": 1, 
            "and worn used over and": 1, 
            "as frames click fast not": 1, 
            "as i learn i will": 1, 
            "as if, i bet as": 1, 
            "as long as i learn": 1, 
            "as past is past like": 1, 
            "as time goes by in": 1, 
            "ass book that's filled with": 1, 
            "at half mast as frames": 1, 
            "back to the nest singing": 1, 
            "band that planned and planned": 1, 
            "be set in a gold": 1, 
            "best one two one two": 1, 
            "bet as time goes by": 1, 
            "blaze that burned the sand": 1, 
            "book that's filled with wack": 1, 
            "broken clock that can't tell": 1, 
            "brought it back to the": 1, 
            "burned the sand like a": 1, 
            "by in this give and": 1, 
            "can't hold for long like": 1, 
            "can't tell time like a": 1, 
            "caramel they're not the same": 1, 
            "check one two one two": 1, 
            "click fast not a thing": 1, 
            "clock that can't tell time": 1, 
            "dark of night and snatched": 1, 
            "diamond waiting to be set": 1, 
            "do i need why do": 1, 
            "do i want it what's": 1, 
            "do i want what do": 1, 
            "don't worry your mind when": 1, 
            "down like a raven in": 1, 
            "fast not a thing will": 1, 
            "fight and brought it back": 1, 
            "filled with wack rhymes like": 1, 
            "flag at half mast as": 1, 
            "flew down like a raven": 1, 
            "for long like scheming on": 1, 
            "for me it's the imagery": 1, 
            "frames click fast not a": 1, 
            "fudge and caramel they're not": 1, 
            "game you act like a": 1, 
            "get is what you see": 1, 
            "give and take as long": 1, 
            "give it your best one": 1, 
            "goes all wrong like fudge": 1, 
            "goes by in this give": 1, 
            "gold ring, as if, i": 1, 
            "got played and worn used": 1, 
            "half mast as frames click": 1, 
            "hand you can't hold for": 1, 
            "helpless to fight and brought": 1, 
            "hold for long like scheming": 1, 
            "i bet as time goes": 1, 
            "i learn i will make": 1, 
            "i need why do i": 1, 
            "i want it what's in": 1, 
            "i want what do i": 1, 
            "i will make mistakes what": 1, 
            "if, i bet as time": 1, 
            "imagery of technology is what": 1, 
            "in a gold ring, as": 1, 
            "in it for me it's": 1, 
            "in one hand you can't": 1, 
            "in the dark of night": 1, 
            "in this give and take": 1, 
            "is game you act like": 1, 
            "is just a test": 1, 
            "is just a test like": 1, 
            "is past like stacks of": 1, 
            "is what you get is": 1, 
            "is what you see don't": 1, 
            "it back to the nest": 1, 
            "it for me it's the": 1, 
            "it what's in it for": 1, 
            "it your best one two": 1, 
            "it's a shame all you": 1, 
            "it's the imagery of technology": 1, 
            "just a test": 1, 
            "just a test like sand": 1, 
            "last as past is past": 1, 
            "learn i will make mistakes": 1, 
            "like a band that planned": 1, 
            "like a broken clock that": 1, 
            "like a diamond waiting to": 1, 
            "like a flag at half": 1, 
            "like a raven in the": 1, 
            "like a scorching blaze that": 1, 
            "like a thick ass book": 1, 
            "like fudge and caramel they're": 1, 
            "like sand in one hand": 1, 
            "like scheming on a plan": 1, 
            "like stacks of thoughts that": 1, 
            "long as i learn i": 1, 
            "long like scheming on a": 1, 
            "make mistakes what do i": 1, 
            "mast as frames click fast": 1, 
            "me it's the imagery of": 1, 
            "microphone check one two one": 1, 
            "mind when you give it": 1, 
            "mistakes what do i want": 1, 
            "need why do i want": 1, 
            "nest singing microphone check one": 1, 
            "night and snatched up the": 1, 
            "not a thing will last": 1, 
            "not the same and it's": 1, 
            "of night and snatched up": 1, 
            "of technology is what you": 1, 
            "of thoughts that got played": 1, 
            "on a plan that goes": 1, 
            "one hand you can't hold": 1, 
            "one two one two this": 2, 
            "one two this is just": 2, 
            "over and over till they": 1, 
            "over till they were tired": 1, 
            "past is past like stacks": 1, 
            "past like stacks of thoughts": 1, 
            "plan that goes all wrong": 1, 
            "planned and flew down like": 1, 
            "planned and planned and flew": 1, 
            "planned and planned and planned": 1, 
            "played and worn used over": 1, 
            "raven in the dark of": 1, 
            "rhymes like a scorching blaze": 1, 
            "ring, as if, i bet": 1, 
            "same and it's a shame": 1, 
            "sand in one hand you": 1, 
            "sand like a band that": 1, 
            "scheming on a plan that": 1, 
            "scorching blaze that burned the": 1, 
            "see don't worry your mind": 1, 
            "set in a gold ring,": 1, 
            "shame all you talk is": 1, 
            "singing microphone check one two": 1, 
            "snatched up the worm helpless": 1, 
            "stacks of thoughts that got": 1, 
            "take as long as i": 1, 
            "talk is game you act": 1, 
            "technology is what you get": 1, 
            "tell time like a thick": 1, 
            "test": 1, 
            "test like sand in one": 1, 
            "that burned the sand like": 1, 
            "that can't tell time like": 1, 
            "that goes all wrong like": 1, 
            "that got played and worn": 1, 
            "that planned and planned and": 1, 
            "that's filled with wack rhymes": 1, 
            "the dark of night and": 1, 
            "the imagery of technology is": 1, 
            "the nest singing microphone check": 1, 
            "the same and it's a": 1, 
            "the sand like a band": 1, 
            "the worm helpless to fight": 1, 
            "they were tired and torn": 1, 
            "they're not the same and": 1, 
            "thick ass book that's filled": 1, 
            "thing will last as past": 1, 
            "this give and take as": 1, 
            "this is just a test": 2, 
            "thoughts that got played and": 1, 
            "till they were tired and": 1, 
            "time goes by in this": 1, 
            "time like a thick ass": 1, 
            "tired and torn like a": 1, 
            "to be set in a": 1, 
            "to fight and brought it": 1, 
            "to the nest singing microphone": 1, 
            "torn like a broken clock": 1, 
            "two one two this is": 2, 
            "two this is just a": 2, 
            "up the worm helpless to": 1, 
            "used over and over till": 1, 
            "wack rhymes like a scorching": 1, 
            "waiting to be set in": 1, 
            "want it what's in it": 1, 
            "want what do i need": 1, 
            "were tired and torn like": 1, 
            "what do i need why": 1, 
            "what do i want what": 1, 
            "what you get is what": 1, 
            "what you see don't worry": 1, 
            "what's in it for me": 1, 
            "when you give it your": 1, 
            "why do i want it": 1, 
            "will last as past is": 1, 
            "will make mistakes what do": 1, 
            "with wack rhymes like a": 1, 
            "worm helpless to fight and": 1, 
            "worn used over and over": 1, 
            "worry your mind when you": 1, 
            "wrong like fudge and caramel": 1, 
            "you act like a diamond": 1, 
            "you can't hold for long": 1, 
            "you get is what you": 1, 
            "you give it your best": 1, 
            "you see don't worry your": 1, 
            "you talk is game you": 1, 
            "your best one two one": 1, 
            "your mind when you give": 1
        }, 
        "6": {
            "": 851, 
            "a band that planned and planned": 1, 
            "a broken clock that can't tell": 1, 
            "a diamond waiting to be set": 1, 
            "a flag at half mast as": 1, 
            "a gold ring, as if, i": 1, 
            "a plan that goes all wrong": 1, 
            "a raven in the dark of": 1, 
            "a scorching blaze that burned the": 1, 
            "a shame all you talk is": 1, 
            "a test": 1, 
            "a test like sand in one": 1, 
            "a thick ass book that's filled": 1, 
            "a thing will last as past": 1, 
            "act like a diamond waiting to": 1, 
            "all wrong like fudge and caramel": 1, 
            "all you talk is game you": 1, 
            "and brought it back to the": 1, 
            "and caramel they're not the same": 1, 
            "and flew down like a raven": 1, 
            "and it's a shame all you": 1, 
            "and over till they were tired": 1, 
            "and planned and flew down like": 1, 
            "and planned and planned and flew": 1, 
            "and snatched up the worm helpless": 1, 
            "and take as long as i": 1, 
            "and torn like a broken clock": 1, 
            "and worn used over and over": 1, 
            "as frames click fast not a": 1, 
            "as i learn i will make": 1, 
            "as if, i bet as time": 1, 
            "as long as i learn i": 1, 
            "as past is past like stacks": 1, 
            "as time goes by in this": 1, 
            "ass book that's filled with wack": 1, 
            "at half mast as frames click": 1, 
            "back to the nest singing microphone": 1, 
            "band that planned and planned and": 1, 
            "be set in a gold ring,": 1, 
            "best one two one two this": 1, 
            "bet as time goes by in": 1, 
            "blaze that burned the sand like": 1, 
            "book that's filled with wack rhymes": 1, 
            "broken clock that can't tell time": 1, 
            "brought it back to the nest": 1, 
            "burned the sand like a band": 1, 
            "by in this give and take": 1, 
            "can't hold for long like scheming": 1, 
            "can't tell time like a thick": 1, 
            "caramel they're not the same and": 1, 
            "check one two one two this": 1, 
            "click fast not a thing will": 1, 
            "clock that can't tell time like": 1, 
            "dark of night and snatched up": 1, 
            "diamond waiting to be set in": 1, 
            "do i need why do i": 1, 
            "do i want it what's in": 1, 
            "do i want what do i": 1, 
            "don't worry your mind when you": 1, 
            "down like a raven in the": 1, 
            "fast not a thing will last": 1, 
            "fight and brought it back to": 1, 
            "filled with wack rhymes like a": 1, 
            "flag at half mast as frames": 1, 
            "flew down like a raven in": 1, 
            "for long like scheming on a": 1, 
            "for me it's the imagery of": 1, 
            "frames click fast not a thing": 1, 
            "fudge and caramel they're not the": 1, 
            "game you act like a diamond": 1, 
            "get is what you see don't": 1, 
            "give and take as long as": 1, 
            "give it your best one two": 1, 
            "goes all wrong like fudge and": 1, 
            "goes by in this give and": 1, 
            "gold ring, as if, i bet": 1, 
            "got played and worn used over": 1, 
            "half mast as frames click fast": 1, 
            "hand you can't hold for long": 1, 
            "helpless to fight and brought it": 1, 
            "hold for long like scheming on": 1, 
            "i bet as time goes by": 1, 
            "i learn i will make mistakes": 1, 
            "i need why do i want": 1, 
            "i want it what's in it": 1, 
            "i want what do i need": 1, 
            "i will make mistakes what do": 1, 
            "if, i bet as time goes": 1, 
            "imagery of technology is what you": 1, 
            "in a gold ring, as if,": 1, 
            "in it for me it's the": 1, 
            "in one hand you can't hold": 1, 
            "in the dark of night and": 1, 
            "in this give and take as": 1, 
            "is game you act like a": 1, 
            "is just a test": 1, 
            "is just a test like sand": 1, 
            "is past like stacks of thoughts": 1, 
            "is what you get is what": 1, 
            "is what you see don't worry": 1, 
            "it back to the nest singing": 1, 
            "it for me it's the imagery": 1, 
            "it what's in it for me": 1, 
            "it your best one two one": 1, 
            "it's a shame all you talk": 1, 
            "it's the imagery of technology is": 1, 
            "just a test": 1, 
            "just a test like sand in": 1, 
            "last as past is past like": 1, 
            "learn i will make mistakes what": 1, 
            "like a band that planned and": 1, 
            "like a broken clock that can't": 1, 
            "like a diamond waiting to be": 1, 
            "like a flag at half mast": 1, 
            "like a raven in the dark": 1, 
            "like a scorching blaze that burned": 1, 
            "like a thick ass book that's": 1, 
            "like fudge and caramel they're not": 1, 
            "like sand in one hand you": 1, 
            "like scheming on a plan that": 1, 
            "like stacks of thoughts that got": 1, 
            "long as i learn i will": 1, 
            "long like scheming on a plan": 1, 
            "make mistakes what do i want": 1, 
            "mast as frames click fast not": 1, 
            "me it's the imagery of technology": 1, 
            "microphone check one two one two": 1, 
            "mind when you give it your": 1, 
            "mistakes what do i want what": 1, 
            "need why do i want it": 1, 
            "nest singing microphone check one two": 1, 
            "night and snatched up the worm": 1, 
            "not a thing will last as": 1, 
            "not the same and it's a": 1, 
            "of night and snatched up the": 1, 
            "of technology is what you get": 1, 
            "of thoughts that got played and": 1, 
            "on a plan that goes all": 1, 
            "one hand you can't hold for": 1, 
            "one two one two this is": 2, 
            "one two this is just a": 2, 
            "over and over till they were": 1, 
            "over till they were tired and": 1, 
            "past is past like stacks of": 1, 
            "past like stacks of thoughts that": 1, 
            "plan that goes all wrong like": 1, 
            "planned and flew down like a": 1, 
            "planned and planned and flew down": 1, 
            "planned and planned and planned and": 1, 
            "played and worn used over and": 1, 
            "raven in the dark of night": 1, 
            "rhymes like a scorching blaze that": 1, 
            "ring, as if, i bet as": 1, 
            "same and it's a shame all": 1, 
            "sand in one hand you can't": 1, 
            "sand like a band that planned": 1, 
            "scheming on a plan that goes": 1, 
            "scorching blaze that burned the sand": 1, 
            "see don't worry your mind when": 1, 
            "set in a gold ring, as": 1, 
            "shame all you talk is game": 1, 
            "singing microphone check one two one": 1, 
            "snatched up the worm helpless to": 1, 
            "stacks of thoughts that got played": 1, 
            "take as long as i learn": 1, 
            "talk is game you act like": 1, 
            "technology is what you get is": 1, 
            "tell time like a thick ass": 1, 
            "test": 1, 
            "test like sand in one hand": 1, 
            "that burned the sand like a": 1, 
            "that can't tell time like a": 1, 
            "that goes all wrong like fudge": 1, 
            "that got played and worn used": 1, 
            "that planned and planned and planned": 1, 
            "that's filled with wack rhymes like": 1, 
            "the dark of night and snatched": 1, 
            "the imagery of technology is what": 1, 
            "the nest singing microphone check one": 1, 
            "the same and it's a shame": 1, 
            "the sand like a band that": 1, 
            "the worm helpless to fight and": 1, 
            "they were tired and torn like": 1, 
            "they're not the same and it's": 1, 
            "thick ass book that's filled with": 1, 
            "thing will last as past is": 1, 
            "this give and take as long": 1, 
            "this is just a test": 1, 
            "this is just a test like": 1, 
            "thoughts that got played and worn": 1, 
            "till they were tired and torn": 1, 
            "time goes by in this give": 1, 
            "time like a thick ass book": 1, 
            "tired and torn like a broken": 1, 
            "to be set in a gold": 1, 
            "to fight and brought it back": 1, 
            "to the nest singing microphone check": 1, 
            "torn like a broken clock that": 1, 
            "two one two this is just": 2, 
            "two this is just a test": 2, 
            "up the worm helpless to fight": 1, 
            "used over and over till they": 1, 
            "wack rhymes like a scorching blaze": 1, 
            "waiting to be set in a": 1, 
            "want it what's in it for": 1, 
            "want what do i need why": 1, 
            "were tired and torn like a": 1, 
            "what do i need why do": 1, 
            "what do i want what do": 1, 
            "what you get is what you": 1, 
            "what you see don't worry your": 1, 
            "what's in it for me it's": 1, 
            "when you give it your best": 1, 
            "why do i want it what's": 1, 
            "will last as past is past": 1, 
            "will make mistakes what do i": 1, 
            "with wack rhymes like a scorching": 1, 
            "worm helpless to fight and brought": 1, 
            "worn used over and over till": 1, 
            "worry your mind when you give": 1, 
            "wrong like fudge and caramel they're": 1, 
            "you act like a diamond waiting": 1, 
            "you can't hold for long like": 1, 
            "you get is what you see": 1, 
            "you give it your best one": 1, 
            "you see don't worry your mind": 1, 
            "you talk is game you act": 1, 
            "your best one two one two": 1, 
            "your mind when you give it": 1
        }, 
        "7": {
            "": 850, 
            "a band that planned and planned and": 1, 
            "a broken clock that can't tell time": 1, 
            "a diamond waiting to be set in": 1, 
            "a flag at half mast as frames": 1, 
            "a gold ring, as if, i bet": 1, 
            "a plan that goes all wrong like": 1, 
            "a raven in the dark of night": 1, 
            "a scorching blaze that burned the sand": 1, 
            "a shame all you talk is game": 1, 
            "a test": 1, 
            "a test like sand in one hand": 1, 
            "a thick ass book that's filled with": 1, 
            "a thing will last as past is": 1, 
            "act like a diamond waiting to be": 1, 
            "all wrong like fudge and caramel they're": 1, 
            "all you talk is game you act": 1, 
            "and brought it back to the nest": 1, 
            "and caramel they're not the same and": 1, 
            "and flew down like a raven in": 1, 
            "and it's a shame all you talk": 1, 
            "and over till they were tired and": 1, 
            "and planned and flew down like a": 1, 
            "and planned and planned and flew down": 1, 
            "and snatched up the worm helpless to": 1, 
            "and take as long as i learn": 1, 
            "and torn like a broken clock that": 1, 
            "and worn used over and over till": 1, 
            "as frames click fast not a thing": 1, 
            "as i learn i will make mistakes": 1, 
            "as if, i bet as time goes": 1, 
            "as long as i learn i will": 1, 
            "as past is past like stacks of": 1, 
            "as time goes by in this give": 1, 
            "ass book that's filled with wack rhymes": 1, 
            "at half mast as frames click fast": 1, 
            "back to the nest singing microphone check": 1, 
            "band that planned and planned and planned": 1, 
            "be set in a gold ring, as": 1, 
            "best one two one two this is": 1, 
            "bet as time goes by in this": 1, 
            "blaze that burned the sand like a": 1, 
            "book that's filled with wack rhymes like": 1, 
            "broken clock that can't tell time like": 1, 
            "brought it back to the nest singing": 1, 
            "burned the sand like a band that": 1, 
            "by in this give and take as": 1, 
            "can't hold for long like scheming on": 1, 
            "can't tell time like a thick ass": 1, 
            "caramel they're not the same and it's": 1, 
            "check one two one two this is": 1, 
            "click fast not a thing will last": 1, 
            "clock that can't tell time like a": 1, 
            "dark of night and snatched up the": 1, 
            "diamond waiting to be set in a": 1, 
            "do i need why do i want": 1, 
            "do i want it what's in it": 1, 
            "do i want what do i need": 1, 
            "don't worry your mind when you give": 1, 
            "down like a raven in the dark": 1, 
            "fast not a thing will last as": 1, 
            "fight and brought it back to the": 1, 
            "filled with wack rhymes like a scorching": 1, 
            "flag at half mast as frames click": 1, 
            "flew down like a raven in the": 1, 
            "for long like scheming on a plan": 1, 
            "for me it's the imagery of technology": 1, 
            "frames click fast not a thing will": 1, 
            "fudge and caramel they're not the same": 1, 
            "game you act like a diamond waiting": 1, 
            "get is what you see don't worry": 1, 
            "give and take as long as i": 1, 
            "give it your best one two one": 1, 
            "goes all wrong like fudge and caramel": 1, 
            "goes by in this give and take": 1, 
            "gold ring, as if, i bet as": 1, 
            "got played and worn used over and": 1, 
            "half mast as frames click fast not": 1, 
            "hand you can't hold for long like": 1, 
            "helpless to fight and brought it back": 1, 
            "hold for long like scheming on a": 1, 
            "i bet as time goes by in": 1, 
            "i learn i will make mistakes what": 1, 
            "i need why do i want it": 1, 
            "i want it what's in it for": 1, 
            "i want what do i need why": 1, 
            "i will make mistakes what do i": 1, 
            "if, i bet as time goes by": 1, 
            "imagery of technology is what you get": 1, 
            "in a gold ring, as if, i": 1, 
            "in it for me it's the imagery": 1, 
            "in one hand you can't hold for": 1, 
            "in the dark of night and snatched": 1, 
            "in this give and take as long": 1, 
            "is game you act like a diamond": 1, 
            "is just a test": 1, 
            "is just a test like sand in": 1, 
            "is past like stacks of thoughts that": 1, 
            "is what you get is what you": 1, 
            "is what you see don't worry your": 1, 
            "it back to the nest singing microphone": 1, 
            "it for me it's the imagery of": 1, 
            "it what's in it for me it's": 1, 
            "it your best one two one two": 1, 
            "it's a shame all you talk is": 1, 
            "it's the imagery of technology is what": 1, 
            "just a test": 1, 
            "just a test like sand in one": 1, 
            "last as past is past like stacks": 1, 
            "learn i will make mistakes what do": 1, 
            "like a band that planned and planned": 1, 
            "like a broken clock that can't tell": 1, 
            "like a diamond waiting to be set": 1, 
            "like a flag at half mast as": 1, 
            "like a raven in the dark of": 1, 
            "like a scorching blaze that burned the": 1, 
            "like a thick ass book that's filled": 1, 
            "like fudge and caramel they're not the": 1, 
            "like sand in one hand you can't": 1, 
            "like scheming on a plan that goes": 1, 
            "like stacks of thoughts that got played": 1, 
            "long as i learn i will make": 1, 
            "long like scheming on a plan that": 1, 
            "make mistakes what do i want what": 1, 
            "mast as frames click fast not a": 1, 
            "me it's the imagery of technology is": 1, 
            "microphone check one two one two this": 1, 
            "mind when you give it your best": 1, 
            "mistakes what do i want what do": 1, 
            "need why do i want it what's": 1, 
            "nest singing microphone check one two one": 1, 
            "night and snatched up the worm helpless": 1, 
            "not a thing will last as past": 1, 
            "not the same and it's a shame": 1, 
            "of night and snatched up the worm": 1, 
            "of technology is what you get is": 1, 
            "of thoughts that got played and worn": 1, 
            "on a plan that goes all wrong": 1, 
            "one hand you can't hold for long": 1, 
            "one two one two this is just": 2, 
            "one two this is just a test": 2, 
            "over and over till they were tired": 1, 
            "over till they were tired and torn": 1, 
            "past is past like stacks of thoughts": 1, 
            "past like stacks of thoughts that got": 1, 
            "plan that goes all wrong like fudge": 1, 
            "planned and flew down like a raven": 1, 
            "planned and planned and flew down like": 1, 
            "planned and planned and planned and flew": 1, 
            "played and worn used over and over": 1, 
            "raven in the dark of night and": 1, 
            "rhymes like a scorching blaze that burned": 1, 
            "ring, as if, i bet as time": 1, 
            "same and it's a shame all you": 1, 
            "sand in one hand you can't hold": 1, 
            "sand like a band that planned and": 1, 
            "scheming on a plan that goes all": 1, 
            "scorching blaze that burned the sand like": 1, 
            "see don't worry your mind when you": 1, 
            "set in a gold ring, as if,": 1, 
            "shame all you talk is game you": 1, 
            "singing microphone check one two one two": 1, 
            "snatched up the worm helpless to fight": 1, 
            "stacks of thoughts that got played and": 1, 
            "take as long as i learn i": 1, 
            "talk is game you act like a": 1, 
            "technology is what you get is what": 1, 
            "tell time like a thick ass book": 1, 
            "test": 1, 
            "test like sand in one hand you": 1, 
            "that burned the sand like a band": 1, 
            "that can't tell time like a thick": 1, 
            "that goes all wrong like fudge and": 1, 
            "that got played and worn used over": 1, 
            "that planned and planned and planned and": 1, 
            "that's filled with wack rhymes like a": 1, 
            "the dark of night and snatched up": 1, 
            "the imagery of technology is what you": 1, 
            "the nest singing microphone check one two": 1, 
            "the same and it's a shame all": 1, 
            "the sand like a band that planned": 1, 
            "the worm helpless to fight and brought": 1, 
            "they were tired and torn like a": 1, 
            "they're not the same and it's a": 1, 
            "thick ass book that's filled with wack": 1, 
            "thing will last as past is past": 1, 
            "this give and take as long as": 1, 
            "this is just a test": 1, 
            "this is just a test like sand": 1, 
            "thoughts that got played and worn used": 1, 
            "till they were tired and torn like": 1, 
            "time goes by in this give and": 1, 
            "time like a thick ass book that's": 1, 
            "tired and torn like a broken clock": 1, 
            "to be set in a gold ring,": 1, 
            "to fight and brought it back to": 1, 
            "to the nest singing microphone check one": 1, 
            "torn like a broken clock that can't": 1, 
            "two one two this is just a": 2, 
            "two this is just a test": 1, 
            "two this is just a test like": 1, 
            "up the worm helpless to fight and": 1, 
            "used over and over till they were": 1, 
            "wack rhymes like a scorching blaze that": 1, 
            "waiting to be set in a gold": 1, 
            "want it what's in it for me": 1, 
            "want what do i need why do": 1, 
            "were tired and torn like a broken": 1, 
            "what do i need why do i": 1, 
            "what do i want what do i": 1, 
            "what you get is what you see": 1, 
            "what you see don't worry your mind": 1, 
            "what's in it for me it's the": 1, 
            "when you give it your best one": 1, 
            "why do i want it what's in": 1, 
            "will last as past is past like": 1, 
            "will make mistakes what do i want": 1, 
            "with wack rhymes like a scorching blaze": 1, 
            "worm helpless to fight and brought it": 1, 
            "worn used over and over till they": 1, 
            "worry your mind when you give it": 1, 
            "wrong like fudge and caramel they're not": 1, 
            "you act like a diamond waiting to": 1, 
            "you can't hold for long like scheming": 1, 
            "you get is what you see don't": 1, 
            "you give it your best one two": 1, 
            "you see don't worry your mind when": 1, 
            "you talk is game you act like": 1, 
            "your best one two one two this": 1, 
            "your mind when you give it your": 1
        }, 
        "8": {
            "": 849, 
            "a band that planned and planned and planned": 1, 
            "a broken clock that can't tell time like": 1, 
            "a diamond waiting to be set in a": 1, 
            "a flag at half mast as frames click": 1, 
            "a gold ring, as if, i bet as": 1, 
            "a plan that goes all wrong like fudge": 1, 
            "a raven in the dark of night and": 1, 
            "a scorching blaze that burned the sand like": 1, 
            "a shame all you talk is game you": 1, 
            "a test": 1, 
            "a test like sand in one hand you": 1, 
            "a thick ass book that's filled with wack": 1, 
            "a thing will last as past is past": 1, 
            "act like a diamond waiting to be set": 1, 
            "all wrong like fudge and caramel they're not": 1, 
            "all you talk is game you act like": 1, 
            "and brought it back to the nest singing": 1, 
            "and caramel they're not the same and it's": 1, 
            "and flew down like a raven in the": 1, 
            "and it's a shame all you talk is": 1, 
            "and over till they were tired and torn": 1, 
            "and planned and flew down like a raven": 1, 
            "and planned and planned and flew down like": 1, 
            "and snatched up the worm helpless to fight": 1, 
            "and take as long as i learn i": 1, 
            "and torn like a broken clock that can't": 1, 
            "and worn used over and over till they": 1, 
            "as frames click fast not a thing will": 1, 
            "as i learn i will make mistakes what": 1, 
            "as if, i bet as time goes by": 1, 
            "as long as i learn i will make": 1, 
            "as past is past like stacks of thoughts": 1, 
            "as time goes by in this give and": 1, 
            "ass book that's filled with wack rhymes like": 1, 
            "at half mast as frames click fast not": 1, 
            "back to the nest singing microphone check one": 1, 
            "band that planned and planned and planned and": 1, 
            "be set in a gold ring, as if,": 1, 
            "best one two one two this is just": 1, 
            "bet as time goes by in this give": 1, 
            "blaze that burned the sand like a band": 1, 
            "book that's filled with wack rhymes like a": 1, 
            "broken clock that can't tell time like a": 1, 
            "brought it back to the nest singing microphone": 1, 
            "burned the sand like a band that planned": 1, 
            "by in this give and take as long": 1, 
            "can't hold for long like scheming on a": 1, 
            "can't tell time like a thick ass book": 1, 
            "caramel they're not the same and it's a": 1, 
            "check one two one two this is just": 1, 
            "click fast not a thing will last as": 1, 
            "clock that can't tell time like a thick": 1, 
            "dark of night and snatched up the worm": 1, 
            "diamond waiting to be set in a gold": 1, 
            "do i need why do i want it": 1, 
            "do i want it what's in it for": 1, 
            "do i want what do i need why": 1, 
            "don't worry your mind when you give it": 1, 
            "down like a raven in the dark of": 1, 
            "fast not a thing will last as past": 1, 
            "fight and brought it back to the nest": 1, 
            "filled with wack rhymes like a scorching blaze": 1, 
            "flag at half mast as frames click fast": 1, 
            "flew down like a raven in the dark": 1, 
            "for long like scheming on a plan that": 1, 
            "for me it's the imagery of technology is": 1, 
            "frames click fast not a thing will last": 1, 
            "fudge and caramel they're not the same and": 1, 
            "game you act like a diamond waiting to": 1, 
            "get is what you see don't worry your": 1, 
            "give and take as long as i learn": 1, 
            "give it your best one two one two": 1, 
            "goes all wrong like fudge and caramel they're": 1, 
            "goes by in this give and take as": 1, 
            "gold ring, as if, i bet as time": 1, 
            "got played and worn used over and over": 1, 
            "half mast as frames click fast not a": 1, 
            "hand you can't hold for long like scheming": 1, 
            "helpless to fight and brought it back to": 1, 
            "hold for long like scheming on a plan": 1, 
            "i bet as time goes by in this": 1, 
            "i learn i will make mistakes what do": 1, 
            "i need why do i want it what's": 1, 
            "i want it what's in it for me": 1, 
            "i want what do i need why do": 1, 
            "i will make mistakes what do i want": 1, 
            "if, i bet as time goes by in": 1, 
            "imagery of technology is what you get is": 1, 
            "in a gold ring, as if, i bet": 1, 
            "in it for me it's the imagery of": 1, 
            "in one hand you can't hold for long": 1, 
            "in the dark of night and snatched up": 1, 
            "in this give and take as long as": 1, 
            "is game you act like a diamond waiting": 1, 
            "is just a test": 1, 
            "is just a test like sand in one": 1, 
            "is past like stacks of thoughts that got": 1, 
            "is what you get is what you see": 1, 
            "is what you see don't worry your mind": 1, 
            "it back to the nest singing microphone check": 1, 
            "it for me it's the imagery of technology": 1, 
            "it what's in it for me it's the": 1, 
            "it your best one two one two this": 1, 
            "it's a shame all you talk is game": 1, 
            "it's the imagery of technology is what you": 1, 
            "just a test": 1, 
            "just a test like sand in one hand": 1, 
            "last as past is past like stacks of": 1, 
            "learn i will make mistakes what do i": 1, 
            "like a band that planned and planned and": 1, 
            "like a broken clock that can't tell time": 1, 
            "like a diamond waiting to be set in": 1, 
            "like a flag at half mast as frames": 1, 
            "like a raven in the dark of night": 1, 
            "like a scorching blaze that burned the sand": 1, 
            "like a thick ass book that's filled with": 1, 
            "like fudge and caramel they're not the same": 1, 
            "like sand in one hand you can't hold": 1, 
            "like scheming on a plan that goes all": 1, 
            "like stacks of thoughts that got played and": 1, 
            "long as i learn i will make mistakes": 1, 
            "long like scheming on a plan that goes": 1, 
            "make mistakes what do i want what do": 1, 
            "mast as frames click fast not a thing": 1, 
            "me it's the imagery of technology is what": 1, 
            "microphone check one two one two this is": 1, 
            "mind when you give it your best one": 1, 
            "mistakes what do i want what do i": 1, 
            "need why do i want it what's in": 1, 
            "nest singing microphone check one two one two": 1, 
            "night and snatched up the worm helpless to": 1, 
            "not a thing will last as past is": 1, 
            "not the same and it's a shame all": 1, 
            "of night and snatched up the worm helpless": 1, 
            "of technology is what you get is what": 1, 
            "of thoughts that got played and worn used": 1, 
            "on a plan that goes all wrong like": 1, 
            "one hand you can't hold for long like": 1, 
            "one two one two this is just a": 2, 
            "one two this is just a test": 1, 
            "one two this is just a test like": 1, 
            "over and over till they were tired and": 1, 
            "over till they were tired and torn like": 1, 
            "past is past like stacks of thoughts that": 1, 
            "past like stacks of thoughts that got played": 1, 
            "plan that goes all wrong like fudge and": 1, 
            "planned and flew down like a raven in": 1, 
            "planned and planned and flew down like a": 1, 
            "planned and planned and planned and flew down": 1, 
            "played and worn used over and over till": 1, 
            "raven in the dark of night and snatched": 1, 
            "rhymes like a scorching blaze that burned the": 1, 
            "ring, as if, i bet as time goes": 1, 
            "same and it's a shame all you talk": 1, 
            "sand in one hand you can't hold for": 1, 
            "sand like a band that planned and planned": 1, 
            "scheming on a plan that goes all wrong": 1, 
            "scorching blaze that burned the sand like a": 1, 
            "see don't worry your mind when you give": 1, 
            "set in a gold ring, as if, i": 1, 
            "shame all you talk is game you act": 1, 
            "singing microphone check one two one two this": 1, 
            "snatched up the worm helpless to fight and": 1, 
            "stacks of thoughts that got played and worn": 1, 
            "take as long as i learn i will": 1, 
            "talk is game you act like a diamond": 1, 
            "technology is what you get is what you": 1, 
            "tell time like a thick ass book that's": 1, 
            "test": 1, 
            "test like sand in one hand you can't": 1, 
            "that burned the sand like a band that": 1, 
            "that can't tell time like a thick ass": 1, 
            "that goes all wrong like fudge and caramel": 1, 
            "that got played and worn used over and": 1, 
            "that planned and planned and planned and flew": 1, 
            "that's filled with wack rhymes like a scorching": 1, 
            "the dark of night and snatched up the": 1, 
            "the imagery of technology is what you get": 1, 
            "the nest singing microphone check one two one": 1, 
            "the same and it's a shame all you": 1, 
            "the sand like a band that planned and": 1, 
            "the worm helpless to fight and brought it": 1, 
            "they were tired and torn like a broken": 1, 
            "they're not the same and it's a shame": 1, 
            "thick ass book that's filled with wack rhymes": 1, 
            "thing will last as past is past like": 1, 
            "this give and take as long as i": 1, 
            "this is just a test": 1, 
            "this is just a test like sand in": 1, 
            "thoughts that got played and worn used over": 1, 
            "till they were tired and torn like a": 1, 
            "time goes by in this give and take": 1, 
            "time like a thick ass book that's filled": 1, 
            "tired and torn like a broken clock that": 1, 
            "to be set in a gold ring, as": 1, 
            "to fight and brought it back to the": 1, 
            "to the nest singing microphone check one two": 1, 
            "torn like a broken clock that can't tell": 1, 
            "two one two this is just a test": 2, 
            "two this is just a test": 1, 
            "two this is just a test like sand": 1, 
            "up the worm helpless to fight and brought": 1, 
            "used over and over till they were tired": 1, 
            "wack rhymes like a scorching blaze that burned": 1, 
            "waiting to be set in a gold ring,": 1, 
            "want it what's in it for me it's": 1, 
            "want what do i need why do i": 1, 
            "were tired and torn like a broken clock": 1, 
            "what do i need why do i want": 1, 
            "what do i want what do i need": 1, 
            "what you get is what you see don't": 1, 
            "what you see don't worry your mind when": 1, 
            "what's in it for me it's the imagery": 1, 
            "when you give it your best one two": 1, 
            "why do i want it what's in it": 1, 
            "will last as past is past like stacks": 1, 
            "will make mistakes what do i want what": 1, 
            "with wack rhymes like a scorching blaze that": 1, 
            "worm helpless to fight and brought it back": 1, 
            "worn used over and over till they were": 1, 
            "worry your mind when you give it your": 1, 
            "wrong like fudge and caramel they're not the": 1, 
            "you act like a diamond waiting to be": 1, 
            "you can't hold for long like scheming on": 1, 
            "you get is what you see don't worry": 1, 
            "you give it your best one two one": 1, 
            "you see don't worry your mind when you": 1, 
            "you talk is game you act like a": 1, 
            "your best one two one two this is": 1, 
            "your mind when you give it your best": 1
        }
    }, 
    "song_title": "Just A Tes", 
    "total_words": [
        232, 
        {
            "a": 13, 
            "act": 1, 
            "all": 2, 
            "and": 11, 
            "as": 6, 
            "ass": 1, 
            "at": 1, 
            "back": 1, 
            "band": 1, 
            "be": 1, 
            "best": 1, 
            "bet": 1, 
            "blaze": 1, 
            "book": 1, 
            "broken": 1, 
            "brought": 1, 
            "burned": 1, 
            "by": 1, 
            "can't": 2, 
            "caramel": 1, 
            "check": 1, 
            "click": 1, 
            "clock": 1, 
            "dark": 1, 
            "diamond": 1, 
            "do": 3, 
            "don't": 1, 
            "down": 1, 
            "fast": 1, 
            "fight": 1, 
            "filled": 1, 
            "flag": 1, 
            "flew": 1, 
            "for": 2, 
            "frames": 1, 
            "fudge": 1, 
            "game": 1, 
            "get": 1, 
            "give": 2, 
            "goes": 2, 
            "gold": 1, 
            "got": 1, 
            "half": 1, 
            "hand": 1, 
            "helpless": 1, 
            "hold": 1, 
            "i": 6, 
            "if,": 1, 
            "imagery": 1, 
            "in": 5, 
            "is": 6, 
            "it": 4, 
            "it's": 2, 
            "just": 2, 
            "last": 1, 
            "learn": 1, 
            "like": 11, 
            "long": 2, 
            "make": 1, 
            "mast": 1, 
            "me": 1, 
            "microphone": 1, 
            "mind": 1, 
            "mistakes": 1, 
            "need": 1, 
            "nest": 1, 
            "night": 1, 
            "not": 2, 
            "of": 3, 
            "on": 1, 
            "one": 5, 
            "over": 2, 
            "past": 2, 
            "plan": 1, 
            "planned": 3, 
            "played": 1, 
            "raven": 1, 
            "rhymes": 1, 
            "ring,": 1, 
            "same": 1, 
            "sand": 2, 
            "scheming": 1, 
            "scorching": 1, 
            "see": 1, 
            "set": 1, 
            "shame": 1, 
            "singing": 1, 
            "snatched": 1, 
            "stacks": 1, 
            "take": 1, 
            "talk": 1, 
            "technology": 1, 
            "tell": 1, 
            "test": 2, 
            "that": 5, 
            "that's": 1, 
            "the": 6, 
            "they": 1, 
            "they're": 1, 
            "thick": 1, 
            "thing": 1, 
            "this": 3, 
            "thoughts": 1, 
            "till": 1, 
            "time": 2, 
            "tired": 1, 
            "to": 3, 
            "torn": 1, 
            "two": 4, 
            "up": 1, 
            "used": 1, 
            "wack": 1, 
            "waiting": 1, 
            "want": 2, 
            "were": 1, 
            "what": 4, 
            "what's": 1, 
            "when": 1, 
            "why": 1, 
            "will": 2, 
            "with": 1, 
            "worm": 1, 
            "worn": 1, 
            "worry": 1, 
            "wrong": 1, 
            "you": 6, 
            "your": 2
        }
    ], 
    "unique_words": [
        127, 
        [
            "all", 
            "just", 
            "don't", 
            "over", 
            "one", 
            "down", 
            "night", 
            "mistakes", 
            "long", 
            "frames", 
            "thick", 
            "singing", 
            "your", 
            "wack", 
            "gold", 
            "it's", 
            "torn", 
            "two", 
            "fast", 
            "fight", 
            "to", 
            "blaze", 
            "if,", 
            "tell", 
            "raven", 
            "do", 
            "diamond", 
            "that", 
            "what's", 
            "flew", 
            "back", 
            "dark", 
            "band", 
            "flag", 
            "they", 
            "half", 
            "not", 
            "hold", 
            "with", 
            "you", 
            "me", 
            "brought", 
            "like", 
            "this", 
            "up", 
            "worn", 
            "act", 
            "will", 
            "sand", 
            "caramel", 
            "were", 
            "can't", 
            "bet", 
            "at", 
            "and", 
            "set", 
            "want", 
            "played", 
            "is", 
            "mind", 
            "it", 
            "worm", 
            "past", 
            "shame", 
            "as", 
            "rhymes", 
            "snatched", 
            "in", 
            "need", 
            "take", 
            "helpless", 
            "technology", 
            "click", 
            "best", 
            "microphone", 
            "give", 
            "for", 
            "clock", 
            "scorching", 
            "make", 
            "get", 
            "when", 
            "same", 
            "check", 
            "till", 
            "waiting", 
            "book", 
            "ring,", 
            "worry", 
            "goes", 
            "test", 
            "got", 
            "burned", 
            "fudge", 
            "filled", 
            "ass", 
            "be", 
            "used", 
            "see", 
            "nest", 
            "learn", 
            "what", 
            "hand", 
            "by", 
            "broken", 
            "wrong", 
            "plan", 
            "scheming", 
            "tired", 
            "why", 
            "thoughts", 
            "they're", 
            "a", 
            "on", 
            "imagery", 
            "last", 
            "i", 
            "of", 
            "game", 
            "thing", 
            "mast", 
            "planned", 
            "time", 
            "the", 
            "stacks", 
            "talk", 
            "that's"
        ]
    ], 
    "year": 1998
}