{
    "album": "Hello Nasty", 
    "artist": "Beastie Boys", 
    "lyrics": "Go by the name of the King Adrock (rock)\nSuper educated, I'm smarter than Spock (Spock)\nEverytime you hear me, you will agree\nAin't no brother like the K-I-D\nYou know what I mean? Yup, yeah\nI'm tellin' you with the echo...I'm tellin' you\nH-h-help me...ooh\n", 
    "ngrams": {
        "2": {
            "": 197, 
            "adrock rock": 1, 
            "agree ain't": 1, 
            "ain't no": 1, 
            "brother like": 1, 
            "by the": 1, 
            "echoi'm tellin'": 1, 
            "educated, i'm": 1, 
            "everytime you": 1, 
            "go by": 1, 
            "h-h-help meooh": 1, 
            "hear me,": 1, 
            "i mean": 1, 
            "i'm smarter": 1, 
            "i'm tellin'": 1, 
            "k-i-d you": 1, 
            "king adrock": 1, 
            "know what": 1, 
            "like the": 1, 
            "me, you": 1, 
            "mean yup,": 1, 
            "meooh": 1, 
            "name of": 1, 
            "no brother": 1, 
            "of the": 1, 
            "rock super": 1, 
            "smarter than": 1, 
            "spock everytime": 1, 
            "spock spock": 1, 
            "super educated,": 1, 
            "tellin' you": 2, 
            "than spock": 1, 
            "the echoi'm": 1, 
            "the k-i-d": 1, 
            "the king": 1, 
            "the name": 1, 
            "what i": 1, 
            "will agree": 1, 
            "with the": 1, 
            "yeah i'm": 1, 
            "you h-h-help": 1, 
            "you hear": 1, 
            "you know": 1, 
            "you will": 1, 
            "you with": 1, 
            "yup, yeah": 1
        }, 
        "3": {
            "": 196, 
            "adrock rock super": 1, 
            "agree ain't no": 1, 
            "ain't no brother": 1, 
            "brother like the": 1, 
            "by the name": 1, 
            "echoi'm tellin' you": 1, 
            "educated, i'm smarter": 1, 
            "everytime you hear": 1, 
            "go by the": 1, 
            "h-h-help meooh": 1, 
            "hear me, you": 1, 
            "i mean yup,": 1, 
            "i'm smarter than": 1, 
            "i'm tellin' you": 1, 
            "k-i-d you know": 1, 
            "king adrock rock": 1, 
            "know what i": 1, 
            "like the k-i-d": 1, 
            "me, you will": 1, 
            "mean yup, yeah": 1, 
            "meooh": 1, 
            "name of the": 1, 
            "no brother like": 1, 
            "of the king": 1, 
            "rock super educated,": 1, 
            "smarter than spock": 1, 
            "spock everytime you": 1, 
            "spock spock everytime": 1, 
            "super educated, i'm": 1, 
            "tellin' you h-h-help": 1, 
            "tellin' you with": 1, 
            "than spock spock": 1, 
            "the echoi'm tellin'": 1, 
            "the k-i-d you": 1, 
            "the king adrock": 1, 
            "the name of": 1, 
            "what i mean": 1, 
            "will agree ain't": 1, 
            "with the echoi'm": 1, 
            "yeah i'm tellin'": 1, 
            "you h-h-help meooh": 1, 
            "you hear me,": 1, 
            "you know what": 1, 
            "you will agree": 1, 
            "you with the": 1, 
            "yup, yeah i'm": 1
        }, 
        "4": {
            "": 195, 
            "adrock rock super educated,": 1, 
            "agree ain't no brother": 1, 
            "ain't no brother like": 1, 
            "brother like the k-i-d": 1, 
            "by the name of": 1, 
            "echoi'm tellin' you h-h-help": 1, 
            "educated, i'm smarter than": 1, 
            "everytime you hear me,": 1, 
            "go by the name": 1, 
            "h-h-help meooh": 1, 
            "hear me, you will": 1, 
            "i mean yup, yeah": 1, 
            "i'm smarter than spock": 1, 
            "i'm tellin' you with": 1, 
            "k-i-d you know what": 1, 
            "king adrock rock super": 1, 
            "know what i mean": 1, 
            "like the k-i-d you": 1, 
            "me, you will agree": 1, 
            "mean yup, yeah i'm": 1, 
            "meooh": 1, 
            "name of the king": 1, 
            "no brother like the": 1, 
            "of the king adrock": 1, 
            "rock super educated, i'm": 1, 
            "smarter than spock spock": 1, 
            "spock everytime you hear": 1, 
            "spock spock everytime you": 1, 
            "super educated, i'm smarter": 1, 
            "tellin' you h-h-help meooh": 1, 
            "tellin' you with the": 1, 
            "than spock spock everytime": 1, 
            "the echoi'm tellin' you": 1, 
            "the k-i-d you know": 1, 
            "the king adrock rock": 1, 
            "the name of the": 1, 
            "what i mean yup,": 1, 
            "will agree ain't no": 1, 
            "with the echoi'm tellin'": 1, 
            "yeah i'm tellin' you": 1, 
            "you h-h-help meooh": 1, 
            "you hear me, you": 1, 
            "you know what i": 1, 
            "you will agree ain't": 1, 
            "you with the echoi'm": 1, 
            "yup, yeah i'm tellin'": 1
        }, 
        "5": {
            "": 194, 
            "adrock rock super educated, i'm": 1, 
            "agree ain't no brother like": 1, 
            "ain't no brother like the": 1, 
            "brother like the k-i-d you": 1, 
            "by the name of the": 1, 
            "echoi'm tellin' you h-h-help meooh": 1, 
            "educated, i'm smarter than spock": 1, 
            "everytime you hear me, you": 1, 
            "go by the name of": 1, 
            "h-h-help meooh": 1, 
            "hear me, you will agree": 1, 
            "i mean yup, yeah i'm": 1, 
            "i'm smarter than spock spock": 1, 
            "i'm tellin' you with the": 1, 
            "k-i-d you know what i": 1, 
            "king adrock rock super educated,": 1, 
            "know what i mean yup,": 1, 
            "like the k-i-d you know": 1, 
            "me, you will agree ain't": 1, 
            "mean yup, yeah i'm tellin'": 1, 
            "meooh": 1, 
            "name of the king adrock": 1, 
            "no brother like the k-i-d": 1, 
            "of the king adrock rock": 1, 
            "rock super educated, i'm smarter": 1, 
            "smarter than spock spock everytime": 1, 
            "spock everytime you hear me,": 1, 
            "spock spock everytime you hear": 1, 
            "super educated, i'm smarter than": 1, 
            "tellin' you h-h-help meooh": 1, 
            "tellin' you with the echoi'm": 1, 
            "than spock spock everytime you": 1, 
            "the echoi'm tellin' you h-h-help": 1, 
            "the k-i-d you know what": 1, 
            "the king adrock rock super": 1, 
            "the name of the king": 1, 
            "what i mean yup, yeah": 1, 
            "will agree ain't no brother": 1, 
            "with the echoi'm tellin' you": 1, 
            "yeah i'm tellin' you with": 1, 
            "you h-h-help meooh": 1, 
            "you hear me, you will": 1, 
            "you know what i mean": 1, 
            "you will agree ain't no": 1, 
            "you with the echoi'm tellin'": 1, 
            "yup, yeah i'm tellin' you": 1
        }, 
        "6": {
            "": 193, 
            "adrock rock super educated, i'm smarter": 1, 
            "agree ain't no brother like the": 1, 
            "ain't no brother like the k-i-d": 1, 
            "brother like the k-i-d you know": 1, 
            "by the name of the king": 1, 
            "echoi'm tellin' you h-h-help meooh": 1, 
            "educated, i'm smarter than spock spock": 1, 
            "everytime you hear me, you will": 1, 
            "go by the name of the": 1, 
            "h-h-help meooh": 1, 
            "hear me, you will agree ain't": 1, 
            "i mean yup, yeah i'm tellin'": 1, 
            "i'm smarter than spock spock everytime": 1, 
            "i'm tellin' you with the echoi'm": 1, 
            "k-i-d you know what i mean": 1, 
            "king adrock rock super educated, i'm": 1, 
            "know what i mean yup, yeah": 1, 
            "like the k-i-d you know what": 1, 
            "me, you will agree ain't no": 1, 
            "mean yup, yeah i'm tellin' you": 1, 
            "meooh": 1, 
            "name of the king adrock rock": 1, 
            "no brother like the k-i-d you": 1, 
            "of the king adrock rock super": 1, 
            "rock super educated, i'm smarter than": 1, 
            "smarter than spock spock everytime you": 1, 
            "spock everytime you hear me, you": 1, 
            "spock spock everytime you hear me,": 1, 
            "super educated, i'm smarter than spock": 1, 
            "tellin' you h-h-help meooh": 1, 
            "tellin' you with the echoi'm tellin'": 1, 
            "than spock spock everytime you hear": 1, 
            "the echoi'm tellin' you h-h-help meooh": 1, 
            "the k-i-d you know what i": 1, 
            "the king adrock rock super educated,": 1, 
            "the name of the king adrock": 1, 
            "what i mean yup, yeah i'm": 1, 
            "will agree ain't no brother like": 1, 
            "with the echoi'm tellin' you h-h-help": 1, 
            "yeah i'm tellin' you with the": 1, 
            "you h-h-help meooh": 1, 
            "you hear me, you will agree": 1, 
            "you know what i mean yup,": 1, 
            "you will agree ain't no brother": 1, 
            "you with the echoi'm tellin' you": 1, 
            "yup, yeah i'm tellin' you with": 1
        }, 
        "7": {
            "": 192, 
            "adrock rock super educated, i'm smarter than": 1, 
            "agree ain't no brother like the k-i-d": 1, 
            "ain't no brother like the k-i-d you": 1, 
            "brother like the k-i-d you know what": 1, 
            "by the name of the king adrock": 1, 
            "echoi'm tellin' you h-h-help meooh": 1, 
            "educated, i'm smarter than spock spock everytime": 1, 
            "everytime you hear me, you will agree": 1, 
            "go by the name of the king": 1, 
            "h-h-help meooh": 1, 
            "hear me, you will agree ain't no": 1, 
            "i mean yup, yeah i'm tellin' you": 1, 
            "i'm smarter than spock spock everytime you": 1, 
            "i'm tellin' you with the echoi'm tellin'": 1, 
            "k-i-d you know what i mean yup,": 1, 
            "king adrock rock super educated, i'm smarter": 1, 
            "know what i mean yup, yeah i'm": 1, 
            "like the k-i-d you know what i": 1, 
            "me, you will agree ain't no brother": 1, 
            "mean yup, yeah i'm tellin' you with": 1, 
            "meooh": 1, 
            "name of the king adrock rock super": 1, 
            "no brother like the k-i-d you know": 1, 
            "of the king adrock rock super educated,": 1, 
            "rock super educated, i'm smarter than spock": 1, 
            "smarter than spock spock everytime you hear": 1, 
            "spock everytime you hear me, you will": 1, 
            "spock spock everytime you hear me, you": 1, 
            "super educated, i'm smarter than spock spock": 1, 
            "tellin' you h-h-help meooh": 1, 
            "tellin' you with the echoi'm tellin' you": 1, 
            "than spock spock everytime you hear me,": 1, 
            "the echoi'm tellin' you h-h-help meooh": 1, 
            "the k-i-d you know what i mean": 1, 
            "the king adrock rock super educated, i'm": 1, 
            "the name of the king adrock rock": 1, 
            "what i mean yup, yeah i'm tellin'": 1, 
            "will agree ain't no brother like the": 1, 
            "with the echoi'm tellin' you h-h-help meooh": 1, 
            "yeah i'm tellin' you with the echoi'm": 1, 
            "you h-h-help meooh": 1, 
            "you hear me, you will agree ain't": 1, 
            "you know what i mean yup, yeah": 1, 
            "you will agree ain't no brother like": 1, 
            "you with the echoi'm tellin' you h-h-help": 1, 
            "yup, yeah i'm tellin' you with the": 1
        }, 
        "8": {
            "": 191, 
            "adrock rock super educated, i'm smarter than spock": 1, 
            "agree ain't no brother like the k-i-d you": 1, 
            "ain't no brother like the k-i-d you know": 1, 
            "brother like the k-i-d you know what i": 1, 
            "by the name of the king adrock rock": 1, 
            "echoi'm tellin' you h-h-help meooh": 1, 
            "educated, i'm smarter than spock spock everytime you": 1, 
            "everytime you hear me, you will agree ain't": 1, 
            "go by the name of the king adrock": 1, 
            "h-h-help meooh": 1, 
            "hear me, you will agree ain't no brother": 1, 
            "i mean yup, yeah i'm tellin' you with": 1, 
            "i'm smarter than spock spock everytime you hear": 1, 
            "i'm tellin' you with the echoi'm tellin' you": 1, 
            "k-i-d you know what i mean yup, yeah": 1, 
            "king adrock rock super educated, i'm smarter than": 1, 
            "know what i mean yup, yeah i'm tellin'": 1, 
            "like the k-i-d you know what i mean": 1, 
            "me, you will agree ain't no brother like": 1, 
            "mean yup, yeah i'm tellin' you with the": 1, 
            "meooh": 1, 
            "name of the king adrock rock super educated,": 1, 
            "no brother like the k-i-d you know what": 1, 
            "of the king adrock rock super educated, i'm": 1, 
            "rock super educated, i'm smarter than spock spock": 1, 
            "smarter than spock spock everytime you hear me,": 1, 
            "spock everytime you hear me, you will agree": 1, 
            "spock spock everytime you hear me, you will": 1, 
            "super educated, i'm smarter than spock spock everytime": 1, 
            "tellin' you h-h-help meooh": 1, 
            "tellin' you with the echoi'm tellin' you h-h-help": 1, 
            "than spock spock everytime you hear me, you": 1, 
            "the echoi'm tellin' you h-h-help meooh": 1, 
            "the k-i-d you know what i mean yup,": 1, 
            "the king adrock rock super educated, i'm smarter": 1, 
            "the name of the king adrock rock super": 1, 
            "what i mean yup, yeah i'm tellin' you": 1, 
            "will agree ain't no brother like the k-i-d": 1, 
            "with the echoi'm tellin' you h-h-help meooh": 1, 
            "yeah i'm tellin' you with the echoi'm tellin'": 1, 
            "you h-h-help meooh": 1, 
            "you hear me, you will agree ain't no": 1, 
            "you know what i mean yup, yeah i'm": 1, 
            "you will agree ain't no brother like the": 1, 
            "you with the echoi'm tellin' you h-h-help meooh": 1, 
            "yup, yeah i'm tellin' you with the echoi'm": 1
        }
    }, 
    "song_title": "Sneakin' Out The Hospital", 
    "total_words": [
        46, 
        {
            "adrock": 1, 
            "agree": 1, 
            "ain't": 1, 
            "brother": 1, 
            "by": 1, 
            "echoi'm": 1, 
            "educated,": 1, 
            "everytime": 1, 
            "go": 1, 
            "h-h-help": 1, 
            "hear": 1, 
            "i": 1, 
            "i'm": 2, 
            "k-i-d": 1, 
            "king": 1, 
            "know": 1, 
            "like": 1, 
            "me,": 1, 
            "mean": 1, 
            "meooh": 1, 
            "name": 1, 
            "no": 1, 
            "of": 1, 
            "rock": 1, 
            "smarter": 1, 
            "spock": 2, 
            "super": 1, 
            "tellin'": 2, 
            "than": 1, 
            "the": 4, 
            "what": 1, 
            "will": 1, 
            "with": 1, 
            "yeah": 1, 
            "you": 5, 
            "yup,": 1
        }
    ], 
    "unique_words": [
        36, 
        [
            "the", 
            "educated,", 
            "me,", 
            "yeah", 
            "go", 
            "yup,", 
            "echoi'm", 
            "tellin'", 
            "k-i-d", 
            "what", 
            "no", 
            "super", 
            "by", 
            "meooh", 
            "spock", 
            "you", 
            "h-h-help", 
            "smarter", 
            "hear", 
            "know", 
            "with", 
            "than", 
            "name", 
            "king", 
            "like", 
            "everytime", 
            "i", 
            "of", 
            "adrock", 
            "brother", 
            "will", 
            "rock", 
            "ain't", 
            "i'm", 
            "agree", 
            "mean"
        ]
    ], 
    "year": 1998
}