{
    "album": "Hello Nasty", 
    "artist": "Beastie Boys", 
    "lyrics": "I'm hypnotized by you\n", 
    "ngrams": {
        "2": {
            "": 16, 
            "by you": 1, 
            "hypnotized by": 1, 
            "i'm hypnotized": 1, 
            "you": 1
        }, 
        "3": {
            "": 15, 
            "by you": 1, 
            "hypnotized by you": 1, 
            "i'm hypnotized by": 1, 
            "you": 1
        }, 
        "4": {
            "": 14, 
            "by you": 1, 
            "hypnotized by you": 1, 
            "i'm hypnotized by you": 1, 
            "you": 1
        }, 
        "5": {
            "": 13, 
            "by you": 1, 
            "hypnotized by you": 1, 
            "i'm hypnotized by you": 1, 
            "you": 1
        }, 
        "6": {
            "": 12, 
            "by you": 1, 
            "hypnotized by you": 1, 
            "i'm hypnotized by you": 1, 
            "you": 1
        }, 
        "7": {
            "": 11, 
            "by you": 1, 
            "hypnotized by you": 1, 
            "i'm hypnotized by you": 1, 
            "you": 1
        }, 
        "8": {
            "": 10, 
            "by you": 1, 
            "hypnotized by you": 1, 
            "i'm hypnotized by you": 1, 
            "you": 1
        }
    }, 
    "song_title": "Song For Junior", 
    "total_words": [
        4, 
        {
            "by": 1, 
            "hypnotized": 1, 
            "i'm": 1, 
            "you": 1
        }
    ], 
    "unique_words": [
        4, 
        [
            "i'm", 
            "by", 
            "hypnotized", 
            "you"
        ]
    ], 
    "year": 1998
}