{
    "album": "Hello Nasty", 
    "artist": "Beastie Boys", 
    "lyrics": "What makes you feel\nAnd why you gotta be\nLike you got the right\nTo look her up and down\nWhat makes this world\nSo sick and evil\n\nI know you don't know\n\nWhat makes you feel\nLike you got (Miracle) Whip appeal\nWho made you the judge an jury\nAin't you never heard of privacy\nWhat makes this world\nSo sick and evil\n\nYou figure it out\n", 
    "ngrams": {
        "2": {
            "": 256, 
            "ain't you": 1, 
            "an jury": 1, 
            "and down": 1, 
            "and evil": 2, 
            "and why": 1, 
            "appeal who": 1, 
            "be like": 1, 
            "don't know": 1, 
            "down what": 1, 
            "evil i": 1, 
            "evil you": 1, 
            "feel and": 1, 
            "feel like": 1, 
            "figure it": 1, 
            "got miracle": 1, 
            "got the": 1, 
            "gotta be": 1, 
            "heard of": 1, 
            "her up": 1, 
            "i know": 1, 
            "it out": 1, 
            "judge an": 1, 
            "jury ain't": 1, 
            "know what": 1, 
            "know you": 1, 
            "like you": 2, 
            "look her": 1, 
            "made you": 1, 
            "makes this": 2, 
            "makes you": 2, 
            "miracle whip": 1, 
            "never heard": 1, 
            "of privacy": 1, 
            "out": 1, 
            "privacy what": 1, 
            "right to": 1, 
            "sick and": 2, 
            "so sick": 2, 
            "the judge": 1, 
            "the right": 1, 
            "this world": 2, 
            "to look": 1, 
            "up and": 1, 
            "what makes": 4, 
            "whip appeal": 1, 
            "who made": 1, 
            "why you": 1, 
            "world so": 2, 
            "you don't": 1, 
            "you feel": 2, 
            "you figure": 1, 
            "you got": 2, 
            "you gotta": 1, 
            "you never": 1, 
            "you the": 1
        }, 
        "3": {
            "": 255, 
            "ain't you never": 1, 
            "an jury ain't": 1, 
            "and down what": 1, 
            "and evil i": 1, 
            "and evil you": 1, 
            "and why you": 1, 
            "appeal who made": 1, 
            "be like you": 1, 
            "don't know what": 1, 
            "down what makes": 1, 
            "evil i know": 1, 
            "evil you figure": 1, 
            "feel and why": 1, 
            "feel like you": 1, 
            "figure it out": 1, 
            "got miracle whip": 1, 
            "got the right": 1, 
            "gotta be like": 1, 
            "heard of privacy": 1, 
            "her up and": 1, 
            "i know you": 1, 
            "it out": 1, 
            "judge an jury": 1, 
            "jury ain't you": 1, 
            "know what makes": 1, 
            "know you don't": 1, 
            "like you got": 2, 
            "look her up": 1, 
            "made you the": 1, 
            "makes this world": 2, 
            "makes you feel": 2, 
            "miracle whip appeal": 1, 
            "never heard of": 1, 
            "of privacy what": 1, 
            "out": 1, 
            "privacy what makes": 1, 
            "right to look": 1, 
            "sick and evil": 2, 
            "so sick and": 2, 
            "the judge an": 1, 
            "the right to": 1, 
            "this world so": 2, 
            "to look her": 1, 
            "up and down": 1, 
            "what makes this": 2, 
            "what makes you": 2, 
            "whip appeal who": 1, 
            "who made you": 1, 
            "why you gotta": 1, 
            "world so sick": 2, 
            "you don't know": 1, 
            "you feel and": 1, 
            "you feel like": 1, 
            "you figure it": 1, 
            "you got miracle": 1, 
            "you got the": 1, 
            "you gotta be": 1, 
            "you never heard": 1, 
            "you the judge": 1
        }, 
        "4": {
            "": 254, 
            "ain't you never heard": 1, 
            "an jury ain't you": 1, 
            "and down what makes": 1, 
            "and evil i know": 1, 
            "and evil you figure": 1, 
            "and why you gotta": 1, 
            "appeal who made you": 1, 
            "be like you got": 1, 
            "don't know what makes": 1, 
            "down what makes this": 1, 
            "evil i know you": 1, 
            "evil you figure it": 1, 
            "feel and why you": 1, 
            "feel like you got": 1, 
            "figure it out": 1, 
            "got miracle whip appeal": 1, 
            "got the right to": 1, 
            "gotta be like you": 1, 
            "heard of privacy what": 1, 
            "her up and down": 1, 
            "i know you don't": 1, 
            "it out": 1, 
            "judge an jury ain't": 1, 
            "jury ain't you never": 1, 
            "know what makes you": 1, 
            "know you don't know": 1, 
            "like you got miracle": 1, 
            "like you got the": 1, 
            "look her up and": 1, 
            "made you the judge": 1, 
            "makes this world so": 2, 
            "makes you feel and": 1, 
            "makes you feel like": 1, 
            "miracle whip appeal who": 1, 
            "never heard of privacy": 1, 
            "of privacy what makes": 1, 
            "out": 1, 
            "privacy what makes this": 1, 
            "right to look her": 1, 
            "sick and evil i": 1, 
            "sick and evil you": 1, 
            "so sick and evil": 2, 
            "the judge an jury": 1, 
            "the right to look": 1, 
            "this world so sick": 2, 
            "to look her up": 1, 
            "up and down what": 1, 
            "what makes this world": 2, 
            "what makes you feel": 2, 
            "whip appeal who made": 1, 
            "who made you the": 1, 
            "why you gotta be": 1, 
            "world so sick and": 2, 
            "you don't know what": 1, 
            "you feel and why": 1, 
            "you feel like you": 1, 
            "you figure it out": 1, 
            "you got miracle whip": 1, 
            "you got the right": 1, 
            "you gotta be like": 1, 
            "you never heard of": 1, 
            "you the judge an": 1
        }, 
        "5": {
            "": 253, 
            "ain't you never heard of": 1, 
            "an jury ain't you never": 1, 
            "and down what makes this": 1, 
            "and evil i know you": 1, 
            "and evil you figure it": 1, 
            "and why you gotta be": 1, 
            "appeal who made you the": 1, 
            "be like you got the": 1, 
            "don't know what makes you": 1, 
            "down what makes this world": 1, 
            "evil i know you don't": 1, 
            "evil you figure it out": 1, 
            "feel and why you gotta": 1, 
            "feel like you got miracle": 1, 
            "figure it out": 1, 
            "got miracle whip appeal who": 1, 
            "got the right to look": 1, 
            "gotta be like you got": 1, 
            "heard of privacy what makes": 1, 
            "her up and down what": 1, 
            "i know you don't know": 1, 
            "it out": 1, 
            "judge an jury ain't you": 1, 
            "jury ain't you never heard": 1, 
            "know what makes you feel": 1, 
            "know you don't know what": 1, 
            "like you got miracle whip": 1, 
            "like you got the right": 1, 
            "look her up and down": 1, 
            "made you the judge an": 1, 
            "makes this world so sick": 2, 
            "makes you feel and why": 1, 
            "makes you feel like you": 1, 
            "miracle whip appeal who made": 1, 
            "never heard of privacy what": 1, 
            "of privacy what makes this": 1, 
            "out": 1, 
            "privacy what makes this world": 1, 
            "right to look her up": 1, 
            "sick and evil i know": 1, 
            "sick and evil you figure": 1, 
            "so sick and evil i": 1, 
            "so sick and evil you": 1, 
            "the judge an jury ain't": 1, 
            "the right to look her": 1, 
            "this world so sick and": 2, 
            "to look her up and": 1, 
            "up and down what makes": 1, 
            "what makes this world so": 2, 
            "what makes you feel and": 1, 
            "what makes you feel like": 1, 
            "whip appeal who made you": 1, 
            "who made you the judge": 1, 
            "why you gotta be like": 1, 
            "world so sick and evil": 2, 
            "you don't know what makes": 1, 
            "you feel and why you": 1, 
            "you feel like you got": 1, 
            "you figure it out": 1, 
            "you got miracle whip appeal": 1, 
            "you got the right to": 1, 
            "you gotta be like you": 1, 
            "you never heard of privacy": 1, 
            "you the judge an jury": 1
        }, 
        "6": {
            "": 252, 
            "ain't you never heard of privacy": 1, 
            "an jury ain't you never heard": 1, 
            "and down what makes this world": 1, 
            "and evil i know you don't": 1, 
            "and evil you figure it out": 1, 
            "and why you gotta be like": 1, 
            "appeal who made you the judge": 1, 
            "be like you got the right": 1, 
            "don't know what makes you feel": 1, 
            "down what makes this world so": 1, 
            "evil i know you don't know": 1, 
            "evil you figure it out": 1, 
            "feel and why you gotta be": 1, 
            "feel like you got miracle whip": 1, 
            "figure it out": 1, 
            "got miracle whip appeal who made": 1, 
            "got the right to look her": 1, 
            "gotta be like you got the": 1, 
            "heard of privacy what makes this": 1, 
            "her up and down what makes": 1, 
            "i know you don't know what": 1, 
            "it out": 1, 
            "judge an jury ain't you never": 1, 
            "jury ain't you never heard of": 1, 
            "know what makes you feel like": 1, 
            "know you don't know what makes": 1, 
            "like you got miracle whip appeal": 1, 
            "like you got the right to": 1, 
            "look her up and down what": 1, 
            "made you the judge an jury": 1, 
            "makes this world so sick and": 2, 
            "makes you feel and why you": 1, 
            "makes you feel like you got": 1, 
            "miracle whip appeal who made you": 1, 
            "never heard of privacy what makes": 1, 
            "of privacy what makes this world": 1, 
            "out": 1, 
            "privacy what makes this world so": 1, 
            "right to look her up and": 1, 
            "sick and evil i know you": 1, 
            "sick and evil you figure it": 1, 
            "so sick and evil i know": 1, 
            "so sick and evil you figure": 1, 
            "the judge an jury ain't you": 1, 
            "the right to look her up": 1, 
            "this world so sick and evil": 2, 
            "to look her up and down": 1, 
            "up and down what makes this": 1, 
            "what makes this world so sick": 2, 
            "what makes you feel and why": 1, 
            "what makes you feel like you": 1, 
            "whip appeal who made you the": 1, 
            "who made you the judge an": 1, 
            "why you gotta be like you": 1, 
            "world so sick and evil i": 1, 
            "world so sick and evil you": 1, 
            "you don't know what makes you": 1, 
            "you feel and why you gotta": 1, 
            "you feel like you got miracle": 1, 
            "you figure it out": 1, 
            "you got miracle whip appeal who": 1, 
            "you got the right to look": 1, 
            "you gotta be like you got": 1, 
            "you never heard of privacy what": 1, 
            "you the judge an jury ain't": 1
        }, 
        "7": {
            "": 251, 
            "ain't you never heard of privacy what": 1, 
            "an jury ain't you never heard of": 1, 
            "and down what makes this world so": 1, 
            "and evil i know you don't know": 1, 
            "and evil you figure it out": 1, 
            "and why you gotta be like you": 1, 
            "appeal who made you the judge an": 1, 
            "be like you got the right to": 1, 
            "don't know what makes you feel like": 1, 
            "down what makes this world so sick": 1, 
            "evil i know you don't know what": 1, 
            "evil you figure it out": 1, 
            "feel and why you gotta be like": 1, 
            "feel like you got miracle whip appeal": 1, 
            "figure it out": 1, 
            "got miracle whip appeal who made you": 1, 
            "got the right to look her up": 1, 
            "gotta be like you got the right": 1, 
            "heard of privacy what makes this world": 1, 
            "her up and down what makes this": 1, 
            "i know you don't know what makes": 1, 
            "it out": 1, 
            "judge an jury ain't you never heard": 1, 
            "jury ain't you never heard of privacy": 1, 
            "know what makes you feel like you": 1, 
            "know you don't know what makes you": 1, 
            "like you got miracle whip appeal who": 1, 
            "like you got the right to look": 1, 
            "look her up and down what makes": 1, 
            "made you the judge an jury ain't": 1, 
            "makes this world so sick and evil": 2, 
            "makes you feel and why you gotta": 1, 
            "makes you feel like you got miracle": 1, 
            "miracle whip appeal who made you the": 1, 
            "never heard of privacy what makes this": 1, 
            "of privacy what makes this world so": 1, 
            "out": 1, 
            "privacy what makes this world so sick": 1, 
            "right to look her up and down": 1, 
            "sick and evil i know you don't": 1, 
            "sick and evil you figure it out": 1, 
            "so sick and evil i know you": 1, 
            "so sick and evil you figure it": 1, 
            "the judge an jury ain't you never": 1, 
            "the right to look her up and": 1, 
            "this world so sick and evil i": 1, 
            "this world so sick and evil you": 1, 
            "to look her up and down what": 1, 
            "up and down what makes this world": 1, 
            "what makes this world so sick and": 2, 
            "what makes you feel and why you": 1, 
            "what makes you feel like you got": 1, 
            "whip appeal who made you the judge": 1, 
            "who made you the judge an jury": 1, 
            "why you gotta be like you got": 1, 
            "world so sick and evil i know": 1, 
            "world so sick and evil you figure": 1, 
            "you don't know what makes you feel": 1, 
            "you feel and why you gotta be": 1, 
            "you feel like you got miracle whip": 1, 
            "you figure it out": 1, 
            "you got miracle whip appeal who made": 1, 
            "you got the right to look her": 1, 
            "you gotta be like you got the": 1, 
            "you never heard of privacy what makes": 1, 
            "you the judge an jury ain't you": 1
        }, 
        "8": {
            "": 250, 
            "ain't you never heard of privacy what makes": 1, 
            "an jury ain't you never heard of privacy": 1, 
            "and down what makes this world so sick": 1, 
            "and evil i know you don't know what": 1, 
            "and evil you figure it out": 1, 
            "and why you gotta be like you got": 1, 
            "appeal who made you the judge an jury": 1, 
            "be like you got the right to look": 1, 
            "don't know what makes you feel like you": 1, 
            "down what makes this world so sick and": 1, 
            "evil i know you don't know what makes": 1, 
            "evil you figure it out": 1, 
            "feel and why you gotta be like you": 1, 
            "feel like you got miracle whip appeal who": 1, 
            "figure it out": 1, 
            "got miracle whip appeal who made you the": 1, 
            "got the right to look her up and": 1, 
            "gotta be like you got the right to": 1, 
            "heard of privacy what makes this world so": 1, 
            "her up and down what makes this world": 1, 
            "i know you don't know what makes you": 1, 
            "it out": 1, 
            "judge an jury ain't you never heard of": 1, 
            "jury ain't you never heard of privacy what": 1, 
            "know what makes you feel like you got": 1, 
            "know you don't know what makes you feel": 1, 
            "like you got miracle whip appeal who made": 1, 
            "like you got the right to look her": 1, 
            "look her up and down what makes this": 1, 
            "made you the judge an jury ain't you": 1, 
            "makes this world so sick and evil i": 1, 
            "makes this world so sick and evil you": 1, 
            "makes you feel and why you gotta be": 1, 
            "makes you feel like you got miracle whip": 1, 
            "miracle whip appeal who made you the judge": 1, 
            "never heard of privacy what makes this world": 1, 
            "of privacy what makes this world so sick": 1, 
            "out": 1, 
            "privacy what makes this world so sick and": 1, 
            "right to look her up and down what": 1, 
            "sick and evil i know you don't know": 1, 
            "sick and evil you figure it out": 1, 
            "so sick and evil i know you don't": 1, 
            "so sick and evil you figure it out": 1, 
            "the judge an jury ain't you never heard": 1, 
            "the right to look her up and down": 1, 
            "this world so sick and evil i know": 1, 
            "this world so sick and evil you figure": 1, 
            "to look her up and down what makes": 1, 
            "up and down what makes this world so": 1, 
            "what makes this world so sick and evil": 2, 
            "what makes you feel and why you gotta": 1, 
            "what makes you feel like you got miracle": 1, 
            "whip appeal who made you the judge an": 1, 
            "who made you the judge an jury ain't": 1, 
            "why you gotta be like you got the": 1, 
            "world so sick and evil i know you": 1, 
            "world so sick and evil you figure it": 1, 
            "you don't know what makes you feel like": 1, 
            "you feel and why you gotta be like": 1, 
            "you feel like you got miracle whip appeal": 1, 
            "you figure it out": 1, 
            "you got miracle whip appeal who made you": 1, 
            "you got the right to look her up": 1, 
            "you gotta be like you got the right": 1, 
            "you never heard of privacy what makes this": 1, 
            "you the judge an jury ain't you never": 1
        }
    }, 
    "song_title": "Song For The Man", 
    "total_words": [
        68, 
        {
            "ain't": 1, 
            "an": 1, 
            "and": 4, 
            "appeal": 1, 
            "be": 1, 
            "don't": 1, 
            "down": 1, 
            "evil": 2, 
            "feel": 2, 
            "figure": 1, 
            "got": 2, 
            "gotta": 1, 
            "heard": 1, 
            "her": 1, 
            "i": 1, 
            "it": 1, 
            "judge": 1, 
            "jury": 1, 
            "know": 2, 
            "like": 2, 
            "look": 1, 
            "made": 1, 
            "makes": 4, 
            "miracle": 1, 
            "never": 1, 
            "of": 1, 
            "out": 1, 
            "privacy": 1, 
            "right": 1, 
            "sick": 2, 
            "so": 2, 
            "the": 2, 
            "this": 2, 
            "to": 1, 
            "up": 1, 
            "what": 4, 
            "whip": 1, 
            "who": 1, 
            "why": 1, 
            "world": 2, 
            "you": 9
        }
    ], 
    "unique_words": [
        41, 
        [
            "and", 
            "right", 
            "figure", 
            "don't", 
            "feel", 
            "it", 
            "an", 
            "down", 
            "heard", 
            "whip", 
            "out", 
            "what", 
            "her", 
            "privacy", 
            "to", 
            "sick", 
            "got", 
            "you", 
            "appeal", 
            "be", 
            "never", 
            "jury", 
            "who", 
            "evil", 
            "ain't", 
            "know", 
            "judge", 
            "world", 
            "why", 
            "look", 
            "made", 
            "like", 
            "this", 
            "of", 
            "gotta", 
            "up", 
            "miracle", 
            "i", 
            "so", 
            "the", 
            "makes"
        ]
    ], 
    "year": 1998
}