{
    "album": "Hello Nasty", 
    "artist": "Beastie Boys", 
    "lyrics": "Well it's 50 cups of coffee and you know it's on\nI move the crowd to the break of break of dawn\nCan't rock the house without the party people\nCause when we're gettin down we are all equal\nThere's no better or worse between you and me\nBut I rock the mic so viciously\nLike pins and needles and words that sting\nAt the blink of an eye I will do my thing\nIt's Like a needle in the cartridge when the record spins\nLike diggin down deep in the record bins\nEverybody gettin down make no mistake\nNothing sounds quite like an 8 0 8\n\nMoney Makin Money Money Makin Manhattan\nSuper Disco Disco Breakin'\nMoney Makin Money Money Makin Manhattan\nSuper Disco Disco Breakin'\n\nSometimes I like to brag sometimes I'm soft spoken\nWhen I'm in Holland I eat the pannenkoeken\nWorld is the the spice you bring the sauce\nYou can kiss my ass you funky boss\nNow that you got what you want, you want more\nI'll be with the hammer and the nail at your door\nWith these funky beats I be goin' head huntin'\nShouts to my peeps let me know if you feel something\nCause I can give you all you need\nA little beat for the rhythm and some words to read\nLet me tell you now that's my favorite shit\nAnd when I got a new rhyme I just say it\nSo Money Makin Money Money Makin Manhattan\nSuper Disco Disco Breakin'\nMoney Makin Money Money Makin Manhattan\nSuper Disco Disco Breakin'\n", 
    "ngrams": {
        "2": {
            "": 1071, 
            "0 8": 1, 
            "50 cups": 1, 
            "8 0": 1, 
            "8 money": 1, 
            "a little": 1, 
            "a needle": 1, 
            "a new": 1, 
            "all equal": 1, 
            "all you": 1, 
            "an 8": 1, 
            "an eye": 1, 
            "and me": 1, 
            "and needles": 1, 
            "and some": 1, 
            "and the": 1, 
            "and when": 1, 
            "and words": 1, 
            "and you": 1, 
            "are all": 1, 
            "ass you": 1, 
            "at the": 1, 
            "at your": 1, 
            "be goin'": 1, 
            "be with": 1, 
            "beat for": 1, 
            "beats i": 1, 
            "better or": 1, 
            "between you": 1, 
            "bins everybody": 1, 
            "blink of": 1, 
            "boss now": 1, 
            "brag sometimes": 1, 
            "break of": 2, 
            "breakin'": 1, 
            "breakin' money": 2, 
            "breakin' sometimes": 1, 
            "bring the": 1, 
            "but i": 1, 
            "can give": 1, 
            "can kiss": 1, 
            "can't rock": 1, 
            "cartridge when": 1, 
            "cause i": 1, 
            "cause when": 1, 
            "coffee and": 1, 
            "crowd to": 1, 
            "cups of": 1, 
            "dawn can't": 1, 
            "deep in": 1, 
            "diggin down": 1, 
            "disco breakin'": 4, 
            "disco disco": 4, 
            "do my": 1, 
            "door with": 1, 
            "down deep": 1, 
            "down make": 1, 
            "down we": 1, 
            "eat the": 1, 
            "equal there's": 1, 
            "everybody gettin": 1, 
            "eye i": 1, 
            "favorite shit": 1, 
            "feel something": 1, 
            "for the": 1, 
            "funky beats": 1, 
            "funky boss": 1, 
            "gettin down": 2, 
            "give you": 1, 
            "goin' head": 1, 
            "got a": 1, 
            "got what": 1, 
            "hammer and": 1, 
            "head huntin'": 1, 
            "holland i": 1, 
            "house without": 1, 
            "huntin' shouts": 1, 
            "i be": 1, 
            "i can": 1, 
            "i eat": 1, 
            "i got": 1, 
            "i just": 1, 
            "i like": 1, 
            "i move": 1, 
            "i rock": 1, 
            "i will": 1, 
            "i'll be": 1, 
            "i'm in": 1, 
            "i'm soft": 1, 
            "if you": 1, 
            "in holland": 1, 
            "in the": 2, 
            "is the": 1, 
            "it so": 1, 
            "it's 50": 1, 
            "it's like": 1, 
            "it's on": 1, 
            "just say": 1, 
            "kiss my": 1, 
            "know if": 1, 
            "know it's": 1, 
            "let me": 2, 
            "like a": 1, 
            "like an": 1, 
            "like diggin": 1, 
            "like pins": 1, 
            "like to": 1, 
            "little beat": 1, 
            "make no": 1, 
            "makin manhattan": 4, 
            "makin money": 4, 
            "manhattan super": 4, 
            "me but": 1, 
            "me know": 1, 
            "me tell": 1, 
            "mic so": 1, 
            "mistake nothing": 1, 
            "money makin": 8, 
            "money money": 4, 
            "more i'll": 1, 
            "move the": 1, 
            "my ass": 1, 
            "my favorite": 1, 
            "my peeps": 1, 
            "my thing": 1, 
            "nail at": 1, 
            "need a": 1, 
            "needle in": 1, 
            "needles and": 1, 
            "new rhyme": 1, 
            "no better": 1, 
            "no mistake": 1, 
            "nothing sounds": 1, 
            "now that": 1, 
            "now that's": 1, 
            "of an": 1, 
            "of break": 1, 
            "of coffee": 1, 
            "of dawn": 1, 
            "on i": 1, 
            "or worse": 1, 
            "pannenkoeken world": 1, 
            "party people": 1, 
            "peeps let": 1, 
            "people cause": 1, 
            "pins and": 1, 
            "quite like": 1, 
            "read let": 1, 
            "record bins": 1, 
            "record spins": 1, 
            "rhyme i": 1, 
            "rhythm and": 1, 
            "rock the": 2, 
            "sauce you": 1, 
            "say it": 1, 
            "shit and": 1, 
            "shouts to": 1, 
            "so money": 1, 
            "so viciously": 1, 
            "soft spoken": 1, 
            "some words": 1, 
            "something cause": 1, 
            "sometimes i": 1, 
            "sometimes i'm": 1, 
            "sounds quite": 1, 
            "spice you": 1, 
            "spins like": 1, 
            "spoken when": 1, 
            "sting at": 1, 
            "super disco": 4, 
            "tell you": 1, 
            "that sting": 1, 
            "that you": 1, 
            "that's my": 1, 
            "the blink": 1, 
            "the break": 1, 
            "the cartridge": 1, 
            "the crowd": 1, 
            "the hammer": 1, 
            "the house": 1, 
            "the mic": 1, 
            "the nail": 1, 
            "the pannenkoeken": 1, 
            "the party": 1, 
            "the record": 2, 
            "the rhythm": 1, 
            "the sauce": 1, 
            "the spice": 1, 
            "the the": 1, 
            "there's no": 1, 
            "these funky": 1, 
            "thing it's": 1, 
            "to brag": 1, 
            "to my": 1, 
            "to read": 1, 
            "to the": 1, 
            "viciously like": 1, 
            "want more": 1, 
            "want, you": 1, 
            "we are": 1, 
            "we're gettin": 1, 
            "well it's": 1, 
            "what you": 1, 
            "when i": 1, 
            "when i'm": 1, 
            "when the": 1, 
            "when we're": 1, 
            "will do": 1, 
            "with the": 1, 
            "with these": 1, 
            "without the": 1, 
            "words that": 1, 
            "words to": 1, 
            "world is": 1, 
            "worse between": 1, 
            "you all": 1, 
            "you and": 1, 
            "you bring": 1, 
            "you can": 1, 
            "you feel": 1, 
            "you funky": 1, 
            "you got": 1, 
            "you know": 1, 
            "you need": 1, 
            "you now": 1, 
            "you want": 1, 
            "you want,": 1, 
            "your door": 1
        }, 
        "3": {
            "": 1070, 
            "0 8 money": 1, 
            "50 cups of": 1, 
            "8 0 8": 1, 
            "8 money makin": 1, 
            "a little beat": 1, 
            "a needle in": 1, 
            "a new rhyme": 1, 
            "all equal there's": 1, 
            "all you need": 1, 
            "an 8 0": 1, 
            "an eye i": 1, 
            "and me but": 1, 
            "and needles and": 1, 
            "and some words": 1, 
            "and the nail": 1, 
            "and when i": 1, 
            "and words that": 1, 
            "and you know": 1, 
            "are all equal": 1, 
            "ass you funky": 1, 
            "at the blink": 1, 
            "at your door": 1, 
            "be goin' head": 1, 
            "be with the": 1, 
            "beat for the": 1, 
            "beats i be": 1, 
            "better or worse": 1, 
            "between you and": 1, 
            "bins everybody gettin": 1, 
            "blink of an": 1, 
            "boss now that": 1, 
            "brag sometimes i'm": 1, 
            "break of break": 1, 
            "break of dawn": 1, 
            "breakin'": 1, 
            "breakin' money makin": 2, 
            "breakin' sometimes i": 1, 
            "bring the sauce": 1, 
            "but i rock": 1, 
            "can give you": 1, 
            "can kiss my": 1, 
            "can't rock the": 1, 
            "cartridge when the": 1, 
            "cause i can": 1, 
            "cause when we're": 1, 
            "coffee and you": 1, 
            "crowd to the": 1, 
            "cups of coffee": 1, 
            "dawn can't rock": 1, 
            "deep in the": 1, 
            "diggin down deep": 1, 
            "disco breakin'": 1, 
            "disco breakin' money": 2, 
            "disco breakin' sometimes": 1, 
            "disco disco breakin'": 4, 
            "do my thing": 1, 
            "door with these": 1, 
            "down deep in": 1, 
            "down make no": 1, 
            "down we are": 1, 
            "eat the pannenkoeken": 1, 
            "equal there's no": 1, 
            "everybody gettin down": 1, 
            "eye i will": 1, 
            "favorite shit and": 1, 
            "feel something cause": 1, 
            "for the rhythm": 1, 
            "funky beats i": 1, 
            "funky boss now": 1, 
            "gettin down make": 1, 
            "gettin down we": 1, 
            "give you all": 1, 
            "goin' head huntin'": 1, 
            "got a new": 1, 
            "got what you": 1, 
            "hammer and the": 1, 
            "head huntin' shouts": 1, 
            "holland i eat": 1, 
            "house without the": 1, 
            "huntin' shouts to": 1, 
            "i be goin'": 1, 
            "i can give": 1, 
            "i eat the": 1, 
            "i got a": 1, 
            "i just say": 1, 
            "i like to": 1, 
            "i move the": 1, 
            "i rock the": 1, 
            "i will do": 1, 
            "i'll be with": 1, 
            "i'm in holland": 1, 
            "i'm soft spoken": 1, 
            "if you feel": 1, 
            "in holland i": 1, 
            "in the cartridge": 1, 
            "in the record": 1, 
            "is the the": 1, 
            "it so money": 1, 
            "it's 50 cups": 1, 
            "it's like a": 1, 
            "it's on i": 1, 
            "just say it": 1, 
            "kiss my ass": 1, 
            "know if you": 1, 
            "know it's on": 1, 
            "let me know": 1, 
            "let me tell": 1, 
            "like a needle": 1, 
            "like an 8": 1, 
            "like diggin down": 1, 
            "like pins and": 1, 
            "like to brag": 1, 
            "little beat for": 1, 
            "make no mistake": 1, 
            "makin manhattan super": 4, 
            "makin money money": 4, 
            "manhattan super disco": 4, 
            "me but i": 1, 
            "me know if": 1, 
            "me tell you": 1, 
            "mic so viciously": 1, 
            "mistake nothing sounds": 1, 
            "money makin manhattan": 4, 
            "money makin money": 4, 
            "money money makin": 4, 
            "more i'll be": 1, 
            "move the crowd": 1, 
            "my ass you": 1, 
            "my favorite shit": 1, 
            "my peeps let": 1, 
            "my thing it's": 1, 
            "nail at your": 1, 
            "need a little": 1, 
            "needle in the": 1, 
            "needles and words": 1, 
            "new rhyme i": 1, 
            "no better or": 1, 
            "no mistake nothing": 1, 
            "nothing sounds quite": 1, 
            "now that you": 1, 
            "now that's my": 1, 
            "of an eye": 1, 
            "of break of": 1, 
            "of coffee and": 1, 
            "of dawn can't": 1, 
            "on i move": 1, 
            "or worse between": 1, 
            "pannenkoeken world is": 1, 
            "party people cause": 1, 
            "peeps let me": 1, 
            "people cause when": 1, 
            "pins and needles": 1, 
            "quite like an": 1, 
            "read let me": 1, 
            "record bins everybody": 1, 
            "record spins like": 1, 
            "rhyme i just": 1, 
            "rhythm and some": 1, 
            "rock the house": 1, 
            "rock the mic": 1, 
            "sauce you can": 1, 
            "say it so": 1, 
            "shit and when": 1, 
            "shouts to my": 1, 
            "so money makin": 1, 
            "so viciously like": 1, 
            "soft spoken when": 1, 
            "some words to": 1, 
            "something cause i": 1, 
            "sometimes i like": 1, 
            "sometimes i'm soft": 1, 
            "sounds quite like": 1, 
            "spice you bring": 1, 
            "spins like diggin": 1, 
            "spoken when i'm": 1, 
            "sting at the": 1, 
            "super disco disco": 4, 
            "tell you now": 1, 
            "that sting at": 1, 
            "that you got": 1, 
            "that's my favorite": 1, 
            "the blink of": 1, 
            "the break of": 1, 
            "the cartridge when": 1, 
            "the crowd to": 1, 
            "the hammer and": 1, 
            "the house without": 1, 
            "the mic so": 1, 
            "the nail at": 1, 
            "the pannenkoeken world": 1, 
            "the party people": 1, 
            "the record bins": 1, 
            "the record spins": 1, 
            "the rhythm and": 1, 
            "the sauce you": 1, 
            "the spice you": 1, 
            "the the spice": 1, 
            "there's no better": 1, 
            "these funky beats": 1, 
            "thing it's like": 1, 
            "to brag sometimes": 1, 
            "to my peeps": 1, 
            "to read let": 1, 
            "to the break": 1, 
            "viciously like pins": 1, 
            "want more i'll": 1, 
            "want, you want": 1, 
            "we are all": 1, 
            "we're gettin down": 1, 
            "well it's 50": 1, 
            "what you want,": 1, 
            "when i got": 1, 
            "when i'm in": 1, 
            "when the record": 1, 
            "when we're gettin": 1, 
            "will do my": 1, 
            "with the hammer": 1, 
            "with these funky": 1, 
            "without the party": 1, 
            "words that sting": 1, 
            "words to read": 1, 
            "world is the": 1, 
            "worse between you": 1, 
            "you all you": 1, 
            "you and me": 1, 
            "you bring the": 1, 
            "you can kiss": 1, 
            "you feel something": 1, 
            "you funky boss": 1, 
            "you got what": 1, 
            "you know it's": 1, 
            "you need a": 1, 
            "you now that's": 1, 
            "you want more": 1, 
            "you want, you": 1, 
            "your door with": 1
        }, 
        "4": {
            "": 1069, 
            "0 8 money makin": 1, 
            "50 cups of coffee": 1, 
            "8 0 8 money": 1, 
            "8 money makin money": 1, 
            "a little beat for": 1, 
            "a needle in the": 1, 
            "a new rhyme i": 1, 
            "all equal there's no": 1, 
            "all you need a": 1, 
            "an 8 0 8": 1, 
            "an eye i will": 1, 
            "and me but i": 1, 
            "and needles and words": 1, 
            "and some words to": 1, 
            "and the nail at": 1, 
            "and when i got": 1, 
            "and words that sting": 1, 
            "and you know it's": 1, 
            "are all equal there's": 1, 
            "ass you funky boss": 1, 
            "at the blink of": 1, 
            "at your door with": 1, 
            "be goin' head huntin'": 1, 
            "be with the hammer": 1, 
            "beat for the rhythm": 1, 
            "beats i be goin'": 1, 
            "better or worse between": 1, 
            "between you and me": 1, 
            "bins everybody gettin down": 1, 
            "blink of an eye": 1, 
            "boss now that you": 1, 
            "brag sometimes i'm soft": 1, 
            "break of break of": 1, 
            "break of dawn can't": 1, 
            "breakin'": 1, 
            "breakin' money makin money": 2, 
            "breakin' sometimes i like": 1, 
            "bring the sauce you": 1, 
            "but i rock the": 1, 
            "can give you all": 1, 
            "can kiss my ass": 1, 
            "can't rock the house": 1, 
            "cartridge when the record": 1, 
            "cause i can give": 1, 
            "cause when we're gettin": 1, 
            "coffee and you know": 1, 
            "crowd to the break": 1, 
            "cups of coffee and": 1, 
            "dawn can't rock the": 1, 
            "deep in the record": 1, 
            "diggin down deep in": 1, 
            "disco breakin'": 1, 
            "disco breakin' money makin": 2, 
            "disco breakin' sometimes i": 1, 
            "disco disco breakin'": 1, 
            "disco disco breakin' money": 2, 
            "disco disco breakin' sometimes": 1, 
            "do my thing it's": 1, 
            "door with these funky": 1, 
            "down deep in the": 1, 
            "down make no mistake": 1, 
            "down we are all": 1, 
            "eat the pannenkoeken world": 1, 
            "equal there's no better": 1, 
            "everybody gettin down make": 1, 
            "eye i will do": 1, 
            "favorite shit and when": 1, 
            "feel something cause i": 1, 
            "for the rhythm and": 1, 
            "funky beats i be": 1, 
            "funky boss now that": 1, 
            "gettin down make no": 1, 
            "gettin down we are": 1, 
            "give you all you": 1, 
            "goin' head huntin' shouts": 1, 
            "got a new rhyme": 1, 
            "got what you want,": 1, 
            "hammer and the nail": 1, 
            "head huntin' shouts to": 1, 
            "holland i eat the": 1, 
            "house without the party": 1, 
            "huntin' shouts to my": 1, 
            "i be goin' head": 1, 
            "i can give you": 1, 
            "i eat the pannenkoeken": 1, 
            "i got a new": 1, 
            "i just say it": 1, 
            "i like to brag": 1, 
            "i move the crowd": 1, 
            "i rock the mic": 1, 
            "i will do my": 1, 
            "i'll be with the": 1, 
            "i'm in holland i": 1, 
            "i'm soft spoken when": 1, 
            "if you feel something": 1, 
            "in holland i eat": 1, 
            "in the cartridge when": 1, 
            "in the record bins": 1, 
            "is the the spice": 1, 
            "it so money makin": 1, 
            "it's 50 cups of": 1, 
            "it's like a needle": 1, 
            "it's on i move": 1, 
            "just say it so": 1, 
            "kiss my ass you": 1, 
            "know if you feel": 1, 
            "know it's on i": 1, 
            "let me know if": 1, 
            "let me tell you": 1, 
            "like a needle in": 1, 
            "like an 8 0": 1, 
            "like diggin down deep": 1, 
            "like pins and needles": 1, 
            "like to brag sometimes": 1, 
            "little beat for the": 1, 
            "make no mistake nothing": 1, 
            "makin manhattan super disco": 4, 
            "makin money money makin": 4, 
            "manhattan super disco disco": 4, 
            "me but i rock": 1, 
            "me know if you": 1, 
            "me tell you now": 1, 
            "mic so viciously like": 1, 
            "mistake nothing sounds quite": 1, 
            "money makin manhattan super": 4, 
            "money makin money money": 4, 
            "money money makin manhattan": 4, 
            "more i'll be with": 1, 
            "move the crowd to": 1, 
            "my ass you funky": 1, 
            "my favorite shit and": 1, 
            "my peeps let me": 1, 
            "my thing it's like": 1, 
            "nail at your door": 1, 
            "need a little beat": 1, 
            "needle in the cartridge": 1, 
            "needles and words that": 1, 
            "new rhyme i just": 1, 
            "no better or worse": 1, 
            "no mistake nothing sounds": 1, 
            "nothing sounds quite like": 1, 
            "now that you got": 1, 
            "now that's my favorite": 1, 
            "of an eye i": 1, 
            "of break of dawn": 1, 
            "of coffee and you": 1, 
            "of dawn can't rock": 1, 
            "on i move the": 1, 
            "or worse between you": 1, 
            "pannenkoeken world is the": 1, 
            "party people cause when": 1, 
            "peeps let me know": 1, 
            "people cause when we're": 1, 
            "pins and needles and": 1, 
            "quite like an 8": 1, 
            "read let me tell": 1, 
            "record bins everybody gettin": 1, 
            "record spins like diggin": 1, 
            "rhyme i just say": 1, 
            "rhythm and some words": 1, 
            "rock the house without": 1, 
            "rock the mic so": 1, 
            "sauce you can kiss": 1, 
            "say it so money": 1, 
            "shit and when i": 1, 
            "shouts to my peeps": 1, 
            "so money makin money": 1, 
            "so viciously like pins": 1, 
            "soft spoken when i'm": 1, 
            "some words to read": 1, 
            "something cause i can": 1, 
            "sometimes i like to": 1, 
            "sometimes i'm soft spoken": 1, 
            "sounds quite like an": 1, 
            "spice you bring the": 1, 
            "spins like diggin down": 1, 
            "spoken when i'm in": 1, 
            "sting at the blink": 1, 
            "super disco disco breakin'": 4, 
            "tell you now that's": 1, 
            "that sting at the": 1, 
            "that you got what": 1, 
            "that's my favorite shit": 1, 
            "the blink of an": 1, 
            "the break of break": 1, 
            "the cartridge when the": 1, 
            "the crowd to the": 1, 
            "the hammer and the": 1, 
            "the house without the": 1, 
            "the mic so viciously": 1, 
            "the nail at your": 1, 
            "the pannenkoeken world is": 1, 
            "the party people cause": 1, 
            "the record bins everybody": 1, 
            "the record spins like": 1, 
            "the rhythm and some": 1, 
            "the sauce you can": 1, 
            "the spice you bring": 1, 
            "the the spice you": 1, 
            "there's no better or": 1, 
            "these funky beats i": 1, 
            "thing it's like a": 1, 
            "to brag sometimes i'm": 1, 
            "to my peeps let": 1, 
            "to read let me": 1, 
            "to the break of": 1, 
            "viciously like pins and": 1, 
            "want more i'll be": 1, 
            "want, you want more": 1, 
            "we are all equal": 1, 
            "we're gettin down we": 1, 
            "well it's 50 cups": 1, 
            "what you want, you": 1, 
            "when i got a": 1, 
            "when i'm in holland": 1, 
            "when the record spins": 1, 
            "when we're gettin down": 1, 
            "will do my thing": 1, 
            "with the hammer and": 1, 
            "with these funky beats": 1, 
            "without the party people": 1, 
            "words that sting at": 1, 
            "words to read let": 1, 
            "world is the the": 1, 
            "worse between you and": 1, 
            "you all you need": 1, 
            "you and me but": 1, 
            "you bring the sauce": 1, 
            "you can kiss my": 1, 
            "you feel something cause": 1, 
            "you funky boss now": 1, 
            "you got what you": 1, 
            "you know it's on": 1, 
            "you need a little": 1, 
            "you now that's my": 1, 
            "you want more i'll": 1, 
            "you want, you want": 1, 
            "your door with these": 1
        }, 
        "5": {
            "": 1068, 
            "0 8 money makin money": 1, 
            "50 cups of coffee and": 1, 
            "8 0 8 money makin": 1, 
            "8 money makin money money": 1, 
            "a little beat for the": 1, 
            "a needle in the cartridge": 1, 
            "a new rhyme i just": 1, 
            "all equal there's no better": 1, 
            "all you need a little": 1, 
            "an 8 0 8 money": 1, 
            "an eye i will do": 1, 
            "and me but i rock": 1, 
            "and needles and words that": 1, 
            "and some words to read": 1, 
            "and the nail at your": 1, 
            "and when i got a": 1, 
            "and words that sting at": 1, 
            "and you know it's on": 1, 
            "are all equal there's no": 1, 
            "ass you funky boss now": 1, 
            "at the blink of an": 1, 
            "at your door with these": 1, 
            "be goin' head huntin' shouts": 1, 
            "be with the hammer and": 1, 
            "beat for the rhythm and": 1, 
            "beats i be goin' head": 1, 
            "better or worse between you": 1, 
            "between you and me but": 1, 
            "bins everybody gettin down make": 1, 
            "blink of an eye i": 1, 
            "boss now that you got": 1, 
            "brag sometimes i'm soft spoken": 1, 
            "break of break of dawn": 1, 
            "break of dawn can't rock": 1, 
            "breakin'": 1, 
            "breakin' money makin money money": 2, 
            "breakin' sometimes i like to": 1, 
            "bring the sauce you can": 1, 
            "but i rock the mic": 1, 
            "can give you all you": 1, 
            "can kiss my ass you": 1, 
            "can't rock the house without": 1, 
            "cartridge when the record spins": 1, 
            "cause i can give you": 1, 
            "cause when we're gettin down": 1, 
            "coffee and you know it's": 1, 
            "crowd to the break of": 1, 
            "cups of coffee and you": 1, 
            "dawn can't rock the house": 1, 
            "deep in the record bins": 1, 
            "diggin down deep in the": 1, 
            "disco breakin'": 1, 
            "disco breakin' money makin money": 2, 
            "disco breakin' sometimes i like": 1, 
            "disco disco breakin'": 1, 
            "disco disco breakin' money makin": 2, 
            "disco disco breakin' sometimes i": 1, 
            "do my thing it's like": 1, 
            "door with these funky beats": 1, 
            "down deep in the record": 1, 
            "down make no mistake nothing": 1, 
            "down we are all equal": 1, 
            "eat the pannenkoeken world is": 1, 
            "equal there's no better or": 1, 
            "everybody gettin down make no": 1, 
            "eye i will do my": 1, 
            "favorite shit and when i": 1, 
            "feel something cause i can": 1, 
            "for the rhythm and some": 1, 
            "funky beats i be goin'": 1, 
            "funky boss now that you": 1, 
            "gettin down make no mistake": 1, 
            "gettin down we are all": 1, 
            "give you all you need": 1, 
            "goin' head huntin' shouts to": 1, 
            "got a new rhyme i": 1, 
            "got what you want, you": 1, 
            "hammer and the nail at": 1, 
            "head huntin' shouts to my": 1, 
            "holland i eat the pannenkoeken": 1, 
            "house without the party people": 1, 
            "huntin' shouts to my peeps": 1, 
            "i be goin' head huntin'": 1, 
            "i can give you all": 1, 
            "i eat the pannenkoeken world": 1, 
            "i got a new rhyme": 1, 
            "i just say it so": 1, 
            "i like to brag sometimes": 1, 
            "i move the crowd to": 1, 
            "i rock the mic so": 1, 
            "i will do my thing": 1, 
            "i'll be with the hammer": 1, 
            "i'm in holland i eat": 1, 
            "i'm soft spoken when i'm": 1, 
            "if you feel something cause": 1, 
            "in holland i eat the": 1, 
            "in the cartridge when the": 1, 
            "in the record bins everybody": 1, 
            "is the the spice you": 1, 
            "it so money makin money": 1, 
            "it's 50 cups of coffee": 1, 
            "it's like a needle in": 1, 
            "it's on i move the": 1, 
            "just say it so money": 1, 
            "kiss my ass you funky": 1, 
            "know if you feel something": 1, 
            "know it's on i move": 1, 
            "let me know if you": 1, 
            "let me tell you now": 1, 
            "like a needle in the": 1, 
            "like an 8 0 8": 1, 
            "like diggin down deep in": 1, 
            "like pins and needles and": 1, 
            "like to brag sometimes i'm": 1, 
            "little beat for the rhythm": 1, 
            "make no mistake nothing sounds": 1, 
            "makin manhattan super disco disco": 4, 
            "makin money money makin manhattan": 4, 
            "manhattan super disco disco breakin'": 4, 
            "me but i rock the": 1, 
            "me know if you feel": 1, 
            "me tell you now that's": 1, 
            "mic so viciously like pins": 1, 
            "mistake nothing sounds quite like": 1, 
            "money makin manhattan super disco": 4, 
            "money makin money money makin": 4, 
            "money money makin manhattan super": 4, 
            "more i'll be with the": 1, 
            "move the crowd to the": 1, 
            "my ass you funky boss": 1, 
            "my favorite shit and when": 1, 
            "my peeps let me know": 1, 
            "my thing it's like a": 1, 
            "nail at your door with": 1, 
            "need a little beat for": 1, 
            "needle in the cartridge when": 1, 
            "needles and words that sting": 1, 
            "new rhyme i just say": 1, 
            "no better or worse between": 1, 
            "no mistake nothing sounds quite": 1, 
            "nothing sounds quite like an": 1, 
            "now that you got what": 1, 
            "now that's my favorite shit": 1, 
            "of an eye i will": 1, 
            "of break of dawn can't": 1, 
            "of coffee and you know": 1, 
            "of dawn can't rock the": 1, 
            "on i move the crowd": 1, 
            "or worse between you and": 1, 
            "pannenkoeken world is the the": 1, 
            "party people cause when we're": 1, 
            "peeps let me know if": 1, 
            "people cause when we're gettin": 1, 
            "pins and needles and words": 1, 
            "quite like an 8 0": 1, 
            "read let me tell you": 1, 
            "record bins everybody gettin down": 1, 
            "record spins like diggin down": 1, 
            "rhyme i just say it": 1, 
            "rhythm and some words to": 1, 
            "rock the house without the": 1, 
            "rock the mic so viciously": 1, 
            "sauce you can kiss my": 1, 
            "say it so money makin": 1, 
            "shit and when i got": 1, 
            "shouts to my peeps let": 1, 
            "so money makin money money": 1, 
            "so viciously like pins and": 1, 
            "soft spoken when i'm in": 1, 
            "some words to read let": 1, 
            "something cause i can give": 1, 
            "sometimes i like to brag": 1, 
            "sometimes i'm soft spoken when": 1, 
            "sounds quite like an 8": 1, 
            "spice you bring the sauce": 1, 
            "spins like diggin down deep": 1, 
            "spoken when i'm in holland": 1, 
            "sting at the blink of": 1, 
            "super disco disco breakin'": 1, 
            "super disco disco breakin' money": 2, 
            "super disco disco breakin' sometimes": 1, 
            "tell you now that's my": 1, 
            "that sting at the blink": 1, 
            "that you got what you": 1, 
            "that's my favorite shit and": 1, 
            "the blink of an eye": 1, 
            "the break of break of": 1, 
            "the cartridge when the record": 1, 
            "the crowd to the break": 1, 
            "the hammer and the nail": 1, 
            "the house without the party": 1, 
            "the mic so viciously like": 1, 
            "the nail at your door": 1, 
            "the pannenkoeken world is the": 1, 
            "the party people cause when": 1, 
            "the record bins everybody gettin": 1, 
            "the record spins like diggin": 1, 
            "the rhythm and some words": 1, 
            "the sauce you can kiss": 1, 
            "the spice you bring the": 1, 
            "the the spice you bring": 1, 
            "there's no better or worse": 1, 
            "these funky beats i be": 1, 
            "thing it's like a needle": 1, 
            "to brag sometimes i'm soft": 1, 
            "to my peeps let me": 1, 
            "to read let me tell": 1, 
            "to the break of break": 1, 
            "viciously like pins and needles": 1, 
            "want more i'll be with": 1, 
            "want, you want more i'll": 1, 
            "we are all equal there's": 1, 
            "we're gettin down we are": 1, 
            "well it's 50 cups of": 1, 
            "what you want, you want": 1, 
            "when i got a new": 1, 
            "when i'm in holland i": 1, 
            "when the record spins like": 1, 
            "when we're gettin down we": 1, 
            "will do my thing it's": 1, 
            "with the hammer and the": 1, 
            "with these funky beats i": 1, 
            "without the party people cause": 1, 
            "words that sting at the": 1, 
            "words to read let me": 1, 
            "world is the the spice": 1, 
            "worse between you and me": 1, 
            "you all you need a": 1, 
            "you and me but i": 1, 
            "you bring the sauce you": 1, 
            "you can kiss my ass": 1, 
            "you feel something cause i": 1, 
            "you funky boss now that": 1, 
            "you got what you want,": 1, 
            "you know it's on i": 1, 
            "you need a little beat": 1, 
            "you now that's my favorite": 1, 
            "you want more i'll be": 1, 
            "you want, you want more": 1, 
            "your door with these funky": 1
        }, 
        "6": {
            "": 1067, 
            "0 8 money makin money money": 1, 
            "50 cups of coffee and you": 1, 
            "8 0 8 money makin money": 1, 
            "8 money makin money money makin": 1, 
            "a little beat for the rhythm": 1, 
            "a needle in the cartridge when": 1, 
            "a new rhyme i just say": 1, 
            "all equal there's no better or": 1, 
            "all you need a little beat": 1, 
            "an 8 0 8 money makin": 1, 
            "an eye i will do my": 1, 
            "and me but i rock the": 1, 
            "and needles and words that sting": 1, 
            "and some words to read let": 1, 
            "and the nail at your door": 1, 
            "and when i got a new": 1, 
            "and words that sting at the": 1, 
            "and you know it's on i": 1, 
            "are all equal there's no better": 1, 
            "ass you funky boss now that": 1, 
            "at the blink of an eye": 1, 
            "at your door with these funky": 1, 
            "be goin' head huntin' shouts to": 1, 
            "be with the hammer and the": 1, 
            "beat for the rhythm and some": 1, 
            "beats i be goin' head huntin'": 1, 
            "better or worse between you and": 1, 
            "between you and me but i": 1, 
            "bins everybody gettin down make no": 1, 
            "blink of an eye i will": 1, 
            "boss now that you got what": 1, 
            "brag sometimes i'm soft spoken when": 1, 
            "break of break of dawn can't": 1, 
            "break of dawn can't rock the": 1, 
            "breakin'": 1, 
            "breakin' money makin money money makin": 2, 
            "breakin' sometimes i like to brag": 1, 
            "bring the sauce you can kiss": 1, 
            "but i rock the mic so": 1, 
            "can give you all you need": 1, 
            "can kiss my ass you funky": 1, 
            "can't rock the house without the": 1, 
            "cartridge when the record spins like": 1, 
            "cause i can give you all": 1, 
            "cause when we're gettin down we": 1, 
            "coffee and you know it's on": 1, 
            "crowd to the break of break": 1, 
            "cups of coffee and you know": 1, 
            "dawn can't rock the house without": 1, 
            "deep in the record bins everybody": 1, 
            "diggin down deep in the record": 1, 
            "disco breakin'": 1, 
            "disco breakin' money makin money money": 2, 
            "disco breakin' sometimes i like to": 1, 
            "disco disco breakin'": 1, 
            "disco disco breakin' money makin money": 2, 
            "disco disco breakin' sometimes i like": 1, 
            "do my thing it's like a": 1, 
            "door with these funky beats i": 1, 
            "down deep in the record bins": 1, 
            "down make no mistake nothing sounds": 1, 
            "down we are all equal there's": 1, 
            "eat the pannenkoeken world is the": 1, 
            "equal there's no better or worse": 1, 
            "everybody gettin down make no mistake": 1, 
            "eye i will do my thing": 1, 
            "favorite shit and when i got": 1, 
            "feel something cause i can give": 1, 
            "for the rhythm and some words": 1, 
            "funky beats i be goin' head": 1, 
            "funky boss now that you got": 1, 
            "gettin down make no mistake nothing": 1, 
            "gettin down we are all equal": 1, 
            "give you all you need a": 1, 
            "goin' head huntin' shouts to my": 1, 
            "got a new rhyme i just": 1, 
            "got what you want, you want": 1, 
            "hammer and the nail at your": 1, 
            "head huntin' shouts to my peeps": 1, 
            "holland i eat the pannenkoeken world": 1, 
            "house without the party people cause": 1, 
            "huntin' shouts to my peeps let": 1, 
            "i be goin' head huntin' shouts": 1, 
            "i can give you all you": 1, 
            "i eat the pannenkoeken world is": 1, 
            "i got a new rhyme i": 1, 
            "i just say it so money": 1, 
            "i like to brag sometimes i'm": 1, 
            "i move the crowd to the": 1, 
            "i rock the mic so viciously": 1, 
            "i will do my thing it's": 1, 
            "i'll be with the hammer and": 1, 
            "i'm in holland i eat the": 1, 
            "i'm soft spoken when i'm in": 1, 
            "if you feel something cause i": 1, 
            "in holland i eat the pannenkoeken": 1, 
            "in the cartridge when the record": 1, 
            "in the record bins everybody gettin": 1, 
            "is the the spice you bring": 1, 
            "it so money makin money money": 1, 
            "it's 50 cups of coffee and": 1, 
            "it's like a needle in the": 1, 
            "it's on i move the crowd": 1, 
            "just say it so money makin": 1, 
            "kiss my ass you funky boss": 1, 
            "know if you feel something cause": 1, 
            "know it's on i move the": 1, 
            "let me know if you feel": 1, 
            "let me tell you now that's": 1, 
            "like a needle in the cartridge": 1, 
            "like an 8 0 8 money": 1, 
            "like diggin down deep in the": 1, 
            "like pins and needles and words": 1, 
            "like to brag sometimes i'm soft": 1, 
            "little beat for the rhythm and": 1, 
            "make no mistake nothing sounds quite": 1, 
            "makin manhattan super disco disco breakin'": 4, 
            "makin money money makin manhattan super": 4, 
            "manhattan super disco disco breakin'": 1, 
            "manhattan super disco disco breakin' money": 2, 
            "manhattan super disco disco breakin' sometimes": 1, 
            "me but i rock the mic": 1, 
            "me know if you feel something": 1, 
            "me tell you now that's my": 1, 
            "mic so viciously like pins and": 1, 
            "mistake nothing sounds quite like an": 1, 
            "money makin manhattan super disco disco": 4, 
            "money makin money money makin manhattan": 4, 
            "money money makin manhattan super disco": 4, 
            "more i'll be with the hammer": 1, 
            "move the crowd to the break": 1, 
            "my ass you funky boss now": 1, 
            "my favorite shit and when i": 1, 
            "my peeps let me know if": 1, 
            "my thing it's like a needle": 1, 
            "nail at your door with these": 1, 
            "need a little beat for the": 1, 
            "needle in the cartridge when the": 1, 
            "needles and words that sting at": 1, 
            "new rhyme i just say it": 1, 
            "no better or worse between you": 1, 
            "no mistake nothing sounds quite like": 1, 
            "nothing sounds quite like an 8": 1, 
            "now that you got what you": 1, 
            "now that's my favorite shit and": 1, 
            "of an eye i will do": 1, 
            "of break of dawn can't rock": 1, 
            "of coffee and you know it's": 1, 
            "of dawn can't rock the house": 1, 
            "on i move the crowd to": 1, 
            "or worse between you and me": 1, 
            "pannenkoeken world is the the spice": 1, 
            "party people cause when we're gettin": 1, 
            "peeps let me know if you": 1, 
            "people cause when we're gettin down": 1, 
            "pins and needles and words that": 1, 
            "quite like an 8 0 8": 1, 
            "read let me tell you now": 1, 
            "record bins everybody gettin down make": 1, 
            "record spins like diggin down deep": 1, 
            "rhyme i just say it so": 1, 
            "rhythm and some words to read": 1, 
            "rock the house without the party": 1, 
            "rock the mic so viciously like": 1, 
            "sauce you can kiss my ass": 1, 
            "say it so money makin money": 1, 
            "shit and when i got a": 1, 
            "shouts to my peeps let me": 1, 
            "so money makin money money makin": 1, 
            "so viciously like pins and needles": 1, 
            "soft spoken when i'm in holland": 1, 
            "some words to read let me": 1, 
            "something cause i can give you": 1, 
            "sometimes i like to brag sometimes": 1, 
            "sometimes i'm soft spoken when i'm": 1, 
            "sounds quite like an 8 0": 1, 
            "spice you bring the sauce you": 1, 
            "spins like diggin down deep in": 1, 
            "spoken when i'm in holland i": 1, 
            "sting at the blink of an": 1, 
            "super disco disco breakin'": 1, 
            "super disco disco breakin' money makin": 2, 
            "super disco disco breakin' sometimes i": 1, 
            "tell you now that's my favorite": 1, 
            "that sting at the blink of": 1, 
            "that you got what you want,": 1, 
            "that's my favorite shit and when": 1, 
            "the blink of an eye i": 1, 
            "the break of break of dawn": 1, 
            "the cartridge when the record spins": 1, 
            "the crowd to the break of": 1, 
            "the hammer and the nail at": 1, 
            "the house without the party people": 1, 
            "the mic so viciously like pins": 1, 
            "the nail at your door with": 1, 
            "the pannenkoeken world is the the": 1, 
            "the party people cause when we're": 1, 
            "the record bins everybody gettin down": 1, 
            "the record spins like diggin down": 1, 
            "the rhythm and some words to": 1, 
            "the sauce you can kiss my": 1, 
            "the spice you bring the sauce": 1, 
            "the the spice you bring the": 1, 
            "there's no better or worse between": 1, 
            "these funky beats i be goin'": 1, 
            "thing it's like a needle in": 1, 
            "to brag sometimes i'm soft spoken": 1, 
            "to my peeps let me know": 1, 
            "to read let me tell you": 1, 
            "to the break of break of": 1, 
            "viciously like pins and needles and": 1, 
            "want more i'll be with the": 1, 
            "want, you want more i'll be": 1, 
            "we are all equal there's no": 1, 
            "we're gettin down we are all": 1, 
            "well it's 50 cups of coffee": 1, 
            "what you want, you want more": 1, 
            "when i got a new rhyme": 1, 
            "when i'm in holland i eat": 1, 
            "when the record spins like diggin": 1, 
            "when we're gettin down we are": 1, 
            "will do my thing it's like": 1, 
            "with the hammer and the nail": 1, 
            "with these funky beats i be": 1, 
            "without the party people cause when": 1, 
            "words that sting at the blink": 1, 
            "words to read let me tell": 1, 
            "world is the the spice you": 1, 
            "worse between you and me but": 1, 
            "you all you need a little": 1, 
            "you and me but i rock": 1, 
            "you bring the sauce you can": 1, 
            "you can kiss my ass you": 1, 
            "you feel something cause i can": 1, 
            "you funky boss now that you": 1, 
            "you got what you want, you": 1, 
            "you know it's on i move": 1, 
            "you need a little beat for": 1, 
            "you now that's my favorite shit": 1, 
            "you want more i'll be with": 1, 
            "you want, you want more i'll": 1, 
            "your door with these funky beats": 1
        }, 
        "7": {
            "": 1066, 
            "0 8 money makin money money makin": 1, 
            "50 cups of coffee and you know": 1, 
            "8 0 8 money makin money money": 1, 
            "8 money makin money money makin manhattan": 1, 
            "a little beat for the rhythm and": 1, 
            "a needle in the cartridge when the": 1, 
            "a new rhyme i just say it": 1, 
            "all equal there's no better or worse": 1, 
            "all you need a little beat for": 1, 
            "an 8 0 8 money makin money": 1, 
            "an eye i will do my thing": 1, 
            "and me but i rock the mic": 1, 
            "and needles and words that sting at": 1, 
            "and some words to read let me": 1, 
            "and the nail at your door with": 1, 
            "and when i got a new rhyme": 1, 
            "and words that sting at the blink": 1, 
            "and you know it's on i move": 1, 
            "are all equal there's no better or": 1, 
            "ass you funky boss now that you": 1, 
            "at the blink of an eye i": 1, 
            "at your door with these funky beats": 1, 
            "be goin' head huntin' shouts to my": 1, 
            "be with the hammer and the nail": 1, 
            "beat for the rhythm and some words": 1, 
            "beats i be goin' head huntin' shouts": 1, 
            "better or worse between you and me": 1, 
            "between you and me but i rock": 1, 
            "bins everybody gettin down make no mistake": 1, 
            "blink of an eye i will do": 1, 
            "boss now that you got what you": 1, 
            "brag sometimes i'm soft spoken when i'm": 1, 
            "break of break of dawn can't rock": 1, 
            "break of dawn can't rock the house": 1, 
            "breakin'": 1, 
            "breakin' money makin money money makin manhattan": 2, 
            "breakin' sometimes i like to brag sometimes": 1, 
            "bring the sauce you can kiss my": 1, 
            "but i rock the mic so viciously": 1, 
            "can give you all you need a": 1, 
            "can kiss my ass you funky boss": 1, 
            "can't rock the house without the party": 1, 
            "cartridge when the record spins like diggin": 1, 
            "cause i can give you all you": 1, 
            "cause when we're gettin down we are": 1, 
            "coffee and you know it's on i": 1, 
            "crowd to the break of break of": 1, 
            "cups of coffee and you know it's": 1, 
            "dawn can't rock the house without the": 1, 
            "deep in the record bins everybody gettin": 1, 
            "diggin down deep in the record bins": 1, 
            "disco breakin'": 1, 
            "disco breakin' money makin money money makin": 2, 
            "disco breakin' sometimes i like to brag": 1, 
            "disco disco breakin'": 1, 
            "disco disco breakin' money makin money money": 2, 
            "disco disco breakin' sometimes i like to": 1, 
            "do my thing it's like a needle": 1, 
            "door with these funky beats i be": 1, 
            "down deep in the record bins everybody": 1, 
            "down make no mistake nothing sounds quite": 1, 
            "down we are all equal there's no": 1, 
            "eat the pannenkoeken world is the the": 1, 
            "equal there's no better or worse between": 1, 
            "everybody gettin down make no mistake nothing": 1, 
            "eye i will do my thing it's": 1, 
            "favorite shit and when i got a": 1, 
            "feel something cause i can give you": 1, 
            "for the rhythm and some words to": 1, 
            "funky beats i be goin' head huntin'": 1, 
            "funky boss now that you got what": 1, 
            "gettin down make no mistake nothing sounds": 1, 
            "gettin down we are all equal there's": 1, 
            "give you all you need a little": 1, 
            "goin' head huntin' shouts to my peeps": 1, 
            "got a new rhyme i just say": 1, 
            "got what you want, you want more": 1, 
            "hammer and the nail at your door": 1, 
            "head huntin' shouts to my peeps let": 1, 
            "holland i eat the pannenkoeken world is": 1, 
            "house without the party people cause when": 1, 
            "huntin' shouts to my peeps let me": 1, 
            "i be goin' head huntin' shouts to": 1, 
            "i can give you all you need": 1, 
            "i eat the pannenkoeken world is the": 1, 
            "i got a new rhyme i just": 1, 
            "i just say it so money makin": 1, 
            "i like to brag sometimes i'm soft": 1, 
            "i move the crowd to the break": 1, 
            "i rock the mic so viciously like": 1, 
            "i will do my thing it's like": 1, 
            "i'll be with the hammer and the": 1, 
            "i'm in holland i eat the pannenkoeken": 1, 
            "i'm soft spoken when i'm in holland": 1, 
            "if you feel something cause i can": 1, 
            "in holland i eat the pannenkoeken world": 1, 
            "in the cartridge when the record spins": 1, 
            "in the record bins everybody gettin down": 1, 
            "is the the spice you bring the": 1, 
            "it so money makin money money makin": 1, 
            "it's 50 cups of coffee and you": 1, 
            "it's like a needle in the cartridge": 1, 
            "it's on i move the crowd to": 1, 
            "just say it so money makin money": 1, 
            "kiss my ass you funky boss now": 1, 
            "know if you feel something cause i": 1, 
            "know it's on i move the crowd": 1, 
            "let me know if you feel something": 1, 
            "let me tell you now that's my": 1, 
            "like a needle in the cartridge when": 1, 
            "like an 8 0 8 money makin": 1, 
            "like diggin down deep in the record": 1, 
            "like pins and needles and words that": 1, 
            "like to brag sometimes i'm soft spoken": 1, 
            "little beat for the rhythm and some": 1, 
            "make no mistake nothing sounds quite like": 1, 
            "makin manhattan super disco disco breakin'": 1, 
            "makin manhattan super disco disco breakin' money": 2, 
            "makin manhattan super disco disco breakin' sometimes": 1, 
            "makin money money makin manhattan super disco": 4, 
            "manhattan super disco disco breakin'": 1, 
            "manhattan super disco disco breakin' money makin": 2, 
            "manhattan super disco disco breakin' sometimes i": 1, 
            "me but i rock the mic so": 1, 
            "me know if you feel something cause": 1, 
            "me tell you now that's my favorite": 1, 
            "mic so viciously like pins and needles": 1, 
            "mistake nothing sounds quite like an 8": 1, 
            "money makin manhattan super disco disco breakin'": 4, 
            "money makin money money makin manhattan super": 4, 
            "money money makin manhattan super disco disco": 4, 
            "more i'll be with the hammer and": 1, 
            "move the crowd to the break of": 1, 
            "my ass you funky boss now that": 1, 
            "my favorite shit and when i got": 1, 
            "my peeps let me know if you": 1, 
            "my thing it's like a needle in": 1, 
            "nail at your door with these funky": 1, 
            "need a little beat for the rhythm": 1, 
            "needle in the cartridge when the record": 1, 
            "needles and words that sting at the": 1, 
            "new rhyme i just say it so": 1, 
            "no better or worse between you and": 1, 
            "no mistake nothing sounds quite like an": 1, 
            "nothing sounds quite like an 8 0": 1, 
            "now that you got what you want,": 1, 
            "now that's my favorite shit and when": 1, 
            "of an eye i will do my": 1, 
            "of break of dawn can't rock the": 1, 
            "of coffee and you know it's on": 1, 
            "of dawn can't rock the house without": 1, 
            "on i move the crowd to the": 1, 
            "or worse between you and me but": 1, 
            "pannenkoeken world is the the spice you": 1, 
            "party people cause when we're gettin down": 1, 
            "peeps let me know if you feel": 1, 
            "people cause when we're gettin down we": 1, 
            "pins and needles and words that sting": 1, 
            "quite like an 8 0 8 money": 1, 
            "read let me tell you now that's": 1, 
            "record bins everybody gettin down make no": 1, 
            "record spins like diggin down deep in": 1, 
            "rhyme i just say it so money": 1, 
            "rhythm and some words to read let": 1, 
            "rock the house without the party people": 1, 
            "rock the mic so viciously like pins": 1, 
            "sauce you can kiss my ass you": 1, 
            "say it so money makin money money": 1, 
            "shit and when i got a new": 1, 
            "shouts to my peeps let me know": 1, 
            "so money makin money money makin manhattan": 1, 
            "so viciously like pins and needles and": 1, 
            "soft spoken when i'm in holland i": 1, 
            "some words to read let me tell": 1, 
            "something cause i can give you all": 1, 
            "sometimes i like to brag sometimes i'm": 1, 
            "sometimes i'm soft spoken when i'm in": 1, 
            "sounds quite like an 8 0 8": 1, 
            "spice you bring the sauce you can": 1, 
            "spins like diggin down deep in the": 1, 
            "spoken when i'm in holland i eat": 1, 
            "sting at the blink of an eye": 1, 
            "super disco disco breakin'": 1, 
            "super disco disco breakin' money makin money": 2, 
            "super disco disco breakin' sometimes i like": 1, 
            "tell you now that's my favorite shit": 1, 
            "that sting at the blink of an": 1, 
            "that you got what you want, you": 1, 
            "that's my favorite shit and when i": 1, 
            "the blink of an eye i will": 1, 
            "the break of break of dawn can't": 1, 
            "the cartridge when the record spins like": 1, 
            "the crowd to the break of break": 1, 
            "the hammer and the nail at your": 1, 
            "the house without the party people cause": 1, 
            "the mic so viciously like pins and": 1, 
            "the nail at your door with these": 1, 
            "the pannenkoeken world is the the spice": 1, 
            "the party people cause when we're gettin": 1, 
            "the record bins everybody gettin down make": 1, 
            "the record spins like diggin down deep": 1, 
            "the rhythm and some words to read": 1, 
            "the sauce you can kiss my ass": 1, 
            "the spice you bring the sauce you": 1, 
            "the the spice you bring the sauce": 1, 
            "there's no better or worse between you": 1, 
            "these funky beats i be goin' head": 1, 
            "thing it's like a needle in the": 1, 
            "to brag sometimes i'm soft spoken when": 1, 
            "to my peeps let me know if": 1, 
            "to read let me tell you now": 1, 
            "to the break of break of dawn": 1, 
            "viciously like pins and needles and words": 1, 
            "want more i'll be with the hammer": 1, 
            "want, you want more i'll be with": 1, 
            "we are all equal there's no better": 1, 
            "we're gettin down we are all equal": 1, 
            "well it's 50 cups of coffee and": 1, 
            "what you want, you want more i'll": 1, 
            "when i got a new rhyme i": 1, 
            "when i'm in holland i eat the": 1, 
            "when the record spins like diggin down": 1, 
            "when we're gettin down we are all": 1, 
            "will do my thing it's like a": 1, 
            "with the hammer and the nail at": 1, 
            "with these funky beats i be goin'": 1, 
            "without the party people cause when we're": 1, 
            "words that sting at the blink of": 1, 
            "words to read let me tell you": 1, 
            "world is the the spice you bring": 1, 
            "worse between you and me but i": 1, 
            "you all you need a little beat": 1, 
            "you and me but i rock the": 1, 
            "you bring the sauce you can kiss": 1, 
            "you can kiss my ass you funky": 1, 
            "you feel something cause i can give": 1, 
            "you funky boss now that you got": 1, 
            "you got what you want, you want": 1, 
            "you know it's on i move the": 1, 
            "you need a little beat for the": 1, 
            "you now that's my favorite shit and": 1, 
            "you want more i'll be with the": 1, 
            "you want, you want more i'll be": 1, 
            "your door with these funky beats i": 1
        }, 
        "8": {
            "": 1065, 
            "0 8 money makin money money makin manhattan": 1, 
            "50 cups of coffee and you know it's": 1, 
            "8 0 8 money makin money money makin": 1, 
            "8 money makin money money makin manhattan super": 1, 
            "a little beat for the rhythm and some": 1, 
            "a needle in the cartridge when the record": 1, 
            "a new rhyme i just say it so": 1, 
            "all equal there's no better or worse between": 1, 
            "all you need a little beat for the": 1, 
            "an 8 0 8 money makin money money": 1, 
            "an eye i will do my thing it's": 1, 
            "and me but i rock the mic so": 1, 
            "and needles and words that sting at the": 1, 
            "and some words to read let me tell": 1, 
            "and the nail at your door with these": 1, 
            "and when i got a new rhyme i": 1, 
            "and words that sting at the blink of": 1, 
            "and you know it's on i move the": 1, 
            "are all equal there's no better or worse": 1, 
            "ass you funky boss now that you got": 1, 
            "at the blink of an eye i will": 1, 
            "at your door with these funky beats i": 1, 
            "be goin' head huntin' shouts to my peeps": 1, 
            "be with the hammer and the nail at": 1, 
            "beat for the rhythm and some words to": 1, 
            "beats i be goin' head huntin' shouts to": 1, 
            "better or worse between you and me but": 1, 
            "between you and me but i rock the": 1, 
            "bins everybody gettin down make no mistake nothing": 1, 
            "blink of an eye i will do my": 1, 
            "boss now that you got what you want,": 1, 
            "brag sometimes i'm soft spoken when i'm in": 1, 
            "break of break of dawn can't rock the": 1, 
            "break of dawn can't rock the house without": 1, 
            "breakin'": 1, 
            "breakin' money makin money money makin manhattan super": 2, 
            "breakin' sometimes i like to brag sometimes i'm": 1, 
            "bring the sauce you can kiss my ass": 1, 
            "but i rock the mic so viciously like": 1, 
            "can give you all you need a little": 1, 
            "can kiss my ass you funky boss now": 1, 
            "can't rock the house without the party people": 1, 
            "cartridge when the record spins like diggin down": 1, 
            "cause i can give you all you need": 1, 
            "cause when we're gettin down we are all": 1, 
            "coffee and you know it's on i move": 1, 
            "crowd to the break of break of dawn": 1, 
            "cups of coffee and you know it's on": 1, 
            "dawn can't rock the house without the party": 1, 
            "deep in the record bins everybody gettin down": 1, 
            "diggin down deep in the record bins everybody": 1, 
            "disco breakin'": 1, 
            "disco breakin' money makin money money makin manhattan": 2, 
            "disco breakin' sometimes i like to brag sometimes": 1, 
            "disco disco breakin'": 1, 
            "disco disco breakin' money makin money money makin": 2, 
            "disco disco breakin' sometimes i like to brag": 1, 
            "do my thing it's like a needle in": 1, 
            "door with these funky beats i be goin'": 1, 
            "down deep in the record bins everybody gettin": 1, 
            "down make no mistake nothing sounds quite like": 1, 
            "down we are all equal there's no better": 1, 
            "eat the pannenkoeken world is the the spice": 1, 
            "equal there's no better or worse between you": 1, 
            "everybody gettin down make no mistake nothing sounds": 1, 
            "eye i will do my thing it's like": 1, 
            "favorite shit and when i got a new": 1, 
            "feel something cause i can give you all": 1, 
            "for the rhythm and some words to read": 1, 
            "funky beats i be goin' head huntin' shouts": 1, 
            "funky boss now that you got what you": 1, 
            "gettin down make no mistake nothing sounds quite": 1, 
            "gettin down we are all equal there's no": 1, 
            "give you all you need a little beat": 1, 
            "goin' head huntin' shouts to my peeps let": 1, 
            "got a new rhyme i just say it": 1, 
            "got what you want, you want more i'll": 1, 
            "hammer and the nail at your door with": 1, 
            "head huntin' shouts to my peeps let me": 1, 
            "holland i eat the pannenkoeken world is the": 1, 
            "house without the party people cause when we're": 1, 
            "huntin' shouts to my peeps let me know": 1, 
            "i be goin' head huntin' shouts to my": 1, 
            "i can give you all you need a": 1, 
            "i eat the pannenkoeken world is the the": 1, 
            "i got a new rhyme i just say": 1, 
            "i just say it so money makin money": 1, 
            "i like to brag sometimes i'm soft spoken": 1, 
            "i move the crowd to the break of": 1, 
            "i rock the mic so viciously like pins": 1, 
            "i will do my thing it's like a": 1, 
            "i'll be with the hammer and the nail": 1, 
            "i'm in holland i eat the pannenkoeken world": 1, 
            "i'm soft spoken when i'm in holland i": 1, 
            "if you feel something cause i can give": 1, 
            "in holland i eat the pannenkoeken world is": 1, 
            "in the cartridge when the record spins like": 1, 
            "in the record bins everybody gettin down make": 1, 
            "is the the spice you bring the sauce": 1, 
            "it so money makin money money makin manhattan": 1, 
            "it's 50 cups of coffee and you know": 1, 
            "it's like a needle in the cartridge when": 1, 
            "it's on i move the crowd to the": 1, 
            "just say it so money makin money money": 1, 
            "kiss my ass you funky boss now that": 1, 
            "know if you feel something cause i can": 1, 
            "know it's on i move the crowd to": 1, 
            "let me know if you feel something cause": 1, 
            "let me tell you now that's my favorite": 1, 
            "like a needle in the cartridge when the": 1, 
            "like an 8 0 8 money makin money": 1, 
            "like diggin down deep in the record bins": 1, 
            "like pins and needles and words that sting": 1, 
            "like to brag sometimes i'm soft spoken when": 1, 
            "little beat for the rhythm and some words": 1, 
            "make no mistake nothing sounds quite like an": 1, 
            "makin manhattan super disco disco breakin'": 1, 
            "makin manhattan super disco disco breakin' money makin": 2, 
            "makin manhattan super disco disco breakin' sometimes i": 1, 
            "makin money money makin manhattan super disco disco": 4, 
            "manhattan super disco disco breakin'": 1, 
            "manhattan super disco disco breakin' money makin money": 2, 
            "manhattan super disco disco breakin' sometimes i like": 1, 
            "me but i rock the mic so viciously": 1, 
            "me know if you feel something cause i": 1, 
            "me tell you now that's my favorite shit": 1, 
            "mic so viciously like pins and needles and": 1, 
            "mistake nothing sounds quite like an 8 0": 1, 
            "money makin manhattan super disco disco breakin'": 1, 
            "money makin manhattan super disco disco breakin' money": 2, 
            "money makin manhattan super disco disco breakin' sometimes": 1, 
            "money makin money money makin manhattan super disco": 4, 
            "money money makin manhattan super disco disco breakin'": 4, 
            "more i'll be with the hammer and the": 1, 
            "move the crowd to the break of break": 1, 
            "my ass you funky boss now that you": 1, 
            "my favorite shit and when i got a": 1, 
            "my peeps let me know if you feel": 1, 
            "my thing it's like a needle in the": 1, 
            "nail at your door with these funky beats": 1, 
            "need a little beat for the rhythm and": 1, 
            "needle in the cartridge when the record spins": 1, 
            "needles and words that sting at the blink": 1, 
            "new rhyme i just say it so money": 1, 
            "no better or worse between you and me": 1, 
            "no mistake nothing sounds quite like an 8": 1, 
            "nothing sounds quite like an 8 0 8": 1, 
            "now that you got what you want, you": 1, 
            "now that's my favorite shit and when i": 1, 
            "of an eye i will do my thing": 1, 
            "of break of dawn can't rock the house": 1, 
            "of coffee and you know it's on i": 1, 
            "of dawn can't rock the house without the": 1, 
            "on i move the crowd to the break": 1, 
            "or worse between you and me but i": 1, 
            "pannenkoeken world is the the spice you bring": 1, 
            "party people cause when we're gettin down we": 1, 
            "peeps let me know if you feel something": 1, 
            "people cause when we're gettin down we are": 1, 
            "pins and needles and words that sting at": 1, 
            "quite like an 8 0 8 money makin": 1, 
            "read let me tell you now that's my": 1, 
            "record bins everybody gettin down make no mistake": 1, 
            "record spins like diggin down deep in the": 1, 
            "rhyme i just say it so money makin": 1, 
            "rhythm and some words to read let me": 1, 
            "rock the house without the party people cause": 1, 
            "rock the mic so viciously like pins and": 1, 
            "sauce you can kiss my ass you funky": 1, 
            "say it so money makin money money makin": 1, 
            "shit and when i got a new rhyme": 1, 
            "shouts to my peeps let me know if": 1, 
            "so money makin money money makin manhattan super": 1, 
            "so viciously like pins and needles and words": 1, 
            "soft spoken when i'm in holland i eat": 1, 
            "some words to read let me tell you": 1, 
            "something cause i can give you all you": 1, 
            "sometimes i like to brag sometimes i'm soft": 1, 
            "sometimes i'm soft spoken when i'm in holland": 1, 
            "sounds quite like an 8 0 8 money": 1, 
            "spice you bring the sauce you can kiss": 1, 
            "spins like diggin down deep in the record": 1, 
            "spoken when i'm in holland i eat the": 1, 
            "sting at the blink of an eye i": 1, 
            "super disco disco breakin'": 1, 
            "super disco disco breakin' money makin money money": 2, 
            "super disco disco breakin' sometimes i like to": 1, 
            "tell you now that's my favorite shit and": 1, 
            "that sting at the blink of an eye": 1, 
            "that you got what you want, you want": 1, 
            "that's my favorite shit and when i got": 1, 
            "the blink of an eye i will do": 1, 
            "the break of break of dawn can't rock": 1, 
            "the cartridge when the record spins like diggin": 1, 
            "the crowd to the break of break of": 1, 
            "the hammer and the nail at your door": 1, 
            "the house without the party people cause when": 1, 
            "the mic so viciously like pins and needles": 1, 
            "the nail at your door with these funky": 1, 
            "the pannenkoeken world is the the spice you": 1, 
            "the party people cause when we're gettin down": 1, 
            "the record bins everybody gettin down make no": 1, 
            "the record spins like diggin down deep in": 1, 
            "the rhythm and some words to read let": 1, 
            "the sauce you can kiss my ass you": 1, 
            "the spice you bring the sauce you can": 1, 
            "the the spice you bring the sauce you": 1, 
            "there's no better or worse between you and": 1, 
            "these funky beats i be goin' head huntin'": 1, 
            "thing it's like a needle in the cartridge": 1, 
            "to brag sometimes i'm soft spoken when i'm": 1, 
            "to my peeps let me know if you": 1, 
            "to read let me tell you now that's": 1, 
            "to the break of break of dawn can't": 1, 
            "viciously like pins and needles and words that": 1, 
            "want more i'll be with the hammer and": 1, 
            "want, you want more i'll be with the": 1, 
            "we are all equal there's no better or": 1, 
            "we're gettin down we are all equal there's": 1, 
            "well it's 50 cups of coffee and you": 1, 
            "what you want, you want more i'll be": 1, 
            "when i got a new rhyme i just": 1, 
            "when i'm in holland i eat the pannenkoeken": 1, 
            "when the record spins like diggin down deep": 1, 
            "when we're gettin down we are all equal": 1, 
            "will do my thing it's like a needle": 1, 
            "with the hammer and the nail at your": 1, 
            "with these funky beats i be goin' head": 1, 
            "without the party people cause when we're gettin": 1, 
            "words that sting at the blink of an": 1, 
            "words to read let me tell you now": 1, 
            "world is the the spice you bring the": 1, 
            "worse between you and me but i rock": 1, 
            "you all you need a little beat for": 1, 
            "you and me but i rock the mic": 1, 
            "you bring the sauce you can kiss my": 1, 
            "you can kiss my ass you funky boss": 1, 
            "you feel something cause i can give you": 1, 
            "you funky boss now that you got what": 1, 
            "you got what you want, you want more": 1, 
            "you know it's on i move the crowd": 1, 
            "you need a little beat for the rhythm": 1, 
            "you now that's my favorite shit and when": 1, 
            "you want more i'll be with the hammer": 1, 
            "you want, you want more i'll be with": 1, 
            "your door with these funky beats i be": 1
        }
    }, 
    "song_title": "Super Disco Breakin'", 
    "total_words": [
        262, 
        {
            "0": 1, 
            "50": 1, 
            "8": 2, 
            "a": 3, 
            "all": 2, 
            "an": 2, 
            "and": 7, 
            "are": 1, 
            "ass": 1, 
            "at": 2, 
            "be": 2, 
            "beat": 1, 
            "beats": 1, 
            "better": 1, 
            "between": 1, 
            "bins": 1, 
            "blink": 1, 
            "boss": 1, 
            "brag": 1, 
            "break": 2, 
            "breakin'": 4, 
            "bring": 1, 
            "but": 1, 
            "can": 2, 
            "can't": 1, 
            "cartridge": 1, 
            "cause": 2, 
            "coffee": 1, 
            "crowd": 1, 
            "cups": 1, 
            "dawn": 1, 
            "deep": 1, 
            "diggin": 1, 
            "disco": 8, 
            "do": 1, 
            "door": 1, 
            "down": 3, 
            "eat": 1, 
            "equal": 1, 
            "everybody": 1, 
            "eye": 1, 
            "favorite": 1, 
            "feel": 1, 
            "for": 1, 
            "funky": 2, 
            "gettin": 2, 
            "give": 1, 
            "goin'": 1, 
            "got": 2, 
            "hammer": 1, 
            "head": 1, 
            "holland": 1, 
            "house": 1, 
            "huntin'": 1, 
            "i": 9, 
            "i'll": 1, 
            "i'm": 2, 
            "if": 1, 
            "in": 3, 
            "is": 1, 
            "it": 1, 
            "it's": 3, 
            "just": 1, 
            "kiss": 1, 
            "know": 2, 
            "let": 2, 
            "like": 5, 
            "little": 1, 
            "make": 1, 
            "makin": 8, 
            "manhattan": 4, 
            "me": 3, 
            "mic": 1, 
            "mistake": 1, 
            "money": 12, 
            "more": 1, 
            "move": 1, 
            "my": 4, 
            "nail": 1, 
            "need": 1, 
            "needle": 1, 
            "needles": 1, 
            "new": 1, 
            "no": 2, 
            "nothing": 1, 
            "now": 2, 
            "of": 4, 
            "on": 1, 
            "or": 1, 
            "pannenkoeken": 1, 
            "party": 1, 
            "peeps": 1, 
            "people": 1, 
            "pins": 1, 
            "quite": 1, 
            "read": 1, 
            "record": 2, 
            "rhyme": 1, 
            "rhythm": 1, 
            "rock": 2, 
            "sauce": 1, 
            "say": 1, 
            "shit": 1, 
            "shouts": 1, 
            "so": 2, 
            "soft": 1, 
            "some": 1, 
            "something": 1, 
            "sometimes": 2, 
            "sounds": 1, 
            "spice": 1, 
            "spins": 1, 
            "spoken": 1, 
            "sting": 1, 
            "super": 4, 
            "tell": 1, 
            "that": 2, 
            "that's": 1, 
            "the": 16, 
            "there's": 1, 
            "these": 1, 
            "thing": 1, 
            "to": 4, 
            "viciously": 1, 
            "want": 1, 
            "want,": 1, 
            "we": 1, 
            "we're": 1, 
            "well": 1, 
            "what": 1, 
            "when": 4, 
            "will": 1, 
            "with": 2, 
            "without": 1, 
            "words": 2, 
            "world": 1, 
            "worse": 1, 
            "you": 12, 
            "your": 1
        }
    ], 
    "unique_words": [
        139, 
        [
            "all", 
            "kiss", 
            "just", 
            "money", 
            "move", 
            "shouts", 
            "bring", 
            "better", 
            "to", 
            "rhythm", 
            "8", 
            "sauce", 
            "do", 
            "coffee", 
            "worse", 
            "beat", 
            "rhyme", 
            "break", 
            "know", 
            "words", 
            "new", 
            "world", 
            "now", 
            "like", 
            "huntin'", 
            "gettin", 
            "peeps", 
            "50", 
            "disco", 
            "goin'", 
            "diggin", 
            "rock", 
            "soft", 
            "spins", 
            "i'll", 
            "crowd", 
            "people", 
            "house", 
            "some", 
            "nail", 
            "are", 
            "dawn", 
            "hammer", 
            "what", 
            "for", 
            "there's", 
            "between", 
            "got", 
            "cause", 
            "ass", 
            "be", 
            "we", 
            "quite", 
            "let", 
            "boss", 
            "super", 
            "on", 
            "of", 
            "favorite", 
            "equal", 
            "thing", 
            "funky", 
            "brag", 
            "i'm", 
            "or", 
            "can't", 
            "feel", 
            "makin", 
            "blink", 
            "down", 
            "pannenkoeken", 
            "sounds", 
            "cups", 
            "your", 
            "want,", 
            "everybody", 
            "little", 
            "eye", 
            "0", 
            "it's", 
            "we're", 
            "tell", 
            "more", 
            "head", 
            "door", 
            "that", 
            "needle", 
            "spoken", 
            "needles", 
            "deep", 
            "with", 
            "eat", 
            "spice", 
            "me", 
            "holland", 
            "these", 
            "say", 
            "will", 
            "record", 
            "can", 
            "my", 
            "mistake", 
            "and", 
            "breakin'", 
            "give", 
            "is", 
            "it", 
            "sting", 
            "an", 
            "beats", 
            "something", 
            "want", 
            "in", 
            "need", 
            "shit", 
            "if", 
            "no", 
            "make", 
            "when", 
            "read", 
            "pins", 
            "party", 
            "you", 
            "manhattan", 
            "cartridge", 
            "but", 
            "nothing", 
            "a", 
            "viciously", 
            "i", 
            "sometimes", 
            "well", 
            "without", 
            "so", 
            "at", 
            "the", 
            "mic", 
            "bins", 
            "that's"
        ]
    ], 
    "year": 1998
}