{
    "album": "Hello Nasty", 
    "artist": "Beastie Boys", 
    "lyrics": "My DJ's got the cuts and the beats are on\nWe're comin with the limericks and we're comin' strong\nAnd the rhythm's on time to every word and rhyme\nWhen it comes to keep it real I keep it really wrong\nAt the risk of sounding crass I would like to mention\nThat I am well aware of your wack intentions\nTo usurp my prose you so and so\nIt's my primary bone of contention\nI tell you everybody I've had it\nWith all these people with static\nI'll go insane if it don't rain\nSucker MC's are problematic\nI love it when you hit those switches\nA curve ball's what my pitch is\nSo here we here we come\nLike dum ditty dum\nI keep all five boroughs in stitches\n\nThe sound sounds sweeter through the echolex\nIt'll spin you around and throw you in a hex\nUntil you feel no pain inside your brain\nAll your worries are soothed by the sound effects\nYou ead it in the Post and the Daily News\nListen everybody lets show improve\nDon't let me begin about heroin\nLiving six feet deep just ain't the move\nWe're giving you soul power\nI like it sweet and sour\nWhen it comes to rhymes and beat designs\nI'm at the control tower\nTell me what makes you so afraid\nOf all those people you say you hate\nJust give it one time for your mind\nAnd let's try to negotiate\n", 
    "ngrams": {
        "2": {
            "": 978, 
            "a curve": 1, 
            "a hex": 1, 
            "about heroin": 1, 
            "afraid of": 1, 
            "ain't the": 1, 
            "all five": 1, 
            "all these": 1, 
            "all those": 1, 
            "all your": 1, 
            "am well": 1, 
            "and beat": 1, 
            "and let's": 1, 
            "and rhyme": 1, 
            "and so": 1, 
            "and sour": 1, 
            "and the": 3, 
            "and throw": 1, 
            "and we're": 1, 
            "are on": 1, 
            "are problematic": 1, 
            "are soothed": 1, 
            "around and": 1, 
            "at the": 2, 
            "aware of": 1, 
            "ball's what": 1, 
            "beat designs": 1, 
            "beats are": 1, 
            "begin about": 1, 
            "bone of": 1, 
            "boroughs in": 1, 
            "brain all": 1, 
            "by the": 1, 
            "come like": 1, 
            "comes to": 2, 
            "comin with": 1, 
            "comin' strong": 1, 
            "contention i": 1, 
            "control tower": 1, 
            "crass i": 1, 
            "curve ball's": 1, 
            "cuts and": 1, 
            "daily news": 1, 
            "deep just": 1, 
            "designs i'm": 1, 
            "ditty dum": 1, 
            "dj's got": 1, 
            "don't let": 1, 
            "don't rain": 1, 
            "dum ditty": 1, 
            "dum i": 1, 
            "ead it": 1, 
            "echolex it'll": 1, 
            "effects you": 1, 
            "every word": 1, 
            "everybody i've": 1, 
            "everybody lets": 1, 
            "feel no": 1, 
            "feet deep": 1, 
            "five boroughs": 1, 
            "for your": 1, 
            "give it": 1, 
            "giving you": 1, 
            "go insane": 1, 
            "got the": 1, 
            "had it": 1, 
            "hate just": 1, 
            "here we": 2, 
            "heroin living": 1, 
            "hex until": 1, 
            "hit those": 1, 
            "i am": 1, 
            "i keep": 2, 
            "i like": 1, 
            "i love": 1, 
            "i tell": 1, 
            "i would": 1, 
            "i'll go": 1, 
            "i'm at": 1, 
            "i've had": 1, 
            "if it": 1, 
            "improve don't": 1, 
            "in a": 1, 
            "in stitches": 1, 
            "in the": 1, 
            "insane if": 1, 
            "inside your": 1, 
            "intentions to": 1, 
            "is so": 1, 
            "it comes": 2, 
            "it don't": 1, 
            "it in": 1, 
            "it one": 1, 
            "it real": 1, 
            "it really": 1, 
            "it sweet": 1, 
            "it when": 1, 
            "it with": 1, 
            "it'll spin": 1, 
            "it's my": 1, 
            "just ain't": 1, 
            "just give": 1, 
            "keep all": 1, 
            "keep it": 2, 
            "let me": 1, 
            "let's try": 1, 
            "lets show": 1, 
            "like dum": 1, 
            "like it": 1, 
            "like to": 1, 
            "limericks and": 1, 
            "listen everybody": 1, 
            "living six": 1, 
            "love it": 1, 
            "makes you": 1, 
            "mc's are": 1, 
            "me begin": 1, 
            "me what": 1, 
            "mention that": 1, 
            "mind and": 1, 
            "move we're": 1, 
            "my dj's": 1, 
            "my pitch": 1, 
            "my primary": 1, 
            "my prose": 1, 
            "negotiate": 1, 
            "news listen": 1, 
            "no pain": 1, 
            "of all": 1, 
            "of contention": 1, 
            "of sounding": 1, 
            "of your": 1, 
            "on time": 1, 
            "on we're": 1, 
            "one time": 1, 
            "pain inside": 1, 
            "people with": 1, 
            "people you": 1, 
            "pitch is": 1, 
            "post and": 1, 
            "power i": 1, 
            "primary bone": 1, 
            "problematic i": 1, 
            "prose you": 1, 
            "rain sucker": 1, 
            "real i": 1, 
            "really wrong": 1, 
            "rhyme when": 1, 
            "rhymes and": 1, 
            "rhythm's on": 1, 
            "risk of": 1, 
            "say you": 1, 
            "show improve": 1, 
            "six feet": 1, 
            "so afraid": 1, 
            "so and": 1, 
            "so here": 1, 
            "so it's": 1, 
            "soothed by": 1, 
            "soul power": 1, 
            "sound effects": 1, 
            "sound sounds": 1, 
            "sounding crass": 1, 
            "sounds sweeter": 1, 
            "sour when": 1, 
            "spin you": 1, 
            "static i'll": 1, 
            "stitches the": 1, 
            "strong and": 1, 
            "sucker mc's": 1, 
            "sweet and": 1, 
            "sweeter through": 1, 
            "switches a": 1, 
            "tell me": 1, 
            "tell you": 1, 
            "that i": 1, 
            "the beats": 1, 
            "the control": 1, 
            "the cuts": 1, 
            "the daily": 1, 
            "the echolex": 1, 
            "the limericks": 1, 
            "the move": 1, 
            "the post": 1, 
            "the rhythm's": 1, 
            "the risk": 1, 
            "the sound": 2, 
            "these people": 1, 
            "those people": 1, 
            "those switches": 1, 
            "through the": 1, 
            "throw you": 1, 
            "time for": 1, 
            "time to": 1, 
            "to every": 1, 
            "to keep": 1, 
            "to mention": 1, 
            "to negotiate": 1, 
            "to rhymes": 1, 
            "to usurp": 1, 
            "tower tell": 1, 
            "try to": 1, 
            "until you": 1, 
            "usurp my": 1, 
            "wack intentions": 1, 
            "we come": 1, 
            "we here": 1, 
            "we're comin": 1, 
            "we're comin'": 1, 
            "we're giving": 1, 
            "well aware": 1, 
            "what makes": 1, 
            "what my": 1, 
            "when it": 2, 
            "when you": 1, 
            "with all": 1, 
            "with static": 1, 
            "with the": 1, 
            "word and": 1, 
            "worries are": 1, 
            "would like": 1, 
            "wrong at": 1, 
            "you around": 1, 
            "you ead": 1, 
            "you everybody": 1, 
            "you feel": 1, 
            "you hate": 1, 
            "you hit": 1, 
            "you in": 1, 
            "you say": 1, 
            "you so": 2, 
            "you soul": 1, 
            "your brain": 1, 
            "your mind": 1, 
            "your wack": 1, 
            "your worries": 1
        }, 
        "3": {
            "": 977, 
            "a curve ball's": 1, 
            "a hex until": 1, 
            "about heroin living": 1, 
            "afraid of all": 1, 
            "ain't the move": 1, 
            "all five boroughs": 1, 
            "all these people": 1, 
            "all those people": 1, 
            "all your worries": 1, 
            "am well aware": 1, 
            "and beat designs": 1, 
            "and let's try": 1, 
            "and rhyme when": 1, 
            "and so it's": 1, 
            "and sour when": 1, 
            "and the beats": 1, 
            "and the daily": 1, 
            "and the rhythm's": 1, 
            "and throw you": 1, 
            "and we're comin'": 1, 
            "are on we're": 1, 
            "are problematic i": 1, 
            "are soothed by": 1, 
            "around and throw": 1, 
            "at the control": 1, 
            "at the risk": 1, 
            "aware of your": 1, 
            "ball's what my": 1, 
            "beat designs i'm": 1, 
            "beats are on": 1, 
            "begin about heroin": 1, 
            "bone of contention": 1, 
            "boroughs in stitches": 1, 
            "brain all your": 1, 
            "by the sound": 1, 
            "come like dum": 1, 
            "comes to keep": 1, 
            "comes to rhymes": 1, 
            "comin with the": 1, 
            "comin' strong and": 1, 
            "contention i tell": 1, 
            "control tower tell": 1, 
            "crass i would": 1, 
            "curve ball's what": 1, 
            "cuts and the": 1, 
            "daily news listen": 1, 
            "deep just ain't": 1, 
            "designs i'm at": 1, 
            "ditty dum i": 1, 
            "dj's got the": 1, 
            "don't let me": 1, 
            "don't rain sucker": 1, 
            "dum ditty dum": 1, 
            "dum i keep": 1, 
            "ead it in": 1, 
            "echolex it'll spin": 1, 
            "effects you ead": 1, 
            "every word and": 1, 
            "everybody i've had": 1, 
            "everybody lets show": 1, 
            "feel no pain": 1, 
            "feet deep just": 1, 
            "five boroughs in": 1, 
            "for your mind": 1, 
            "give it one": 1, 
            "giving you soul": 1, 
            "go insane if": 1, 
            "got the cuts": 1, 
            "had it with": 1, 
            "hate just give": 1, 
            "here we come": 1, 
            "here we here": 1, 
            "heroin living six": 1, 
            "hex until you": 1, 
            "hit those switches": 1, 
            "i am well": 1, 
            "i keep all": 1, 
            "i keep it": 1, 
            "i like it": 1, 
            "i love it": 1, 
            "i tell you": 1, 
            "i would like": 1, 
            "i'll go insane": 1, 
            "i'm at the": 1, 
            "i've had it": 1, 
            "if it don't": 1, 
            "improve don't let": 1, 
            "in a hex": 1, 
            "in stitches the": 1, 
            "in the post": 1, 
            "insane if it": 1, 
            "inside your brain": 1, 
            "intentions to usurp": 1, 
            "is so here": 1, 
            "it comes to": 2, 
            "it don't rain": 1, 
            "it in the": 1, 
            "it one time": 1, 
            "it real i": 1, 
            "it really wrong": 1, 
            "it sweet and": 1, 
            "it when you": 1, 
            "it with all": 1, 
            "it'll spin you": 1, 
            "it's my primary": 1, 
            "just ain't the": 1, 
            "just give it": 1, 
            "keep all five": 1, 
            "keep it real": 1, 
            "keep it really": 1, 
            "let me begin": 1, 
            "let's try to": 1, 
            "lets show improve": 1, 
            "like dum ditty": 1, 
            "like it sweet": 1, 
            "like to mention": 1, 
            "limericks and we're": 1, 
            "listen everybody lets": 1, 
            "living six feet": 1, 
            "love it when": 1, 
            "makes you so": 1, 
            "mc's are problematic": 1, 
            "me begin about": 1, 
            "me what makes": 1, 
            "mention that i": 1, 
            "mind and let's": 1, 
            "move we're giving": 1, 
            "my dj's got": 1, 
            "my pitch is": 1, 
            "my primary bone": 1, 
            "my prose you": 1, 
            "negotiate": 1, 
            "news listen everybody": 1, 
            "no pain inside": 1, 
            "of all those": 1, 
            "of contention i": 1, 
            "of sounding crass": 1, 
            "of your wack": 1, 
            "on time to": 1, 
            "on we're comin": 1, 
            "one time for": 1, 
            "pain inside your": 1, 
            "people with static": 1, 
            "people you say": 1, 
            "pitch is so": 1, 
            "post and the": 1, 
            "power i like": 1, 
            "primary bone of": 1, 
            "problematic i love": 1, 
            "prose you so": 1, 
            "rain sucker mc's": 1, 
            "real i keep": 1, 
            "really wrong at": 1, 
            "rhyme when it": 1, 
            "rhymes and beat": 1, 
            "rhythm's on time": 1, 
            "risk of sounding": 1, 
            "say you hate": 1, 
            "show improve don't": 1, 
            "six feet deep": 1, 
            "so afraid of": 1, 
            "so and so": 1, 
            "so here we": 1, 
            "so it's my": 1, 
            "soothed by the": 1, 
            "soul power i": 1, 
            "sound effects you": 1, 
            "sound sounds sweeter": 1, 
            "sounding crass i": 1, 
            "sounds sweeter through": 1, 
            "sour when it": 1, 
            "spin you around": 1, 
            "static i'll go": 1, 
            "stitches the sound": 1, 
            "strong and the": 1, 
            "sucker mc's are": 1, 
            "sweet and sour": 1, 
            "sweeter through the": 1, 
            "switches a curve": 1, 
            "tell me what": 1, 
            "tell you everybody": 1, 
            "that i am": 1, 
            "the beats are": 1, 
            "the control tower": 1, 
            "the cuts and": 1, 
            "the daily news": 1, 
            "the echolex it'll": 1, 
            "the limericks and": 1, 
            "the move we're": 1, 
            "the post and": 1, 
            "the rhythm's on": 1, 
            "the risk of": 1, 
            "the sound effects": 1, 
            "the sound sounds": 1, 
            "these people with": 1, 
            "those people you": 1, 
            "those switches a": 1, 
            "through the echolex": 1, 
            "throw you in": 1, 
            "time for your": 1, 
            "time to every": 1, 
            "to every word": 1, 
            "to keep it": 1, 
            "to mention that": 1, 
            "to negotiate": 1, 
            "to rhymes and": 1, 
            "to usurp my": 1, 
            "tower tell me": 1, 
            "try to negotiate": 1, 
            "until you feel": 1, 
            "usurp my prose": 1, 
            "wack intentions to": 1, 
            "we come like": 1, 
            "we here we": 1, 
            "we're comin with": 1, 
            "we're comin' strong": 1, 
            "we're giving you": 1, 
            "well aware of": 1, 
            "what makes you": 1, 
            "what my pitch": 1, 
            "when it comes": 2, 
            "when you hit": 1, 
            "with all these": 1, 
            "with static i'll": 1, 
            "with the limericks": 1, 
            "word and rhyme": 1, 
            "worries are soothed": 1, 
            "would like to": 1, 
            "wrong at the": 1, 
            "you around and": 1, 
            "you ead it": 1, 
            "you everybody i've": 1, 
            "you feel no": 1, 
            "you hate just": 1, 
            "you hit those": 1, 
            "you in a": 1, 
            "you say you": 1, 
            "you so afraid": 1, 
            "you so and": 1, 
            "you soul power": 1, 
            "your brain all": 1, 
            "your mind and": 1, 
            "your wack intentions": 1, 
            "your worries are": 1
        }, 
        "4": {
            "": 976, 
            "a curve ball's what": 1, 
            "a hex until you": 1, 
            "about heroin living six": 1, 
            "afraid of all those": 1, 
            "ain't the move we're": 1, 
            "all five boroughs in": 1, 
            "all these people with": 1, 
            "all those people you": 1, 
            "all your worries are": 1, 
            "am well aware of": 1, 
            "and beat designs i'm": 1, 
            "and let's try to": 1, 
            "and rhyme when it": 1, 
            "and so it's my": 1, 
            "and sour when it": 1, 
            "and the beats are": 1, 
            "and the daily news": 1, 
            "and the rhythm's on": 1, 
            "and throw you in": 1, 
            "and we're comin' strong": 1, 
            "are on we're comin": 1, 
            "are problematic i love": 1, 
            "are soothed by the": 1, 
            "around and throw you": 1, 
            "at the control tower": 1, 
            "at the risk of": 1, 
            "aware of your wack": 1, 
            "ball's what my pitch": 1, 
            "beat designs i'm at": 1, 
            "beats are on we're": 1, 
            "begin about heroin living": 1, 
            "bone of contention i": 1, 
            "boroughs in stitches the": 1, 
            "brain all your worries": 1, 
            "by the sound effects": 1, 
            "come like dum ditty": 1, 
            "comes to keep it": 1, 
            "comes to rhymes and": 1, 
            "comin with the limericks": 1, 
            "comin' strong and the": 1, 
            "contention i tell you": 1, 
            "control tower tell me": 1, 
            "crass i would like": 1, 
            "curve ball's what my": 1, 
            "cuts and the beats": 1, 
            "daily news listen everybody": 1, 
            "deep just ain't the": 1, 
            "designs i'm at the": 1, 
            "ditty dum i keep": 1, 
            "dj's got the cuts": 1, 
            "don't let me begin": 1, 
            "don't rain sucker mc's": 1, 
            "dum ditty dum i": 1, 
            "dum i keep all": 1, 
            "ead it in the": 1, 
            "echolex it'll spin you": 1, 
            "effects you ead it": 1, 
            "every word and rhyme": 1, 
            "everybody i've had it": 1, 
            "everybody lets show improve": 1, 
            "feel no pain inside": 1, 
            "feet deep just ain't": 1, 
            "five boroughs in stitches": 1, 
            "for your mind and": 1, 
            "give it one time": 1, 
            "giving you soul power": 1, 
            "go insane if it": 1, 
            "got the cuts and": 1, 
            "had it with all": 1, 
            "hate just give it": 1, 
            "here we come like": 1, 
            "here we here we": 1, 
            "heroin living six feet": 1, 
            "hex until you feel": 1, 
            "hit those switches a": 1, 
            "i am well aware": 1, 
            "i keep all five": 1, 
            "i keep it really": 1, 
            "i like it sweet": 1, 
            "i love it when": 1, 
            "i tell you everybody": 1, 
            "i would like to": 1, 
            "i'll go insane if": 1, 
            "i'm at the control": 1, 
            "i've had it with": 1, 
            "if it don't rain": 1, 
            "improve don't let me": 1, 
            "in a hex until": 1, 
            "in stitches the sound": 1, 
            "in the post and": 1, 
            "insane if it don't": 1, 
            "inside your brain all": 1, 
            "intentions to usurp my": 1, 
            "is so here we": 1, 
            "it comes to keep": 1, 
            "it comes to rhymes": 1, 
            "it don't rain sucker": 1, 
            "it in the post": 1, 
            "it one time for": 1, 
            "it real i keep": 1, 
            "it really wrong at": 1, 
            "it sweet and sour": 1, 
            "it when you hit": 1, 
            "it with all these": 1, 
            "it'll spin you around": 1, 
            "it's my primary bone": 1, 
            "just ain't the move": 1, 
            "just give it one": 1, 
            "keep all five boroughs": 1, 
            "keep it real i": 1, 
            "keep it really wrong": 1, 
            "let me begin about": 1, 
            "let's try to negotiate": 1, 
            "lets show improve don't": 1, 
            "like dum ditty dum": 1, 
            "like it sweet and": 1, 
            "like to mention that": 1, 
            "limericks and we're comin'": 1, 
            "listen everybody lets show": 1, 
            "living six feet deep": 1, 
            "love it when you": 1, 
            "makes you so afraid": 1, 
            "mc's are problematic i": 1, 
            "me begin about heroin": 1, 
            "me what makes you": 1, 
            "mention that i am": 1, 
            "mind and let's try": 1, 
            "move we're giving you": 1, 
            "my dj's got the": 1, 
            "my pitch is so": 1, 
            "my primary bone of": 1, 
            "my prose you so": 1, 
            "negotiate": 1, 
            "news listen everybody lets": 1, 
            "no pain inside your": 1, 
            "of all those people": 1, 
            "of contention i tell": 1, 
            "of sounding crass i": 1, 
            "of your wack intentions": 1, 
            "on time to every": 1, 
            "on we're comin with": 1, 
            "one time for your": 1, 
            "pain inside your brain": 1, 
            "people with static i'll": 1, 
            "people you say you": 1, 
            "pitch is so here": 1, 
            "post and the daily": 1, 
            "power i like it": 1, 
            "primary bone of contention": 1, 
            "problematic i love it": 1, 
            "prose you so and": 1, 
            "rain sucker mc's are": 1, 
            "real i keep it": 1, 
            "really wrong at the": 1, 
            "rhyme when it comes": 1, 
            "rhymes and beat designs": 1, 
            "rhythm's on time to": 1, 
            "risk of sounding crass": 1, 
            "say you hate just": 1, 
            "show improve don't let": 1, 
            "six feet deep just": 1, 
            "so afraid of all": 1, 
            "so and so it's": 1, 
            "so here we here": 1, 
            "so it's my primary": 1, 
            "soothed by the sound": 1, 
            "soul power i like": 1, 
            "sound effects you ead": 1, 
            "sound sounds sweeter through": 1, 
            "sounding crass i would": 1, 
            "sounds sweeter through the": 1, 
            "sour when it comes": 1, 
            "spin you around and": 1, 
            "static i'll go insane": 1, 
            "stitches the sound sounds": 1, 
            "strong and the rhythm's": 1, 
            "sucker mc's are problematic": 1, 
            "sweet and sour when": 1, 
            "sweeter through the echolex": 1, 
            "switches a curve ball's": 1, 
            "tell me what makes": 1, 
            "tell you everybody i've": 1, 
            "that i am well": 1, 
            "the beats are on": 1, 
            "the control tower tell": 1, 
            "the cuts and the": 1, 
            "the daily news listen": 1, 
            "the echolex it'll spin": 1, 
            "the limericks and we're": 1, 
            "the move we're giving": 1, 
            "the post and the": 1, 
            "the rhythm's on time": 1, 
            "the risk of sounding": 1, 
            "the sound effects you": 1, 
            "the sound sounds sweeter": 1, 
            "these people with static": 1, 
            "those people you say": 1, 
            "those switches a curve": 1, 
            "through the echolex it'll": 1, 
            "throw you in a": 1, 
            "time for your mind": 1, 
            "time to every word": 1, 
            "to every word and": 1, 
            "to keep it real": 1, 
            "to mention that i": 1, 
            "to negotiate": 1, 
            "to rhymes and beat": 1, 
            "to usurp my prose": 1, 
            "tower tell me what": 1, 
            "try to negotiate": 1, 
            "until you feel no": 1, 
            "usurp my prose you": 1, 
            "wack intentions to usurp": 1, 
            "we come like dum": 1, 
            "we here we come": 1, 
            "we're comin with the": 1, 
            "we're comin' strong and": 1, 
            "we're giving you soul": 1, 
            "well aware of your": 1, 
            "what makes you so": 1, 
            "what my pitch is": 1, 
            "when it comes to": 2, 
            "when you hit those": 1, 
            "with all these people": 1, 
            "with static i'll go": 1, 
            "with the limericks and": 1, 
            "word and rhyme when": 1, 
            "worries are soothed by": 1, 
            "would like to mention": 1, 
            "wrong at the risk": 1, 
            "you around and throw": 1, 
            "you ead it in": 1, 
            "you everybody i've had": 1, 
            "you feel no pain": 1, 
            "you hate just give": 1, 
            "you hit those switches": 1, 
            "you in a hex": 1, 
            "you say you hate": 1, 
            "you so afraid of": 1, 
            "you so and so": 1, 
            "you soul power i": 1, 
            "your brain all your": 1, 
            "your mind and let's": 1, 
            "your wack intentions to": 1, 
            "your worries are soothed": 1
        }, 
        "5": {
            "": 975, 
            "a curve ball's what my": 1, 
            "a hex until you feel": 1, 
            "about heroin living six feet": 1, 
            "afraid of all those people": 1, 
            "ain't the move we're giving": 1, 
            "all five boroughs in stitches": 1, 
            "all these people with static": 1, 
            "all those people you say": 1, 
            "all your worries are soothed": 1, 
            "am well aware of your": 1, 
            "and beat designs i'm at": 1, 
            "and let's try to negotiate": 1, 
            "and rhyme when it comes": 1, 
            "and so it's my primary": 1, 
            "and sour when it comes": 1, 
            "and the beats are on": 1, 
            "and the daily news listen": 1, 
            "and the rhythm's on time": 1, 
            "and throw you in a": 1, 
            "and we're comin' strong and": 1, 
            "are on we're comin with": 1, 
            "are problematic i love it": 1, 
            "are soothed by the sound": 1, 
            "around and throw you in": 1, 
            "at the control tower tell": 1, 
            "at the risk of sounding": 1, 
            "aware of your wack intentions": 1, 
            "ball's what my pitch is": 1, 
            "beat designs i'm at the": 1, 
            "beats are on we're comin": 1, 
            "begin about heroin living six": 1, 
            "bone of contention i tell": 1, 
            "boroughs in stitches the sound": 1, 
            "brain all your worries are": 1, 
            "by the sound effects you": 1, 
            "come like dum ditty dum": 1, 
            "comes to keep it real": 1, 
            "comes to rhymes and beat": 1, 
            "comin with the limericks and": 1, 
            "comin' strong and the rhythm's": 1, 
            "contention i tell you everybody": 1, 
            "control tower tell me what": 1, 
            "crass i would like to": 1, 
            "curve ball's what my pitch": 1, 
            "cuts and the beats are": 1, 
            "daily news listen everybody lets": 1, 
            "deep just ain't the move": 1, 
            "designs i'm at the control": 1, 
            "ditty dum i keep all": 1, 
            "dj's got the cuts and": 1, 
            "don't let me begin about": 1, 
            "don't rain sucker mc's are": 1, 
            "dum ditty dum i keep": 1, 
            "dum i keep all five": 1, 
            "ead it in the post": 1, 
            "echolex it'll spin you around": 1, 
            "effects you ead it in": 1, 
            "every word and rhyme when": 1, 
            "everybody i've had it with": 1, 
            "everybody lets show improve don't": 1, 
            "feel no pain inside your": 1, 
            "feet deep just ain't the": 1, 
            "five boroughs in stitches the": 1, 
            "for your mind and let's": 1, 
            "give it one time for": 1, 
            "giving you soul power i": 1, 
            "go insane if it don't": 1, 
            "got the cuts and the": 1, 
            "had it with all these": 1, 
            "hate just give it one": 1, 
            "here we come like dum": 1, 
            "here we here we come": 1, 
            "heroin living six feet deep": 1, 
            "hex until you feel no": 1, 
            "hit those switches a curve": 1, 
            "i am well aware of": 1, 
            "i keep all five boroughs": 1, 
            "i keep it really wrong": 1, 
            "i like it sweet and": 1, 
            "i love it when you": 1, 
            "i tell you everybody i've": 1, 
            "i would like to mention": 1, 
            "i'll go insane if it": 1, 
            "i'm at the control tower": 1, 
            "i've had it with all": 1, 
            "if it don't rain sucker": 1, 
            "improve don't let me begin": 1, 
            "in a hex until you": 1, 
            "in stitches the sound sounds": 1, 
            "in the post and the": 1, 
            "insane if it don't rain": 1, 
            "inside your brain all your": 1, 
            "intentions to usurp my prose": 1, 
            "is so here we here": 1, 
            "it comes to keep it": 1, 
            "it comes to rhymes and": 1, 
            "it don't rain sucker mc's": 1, 
            "it in the post and": 1, 
            "it one time for your": 1, 
            "it real i keep it": 1, 
            "it really wrong at the": 1, 
            "it sweet and sour when": 1, 
            "it when you hit those": 1, 
            "it with all these people": 1, 
            "it'll spin you around and": 1, 
            "it's my primary bone of": 1, 
            "just ain't the move we're": 1, 
            "just give it one time": 1, 
            "keep all five boroughs in": 1, 
            "keep it real i keep": 1, 
            "keep it really wrong at": 1, 
            "let me begin about heroin": 1, 
            "let's try to negotiate": 1, 
            "lets show improve don't let": 1, 
            "like dum ditty dum i": 1, 
            "like it sweet and sour": 1, 
            "like to mention that i": 1, 
            "limericks and we're comin' strong": 1, 
            "listen everybody lets show improve": 1, 
            "living six feet deep just": 1, 
            "love it when you hit": 1, 
            "makes you so afraid of": 1, 
            "mc's are problematic i love": 1, 
            "me begin about heroin living": 1, 
            "me what makes you so": 1, 
            "mention that i am well": 1, 
            "mind and let's try to": 1, 
            "move we're giving you soul": 1, 
            "my dj's got the cuts": 1, 
            "my pitch is so here": 1, 
            "my primary bone of contention": 1, 
            "my prose you so and": 1, 
            "negotiate": 1, 
            "news listen everybody lets show": 1, 
            "no pain inside your brain": 1, 
            "of all those people you": 1, 
            "of contention i tell you": 1, 
            "of sounding crass i would": 1, 
            "of your wack intentions to": 1, 
            "on time to every word": 1, 
            "on we're comin with the": 1, 
            "one time for your mind": 1, 
            "pain inside your brain all": 1, 
            "people with static i'll go": 1, 
            "people you say you hate": 1, 
            "pitch is so here we": 1, 
            "post and the daily news": 1, 
            "power i like it sweet": 1, 
            "primary bone of contention i": 1, 
            "problematic i love it when": 1, 
            "prose you so and so": 1, 
            "rain sucker mc's are problematic": 1, 
            "real i keep it really": 1, 
            "really wrong at the risk": 1, 
            "rhyme when it comes to": 1, 
            "rhymes and beat designs i'm": 1, 
            "rhythm's on time to every": 1, 
            "risk of sounding crass i": 1, 
            "say you hate just give": 1, 
            "show improve don't let me": 1, 
            "six feet deep just ain't": 1, 
            "so afraid of all those": 1, 
            "so and so it's my": 1, 
            "so here we here we": 1, 
            "so it's my primary bone": 1, 
            "soothed by the sound effects": 1, 
            "soul power i like it": 1, 
            "sound effects you ead it": 1, 
            "sound sounds sweeter through the": 1, 
            "sounding crass i would like": 1, 
            "sounds sweeter through the echolex": 1, 
            "sour when it comes to": 1, 
            "spin you around and throw": 1, 
            "static i'll go insane if": 1, 
            "stitches the sound sounds sweeter": 1, 
            "strong and the rhythm's on": 1, 
            "sucker mc's are problematic i": 1, 
            "sweet and sour when it": 1, 
            "sweeter through the echolex it'll": 1, 
            "switches a curve ball's what": 1, 
            "tell me what makes you": 1, 
            "tell you everybody i've had": 1, 
            "that i am well aware": 1, 
            "the beats are on we're": 1, 
            "the control tower tell me": 1, 
            "the cuts and the beats": 1, 
            "the daily news listen everybody": 1, 
            "the echolex it'll spin you": 1, 
            "the limericks and we're comin'": 1, 
            "the move we're giving you": 1, 
            "the post and the daily": 1, 
            "the rhythm's on time to": 1, 
            "the risk of sounding crass": 1, 
            "the sound effects you ead": 1, 
            "the sound sounds sweeter through": 1, 
            "these people with static i'll": 1, 
            "those people you say you": 1, 
            "those switches a curve ball's": 1, 
            "through the echolex it'll spin": 1, 
            "throw you in a hex": 1, 
            "time for your mind and": 1, 
            "time to every word and": 1, 
            "to every word and rhyme": 1, 
            "to keep it real i": 1, 
            "to mention that i am": 1, 
            "to negotiate": 1, 
            "to rhymes and beat designs": 1, 
            "to usurp my prose you": 1, 
            "tower tell me what makes": 1, 
            "try to negotiate": 1, 
            "until you feel no pain": 1, 
            "usurp my prose you so": 1, 
            "wack intentions to usurp my": 1, 
            "we come like dum ditty": 1, 
            "we here we come like": 1, 
            "we're comin with the limericks": 1, 
            "we're comin' strong and the": 1, 
            "we're giving you soul power": 1, 
            "well aware of your wack": 1, 
            "what makes you so afraid": 1, 
            "what my pitch is so": 1, 
            "when it comes to keep": 1, 
            "when it comes to rhymes": 1, 
            "when you hit those switches": 1, 
            "with all these people with": 1, 
            "with static i'll go insane": 1, 
            "with the limericks and we're": 1, 
            "word and rhyme when it": 1, 
            "worries are soothed by the": 1, 
            "would like to mention that": 1, 
            "wrong at the risk of": 1, 
            "you around and throw you": 1, 
            "you ead it in the": 1, 
            "you everybody i've had it": 1, 
            "you feel no pain inside": 1, 
            "you hate just give it": 1, 
            "you hit those switches a": 1, 
            "you in a hex until": 1, 
            "you say you hate just": 1, 
            "you so afraid of all": 1, 
            "you so and so it's": 1, 
            "you soul power i like": 1, 
            "your brain all your worries": 1, 
            "your mind and let's try": 1, 
            "your wack intentions to usurp": 1, 
            "your worries are soothed by": 1
        }, 
        "6": {
            "": 974, 
            "a curve ball's what my pitch": 1, 
            "a hex until you feel no": 1, 
            "about heroin living six feet deep": 1, 
            "afraid of all those people you": 1, 
            "ain't the move we're giving you": 1, 
            "all five boroughs in stitches the": 1, 
            "all these people with static i'll": 1, 
            "all those people you say you": 1, 
            "all your worries are soothed by": 1, 
            "am well aware of your wack": 1, 
            "and beat designs i'm at the": 1, 
            "and let's try to negotiate": 1, 
            "and rhyme when it comes to": 1, 
            "and so it's my primary bone": 1, 
            "and sour when it comes to": 1, 
            "and the beats are on we're": 1, 
            "and the daily news listen everybody": 1, 
            "and the rhythm's on time to": 1, 
            "and throw you in a hex": 1, 
            "and we're comin' strong and the": 1, 
            "are on we're comin with the": 1, 
            "are problematic i love it when": 1, 
            "are soothed by the sound effects": 1, 
            "around and throw you in a": 1, 
            "at the control tower tell me": 1, 
            "at the risk of sounding crass": 1, 
            "aware of your wack intentions to": 1, 
            "ball's what my pitch is so": 1, 
            "beat designs i'm at the control": 1, 
            "beats are on we're comin with": 1, 
            "begin about heroin living six feet": 1, 
            "bone of contention i tell you": 1, 
            "boroughs in stitches the sound sounds": 1, 
            "brain all your worries are soothed": 1, 
            "by the sound effects you ead": 1, 
            "come like dum ditty dum i": 1, 
            "comes to keep it real i": 1, 
            "comes to rhymes and beat designs": 1, 
            "comin with the limericks and we're": 1, 
            "comin' strong and the rhythm's on": 1, 
            "contention i tell you everybody i've": 1, 
            "control tower tell me what makes": 1, 
            "crass i would like to mention": 1, 
            "curve ball's what my pitch is": 1, 
            "cuts and the beats are on": 1, 
            "daily news listen everybody lets show": 1, 
            "deep just ain't the move we're": 1, 
            "designs i'm at the control tower": 1, 
            "ditty dum i keep all five": 1, 
            "dj's got the cuts and the": 1, 
            "don't let me begin about heroin": 1, 
            "don't rain sucker mc's are problematic": 1, 
            "dum ditty dum i keep all": 1, 
            "dum i keep all five boroughs": 1, 
            "ead it in the post and": 1, 
            "echolex it'll spin you around and": 1, 
            "effects you ead it in the": 1, 
            "every word and rhyme when it": 1, 
            "everybody i've had it with all": 1, 
            "everybody lets show improve don't let": 1, 
            "feel no pain inside your brain": 1, 
            "feet deep just ain't the move": 1, 
            "five boroughs in stitches the sound": 1, 
            "for your mind and let's try": 1, 
            "give it one time for your": 1, 
            "giving you soul power i like": 1, 
            "go insane if it don't rain": 1, 
            "got the cuts and the beats": 1, 
            "had it with all these people": 1, 
            "hate just give it one time": 1, 
            "here we come like dum ditty": 1, 
            "here we here we come like": 1, 
            "heroin living six feet deep just": 1, 
            "hex until you feel no pain": 1, 
            "hit those switches a curve ball's": 1, 
            "i am well aware of your": 1, 
            "i keep all five boroughs in": 1, 
            "i keep it really wrong at": 1, 
            "i like it sweet and sour": 1, 
            "i love it when you hit": 1, 
            "i tell you everybody i've had": 1, 
            "i would like to mention that": 1, 
            "i'll go insane if it don't": 1, 
            "i'm at the control tower tell": 1, 
            "i've had it with all these": 1, 
            "if it don't rain sucker mc's": 1, 
            "improve don't let me begin about": 1, 
            "in a hex until you feel": 1, 
            "in stitches the sound sounds sweeter": 1, 
            "in the post and the daily": 1, 
            "insane if it don't rain sucker": 1, 
            "inside your brain all your worries": 1, 
            "intentions to usurp my prose you": 1, 
            "is so here we here we": 1, 
            "it comes to keep it real": 1, 
            "it comes to rhymes and beat": 1, 
            "it don't rain sucker mc's are": 1, 
            "it in the post and the": 1, 
            "it one time for your mind": 1, 
            "it real i keep it really": 1, 
            "it really wrong at the risk": 1, 
            "it sweet and sour when it": 1, 
            "it when you hit those switches": 1, 
            "it with all these people with": 1, 
            "it'll spin you around and throw": 1, 
            "it's my primary bone of contention": 1, 
            "just ain't the move we're giving": 1, 
            "just give it one time for": 1, 
            "keep all five boroughs in stitches": 1, 
            "keep it real i keep it": 1, 
            "keep it really wrong at the": 1, 
            "let me begin about heroin living": 1, 
            "let's try to negotiate": 1, 
            "lets show improve don't let me": 1, 
            "like dum ditty dum i keep": 1, 
            "like it sweet and sour when": 1, 
            "like to mention that i am": 1, 
            "limericks and we're comin' strong and": 1, 
            "listen everybody lets show improve don't": 1, 
            "living six feet deep just ain't": 1, 
            "love it when you hit those": 1, 
            "makes you so afraid of all": 1, 
            "mc's are problematic i love it": 1, 
            "me begin about heroin living six": 1, 
            "me what makes you so afraid": 1, 
            "mention that i am well aware": 1, 
            "mind and let's try to negotiate": 1, 
            "move we're giving you soul power": 1, 
            "my dj's got the cuts and": 1, 
            "my pitch is so here we": 1, 
            "my primary bone of contention i": 1, 
            "my prose you so and so": 1, 
            "negotiate": 1, 
            "news listen everybody lets show improve": 1, 
            "no pain inside your brain all": 1, 
            "of all those people you say": 1, 
            "of contention i tell you everybody": 1, 
            "of sounding crass i would like": 1, 
            "of your wack intentions to usurp": 1, 
            "on time to every word and": 1, 
            "on we're comin with the limericks": 1, 
            "one time for your mind and": 1, 
            "pain inside your brain all your": 1, 
            "people with static i'll go insane": 1, 
            "people you say you hate just": 1, 
            "pitch is so here we here": 1, 
            "post and the daily news listen": 1, 
            "power i like it sweet and": 1, 
            "primary bone of contention i tell": 1, 
            "problematic i love it when you": 1, 
            "prose you so and so it's": 1, 
            "rain sucker mc's are problematic i": 1, 
            "real i keep it really wrong": 1, 
            "really wrong at the risk of": 1, 
            "rhyme when it comes to keep": 1, 
            "rhymes and beat designs i'm at": 1, 
            "rhythm's on time to every word": 1, 
            "risk of sounding crass i would": 1, 
            "say you hate just give it": 1, 
            "show improve don't let me begin": 1, 
            "six feet deep just ain't the": 1, 
            "so afraid of all those people": 1, 
            "so and so it's my primary": 1, 
            "so here we here we come": 1, 
            "so it's my primary bone of": 1, 
            "soothed by the sound effects you": 1, 
            "soul power i like it sweet": 1, 
            "sound effects you ead it in": 1, 
            "sound sounds sweeter through the echolex": 1, 
            "sounding crass i would like to": 1, 
            "sounds sweeter through the echolex it'll": 1, 
            "sour when it comes to rhymes": 1, 
            "spin you around and throw you": 1, 
            "static i'll go insane if it": 1, 
            "stitches the sound sounds sweeter through": 1, 
            "strong and the rhythm's on time": 1, 
            "sucker mc's are problematic i love": 1, 
            "sweet and sour when it comes": 1, 
            "sweeter through the echolex it'll spin": 1, 
            "switches a curve ball's what my": 1, 
            "tell me what makes you so": 1, 
            "tell you everybody i've had it": 1, 
            "that i am well aware of": 1, 
            "the beats are on we're comin": 1, 
            "the control tower tell me what": 1, 
            "the cuts and the beats are": 1, 
            "the daily news listen everybody lets": 1, 
            "the echolex it'll spin you around": 1, 
            "the limericks and we're comin' strong": 1, 
            "the move we're giving you soul": 1, 
            "the post and the daily news": 1, 
            "the rhythm's on time to every": 1, 
            "the risk of sounding crass i": 1, 
            "the sound effects you ead it": 1, 
            "the sound sounds sweeter through the": 1, 
            "these people with static i'll go": 1, 
            "those people you say you hate": 1, 
            "those switches a curve ball's what": 1, 
            "through the echolex it'll spin you": 1, 
            "throw you in a hex until": 1, 
            "time for your mind and let's": 1, 
            "time to every word and rhyme": 1, 
            "to every word and rhyme when": 1, 
            "to keep it real i keep": 1, 
            "to mention that i am well": 1, 
            "to negotiate": 1, 
            "to rhymes and beat designs i'm": 1, 
            "to usurp my prose you so": 1, 
            "tower tell me what makes you": 1, 
            "try to negotiate": 1, 
            "until you feel no pain inside": 1, 
            "usurp my prose you so and": 1, 
            "wack intentions to usurp my prose": 1, 
            "we come like dum ditty dum": 1, 
            "we here we come like dum": 1, 
            "we're comin with the limericks and": 1, 
            "we're comin' strong and the rhythm's": 1, 
            "we're giving you soul power i": 1, 
            "well aware of your wack intentions": 1, 
            "what makes you so afraid of": 1, 
            "what my pitch is so here": 1, 
            "when it comes to keep it": 1, 
            "when it comes to rhymes and": 1, 
            "when you hit those switches a": 1, 
            "with all these people with static": 1, 
            "with static i'll go insane if": 1, 
            "with the limericks and we're comin'": 1, 
            "word and rhyme when it comes": 1, 
            "worries are soothed by the sound": 1, 
            "would like to mention that i": 1, 
            "wrong at the risk of sounding": 1, 
            "you around and throw you in": 1, 
            "you ead it in the post": 1, 
            "you everybody i've had it with": 1, 
            "you feel no pain inside your": 1, 
            "you hate just give it one": 1, 
            "you hit those switches a curve": 1, 
            "you in a hex until you": 1, 
            "you say you hate just give": 1, 
            "you so afraid of all those": 1, 
            "you so and so it's my": 1, 
            "you soul power i like it": 1, 
            "your brain all your worries are": 1, 
            "your mind and let's try to": 1, 
            "your wack intentions to usurp my": 1, 
            "your worries are soothed by the": 1
        }, 
        "7": {
            "": 973, 
            "a curve ball's what my pitch is": 1, 
            "a hex until you feel no pain": 1, 
            "about heroin living six feet deep just": 1, 
            "afraid of all those people you say": 1, 
            "ain't the move we're giving you soul": 1, 
            "all five boroughs in stitches the sound": 1, 
            "all these people with static i'll go": 1, 
            "all those people you say you hate": 1, 
            "all your worries are soothed by the": 1, 
            "am well aware of your wack intentions": 1, 
            "and beat designs i'm at the control": 1, 
            "and let's try to negotiate": 1, 
            "and rhyme when it comes to keep": 1, 
            "and so it's my primary bone of": 1, 
            "and sour when it comes to rhymes": 1, 
            "and the beats are on we're comin": 1, 
            "and the daily news listen everybody lets": 1, 
            "and the rhythm's on time to every": 1, 
            "and throw you in a hex until": 1, 
            "and we're comin' strong and the rhythm's": 1, 
            "are on we're comin with the limericks": 1, 
            "are problematic i love it when you": 1, 
            "are soothed by the sound effects you": 1, 
            "around and throw you in a hex": 1, 
            "at the control tower tell me what": 1, 
            "at the risk of sounding crass i": 1, 
            "aware of your wack intentions to usurp": 1, 
            "ball's what my pitch is so here": 1, 
            "beat designs i'm at the control tower": 1, 
            "beats are on we're comin with the": 1, 
            "begin about heroin living six feet deep": 1, 
            "bone of contention i tell you everybody": 1, 
            "boroughs in stitches the sound sounds sweeter": 1, 
            "brain all your worries are soothed by": 1, 
            "by the sound effects you ead it": 1, 
            "come like dum ditty dum i keep": 1, 
            "comes to keep it real i keep": 1, 
            "comes to rhymes and beat designs i'm": 1, 
            "comin with the limericks and we're comin'": 1, 
            "comin' strong and the rhythm's on time": 1, 
            "contention i tell you everybody i've had": 1, 
            "control tower tell me what makes you": 1, 
            "crass i would like to mention that": 1, 
            "curve ball's what my pitch is so": 1, 
            "cuts and the beats are on we're": 1, 
            "daily news listen everybody lets show improve": 1, 
            "deep just ain't the move we're giving": 1, 
            "designs i'm at the control tower tell": 1, 
            "ditty dum i keep all five boroughs": 1, 
            "dj's got the cuts and the beats": 1, 
            "don't let me begin about heroin living": 1, 
            "don't rain sucker mc's are problematic i": 1, 
            "dum ditty dum i keep all five": 1, 
            "dum i keep all five boroughs in": 1, 
            "ead it in the post and the": 1, 
            "echolex it'll spin you around and throw": 1, 
            "effects you ead it in the post": 1, 
            "every word and rhyme when it comes": 1, 
            "everybody i've had it with all these": 1, 
            "everybody lets show improve don't let me": 1, 
            "feel no pain inside your brain all": 1, 
            "feet deep just ain't the move we're": 1, 
            "five boroughs in stitches the sound sounds": 1, 
            "for your mind and let's try to": 1, 
            "give it one time for your mind": 1, 
            "giving you soul power i like it": 1, 
            "go insane if it don't rain sucker": 1, 
            "got the cuts and the beats are": 1, 
            "had it with all these people with": 1, 
            "hate just give it one time for": 1, 
            "here we come like dum ditty dum": 1, 
            "here we here we come like dum": 1, 
            "heroin living six feet deep just ain't": 1, 
            "hex until you feel no pain inside": 1, 
            "hit those switches a curve ball's what": 1, 
            "i am well aware of your wack": 1, 
            "i keep all five boroughs in stitches": 1, 
            "i keep it really wrong at the": 1, 
            "i like it sweet and sour when": 1, 
            "i love it when you hit those": 1, 
            "i tell you everybody i've had it": 1, 
            "i would like to mention that i": 1, 
            "i'll go insane if it don't rain": 1, 
            "i'm at the control tower tell me": 1, 
            "i've had it with all these people": 1, 
            "if it don't rain sucker mc's are": 1, 
            "improve don't let me begin about heroin": 1, 
            "in a hex until you feel no": 1, 
            "in stitches the sound sounds sweeter through": 1, 
            "in the post and the daily news": 1, 
            "insane if it don't rain sucker mc's": 1, 
            "inside your brain all your worries are": 1, 
            "intentions to usurp my prose you so": 1, 
            "is so here we here we come": 1, 
            "it comes to keep it real i": 1, 
            "it comes to rhymes and beat designs": 1, 
            "it don't rain sucker mc's are problematic": 1, 
            "it in the post and the daily": 1, 
            "it one time for your mind and": 1, 
            "it real i keep it really wrong": 1, 
            "it really wrong at the risk of": 1, 
            "it sweet and sour when it comes": 1, 
            "it when you hit those switches a": 1, 
            "it with all these people with static": 1, 
            "it'll spin you around and throw you": 1, 
            "it's my primary bone of contention i": 1, 
            "just ain't the move we're giving you": 1, 
            "just give it one time for your": 1, 
            "keep all five boroughs in stitches the": 1, 
            "keep it real i keep it really": 1, 
            "keep it really wrong at the risk": 1, 
            "let me begin about heroin living six": 1, 
            "let's try to negotiate": 1, 
            "lets show improve don't let me begin": 1, 
            "like dum ditty dum i keep all": 1, 
            "like it sweet and sour when it": 1, 
            "like to mention that i am well": 1, 
            "limericks and we're comin' strong and the": 1, 
            "listen everybody lets show improve don't let": 1, 
            "living six feet deep just ain't the": 1, 
            "love it when you hit those switches": 1, 
            "makes you so afraid of all those": 1, 
            "mc's are problematic i love it when": 1, 
            "me begin about heroin living six feet": 1, 
            "me what makes you so afraid of": 1, 
            "mention that i am well aware of": 1, 
            "mind and let's try to negotiate": 1, 
            "move we're giving you soul power i": 1, 
            "my dj's got the cuts and the": 1, 
            "my pitch is so here we here": 1, 
            "my primary bone of contention i tell": 1, 
            "my prose you so and so it's": 1, 
            "negotiate": 1, 
            "news listen everybody lets show improve don't": 1, 
            "no pain inside your brain all your": 1, 
            "of all those people you say you": 1, 
            "of contention i tell you everybody i've": 1, 
            "of sounding crass i would like to": 1, 
            "of your wack intentions to usurp my": 1, 
            "on time to every word and rhyme": 1, 
            "on we're comin with the limericks and": 1, 
            "one time for your mind and let's": 1, 
            "pain inside your brain all your worries": 1, 
            "people with static i'll go insane if": 1, 
            "people you say you hate just give": 1, 
            "pitch is so here we here we": 1, 
            "post and the daily news listen everybody": 1, 
            "power i like it sweet and sour": 1, 
            "primary bone of contention i tell you": 1, 
            "problematic i love it when you hit": 1, 
            "prose you so and so it's my": 1, 
            "rain sucker mc's are problematic i love": 1, 
            "real i keep it really wrong at": 1, 
            "really wrong at the risk of sounding": 1, 
            "rhyme when it comes to keep it": 1, 
            "rhymes and beat designs i'm at the": 1, 
            "rhythm's on time to every word and": 1, 
            "risk of sounding crass i would like": 1, 
            "say you hate just give it one": 1, 
            "show improve don't let me begin about": 1, 
            "six feet deep just ain't the move": 1, 
            "so afraid of all those people you": 1, 
            "so and so it's my primary bone": 1, 
            "so here we here we come like": 1, 
            "so it's my primary bone of contention": 1, 
            "soothed by the sound effects you ead": 1, 
            "soul power i like it sweet and": 1, 
            "sound effects you ead it in the": 1, 
            "sound sounds sweeter through the echolex it'll": 1, 
            "sounding crass i would like to mention": 1, 
            "sounds sweeter through the echolex it'll spin": 1, 
            "sour when it comes to rhymes and": 1, 
            "spin you around and throw you in": 1, 
            "static i'll go insane if it don't": 1, 
            "stitches the sound sounds sweeter through the": 1, 
            "strong and the rhythm's on time to": 1, 
            "sucker mc's are problematic i love it": 1, 
            "sweet and sour when it comes to": 1, 
            "sweeter through the echolex it'll spin you": 1, 
            "switches a curve ball's what my pitch": 1, 
            "tell me what makes you so afraid": 1, 
            "tell you everybody i've had it with": 1, 
            "that i am well aware of your": 1, 
            "the beats are on we're comin with": 1, 
            "the control tower tell me what makes": 1, 
            "the cuts and the beats are on": 1, 
            "the daily news listen everybody lets show": 1, 
            "the echolex it'll spin you around and": 1, 
            "the limericks and we're comin' strong and": 1, 
            "the move we're giving you soul power": 1, 
            "the post and the daily news listen": 1, 
            "the rhythm's on time to every word": 1, 
            "the risk of sounding crass i would": 1, 
            "the sound effects you ead it in": 1, 
            "the sound sounds sweeter through the echolex": 1, 
            "these people with static i'll go insane": 1, 
            "those people you say you hate just": 1, 
            "those switches a curve ball's what my": 1, 
            "through the echolex it'll spin you around": 1, 
            "throw you in a hex until you": 1, 
            "time for your mind and let's try": 1, 
            "time to every word and rhyme when": 1, 
            "to every word and rhyme when it": 1, 
            "to keep it real i keep it": 1, 
            "to mention that i am well aware": 1, 
            "to negotiate": 1, 
            "to rhymes and beat designs i'm at": 1, 
            "to usurp my prose you so and": 1, 
            "tower tell me what makes you so": 1, 
            "try to negotiate": 1, 
            "until you feel no pain inside your": 1, 
            "usurp my prose you so and so": 1, 
            "wack intentions to usurp my prose you": 1, 
            "we come like dum ditty dum i": 1, 
            "we here we come like dum ditty": 1, 
            "we're comin with the limericks and we're": 1, 
            "we're comin' strong and the rhythm's on": 1, 
            "we're giving you soul power i like": 1, 
            "well aware of your wack intentions to": 1, 
            "what makes you so afraid of all": 1, 
            "what my pitch is so here we": 1, 
            "when it comes to keep it real": 1, 
            "when it comes to rhymes and beat": 1, 
            "when you hit those switches a curve": 1, 
            "with all these people with static i'll": 1, 
            "with static i'll go insane if it": 1, 
            "with the limericks and we're comin' strong": 1, 
            "word and rhyme when it comes to": 1, 
            "worries are soothed by the sound effects": 1, 
            "would like to mention that i am": 1, 
            "wrong at the risk of sounding crass": 1, 
            "you around and throw you in a": 1, 
            "you ead it in the post and": 1, 
            "you everybody i've had it with all": 1, 
            "you feel no pain inside your brain": 1, 
            "you hate just give it one time": 1, 
            "you hit those switches a curve ball's": 1, 
            "you in a hex until you feel": 1, 
            "you say you hate just give it": 1, 
            "you so afraid of all those people": 1, 
            "you so and so it's my primary": 1, 
            "you soul power i like it sweet": 1, 
            "your brain all your worries are soothed": 1, 
            "your mind and let's try to negotiate": 1, 
            "your wack intentions to usurp my prose": 1, 
            "your worries are soothed by the sound": 1
        }, 
        "8": {
            "": 972, 
            "a curve ball's what my pitch is so": 1, 
            "a hex until you feel no pain inside": 1, 
            "about heroin living six feet deep just ain't": 1, 
            "afraid of all those people you say you": 1, 
            "ain't the move we're giving you soul power": 1, 
            "all five boroughs in stitches the sound sounds": 1, 
            "all these people with static i'll go insane": 1, 
            "all those people you say you hate just": 1, 
            "all your worries are soothed by the sound": 1, 
            "am well aware of your wack intentions to": 1, 
            "and beat designs i'm at the control tower": 1, 
            "and let's try to negotiate": 1, 
            "and rhyme when it comes to keep it": 1, 
            "and so it's my primary bone of contention": 1, 
            "and sour when it comes to rhymes and": 1, 
            "and the beats are on we're comin with": 1, 
            "and the daily news listen everybody lets show": 1, 
            "and the rhythm's on time to every word": 1, 
            "and throw you in a hex until you": 1, 
            "and we're comin' strong and the rhythm's on": 1, 
            "are on we're comin with the limericks and": 1, 
            "are problematic i love it when you hit": 1, 
            "are soothed by the sound effects you ead": 1, 
            "around and throw you in a hex until": 1, 
            "at the control tower tell me what makes": 1, 
            "at the risk of sounding crass i would": 1, 
            "aware of your wack intentions to usurp my": 1, 
            "ball's what my pitch is so here we": 1, 
            "beat designs i'm at the control tower tell": 1, 
            "beats are on we're comin with the limericks": 1, 
            "begin about heroin living six feet deep just": 1, 
            "bone of contention i tell you everybody i've": 1, 
            "boroughs in stitches the sound sounds sweeter through": 1, 
            "brain all your worries are soothed by the": 1, 
            "by the sound effects you ead it in": 1, 
            "come like dum ditty dum i keep all": 1, 
            "comes to keep it real i keep it": 1, 
            "comes to rhymes and beat designs i'm at": 1, 
            "comin with the limericks and we're comin' strong": 1, 
            "comin' strong and the rhythm's on time to": 1, 
            "contention i tell you everybody i've had it": 1, 
            "control tower tell me what makes you so": 1, 
            "crass i would like to mention that i": 1, 
            "curve ball's what my pitch is so here": 1, 
            "cuts and the beats are on we're comin": 1, 
            "daily news listen everybody lets show improve don't": 1, 
            "deep just ain't the move we're giving you": 1, 
            "designs i'm at the control tower tell me": 1, 
            "ditty dum i keep all five boroughs in": 1, 
            "dj's got the cuts and the beats are": 1, 
            "don't let me begin about heroin living six": 1, 
            "don't rain sucker mc's are problematic i love": 1, 
            "dum ditty dum i keep all five boroughs": 1, 
            "dum i keep all five boroughs in stitches": 1, 
            "ead it in the post and the daily": 1, 
            "echolex it'll spin you around and throw you": 1, 
            "effects you ead it in the post and": 1, 
            "every word and rhyme when it comes to": 1, 
            "everybody i've had it with all these people": 1, 
            "everybody lets show improve don't let me begin": 1, 
            "feel no pain inside your brain all your": 1, 
            "feet deep just ain't the move we're giving": 1, 
            "five boroughs in stitches the sound sounds sweeter": 1, 
            "for your mind and let's try to negotiate": 1, 
            "give it one time for your mind and": 1, 
            "giving you soul power i like it sweet": 1, 
            "go insane if it don't rain sucker mc's": 1, 
            "got the cuts and the beats are on": 1, 
            "had it with all these people with static": 1, 
            "hate just give it one time for your": 1, 
            "here we come like dum ditty dum i": 1, 
            "here we here we come like dum ditty": 1, 
            "heroin living six feet deep just ain't the": 1, 
            "hex until you feel no pain inside your": 1, 
            "hit those switches a curve ball's what my": 1, 
            "i am well aware of your wack intentions": 1, 
            "i keep all five boroughs in stitches the": 1, 
            "i keep it really wrong at the risk": 1, 
            "i like it sweet and sour when it": 1, 
            "i love it when you hit those switches": 1, 
            "i tell you everybody i've had it with": 1, 
            "i would like to mention that i am": 1, 
            "i'll go insane if it don't rain sucker": 1, 
            "i'm at the control tower tell me what": 1, 
            "i've had it with all these people with": 1, 
            "if it don't rain sucker mc's are problematic": 1, 
            "improve don't let me begin about heroin living": 1, 
            "in a hex until you feel no pain": 1, 
            "in stitches the sound sounds sweeter through the": 1, 
            "in the post and the daily news listen": 1, 
            "insane if it don't rain sucker mc's are": 1, 
            "inside your brain all your worries are soothed": 1, 
            "intentions to usurp my prose you so and": 1, 
            "is so here we here we come like": 1, 
            "it comes to keep it real i keep": 1, 
            "it comes to rhymes and beat designs i'm": 1, 
            "it don't rain sucker mc's are problematic i": 1, 
            "it in the post and the daily news": 1, 
            "it one time for your mind and let's": 1, 
            "it real i keep it really wrong at": 1, 
            "it really wrong at the risk of sounding": 1, 
            "it sweet and sour when it comes to": 1, 
            "it when you hit those switches a curve": 1, 
            "it with all these people with static i'll": 1, 
            "it'll spin you around and throw you in": 1, 
            "it's my primary bone of contention i tell": 1, 
            "just ain't the move we're giving you soul": 1, 
            "just give it one time for your mind": 1, 
            "keep all five boroughs in stitches the sound": 1, 
            "keep it real i keep it really wrong": 1, 
            "keep it really wrong at the risk of": 1, 
            "let me begin about heroin living six feet": 1, 
            "let's try to negotiate": 1, 
            "lets show improve don't let me begin about": 1, 
            "like dum ditty dum i keep all five": 1, 
            "like it sweet and sour when it comes": 1, 
            "like to mention that i am well aware": 1, 
            "limericks and we're comin' strong and the rhythm's": 1, 
            "listen everybody lets show improve don't let me": 1, 
            "living six feet deep just ain't the move": 1, 
            "love it when you hit those switches a": 1, 
            "makes you so afraid of all those people": 1, 
            "mc's are problematic i love it when you": 1, 
            "me begin about heroin living six feet deep": 1, 
            "me what makes you so afraid of all": 1, 
            "mention that i am well aware of your": 1, 
            "mind and let's try to negotiate": 1, 
            "move we're giving you soul power i like": 1, 
            "my dj's got the cuts and the beats": 1, 
            "my pitch is so here we here we": 1, 
            "my primary bone of contention i tell you": 1, 
            "my prose you so and so it's my": 1, 
            "negotiate": 1, 
            "news listen everybody lets show improve don't let": 1, 
            "no pain inside your brain all your worries": 1, 
            "of all those people you say you hate": 1, 
            "of contention i tell you everybody i've had": 1, 
            "of sounding crass i would like to mention": 1, 
            "of your wack intentions to usurp my prose": 1, 
            "on time to every word and rhyme when": 1, 
            "on we're comin with the limericks and we're": 1, 
            "one time for your mind and let's try": 1, 
            "pain inside your brain all your worries are": 1, 
            "people with static i'll go insane if it": 1, 
            "people you say you hate just give it": 1, 
            "pitch is so here we here we come": 1, 
            "post and the daily news listen everybody lets": 1, 
            "power i like it sweet and sour when": 1, 
            "primary bone of contention i tell you everybody": 1, 
            "problematic i love it when you hit those": 1, 
            "prose you so and so it's my primary": 1, 
            "rain sucker mc's are problematic i love it": 1, 
            "real i keep it really wrong at the": 1, 
            "really wrong at the risk of sounding crass": 1, 
            "rhyme when it comes to keep it real": 1, 
            "rhymes and beat designs i'm at the control": 1, 
            "rhythm's on time to every word and rhyme": 1, 
            "risk of sounding crass i would like to": 1, 
            "say you hate just give it one time": 1, 
            "show improve don't let me begin about heroin": 1, 
            "six feet deep just ain't the move we're": 1, 
            "so afraid of all those people you say": 1, 
            "so and so it's my primary bone of": 1, 
            "so here we here we come like dum": 1, 
            "so it's my primary bone of contention i": 1, 
            "soothed by the sound effects you ead it": 1, 
            "soul power i like it sweet and sour": 1, 
            "sound effects you ead it in the post": 1, 
            "sound sounds sweeter through the echolex it'll spin": 1, 
            "sounding crass i would like to mention that": 1, 
            "sounds sweeter through the echolex it'll spin you": 1, 
            "sour when it comes to rhymes and beat": 1, 
            "spin you around and throw you in a": 1, 
            "static i'll go insane if it don't rain": 1, 
            "stitches the sound sounds sweeter through the echolex": 1, 
            "strong and the rhythm's on time to every": 1, 
            "sucker mc's are problematic i love it when": 1, 
            "sweet and sour when it comes to rhymes": 1, 
            "sweeter through the echolex it'll spin you around": 1, 
            "switches a curve ball's what my pitch is": 1, 
            "tell me what makes you so afraid of": 1, 
            "tell you everybody i've had it with all": 1, 
            "that i am well aware of your wack": 1, 
            "the beats are on we're comin with the": 1, 
            "the control tower tell me what makes you": 1, 
            "the cuts and the beats are on we're": 1, 
            "the daily news listen everybody lets show improve": 1, 
            "the echolex it'll spin you around and throw": 1, 
            "the limericks and we're comin' strong and the": 1, 
            "the move we're giving you soul power i": 1, 
            "the post and the daily news listen everybody": 1, 
            "the rhythm's on time to every word and": 1, 
            "the risk of sounding crass i would like": 1, 
            "the sound effects you ead it in the": 1, 
            "the sound sounds sweeter through the echolex it'll": 1, 
            "these people with static i'll go insane if": 1, 
            "those people you say you hate just give": 1, 
            "those switches a curve ball's what my pitch": 1, 
            "through the echolex it'll spin you around and": 1, 
            "throw you in a hex until you feel": 1, 
            "time for your mind and let's try to": 1, 
            "time to every word and rhyme when it": 1, 
            "to every word and rhyme when it comes": 1, 
            "to keep it real i keep it really": 1, 
            "to mention that i am well aware of": 1, 
            "to negotiate": 1, 
            "to rhymes and beat designs i'm at the": 1, 
            "to usurp my prose you so and so": 1, 
            "tower tell me what makes you so afraid": 1, 
            "try to negotiate": 1, 
            "until you feel no pain inside your brain": 1, 
            "usurp my prose you so and so it's": 1, 
            "wack intentions to usurp my prose you so": 1, 
            "we come like dum ditty dum i keep": 1, 
            "we here we come like dum ditty dum": 1, 
            "we're comin with the limericks and we're comin'": 1, 
            "we're comin' strong and the rhythm's on time": 1, 
            "we're giving you soul power i like it": 1, 
            "well aware of your wack intentions to usurp": 1, 
            "what makes you so afraid of all those": 1, 
            "what my pitch is so here we here": 1, 
            "when it comes to keep it real i": 1, 
            "when it comes to rhymes and beat designs": 1, 
            "when you hit those switches a curve ball's": 1, 
            "with all these people with static i'll go": 1, 
            "with static i'll go insane if it don't": 1, 
            "with the limericks and we're comin' strong and": 1, 
            "word and rhyme when it comes to keep": 1, 
            "worries are soothed by the sound effects you": 1, 
            "would like to mention that i am well": 1, 
            "wrong at the risk of sounding crass i": 1, 
            "you around and throw you in a hex": 1, 
            "you ead it in the post and the": 1, 
            "you everybody i've had it with all these": 1, 
            "you feel no pain inside your brain all": 1, 
            "you hate just give it one time for": 1, 
            "you hit those switches a curve ball's what": 1, 
            "you in a hex until you feel no": 1, 
            "you say you hate just give it one": 1, 
            "you so afraid of all those people you": 1, 
            "you so and so it's my primary bone": 1, 
            "you soul power i like it sweet and": 1, 
            "your brain all your worries are soothed by": 1, 
            "your mind and let's try to negotiate": 1, 
            "your wack intentions to usurp my prose you": 1, 
            "your worries are soothed by the sound effects": 1
        }
    }, 
    "song_title": "The Negotiation Limerick File", 
    "total_words": [
        246, 
        {
            "a": 2, 
            "about": 1, 
            "afraid": 1, 
            "ain't": 1, 
            "all": 4, 
            "am": 1, 
            "and": 10, 
            "are": 3, 
            "around": 1, 
            "at": 2, 
            "aware": 1, 
            "ball's": 1, 
            "beat": 1, 
            "beats": 1, 
            "begin": 1, 
            "bone": 1, 
            "boroughs": 1, 
            "brain": 1, 
            "by": 1, 
            "come": 1, 
            "comes": 2, 
            "comin": 1, 
            "comin'": 1, 
            "contention": 1, 
            "control": 1, 
            "crass": 1, 
            "curve": 1, 
            "cuts": 1, 
            "daily": 1, 
            "deep": 1, 
            "designs": 1, 
            "ditty": 1, 
            "dj's": 1, 
            "don't": 2, 
            "dum": 2, 
            "ead": 1, 
            "echolex": 1, 
            "effects": 1, 
            "every": 1, 
            "everybody": 2, 
            "feel": 1, 
            "feet": 1, 
            "five": 1, 
            "for": 1, 
            "give": 1, 
            "giving": 1, 
            "go": 1, 
            "got": 1, 
            "had": 1, 
            "hate": 1, 
            "here": 2, 
            "heroin": 1, 
            "hex": 1, 
            "hit": 1, 
            "i": 7, 
            "i'll": 1, 
            "i'm": 1, 
            "i've": 1, 
            "if": 1, 
            "improve": 1, 
            "in": 3, 
            "insane": 1, 
            "inside": 1, 
            "intentions": 1, 
            "is": 1, 
            "it": 10, 
            "it'll": 1, 
            "it's": 1, 
            "just": 2, 
            "keep": 3, 
            "let": 1, 
            "let's": 1, 
            "lets": 1, 
            "like": 3, 
            "limericks": 1, 
            "listen": 1, 
            "living": 1, 
            "love": 1, 
            "makes": 1, 
            "mc's": 1, 
            "me": 2, 
            "mention": 1, 
            "mind": 1, 
            "move": 1, 
            "my": 4, 
            "negotiate": 1, 
            "news": 1, 
            "no": 1, 
            "of": 4, 
            "on": 2, 
            "one": 1, 
            "pain": 1, 
            "people": 2, 
            "pitch": 1, 
            "post": 1, 
            "power": 1, 
            "primary": 1, 
            "problematic": 1, 
            "prose": 1, 
            "rain": 1, 
            "real": 1, 
            "really": 1, 
            "rhyme": 1, 
            "rhymes": 1, 
            "rhythm's": 1, 
            "risk": 1, 
            "say": 1, 
            "show": 1, 
            "six": 1, 
            "so": 4, 
            "soothed": 1, 
            "soul": 1, 
            "sound": 2, 
            "sounding": 1, 
            "sounds": 1, 
            "sour": 1, 
            "spin": 1, 
            "static": 1, 
            "stitches": 1, 
            "strong": 1, 
            "sucker": 1, 
            "sweet": 1, 
            "sweeter": 1, 
            "switches": 1, 
            "tell": 2, 
            "that": 1, 
            "the": 12, 
            "these": 1, 
            "those": 2, 
            "through": 1, 
            "throw": 1, 
            "time": 2, 
            "to": 6, 
            "tower": 1, 
            "try": 1, 
            "until": 1, 
            "usurp": 1, 
            "wack": 1, 
            "we": 2, 
            "we're": 3, 
            "well": 1, 
            "what": 2, 
            "when": 3, 
            "with": 3, 
            "word": 1, 
            "worries": 1, 
            "would": 1, 
            "wrong": 1, 
            "you": 11, 
            "your": 4
        }
    ], 
    "unique_words": [
        150, 
        [
            "all", 
            "just", 
            "don't", 
            "move", 
            "switches", 
            "brain", 
            "through", 
            "pitch", 
            "go", 
            "hate", 
            "soothed", 
            "with", 
            "show", 
            "had", 
            "to", 
            "lets", 
            "sweet", 
            "real", 
            "sound", 
            "designs", 
            "hit", 
            "risk", 
            "beat", 
            "sucker", 
            "rhyme", 
            "mention", 
            "every", 
            "effects", 
            "crass", 
            "ball's", 
            "like", 
            "try", 
            "ditty", 
            "worries", 
            "tower", 
            "bone", 
            "it'll", 
            "i'll", 
            "people", 
            "cuts", 
            "static", 
            "are", 
            "really", 
            "living", 
            "what", 
            "for", 
            "giving", 
            "got", 
            "daily", 
            "we", 
            "power", 
            "here", 
            "control", 
            "heroin", 
            "let", 
            "news", 
            "post", 
            "strong", 
            "come", 
            "by", 
            "improve", 
            "on", 
            "about", 
            "dj's", 
            "of", 
            "keep", 
            "i'm", 
            "makes", 
            "comes", 
            "insane", 
            "love", 
            "feel", 
            "problematic", 
            "primary", 
            "one", 
            "feet", 
            "comin", 
            "sounds", 
            "your", 
            "stitches", 
            "everybody", 
            "wack", 
            "dum", 
            "would", 
            "it's", 
            "hex", 
            "throw", 
            "we're", 
            "tell", 
            "listen", 
            "i've", 
            "am", 
            "ead", 
            "aware", 
            "ain't", 
            "usurp", 
            "spin", 
            "those", 
            "me", 
            "word", 
            "these", 
            "inside", 
            "soul", 
            "rhymes", 
            "until", 
            "sour", 
            "sweeter", 
            "echolex", 
            "my", 
            "say", 
            "and", 
            "give", 
            "curve", 
            "is", 
            "comin'", 
            "mind", 
            "it", 
            "deep", 
            "beats", 
            "at", 
            "mc's", 
            "in", 
            "prose", 
            "sounding", 
            "rhythm's", 
            "around", 
            "afraid", 
            "no", 
            "six", 
            "when", 
            "boroughs", 
            "that", 
            "you", 
            "if", 
            "begin", 
            "pain", 
            "negotiate", 
            "rain", 
            "let's", 
            "intentions", 
            "wrong", 
            "a", 
            "i", 
            "well", 
            "contention", 
            "so", 
            "time", 
            "five", 
            "the", 
            "limericks"
        ]
    ], 
    "year": 1998
}