{
    "album": "The 2 Live Crew Is What We Are", 
    "artist": "2 Live Crew", 
    "lyrics": "Listen up y'all 'cuz this is it\nForget that old dance and throw that D\n\nLet's dance\n\n\nIt's a brand new dance and it's comin' your way\nIt was started in Miami by the Ghetto DJs\nSee, some call it nasty, but that's not true\nIt's just an oldie dance that you can do\n'cuz you need to sex your body, make your partner come alive\nIf you can't do that, don't even try\nSo, get yourself together and learn it quick\nJust get on the floor and throw that D\n\nLet's dance\n\nThrow that D\n\n\nWhen I went to Miami, couldn't believe my eyes\nThis female was stoned wanted me to try\nIf you don't know how to do it, here's what you must do\nJust listen up close I'll explain to you\nJust jump in the air\nAnd when you land you'll mind like you just don't care\nIt's all in the hips, so go berserk\nAnd let that D do the work\nSo while it's workin' you'd better start strokin'\nTo show your partner that you ain't jokin'\n'cuz this ain't a dance from mother goose\nBetter freak your body and turn it loose\n'cuz when you're on the floor you don't give a shit\nAll you want to do is throw that D\n\nThrow that D\n", 
    "ngrams": {
        "2": {
            "": 851, 
            "'cuz this": 2, 
            "'cuz when": 1, 
            "'cuz you": 1, 
            "a brand": 1, 
            "a dance": 1, 
            "a shit": 1, 
            "ain't a": 1, 
            "ain't jokin'": 1, 
            "air and": 1, 
            "alive if": 1, 
            "all in": 1, 
            "all you": 1, 
            "an oldie": 1, 
            "and it's": 1, 
            "and learn": 1, 
            "and let": 1, 
            "and throw": 2, 
            "and turn": 1, 
            "and when": 1, 
            "believe my": 1, 
            "berserk and": 1, 
            "better freak": 1, 
            "better start": 1, 
            "body and": 1, 
            "body, make": 1, 
            "brand new": 1, 
            "but that's": 1, 
            "by the": 1, 
            "call it": 1, 
            "can do": 1, 
            "can't do": 1, 
            "care it's": 1, 
            "close i'll": 1, 
            "come alive": 1, 
            "comin' your": 1, 
            "couldn't believe": 1, 
            "d": 1, 
            "d do": 1, 
            "d let's": 2, 
            "d throw": 1, 
            "d when": 1, 
            "dance and": 2, 
            "dance from": 1, 
            "dance it's": 1, 
            "dance that": 1, 
            "dance throw": 1, 
            "djs see,": 1, 
            "do 'cuz": 1, 
            "do is": 1, 
            "do it,": 1, 
            "do just": 1, 
            "do that,": 1, 
            "do the": 1, 
            "don't care": 1, 
            "don't even": 1, 
            "don't give": 1, 
            "don't know": 1, 
            "even try": 1, 
            "explain to": 1, 
            "eyes this": 1, 
            "female was": 1, 
            "floor and": 1, 
            "floor you": 1, 
            "forget that": 1, 
            "freak your": 1, 
            "from mother": 1, 
            "get on": 1, 
            "get yourself": 1, 
            "ghetto djs": 1, 
            "give a": 1, 
            "go berserk": 1, 
            "goose better": 1, 
            "here's what": 1, 
            "hips, so": 1, 
            "how to": 1, 
            "i went": 1, 
            "i'll explain": 1, 
            "if you": 2, 
            "in miami": 1, 
            "in the": 2, 
            "is it": 1, 
            "is throw": 1, 
            "it forget": 1, 
            "it loose": 1, 
            "it nasty,": 1, 
            "it quick": 1, 
            "it was": 1, 
            "it's a": 1, 
            "it's all": 1, 
            "it's comin'": 1, 
            "it's just": 1, 
            "it's workin'": 1, 
            "it, here's": 1, 
            "jokin' 'cuz": 1, 
            "jump in": 1, 
            "just an": 1, 
            "just don't": 1, 
            "just get": 1, 
            "just jump": 1, 
            "just listen": 1, 
            "know how": 1, 
            "land you'll": 1, 
            "learn it": 1, 
            "let that": 1, 
            "let's dance": 2, 
            "like you": 1, 
            "listen up": 2, 
            "loose 'cuz": 1, 
            "make your": 1, 
            "me to": 1, 
            "miami by": 1, 
            "miami, couldn't": 1, 
            "mind like": 1, 
            "mother goose": 1, 
            "must do": 1, 
            "my eyes": 1, 
            "nasty, but": 1, 
            "need to": 1, 
            "new dance": 1, 
            "not true": 1, 
            "old dance": 1, 
            "oldie dance": 1, 
            "on the": 2, 
            "partner come": 1, 
            "partner that": 1, 
            "quick just": 1, 
            "see, some": 1, 
            "sex your": 1, 
            "shit all": 1, 
            "show your": 1, 
            "so go": 1, 
            "so while": 1, 
            "so, get": 1, 
            "some call": 1, 
            "start strokin'": 1, 
            "started in": 1, 
            "stoned wanted": 1, 
            "strokin' to": 1, 
            "that d": 6, 
            "that old": 1, 
            "that you": 2, 
            "that's not": 1, 
            "that, don't": 1, 
            "the air": 1, 
            "the floor": 2, 
            "the ghetto": 1, 
            "the hips,": 1, 
            "the work": 1, 
            "this ain't": 1, 
            "this female": 1, 
            "this is": 1, 
            "throw that": 5, 
            "to do": 2, 
            "to miami,": 1, 
            "to sex": 1, 
            "to show": 1, 
            "to try": 1, 
            "to you": 1, 
            "together and": 1, 
            "true it's": 1, 
            "try if": 1, 
            "try so,": 1, 
            "turn it": 1, 
            "up close": 1, 
            "up y'all": 1, 
            "want to": 1, 
            "wanted me": 1, 
            "was started": 1, 
            "was stoned": 1, 
            "way it": 1, 
            "went to": 1, 
            "what you": 1, 
            "when i": 1, 
            "when you": 1, 
            "when you're": 1, 
            "while it's": 1, 
            "work so": 1, 
            "workin' you'd": 1, 
            "y'all 'cuz": 1, 
            "you ain't": 1, 
            "you can": 1, 
            "you can't": 1, 
            "you don't": 2, 
            "you just": 2, 
            "you land": 1, 
            "you must": 1, 
            "you need": 1, 
            "you want": 1, 
            "you'd better": 1, 
            "you'll mind": 1, 
            "you're on": 1, 
            "your body": 1, 
            "your body,": 1, 
            "your partner": 2, 
            "your way": 1, 
            "yourself together": 1
        }, 
        "3": {
            "": 850, 
            "'cuz this ain't": 1, 
            "'cuz this is": 1, 
            "'cuz when you're": 1, 
            "'cuz you need": 1, 
            "a brand new": 1, 
            "a dance from": 1, 
            "a shit all": 1, 
            "ain't a dance": 1, 
            "ain't jokin' 'cuz": 1, 
            "air and when": 1, 
            "alive if you": 1, 
            "all in the": 1, 
            "all you want": 1, 
            "an oldie dance": 1, 
            "and it's comin'": 1, 
            "and learn it": 1, 
            "and let that": 1, 
            "and throw that": 2, 
            "and turn it": 1, 
            "and when you": 1, 
            "believe my eyes": 1, 
            "berserk and let": 1, 
            "better freak your": 1, 
            "better start strokin'": 1, 
            "body and turn": 1, 
            "body, make your": 1, 
            "brand new dance": 1, 
            "but that's not": 1, 
            "by the ghetto": 1, 
            "call it nasty,": 1, 
            "can do 'cuz": 1, 
            "can't do that,": 1, 
            "care it's all": 1, 
            "close i'll explain": 1, 
            "come alive if": 1, 
            "comin' your way": 1, 
            "couldn't believe my": 1, 
            "d": 1, 
            "d do the": 1, 
            "d let's dance": 2, 
            "d throw that": 1, 
            "d when i": 1, 
            "dance and it's": 1, 
            "dance and throw": 1, 
            "dance from mother": 1, 
            "dance it's a": 1, 
            "dance that you": 1, 
            "dance throw that": 1, 
            "djs see, some": 1, 
            "do 'cuz you": 1, 
            "do is throw": 1, 
            "do it, here's": 1, 
            "do just listen": 1, 
            "do that, don't": 1, 
            "do the work": 1, 
            "don't care it's": 1, 
            "don't even try": 1, 
            "don't give a": 1, 
            "don't know how": 1, 
            "even try so,": 1, 
            "explain to you": 1, 
            "eyes this female": 1, 
            "female was stoned": 1, 
            "floor and throw": 1, 
            "floor you don't": 1, 
            "forget that old": 1, 
            "freak your body": 1, 
            "from mother goose": 1, 
            "get on the": 1, 
            "get yourself together": 1, 
            "ghetto djs see,": 1, 
            "give a shit": 1, 
            "go berserk and": 1, 
            "goose better freak": 1, 
            "here's what you": 1, 
            "hips, so go": 1, 
            "how to do": 1, 
            "i went to": 1, 
            "i'll explain to": 1, 
            "if you can't": 1, 
            "if you don't": 1, 
            "in miami by": 1, 
            "in the air": 1, 
            "in the hips,": 1, 
            "is it forget": 1, 
            "is throw that": 1, 
            "it forget that": 1, 
            "it loose 'cuz": 1, 
            "it nasty, but": 1, 
            "it quick just": 1, 
            "it was started": 1, 
            "it's a brand": 1, 
            "it's all in": 1, 
            "it's comin' your": 1, 
            "it's just an": 1, 
            "it's workin' you'd": 1, 
            "it, here's what": 1, 
            "jokin' 'cuz this": 1, 
            "jump in the": 1, 
            "just an oldie": 1, 
            "just don't care": 1, 
            "just get on": 1, 
            "just jump in": 1, 
            "just listen up": 1, 
            "know how to": 1, 
            "land you'll mind": 1, 
            "learn it quick": 1, 
            "let that d": 1, 
            "let's dance it's": 1, 
            "let's dance throw": 1, 
            "like you just": 1, 
            "listen up close": 1, 
            "listen up y'all": 1, 
            "loose 'cuz when": 1, 
            "make your partner": 1, 
            "me to try": 1, 
            "miami by the": 1, 
            "miami, couldn't believe": 1, 
            "mind like you": 1, 
            "mother goose better": 1, 
            "must do just": 1, 
            "my eyes this": 1, 
            "nasty, but that's": 1, 
            "need to sex": 1, 
            "new dance and": 1, 
            "not true it's": 1, 
            "old dance and": 1, 
            "oldie dance that": 1, 
            "on the floor": 2, 
            "partner come alive": 1, 
            "partner that you": 1, 
            "quick just get": 1, 
            "see, some call": 1, 
            "sex your body,": 1, 
            "shit all you": 1, 
            "show your partner": 1, 
            "so go berserk": 1, 
            "so while it's": 1, 
            "so, get yourself": 1, 
            "some call it": 1, 
            "start strokin' to": 1, 
            "started in miami": 1, 
            "stoned wanted me": 1, 
            "strokin' to show": 1, 
            "that d": 1, 
            "that d do": 1, 
            "that d let's": 2, 
            "that d throw": 1, 
            "that d when": 1, 
            "that old dance": 1, 
            "that you ain't": 1, 
            "that you can": 1, 
            "that's not true": 1, 
            "that, don't even": 1, 
            "the air and": 1, 
            "the floor and": 1, 
            "the floor you": 1, 
            "the ghetto djs": 1, 
            "the hips, so": 1, 
            "the work so": 1, 
            "this ain't a": 1, 
            "this female was": 1, 
            "this is it": 1, 
            "throw that d": 5, 
            "to do is": 1, 
            "to do it,": 1, 
            "to miami, couldn't": 1, 
            "to sex your": 1, 
            "to show your": 1, 
            "to try if": 1, 
            "to you just": 1, 
            "together and learn": 1, 
            "true it's just": 1, 
            "try if you": 1, 
            "try so, get": 1, 
            "turn it loose": 1, 
            "up close i'll": 1, 
            "up y'all 'cuz": 1, 
            "want to do": 1, 
            "wanted me to": 1, 
            "was started in": 1, 
            "was stoned wanted": 1, 
            "way it was": 1, 
            "went to miami,": 1, 
            "what you must": 1, 
            "when i went": 1, 
            "when you land": 1, 
            "when you're on": 1, 
            "while it's workin'": 1, 
            "work so while": 1, 
            "workin' you'd better": 1, 
            "y'all 'cuz this": 1, 
            "you ain't jokin'": 1, 
            "you can do": 1, 
            "you can't do": 1, 
            "you don't give": 1, 
            "you don't know": 1, 
            "you just don't": 1, 
            "you just jump": 1, 
            "you land you'll": 1, 
            "you must do": 1, 
            "you need to": 1, 
            "you want to": 1, 
            "you'd better start": 1, 
            "you'll mind like": 1, 
            "you're on the": 1, 
            "your body and": 1, 
            "your body, make": 1, 
            "your partner come": 1, 
            "your partner that": 1, 
            "your way it": 1, 
            "yourself together and": 1
        }, 
        "4": {
            "": 849, 
            "'cuz this ain't a": 1, 
            "'cuz this is it": 1, 
            "'cuz when you're on": 1, 
            "'cuz you need to": 1, 
            "a brand new dance": 1, 
            "a dance from mother": 1, 
            "a shit all you": 1, 
            "ain't a dance from": 1, 
            "ain't jokin' 'cuz this": 1, 
            "air and when you": 1, 
            "alive if you can't": 1, 
            "all in the hips,": 1, 
            "all you want to": 1, 
            "an oldie dance that": 1, 
            "and it's comin' your": 1, 
            "and learn it quick": 1, 
            "and let that d": 1, 
            "and throw that d": 2, 
            "and turn it loose": 1, 
            "and when you land": 1, 
            "believe my eyes this": 1, 
            "berserk and let that": 1, 
            "better freak your body": 1, 
            "better start strokin' to": 1, 
            "body and turn it": 1, 
            "body, make your partner": 1, 
            "brand new dance and": 1, 
            "but that's not true": 1, 
            "by the ghetto djs": 1, 
            "call it nasty, but": 1, 
            "can do 'cuz you": 1, 
            "can't do that, don't": 1, 
            "care it's all in": 1, 
            "close i'll explain to": 1, 
            "come alive if you": 1, 
            "comin' your way it": 1, 
            "couldn't believe my eyes": 1, 
            "d": 1, 
            "d do the work": 1, 
            "d let's dance it's": 1, 
            "d let's dance throw": 1, 
            "d throw that d": 1, 
            "d when i went": 1, 
            "dance and it's comin'": 1, 
            "dance and throw that": 1, 
            "dance from mother goose": 1, 
            "dance it's a brand": 1, 
            "dance that you can": 1, 
            "dance throw that d": 1, 
            "djs see, some call": 1, 
            "do 'cuz you need": 1, 
            "do is throw that": 1, 
            "do it, here's what": 1, 
            "do just listen up": 1, 
            "do that, don't even": 1, 
            "do the work so": 1, 
            "don't care it's all": 1, 
            "don't even try so,": 1, 
            "don't give a shit": 1, 
            "don't know how to": 1, 
            "even try so, get": 1, 
            "explain to you just": 1, 
            "eyes this female was": 1, 
            "female was stoned wanted": 1, 
            "floor and throw that": 1, 
            "floor you don't give": 1, 
            "forget that old dance": 1, 
            "freak your body and": 1, 
            "from mother goose better": 1, 
            "get on the floor": 1, 
            "get yourself together and": 1, 
            "ghetto djs see, some": 1, 
            "give a shit all": 1, 
            "go berserk and let": 1, 
            "goose better freak your": 1, 
            "here's what you must": 1, 
            "hips, so go berserk": 1, 
            "how to do it,": 1, 
            "i went to miami,": 1, 
            "i'll explain to you": 1, 
            "if you can't do": 1, 
            "if you don't know": 1, 
            "in miami by the": 1, 
            "in the air and": 1, 
            "in the hips, so": 1, 
            "is it forget that": 1, 
            "is throw that d": 1, 
            "it forget that old": 1, 
            "it loose 'cuz when": 1, 
            "it nasty, but that's": 1, 
            "it quick just get": 1, 
            "it was started in": 1, 
            "it's a brand new": 1, 
            "it's all in the": 1, 
            "it's comin' your way": 1, 
            "it's just an oldie": 1, 
            "it's workin' you'd better": 1, 
            "it, here's what you": 1, 
            "jokin' 'cuz this ain't": 1, 
            "jump in the air": 1, 
            "just an oldie dance": 1, 
            "just don't care it's": 1, 
            "just get on the": 1, 
            "just jump in the": 1, 
            "just listen up close": 1, 
            "know how to do": 1, 
            "land you'll mind like": 1, 
            "learn it quick just": 1, 
            "let that d do": 1, 
            "let's dance it's a": 1, 
            "let's dance throw that": 1, 
            "like you just don't": 1, 
            "listen up close i'll": 1, 
            "listen up y'all 'cuz": 1, 
            "loose 'cuz when you're": 1, 
            "make your partner come": 1, 
            "me to try if": 1, 
            "miami by the ghetto": 1, 
            "miami, couldn't believe my": 1, 
            "mind like you just": 1, 
            "mother goose better freak": 1, 
            "must do just listen": 1, 
            "my eyes this female": 1, 
            "nasty, but that's not": 1, 
            "need to sex your": 1, 
            "new dance and it's": 1, 
            "not true it's just": 1, 
            "old dance and throw": 1, 
            "oldie dance that you": 1, 
            "on the floor and": 1, 
            "on the floor you": 1, 
            "partner come alive if": 1, 
            "partner that you ain't": 1, 
            "quick just get on": 1, 
            "see, some call it": 1, 
            "sex your body, make": 1, 
            "shit all you want": 1, 
            "show your partner that": 1, 
            "so go berserk and": 1, 
            "so while it's workin'": 1, 
            "so, get yourself together": 1, 
            "some call it nasty,": 1, 
            "start strokin' to show": 1, 
            "started in miami by": 1, 
            "stoned wanted me to": 1, 
            "strokin' to show your": 1, 
            "that d": 1, 
            "that d do the": 1, 
            "that d let's dance": 2, 
            "that d throw that": 1, 
            "that d when i": 1, 
            "that old dance and": 1, 
            "that you ain't jokin'": 1, 
            "that you can do": 1, 
            "that's not true it's": 1, 
            "that, don't even try": 1, 
            "the air and when": 1, 
            "the floor and throw": 1, 
            "the floor you don't": 1, 
            "the ghetto djs see,": 1, 
            "the hips, so go": 1, 
            "the work so while": 1, 
            "this ain't a dance": 1, 
            "this female was stoned": 1, 
            "this is it forget": 1, 
            "throw that d": 1, 
            "throw that d let's": 2, 
            "throw that d throw": 1, 
            "throw that d when": 1, 
            "to do is throw": 1, 
            "to do it, here's": 1, 
            "to miami, couldn't believe": 1, 
            "to sex your body,": 1, 
            "to show your partner": 1, 
            "to try if you": 1, 
            "to you just jump": 1, 
            "together and learn it": 1, 
            "true it's just an": 1, 
            "try if you don't": 1, 
            "try so, get yourself": 1, 
            "turn it loose 'cuz": 1, 
            "up close i'll explain": 1, 
            "up y'all 'cuz this": 1, 
            "want to do is": 1, 
            "wanted me to try": 1, 
            "was started in miami": 1, 
            "was stoned wanted me": 1, 
            "way it was started": 1, 
            "went to miami, couldn't": 1, 
            "what you must do": 1, 
            "when i went to": 1, 
            "when you land you'll": 1, 
            "when you're on the": 1, 
            "while it's workin' you'd": 1, 
            "work so while it's": 1, 
            "workin' you'd better start": 1, 
            "y'all 'cuz this is": 1, 
            "you ain't jokin' 'cuz": 1, 
            "you can do 'cuz": 1, 
            "you can't do that,": 1, 
            "you don't give a": 1, 
            "you don't know how": 1, 
            "you just don't care": 1, 
            "you just jump in": 1, 
            "you land you'll mind": 1, 
            "you must do just": 1, 
            "you need to sex": 1, 
            "you want to do": 1, 
            "you'd better start strokin'": 1, 
            "you'll mind like you": 1, 
            "you're on the floor": 1, 
            "your body and turn": 1, 
            "your body, make your": 1, 
            "your partner come alive": 1, 
            "your partner that you": 1, 
            "your way it was": 1, 
            "yourself together and learn": 1
        }, 
        "5": {
            "": 848, 
            "'cuz this ain't a dance": 1, 
            "'cuz this is it forget": 1, 
            "'cuz when you're on the": 1, 
            "'cuz you need to sex": 1, 
            "a brand new dance and": 1, 
            "a dance from mother goose": 1, 
            "a shit all you want": 1, 
            "ain't a dance from mother": 1, 
            "ain't jokin' 'cuz this ain't": 1, 
            "air and when you land": 1, 
            "alive if you can't do": 1, 
            "all in the hips, so": 1, 
            "all you want to do": 1, 
            "an oldie dance that you": 1, 
            "and it's comin' your way": 1, 
            "and learn it quick just": 1, 
            "and let that d do": 1, 
            "and throw that d let's": 2, 
            "and turn it loose 'cuz": 1, 
            "and when you land you'll": 1, 
            "believe my eyes this female": 1, 
            "berserk and let that d": 1, 
            "better freak your body and": 1, 
            "better start strokin' to show": 1, 
            "body and turn it loose": 1, 
            "body, make your partner come": 1, 
            "brand new dance and it's": 1, 
            "but that's not true it's": 1, 
            "by the ghetto djs see,": 1, 
            "call it nasty, but that's": 1, 
            "can do 'cuz you need": 1, 
            "can't do that, don't even": 1, 
            "care it's all in the": 1, 
            "close i'll explain to you": 1, 
            "come alive if you can't": 1, 
            "comin' your way it was": 1, 
            "couldn't believe my eyes this": 1, 
            "d": 1, 
            "d do the work so": 1, 
            "d let's dance it's a": 1, 
            "d let's dance throw that": 1, 
            "d throw that d": 1, 
            "d when i went to": 1, 
            "dance and it's comin' your": 1, 
            "dance and throw that d": 1, 
            "dance from mother goose better": 1, 
            "dance it's a brand new": 1, 
            "dance that you can do": 1, 
            "dance throw that d when": 1, 
            "djs see, some call it": 1, 
            "do 'cuz you need to": 1, 
            "do is throw that d": 1, 
            "do it, here's what you": 1, 
            "do just listen up close": 1, 
            "do that, don't even try": 1, 
            "do the work so while": 1, 
            "don't care it's all in": 1, 
            "don't even try so, get": 1, 
            "don't give a shit all": 1, 
            "don't know how to do": 1, 
            "even try so, get yourself": 1, 
            "explain to you just jump": 1, 
            "eyes this female was stoned": 1, 
            "female was stoned wanted me": 1, 
            "floor and throw that d": 1, 
            "floor you don't give a": 1, 
            "forget that old dance and": 1, 
            "freak your body and turn": 1, 
            "from mother goose better freak": 1, 
            "get on the floor and": 1, 
            "get yourself together and learn": 1, 
            "ghetto djs see, some call": 1, 
            "give a shit all you": 1, 
            "go berserk and let that": 1, 
            "goose better freak your body": 1, 
            "here's what you must do": 1, 
            "hips, so go berserk and": 1, 
            "how to do it, here's": 1, 
            "i went to miami, couldn't": 1, 
            "i'll explain to you just": 1, 
            "if you can't do that,": 1, 
            "if you don't know how": 1, 
            "in miami by the ghetto": 1, 
            "in the air and when": 1, 
            "in the hips, so go": 1, 
            "is it forget that old": 1, 
            "is throw that d throw": 1, 
            "it forget that old dance": 1, 
            "it loose 'cuz when you're": 1, 
            "it nasty, but that's not": 1, 
            "it quick just get on": 1, 
            "it was started in miami": 1, 
            "it's a brand new dance": 1, 
            "it's all in the hips,": 1, 
            "it's comin' your way it": 1, 
            "it's just an oldie dance": 1, 
            "it's workin' you'd better start": 1, 
            "it, here's what you must": 1, 
            "jokin' 'cuz this ain't a": 1, 
            "jump in the air and": 1, 
            "just an oldie dance that": 1, 
            "just don't care it's all": 1, 
            "just get on the floor": 1, 
            "just jump in the air": 1, 
            "just listen up close i'll": 1, 
            "know how to do it,": 1, 
            "land you'll mind like you": 1, 
            "learn it quick just get": 1, 
            "let that d do the": 1, 
            "let's dance it's a brand": 1, 
            "let's dance throw that d": 1, 
            "like you just don't care": 1, 
            "listen up close i'll explain": 1, 
            "listen up y'all 'cuz this": 1, 
            "loose 'cuz when you're on": 1, 
            "make your partner come alive": 1, 
            "me to try if you": 1, 
            "miami by the ghetto djs": 1, 
            "miami, couldn't believe my eyes": 1, 
            "mind like you just don't": 1, 
            "mother goose better freak your": 1, 
            "must do just listen up": 1, 
            "my eyes this female was": 1, 
            "nasty, but that's not true": 1, 
            "need to sex your body,": 1, 
            "new dance and it's comin'": 1, 
            "not true it's just an": 1, 
            "old dance and throw that": 1, 
            "oldie dance that you can": 1, 
            "on the floor and throw": 1, 
            "on the floor you don't": 1, 
            "partner come alive if you": 1, 
            "partner that you ain't jokin'": 1, 
            "quick just get on the": 1, 
            "see, some call it nasty,": 1, 
            "sex your body, make your": 1, 
            "shit all you want to": 1, 
            "show your partner that you": 1, 
            "so go berserk and let": 1, 
            "so while it's workin' you'd": 1, 
            "so, get yourself together and": 1, 
            "some call it nasty, but": 1, 
            "start strokin' to show your": 1, 
            "started in miami by the": 1, 
            "stoned wanted me to try": 1, 
            "strokin' to show your partner": 1, 
            "that d": 1, 
            "that d do the work": 1, 
            "that d let's dance it's": 1, 
            "that d let's dance throw": 1, 
            "that d throw that d": 1, 
            "that d when i went": 1, 
            "that old dance and throw": 1, 
            "that you ain't jokin' 'cuz": 1, 
            "that you can do 'cuz": 1, 
            "that's not true it's just": 1, 
            "that, don't even try so,": 1, 
            "the air and when you": 1, 
            "the floor and throw that": 1, 
            "the floor you don't give": 1, 
            "the ghetto djs see, some": 1, 
            "the hips, so go berserk": 1, 
            "the work so while it's": 1, 
            "this ain't a dance from": 1, 
            "this female was stoned wanted": 1, 
            "this is it forget that": 1, 
            "throw that d": 1, 
            "throw that d let's dance": 2, 
            "throw that d throw that": 1, 
            "throw that d when i": 1, 
            "to do is throw that": 1, 
            "to do it, here's what": 1, 
            "to miami, couldn't believe my": 1, 
            "to sex your body, make": 1, 
            "to show your partner that": 1, 
            "to try if you don't": 1, 
            "to you just jump in": 1, 
            "together and learn it quick": 1, 
            "true it's just an oldie": 1, 
            "try if you don't know": 1, 
            "try so, get yourself together": 1, 
            "turn it loose 'cuz when": 1, 
            "up close i'll explain to": 1, 
            "up y'all 'cuz this is": 1, 
            "want to do is throw": 1, 
            "wanted me to try if": 1, 
            "was started in miami by": 1, 
            "was stoned wanted me to": 1, 
            "way it was started in": 1, 
            "went to miami, couldn't believe": 1, 
            "what you must do just": 1, 
            "when i went to miami,": 1, 
            "when you land you'll mind": 1, 
            "when you're on the floor": 1, 
            "while it's workin' you'd better": 1, 
            "work so while it's workin'": 1, 
            "workin' you'd better start strokin'": 1, 
            "y'all 'cuz this is it": 1, 
            "you ain't jokin' 'cuz this": 1, 
            "you can do 'cuz you": 1, 
            "you can't do that, don't": 1, 
            "you don't give a shit": 1, 
            "you don't know how to": 1, 
            "you just don't care it's": 1, 
            "you just jump in the": 1, 
            "you land you'll mind like": 1, 
            "you must do just listen": 1, 
            "you need to sex your": 1, 
            "you want to do is": 1, 
            "you'd better start strokin' to": 1, 
            "you'll mind like you just": 1, 
            "you're on the floor you": 1, 
            "your body and turn it": 1, 
            "your body, make your partner": 1, 
            "your partner come alive if": 1, 
            "your partner that you ain't": 1, 
            "your way it was started": 1, 
            "yourself together and learn it": 1
        }, 
        "6": {
            "": 847, 
            "'cuz this ain't a dance from": 1, 
            "'cuz this is it forget that": 1, 
            "'cuz when you're on the floor": 1, 
            "'cuz you need to sex your": 1, 
            "a brand new dance and it's": 1, 
            "a dance from mother goose better": 1, 
            "a shit all you want to": 1, 
            "ain't a dance from mother goose": 1, 
            "ain't jokin' 'cuz this ain't a": 1, 
            "air and when you land you'll": 1, 
            "alive if you can't do that,": 1, 
            "all in the hips, so go": 1, 
            "all you want to do is": 1, 
            "an oldie dance that you can": 1, 
            "and it's comin' your way it": 1, 
            "and learn it quick just get": 1, 
            "and let that d do the": 1, 
            "and throw that d let's dance": 2, 
            "and turn it loose 'cuz when": 1, 
            "and when you land you'll mind": 1, 
            "believe my eyes this female was": 1, 
            "berserk and let that d do": 1, 
            "better freak your body and turn": 1, 
            "better start strokin' to show your": 1, 
            "body and turn it loose 'cuz": 1, 
            "body, make your partner come alive": 1, 
            "brand new dance and it's comin'": 1, 
            "but that's not true it's just": 1, 
            "by the ghetto djs see, some": 1, 
            "call it nasty, but that's not": 1, 
            "can do 'cuz you need to": 1, 
            "can't do that, don't even try": 1, 
            "care it's all in the hips,": 1, 
            "close i'll explain to you just": 1, 
            "come alive if you can't do": 1, 
            "comin' your way it was started": 1, 
            "couldn't believe my eyes this female": 1, 
            "d": 1, 
            "d do the work so while": 1, 
            "d let's dance it's a brand": 1, 
            "d let's dance throw that d": 1, 
            "d throw that d": 1, 
            "d when i went to miami,": 1, 
            "dance and it's comin' your way": 1, 
            "dance and throw that d let's": 1, 
            "dance from mother goose better freak": 1, 
            "dance it's a brand new dance": 1, 
            "dance that you can do 'cuz": 1, 
            "dance throw that d when i": 1, 
            "djs see, some call it nasty,": 1, 
            "do 'cuz you need to sex": 1, 
            "do is throw that d throw": 1, 
            "do it, here's what you must": 1, 
            "do just listen up close i'll": 1, 
            "do that, don't even try so,": 1, 
            "do the work so while it's": 1, 
            "don't care it's all in the": 1, 
            "don't even try so, get yourself": 1, 
            "don't give a shit all you": 1, 
            "don't know how to do it,": 1, 
            "even try so, get yourself together": 1, 
            "explain to you just jump in": 1, 
            "eyes this female was stoned wanted": 1, 
            "female was stoned wanted me to": 1, 
            "floor and throw that d let's": 1, 
            "floor you don't give a shit": 1, 
            "forget that old dance and throw": 1, 
            "freak your body and turn it": 1, 
            "from mother goose better freak your": 1, 
            "get on the floor and throw": 1, 
            "get yourself together and learn it": 1, 
            "ghetto djs see, some call it": 1, 
            "give a shit all you want": 1, 
            "go berserk and let that d": 1, 
            "goose better freak your body and": 1, 
            "here's what you must do just": 1, 
            "hips, so go berserk and let": 1, 
            "how to do it, here's what": 1, 
            "i went to miami, couldn't believe": 1, 
            "i'll explain to you just jump": 1, 
            "if you can't do that, don't": 1, 
            "if you don't know how to": 1, 
            "in miami by the ghetto djs": 1, 
            "in the air and when you": 1, 
            "in the hips, so go berserk": 1, 
            "is it forget that old dance": 1, 
            "is throw that d throw that": 1, 
            "it forget that old dance and": 1, 
            "it loose 'cuz when you're on": 1, 
            "it nasty, but that's not true": 1, 
            "it quick just get on the": 1, 
            "it was started in miami by": 1, 
            "it's a brand new dance and": 1, 
            "it's all in the hips, so": 1, 
            "it's comin' your way it was": 1, 
            "it's just an oldie dance that": 1, 
            "it's workin' you'd better start strokin'": 1, 
            "it, here's what you must do": 1, 
            "jokin' 'cuz this ain't a dance": 1, 
            "jump in the air and when": 1, 
            "just an oldie dance that you": 1, 
            "just don't care it's all in": 1, 
            "just get on the floor and": 1, 
            "just jump in the air and": 1, 
            "just listen up close i'll explain": 1, 
            "know how to do it, here's": 1, 
            "land you'll mind like you just": 1, 
            "learn it quick just get on": 1, 
            "let that d do the work": 1, 
            "let's dance it's a brand new": 1, 
            "let's dance throw that d when": 1, 
            "like you just don't care it's": 1, 
            "listen up close i'll explain to": 1, 
            "listen up y'all 'cuz this is": 1, 
            "loose 'cuz when you're on the": 1, 
            "make your partner come alive if": 1, 
            "me to try if you don't": 1, 
            "miami by the ghetto djs see,": 1, 
            "miami, couldn't believe my eyes this": 1, 
            "mind like you just don't care": 1, 
            "mother goose better freak your body": 1, 
            "must do just listen up close": 1, 
            "my eyes this female was stoned": 1, 
            "nasty, but that's not true it's": 1, 
            "need to sex your body, make": 1, 
            "new dance and it's comin' your": 1, 
            "not true it's just an oldie": 1, 
            "old dance and throw that d": 1, 
            "oldie dance that you can do": 1, 
            "on the floor and throw that": 1, 
            "on the floor you don't give": 1, 
            "partner come alive if you can't": 1, 
            "partner that you ain't jokin' 'cuz": 1, 
            "quick just get on the floor": 1, 
            "see, some call it nasty, but": 1, 
            "sex your body, make your partner": 1, 
            "shit all you want to do": 1, 
            "show your partner that you ain't": 1, 
            "so go berserk and let that": 1, 
            "so while it's workin' you'd better": 1, 
            "so, get yourself together and learn": 1, 
            "some call it nasty, but that's": 1, 
            "start strokin' to show your partner": 1, 
            "started in miami by the ghetto": 1, 
            "stoned wanted me to try if": 1, 
            "strokin' to show your partner that": 1, 
            "that d": 1, 
            "that d do the work so": 1, 
            "that d let's dance it's a": 1, 
            "that d let's dance throw that": 1, 
            "that d throw that d": 1, 
            "that d when i went to": 1, 
            "that old dance and throw that": 1, 
            "that you ain't jokin' 'cuz this": 1, 
            "that you can do 'cuz you": 1, 
            "that's not true it's just an": 1, 
            "that, don't even try so, get": 1, 
            "the air and when you land": 1, 
            "the floor and throw that d": 1, 
            "the floor you don't give a": 1, 
            "the ghetto djs see, some call": 1, 
            "the hips, so go berserk and": 1, 
            "the work so while it's workin'": 1, 
            "this ain't a dance from mother": 1, 
            "this female was stoned wanted me": 1, 
            "this is it forget that old": 1, 
            "throw that d": 1, 
            "throw that d let's dance it's": 1, 
            "throw that d let's dance throw": 1, 
            "throw that d throw that d": 1, 
            "throw that d when i went": 1, 
            "to do is throw that d": 1, 
            "to do it, here's what you": 1, 
            "to miami, couldn't believe my eyes": 1, 
            "to sex your body, make your": 1, 
            "to show your partner that you": 1, 
            "to try if you don't know": 1, 
            "to you just jump in the": 1, 
            "together and learn it quick just": 1, 
            "true it's just an oldie dance": 1, 
            "try if you don't know how": 1, 
            "try so, get yourself together and": 1, 
            "turn it loose 'cuz when you're": 1, 
            "up close i'll explain to you": 1, 
            "up y'all 'cuz this is it": 1, 
            "want to do is throw that": 1, 
            "wanted me to try if you": 1, 
            "was started in miami by the": 1, 
            "was stoned wanted me to try": 1, 
            "way it was started in miami": 1, 
            "went to miami, couldn't believe my": 1, 
            "what you must do just listen": 1, 
            "when i went to miami, couldn't": 1, 
            "when you land you'll mind like": 1, 
            "when you're on the floor you": 1, 
            "while it's workin' you'd better start": 1, 
            "work so while it's workin' you'd": 1, 
            "workin' you'd better start strokin' to": 1, 
            "y'all 'cuz this is it forget": 1, 
            "you ain't jokin' 'cuz this ain't": 1, 
            "you can do 'cuz you need": 1, 
            "you can't do that, don't even": 1, 
            "you don't give a shit all": 1, 
            "you don't know how to do": 1, 
            "you just don't care it's all": 1, 
            "you just jump in the air": 1, 
            "you land you'll mind like you": 1, 
            "you must do just listen up": 1, 
            "you need to sex your body,": 1, 
            "you want to do is throw": 1, 
            "you'd better start strokin' to show": 1, 
            "you'll mind like you just don't": 1, 
            "you're on the floor you don't": 1, 
            "your body and turn it loose": 1, 
            "your body, make your partner come": 1, 
            "your partner come alive if you": 1, 
            "your partner that you ain't jokin'": 1, 
            "your way it was started in": 1, 
            "yourself together and learn it quick": 1
        }, 
        "7": {
            "": 846, 
            "'cuz this ain't a dance from mother": 1, 
            "'cuz this is it forget that old": 1, 
            "'cuz when you're on the floor you": 1, 
            "'cuz you need to sex your body,": 1, 
            "a brand new dance and it's comin'": 1, 
            "a dance from mother goose better freak": 1, 
            "a shit all you want to do": 1, 
            "ain't a dance from mother goose better": 1, 
            "ain't jokin' 'cuz this ain't a dance": 1, 
            "air and when you land you'll mind": 1, 
            "alive if you can't do that, don't": 1, 
            "all in the hips, so go berserk": 1, 
            "all you want to do is throw": 1, 
            "an oldie dance that you can do": 1, 
            "and it's comin' your way it was": 1, 
            "and learn it quick just get on": 1, 
            "and let that d do the work": 1, 
            "and throw that d let's dance it's": 1, 
            "and throw that d let's dance throw": 1, 
            "and turn it loose 'cuz when you're": 1, 
            "and when you land you'll mind like": 1, 
            "believe my eyes this female was stoned": 1, 
            "berserk and let that d do the": 1, 
            "better freak your body and turn it": 1, 
            "better start strokin' to show your partner": 1, 
            "body and turn it loose 'cuz when": 1, 
            "body, make your partner come alive if": 1, 
            "brand new dance and it's comin' your": 1, 
            "but that's not true it's just an": 1, 
            "by the ghetto djs see, some call": 1, 
            "call it nasty, but that's not true": 1, 
            "can do 'cuz you need to sex": 1, 
            "can't do that, don't even try so,": 1, 
            "care it's all in the hips, so": 1, 
            "close i'll explain to you just jump": 1, 
            "come alive if you can't do that,": 1, 
            "comin' your way it was started in": 1, 
            "couldn't believe my eyes this female was": 1, 
            "d": 1, 
            "d do the work so while it's": 1, 
            "d let's dance it's a brand new": 1, 
            "d let's dance throw that d when": 1, 
            "d throw that d": 1, 
            "d when i went to miami, couldn't": 1, 
            "dance and it's comin' your way it": 1, 
            "dance and throw that d let's dance": 1, 
            "dance from mother goose better freak your": 1, 
            "dance it's a brand new dance and": 1, 
            "dance that you can do 'cuz you": 1, 
            "dance throw that d when i went": 1, 
            "djs see, some call it nasty, but": 1, 
            "do 'cuz you need to sex your": 1, 
            "do is throw that d throw that": 1, 
            "do it, here's what you must do": 1, 
            "do just listen up close i'll explain": 1, 
            "do that, don't even try so, get": 1, 
            "do the work so while it's workin'": 1, 
            "don't care it's all in the hips,": 1, 
            "don't even try so, get yourself together": 1, 
            "don't give a shit all you want": 1, 
            "don't know how to do it, here's": 1, 
            "even try so, get yourself together and": 1, 
            "explain to you just jump in the": 1, 
            "eyes this female was stoned wanted me": 1, 
            "female was stoned wanted me to try": 1, 
            "floor and throw that d let's dance": 1, 
            "floor you don't give a shit all": 1, 
            "forget that old dance and throw that": 1, 
            "freak your body and turn it loose": 1, 
            "from mother goose better freak your body": 1, 
            "get on the floor and throw that": 1, 
            "get yourself together and learn it quick": 1, 
            "ghetto djs see, some call it nasty,": 1, 
            "give a shit all you want to": 1, 
            "go berserk and let that d do": 1, 
            "goose better freak your body and turn": 1, 
            "here's what you must do just listen": 1, 
            "hips, so go berserk and let that": 1, 
            "how to do it, here's what you": 1, 
            "i went to miami, couldn't believe my": 1, 
            "i'll explain to you just jump in": 1, 
            "if you can't do that, don't even": 1, 
            "if you don't know how to do": 1, 
            "in miami by the ghetto djs see,": 1, 
            "in the air and when you land": 1, 
            "in the hips, so go berserk and": 1, 
            "is it forget that old dance and": 1, 
            "is throw that d throw that d": 1, 
            "it forget that old dance and throw": 1, 
            "it loose 'cuz when you're on the": 1, 
            "it nasty, but that's not true it's": 1, 
            "it quick just get on the floor": 1, 
            "it was started in miami by the": 1, 
            "it's a brand new dance and it's": 1, 
            "it's all in the hips, so go": 1, 
            "it's comin' your way it was started": 1, 
            "it's just an oldie dance that you": 1, 
            "it's workin' you'd better start strokin' to": 1, 
            "it, here's what you must do just": 1, 
            "jokin' 'cuz this ain't a dance from": 1, 
            "jump in the air and when you": 1, 
            "just an oldie dance that you can": 1, 
            "just don't care it's all in the": 1, 
            "just get on the floor and throw": 1, 
            "just jump in the air and when": 1, 
            "just listen up close i'll explain to": 1, 
            "know how to do it, here's what": 1, 
            "land you'll mind like you just don't": 1, 
            "learn it quick just get on the": 1, 
            "let that d do the work so": 1, 
            "let's dance it's a brand new dance": 1, 
            "let's dance throw that d when i": 1, 
            "like you just don't care it's all": 1, 
            "listen up close i'll explain to you": 1, 
            "listen up y'all 'cuz this is it": 1, 
            "loose 'cuz when you're on the floor": 1, 
            "make your partner come alive if you": 1, 
            "me to try if you don't know": 1, 
            "miami by the ghetto djs see, some": 1, 
            "miami, couldn't believe my eyes this female": 1, 
            "mind like you just don't care it's": 1, 
            "mother goose better freak your body and": 1, 
            "must do just listen up close i'll": 1, 
            "my eyes this female was stoned wanted": 1, 
            "nasty, but that's not true it's just": 1, 
            "need to sex your body, make your": 1, 
            "new dance and it's comin' your way": 1, 
            "not true it's just an oldie dance": 1, 
            "old dance and throw that d let's": 1, 
            "oldie dance that you can do 'cuz": 1, 
            "on the floor and throw that d": 1, 
            "on the floor you don't give a": 1, 
            "partner come alive if you can't do": 1, 
            "partner that you ain't jokin' 'cuz this": 1, 
            "quick just get on the floor and": 1, 
            "see, some call it nasty, but that's": 1, 
            "sex your body, make your partner come": 1, 
            "shit all you want to do is": 1, 
            "show your partner that you ain't jokin'": 1, 
            "so go berserk and let that d": 1, 
            "so while it's workin' you'd better start": 1, 
            "so, get yourself together and learn it": 1, 
            "some call it nasty, but that's not": 1, 
            "start strokin' to show your partner that": 1, 
            "started in miami by the ghetto djs": 1, 
            "stoned wanted me to try if you": 1, 
            "strokin' to show your partner that you": 1, 
            "that d": 1, 
            "that d do the work so while": 1, 
            "that d let's dance it's a brand": 1, 
            "that d let's dance throw that d": 1, 
            "that d throw that d": 1, 
            "that d when i went to miami,": 1, 
            "that old dance and throw that d": 1, 
            "that you ain't jokin' 'cuz this ain't": 1, 
            "that you can do 'cuz you need": 1, 
            "that's not true it's just an oldie": 1, 
            "that, don't even try so, get yourself": 1, 
            "the air and when you land you'll": 1, 
            "the floor and throw that d let's": 1, 
            "the floor you don't give a shit": 1, 
            "the ghetto djs see, some call it": 1, 
            "the hips, so go berserk and let": 1, 
            "the work so while it's workin' you'd": 1, 
            "this ain't a dance from mother goose": 1, 
            "this female was stoned wanted me to": 1, 
            "this is it forget that old dance": 1, 
            "throw that d": 1, 
            "throw that d let's dance it's a": 1, 
            "throw that d let's dance throw that": 1, 
            "throw that d throw that d": 1, 
            "throw that d when i went to": 1, 
            "to do is throw that d throw": 1, 
            "to do it, here's what you must": 1, 
            "to miami, couldn't believe my eyes this": 1, 
            "to sex your body, make your partner": 1, 
            "to show your partner that you ain't": 1, 
            "to try if you don't know how": 1, 
            "to you just jump in the air": 1, 
            "together and learn it quick just get": 1, 
            "true it's just an oldie dance that": 1, 
            "try if you don't know how to": 1, 
            "try so, get yourself together and learn": 1, 
            "turn it loose 'cuz when you're on": 1, 
            "up close i'll explain to you just": 1, 
            "up y'all 'cuz this is it forget": 1, 
            "want to do is throw that d": 1, 
            "wanted me to try if you don't": 1, 
            "was started in miami by the ghetto": 1, 
            "was stoned wanted me to try if": 1, 
            "way it was started in miami by": 1, 
            "went to miami, couldn't believe my eyes": 1, 
            "what you must do just listen up": 1, 
            "when i went to miami, couldn't believe": 1, 
            "when you land you'll mind like you": 1, 
            "when you're on the floor you don't": 1, 
            "while it's workin' you'd better start strokin'": 1, 
            "work so while it's workin' you'd better": 1, 
            "workin' you'd better start strokin' to show": 1, 
            "y'all 'cuz this is it forget that": 1, 
            "you ain't jokin' 'cuz this ain't a": 1, 
            "you can do 'cuz you need to": 1, 
            "you can't do that, don't even try": 1, 
            "you don't give a shit all you": 1, 
            "you don't know how to do it,": 1, 
            "you just don't care it's all in": 1, 
            "you just jump in the air and": 1, 
            "you land you'll mind like you just": 1, 
            "you must do just listen up close": 1, 
            "you need to sex your body, make": 1, 
            "you want to do is throw that": 1, 
            "you'd better start strokin' to show your": 1, 
            "you'll mind like you just don't care": 1, 
            "you're on the floor you don't give": 1, 
            "your body and turn it loose 'cuz": 1, 
            "your body, make your partner come alive": 1, 
            "your partner come alive if you can't": 1, 
            "your partner that you ain't jokin' 'cuz": 1, 
            "your way it was started in miami": 1, 
            "yourself together and learn it quick just": 1
        }, 
        "8": {
            "": 845, 
            "'cuz this ain't a dance from mother goose": 1, 
            "'cuz this is it forget that old dance": 1, 
            "'cuz when you're on the floor you don't": 1, 
            "'cuz you need to sex your body, make": 1, 
            "a brand new dance and it's comin' your": 1, 
            "a dance from mother goose better freak your": 1, 
            "a shit all you want to do is": 1, 
            "ain't a dance from mother goose better freak": 1, 
            "ain't jokin' 'cuz this ain't a dance from": 1, 
            "air and when you land you'll mind like": 1, 
            "alive if you can't do that, don't even": 1, 
            "all in the hips, so go berserk and": 1, 
            "all you want to do is throw that": 1, 
            "an oldie dance that you can do 'cuz": 1, 
            "and it's comin' your way it was started": 1, 
            "and learn it quick just get on the": 1, 
            "and let that d do the work so": 1, 
            "and throw that d let's dance it's a": 1, 
            "and throw that d let's dance throw that": 1, 
            "and turn it loose 'cuz when you're on": 1, 
            "and when you land you'll mind like you": 1, 
            "believe my eyes this female was stoned wanted": 1, 
            "berserk and let that d do the work": 1, 
            "better freak your body and turn it loose": 1, 
            "better start strokin' to show your partner that": 1, 
            "body and turn it loose 'cuz when you're": 1, 
            "body, make your partner come alive if you": 1, 
            "brand new dance and it's comin' your way": 1, 
            "but that's not true it's just an oldie": 1, 
            "by the ghetto djs see, some call it": 1, 
            "call it nasty, but that's not true it's": 1, 
            "can do 'cuz you need to sex your": 1, 
            "can't do that, don't even try so, get": 1, 
            "care it's all in the hips, so go": 1, 
            "close i'll explain to you just jump in": 1, 
            "come alive if you can't do that, don't": 1, 
            "comin' your way it was started in miami": 1, 
            "couldn't believe my eyes this female was stoned": 1, 
            "d": 1, 
            "d do the work so while it's workin'": 1, 
            "d let's dance it's a brand new dance": 1, 
            "d let's dance throw that d when i": 1, 
            "d throw that d": 1, 
            "d when i went to miami, couldn't believe": 1, 
            "dance and it's comin' your way it was": 1, 
            "dance and throw that d let's dance it's": 1, 
            "dance from mother goose better freak your body": 1, 
            "dance it's a brand new dance and it's": 1, 
            "dance that you can do 'cuz you need": 1, 
            "dance throw that d when i went to": 1, 
            "djs see, some call it nasty, but that's": 1, 
            "do 'cuz you need to sex your body,": 1, 
            "do is throw that d throw that d": 1, 
            "do it, here's what you must do just": 1, 
            "do just listen up close i'll explain to": 1, 
            "do that, don't even try so, get yourself": 1, 
            "do the work so while it's workin' you'd": 1, 
            "don't care it's all in the hips, so": 1, 
            "don't even try so, get yourself together and": 1, 
            "don't give a shit all you want to": 1, 
            "don't know how to do it, here's what": 1, 
            "even try so, get yourself together and learn": 1, 
            "explain to you just jump in the air": 1, 
            "eyes this female was stoned wanted me to": 1, 
            "female was stoned wanted me to try if": 1, 
            "floor and throw that d let's dance throw": 1, 
            "floor you don't give a shit all you": 1, 
            "forget that old dance and throw that d": 1, 
            "freak your body and turn it loose 'cuz": 1, 
            "from mother goose better freak your body and": 1, 
            "get on the floor and throw that d": 1, 
            "get yourself together and learn it quick just": 1, 
            "ghetto djs see, some call it nasty, but": 1, 
            "give a shit all you want to do": 1, 
            "go berserk and let that d do the": 1, 
            "goose better freak your body and turn it": 1, 
            "here's what you must do just listen up": 1, 
            "hips, so go berserk and let that d": 1, 
            "how to do it, here's what you must": 1, 
            "i went to miami, couldn't believe my eyes": 1, 
            "i'll explain to you just jump in the": 1, 
            "if you can't do that, don't even try": 1, 
            "if you don't know how to do it,": 1, 
            "in miami by the ghetto djs see, some": 1, 
            "in the air and when you land you'll": 1, 
            "in the hips, so go berserk and let": 1, 
            "is it forget that old dance and throw": 1, 
            "is throw that d throw that d": 1, 
            "it forget that old dance and throw that": 1, 
            "it loose 'cuz when you're on the floor": 1, 
            "it nasty, but that's not true it's just": 1, 
            "it quick just get on the floor and": 1, 
            "it was started in miami by the ghetto": 1, 
            "it's a brand new dance and it's comin'": 1, 
            "it's all in the hips, so go berserk": 1, 
            "it's comin' your way it was started in": 1, 
            "it's just an oldie dance that you can": 1, 
            "it's workin' you'd better start strokin' to show": 1, 
            "it, here's what you must do just listen": 1, 
            "jokin' 'cuz this ain't a dance from mother": 1, 
            "jump in the air and when you land": 1, 
            "just an oldie dance that you can do": 1, 
            "just don't care it's all in the hips,": 1, 
            "just get on the floor and throw that": 1, 
            "just jump in the air and when you": 1, 
            "just listen up close i'll explain to you": 1, 
            "know how to do it, here's what you": 1, 
            "land you'll mind like you just don't care": 1, 
            "learn it quick just get on the floor": 1, 
            "let that d do the work so while": 1, 
            "let's dance it's a brand new dance and": 1, 
            "let's dance throw that d when i went": 1, 
            "like you just don't care it's all in": 1, 
            "listen up close i'll explain to you just": 1, 
            "listen up y'all 'cuz this is it forget": 1, 
            "loose 'cuz when you're on the floor you": 1, 
            "make your partner come alive if you can't": 1, 
            "me to try if you don't know how": 1, 
            "miami by the ghetto djs see, some call": 1, 
            "miami, couldn't believe my eyes this female was": 1, 
            "mind like you just don't care it's all": 1, 
            "mother goose better freak your body and turn": 1, 
            "must do just listen up close i'll explain": 1, 
            "my eyes this female was stoned wanted me": 1, 
            "nasty, but that's not true it's just an": 1, 
            "need to sex your body, make your partner": 1, 
            "new dance and it's comin' your way it": 1, 
            "not true it's just an oldie dance that": 1, 
            "old dance and throw that d let's dance": 1, 
            "oldie dance that you can do 'cuz you": 1, 
            "on the floor and throw that d let's": 1, 
            "on the floor you don't give a shit": 1, 
            "partner come alive if you can't do that,": 1, 
            "partner that you ain't jokin' 'cuz this ain't": 1, 
            "quick just get on the floor and throw": 1, 
            "see, some call it nasty, but that's not": 1, 
            "sex your body, make your partner come alive": 1, 
            "shit all you want to do is throw": 1, 
            "show your partner that you ain't jokin' 'cuz": 1, 
            "so go berserk and let that d do": 1, 
            "so while it's workin' you'd better start strokin'": 1, 
            "so, get yourself together and learn it quick": 1, 
            "some call it nasty, but that's not true": 1, 
            "start strokin' to show your partner that you": 1, 
            "started in miami by the ghetto djs see,": 1, 
            "stoned wanted me to try if you don't": 1, 
            "strokin' to show your partner that you ain't": 1, 
            "that d": 1, 
            "that d do the work so while it's": 1, 
            "that d let's dance it's a brand new": 1, 
            "that d let's dance throw that d when": 1, 
            "that d throw that d": 1, 
            "that d when i went to miami, couldn't": 1, 
            "that old dance and throw that d let's": 1, 
            "that you ain't jokin' 'cuz this ain't a": 1, 
            "that you can do 'cuz you need to": 1, 
            "that's not true it's just an oldie dance": 1, 
            "that, don't even try so, get yourself together": 1, 
            "the air and when you land you'll mind": 1, 
            "the floor and throw that d let's dance": 1, 
            "the floor you don't give a shit all": 1, 
            "the ghetto djs see, some call it nasty,": 1, 
            "the hips, so go berserk and let that": 1, 
            "the work so while it's workin' you'd better": 1, 
            "this ain't a dance from mother goose better": 1, 
            "this female was stoned wanted me to try": 1, 
            "this is it forget that old dance and": 1, 
            "throw that d": 1, 
            "throw that d let's dance it's a brand": 1, 
            "throw that d let's dance throw that d": 1, 
            "throw that d throw that d": 1, 
            "throw that d when i went to miami,": 1, 
            "to do is throw that d throw that": 1, 
            "to do it, here's what you must do": 1, 
            "to miami, couldn't believe my eyes this female": 1, 
            "to sex your body, make your partner come": 1, 
            "to show your partner that you ain't jokin'": 1, 
            "to try if you don't know how to": 1, 
            "to you just jump in the air and": 1, 
            "together and learn it quick just get on": 1, 
            "true it's just an oldie dance that you": 1, 
            "try if you don't know how to do": 1, 
            "try so, get yourself together and learn it": 1, 
            "turn it loose 'cuz when you're on the": 1, 
            "up close i'll explain to you just jump": 1, 
            "up y'all 'cuz this is it forget that": 1, 
            "want to do is throw that d throw": 1, 
            "wanted me to try if you don't know": 1, 
            "was started in miami by the ghetto djs": 1, 
            "was stoned wanted me to try if you": 1, 
            "way it was started in miami by the": 1, 
            "went to miami, couldn't believe my eyes this": 1, 
            "what you must do just listen up close": 1, 
            "when i went to miami, couldn't believe my": 1, 
            "when you land you'll mind like you just": 1, 
            "when you're on the floor you don't give": 1, 
            "while it's workin' you'd better start strokin' to": 1, 
            "work so while it's workin' you'd better start": 1, 
            "workin' you'd better start strokin' to show your": 1, 
            "y'all 'cuz this is it forget that old": 1, 
            "you ain't jokin' 'cuz this ain't a dance": 1, 
            "you can do 'cuz you need to sex": 1, 
            "you can't do that, don't even try so,": 1, 
            "you don't give a shit all you want": 1, 
            "you don't know how to do it, here's": 1, 
            "you just don't care it's all in the": 1, 
            "you just jump in the air and when": 1, 
            "you land you'll mind like you just don't": 1, 
            "you must do just listen up close i'll": 1, 
            "you need to sex your body, make your": 1, 
            "you want to do is throw that d": 1, 
            "you'd better start strokin' to show your partner": 1, 
            "you'll mind like you just don't care it's": 1, 
            "you're on the floor you don't give a": 1, 
            "your body and turn it loose 'cuz when": 1, 
            "your body, make your partner come alive if": 1, 
            "your partner come alive if you can't do": 1, 
            "your partner that you ain't jokin' 'cuz this": 1, 
            "your way it was started in miami by": 1, 
            "yourself together and learn it quick just get": 1
        }
    }, 
    "song_title": "Throw The 'D'", 
    "total_words": [
        220, 
        {
            "'cuz": 4, 
            "a": 3, 
            "ain't": 2, 
            "air": 1, 
            "alive": 1, 
            "all": 2, 
            "an": 1, 
            "and": 7, 
            "believe": 1, 
            "berserk": 1, 
            "better": 2, 
            "body": 1, 
            "body,": 1, 
            "brand": 1, 
            "but": 1, 
            "by": 1, 
            "call": 1, 
            "can": 1, 
            "can't": 1, 
            "care": 1, 
            "close": 1, 
            "come": 1, 
            "comin'": 1, 
            "couldn't": 1, 
            "d": 6, 
            "dance": 6, 
            "djs": 1, 
            "do": 6, 
            "don't": 4, 
            "even": 1, 
            "explain": 1, 
            "eyes": 1, 
            "female": 1, 
            "floor": 2, 
            "forget": 1, 
            "freak": 1, 
            "from": 1, 
            "get": 2, 
            "ghetto": 1, 
            "give": 1, 
            "go": 1, 
            "goose": 1, 
            "here's": 1, 
            "hips,": 1, 
            "how": 1, 
            "i": 1, 
            "i'll": 1, 
            "if": 2, 
            "in": 3, 
            "is": 2, 
            "it": 5, 
            "it's": 5, 
            "it,": 1, 
            "jokin'": 1, 
            "jump": 1, 
            "just": 5, 
            "know": 1, 
            "land": 1, 
            "learn": 1, 
            "let": 1, 
            "let's": 2, 
            "like": 1, 
            "listen": 2, 
            "loose": 1, 
            "make": 1, 
            "me": 1, 
            "miami": 1, 
            "miami,": 1, 
            "mind": 1, 
            "mother": 1, 
            "must": 1, 
            "my": 1, 
            "nasty,": 1, 
            "need": 1, 
            "new": 1, 
            "not": 1, 
            "old": 1, 
            "oldie": 1, 
            "on": 2, 
            "partner": 2, 
            "quick": 1, 
            "see,": 1, 
            "sex": 1, 
            "shit": 1, 
            "show": 1, 
            "so": 2, 
            "so,": 1, 
            "some": 1, 
            "start": 1, 
            "started": 1, 
            "stoned": 1, 
            "strokin'": 1, 
            "that": 9, 
            "that's": 1, 
            "that,": 1, 
            "the": 6, 
            "this": 3, 
            "throw": 5, 
            "to": 7, 
            "together": 1, 
            "true": 1, 
            "try": 2, 
            "turn": 1, 
            "up": 2, 
            "want": 1, 
            "wanted": 1, 
            "was": 2, 
            "way": 1, 
            "went": 1, 
            "what": 1, 
            "when": 3, 
            "while": 1, 
            "work": 1, 
            "workin'": 1, 
            "y'all": 1, 
            "you": 11, 
            "you'd": 1, 
            "you'll": 1, 
            "you're": 1, 
            "your": 5, 
            "yourself": 1
        }
    ], 
    "unique_words": [
        121, 
        [
            "y'all", 
            "all", 
            "forget", 
            "just", 
            "don't", 
            "dance", 
            "yourself", 
            "d", 
            "couldn't", 
            "stoned", 
            "go", 
            "freak", 
            "your", 
            "you're", 
            "djs", 
            "'cuz", 
            "from", 
            "to", 
            "it's", 
            "explain", 
            "show", 
            "throw", 
            "better", 
            "start", 
            "call", 
            "way", 
            "ghetto", 
            "was", 
            "listen", 
            "do", 
            "eyes", 
            "get", 
            "started", 
            "mind", 
            "brand", 
            "so,", 
            "but", 
            "it", 
            "ain't", 
            "know", 
            "wanted", 
            "not", 
            "believe", 
            "true", 
            "strokin'", 
            "here's", 
            "must", 
            "me", 
            "jump", 
            "body,", 
            "workin'", 
            "miami", 
            "work", 
            "sex", 
            "up", 
            "air", 
            "try", 
            "this", 
            "while", 
            "can", 
            "learn", 
            "quick", 
            "went", 
            "my", 
            "and", 
            "old", 
            "you'd", 
            "give", 
            "is", 
            "in", 
            "some", 
            "it,", 
            "alive", 
            "an", 
            "goose", 
            "female", 
            "want", 
            "comin'", 
            "need", 
            "close", 
            "mother", 
            "shit", 
            "i'll", 
            "that,", 
            "what", 
            "floor", 
            "make", 
            "that", 
            "when", 
            "miami,", 
            "how", 
            "new", 
            "you", 
            "if", 
            "berserk", 
            "body", 
            "even", 
            "jokin'", 
            "hips,", 
            "loose", 
            "like", 
            "let's", 
            "oldie", 
            "see,", 
            "come", 
            "by", 
            "care", 
            "a", 
            "on", 
            "land", 
            "i", 
            "together", 
            "turn", 
            "you'll", 
            "so", 
            "nasty,", 
            "partner", 
            "let", 
            "the", 
            "can't", 
            "that's"
        ]
    ], 
    "year": 1986
}