{
    "album": "The 2 Live Crew Is What We Are", 
    "artist": "2 Live Crew", 
    "lyrics": "Somebody say HEY-Y-Y-Y-Y WE WANT SOME PU-U-USSAY-Y-Y!\n(HEY-Y-Y-Y-Y WE WANT SOME PU-U-USSAY-Y-Y!)\n\n\nYou see, me and my homies like to play this game\nWe call it Amtrak but some call it the train\nWe all would line up in a single-file line\nAnd take our turns at waxing girls' behinds\nBut every time it came to me, I was shit out of luck\nBecause I'd stick my dick in, and it would get stuck\nThe girls would say \"Stop!\" I'd say \"I'm not!\nThat's enough, I quit, 'cause y'all are bustin' me out!\"\nI say, girls, don't hide it, just divide it\nAnd please don't knock it until you've tried it\nSo to all of you bitches and all you hoes\nLet's have group sex and do the Rambo!\n\n\n\n\nI'm the Peter Piper of the 1980's\nGot a long hard dick for all of the ladies\nI don't care if you got three babies\nYou can work the sitck in my Mercedes\nIf you wanna blow, just let me know\nWe can go backstage at the end of the show\nI'll look at you, and you will look at me\nWith my dick in my hands as you fall to your knees\nYou know what to do, 'cause I won't say please\nJust nibble on my dick like a rat does cheese!\n", 
    "ngrams": {
        "2": {
            "": 847, 
            "'cause i": 1, 
            "'cause y'all": 1, 
            "1980's got": 1, 
            "a long": 1, 
            "a rat": 1, 
            "a single-file": 1, 
            "all of": 2, 
            "all would": 1, 
            "all you": 1, 
            "amtrak but": 1, 
            "and all": 1, 
            "and do": 1, 
            "and it": 1, 
            "and my": 1, 
            "and please": 1, 
            "and take": 1, 
            "and you": 1, 
            "are bustin'": 1, 
            "as you": 1, 
            "at me": 1, 
            "at the": 1, 
            "at waxing": 1, 
            "at you,": 1, 
            "babies you": 1, 
            "backstage at": 1, 
            "because i'd": 1, 
            "behinds but": 1, 
            "bitches and": 1, 
            "blow, just": 1, 
            "bustin' me": 1, 
            "but every": 1, 
            "but some": 1, 
            "call it": 2, 
            "came to": 1, 
            "can go": 1, 
            "can work": 1, 
            "care if": 1, 
            "cheese": 1, 
            "dick for": 1, 
            "dick in": 1, 
            "dick in,": 1, 
            "dick like": 1, 
            "divide it": 1, 
            "do the": 1, 
            "do, 'cause": 1, 
            "does cheese": 1, 
            "don't care": 1, 
            "don't hide": 1, 
            "don't knock": 1, 
            "end of": 1, 
            "enough, i": 1, 
            "every time": 1, 
            "fall to": 1, 
            "for all": 1, 
            "game we": 1, 
            "get stuck": 1, 
            "girls would": 1, 
            "girls' behinds": 1, 
            "girls, don't": 1, 
            "go backstage": 1, 
            "got a": 1, 
            "got three": 1, 
            "group sex": 1, 
            "hands as": 1, 
            "hard dick": 1, 
            "have group": 1, 
            "hey-y-y-y-y we": 2, 
            "hide it,": 1, 
            "hoes let's": 1, 
            "homies like": 1, 
            "i don't": 1, 
            "i quit,": 1, 
            "i say,": 1, 
            "i was": 1, 
            "i won't": 1, 
            "i'd say": 1, 
            "i'd stick": 1, 
            "i'll look": 1, 
            "i'm not": 1, 
            "i'm the": 1, 
            "if you": 2, 
            "in a": 1, 
            "in my": 2, 
            "in, and": 1, 
            "it amtrak": 1, 
            "it and": 1, 
            "it came": 1, 
            "it so": 1, 
            "it the": 1, 
            "it until": 1, 
            "it would": 1, 
            "it, just": 1, 
            "just divide": 1, 
            "just let": 1, 
            "just nibble": 1, 
            "knees you": 1, 
            "knock it": 1, 
            "know we": 1, 
            "know what": 1, 
            "ladies i": 1, 
            "let me": 1, 
            "let's have": 1, 
            "like a": 1, 
            "like to": 1, 
            "line and": 1, 
            "line up": 1, 
            "long hard": 1, 
            "look at": 2, 
            "luck because": 1, 
            "me and": 1, 
            "me know": 1, 
            "me out": 1, 
            "me with": 1, 
            "me, i": 1, 
            "mercedes if": 1, 
            "my dick": 3, 
            "my hands": 1, 
            "my homies": 1, 
            "my mercedes": 1, 
            "nibble on": 1, 
            "not that's": 1, 
            "of luck": 1, 
            "of the": 3, 
            "of you": 1, 
            "on my": 1, 
            "our turns": 1, 
            "out i": 1, 
            "out of": 1, 
            "peter piper": 1, 
            "piper of": 1, 
            "play this": 1, 
            "please don't": 1, 
            "please just": 1, 
            "pu-u-ussay-y-y hey-y-y-y-y": 1, 
            "pu-u-ussay-y-y you": 1, 
            "quit, 'cause": 1, 
            "rambo i'm": 1, 
            "rat does": 1, 
            "say hey-y-y-y-y": 1, 
            "say i'm": 1, 
            "say please": 1, 
            "say stop": 1, 
            "say, girls,": 1, 
            "see, me": 1, 
            "sex and": 1, 
            "shit out": 1, 
            "show i'll": 1, 
            "single-file line": 1, 
            "sitck in": 1, 
            "so to": 1, 
            "some call": 1, 
            "some pu-u-ussay-y-y": 2, 
            "somebody say": 1, 
            "stick my": 1, 
            "stop i'd": 1, 
            "stuck the": 1, 
            "take our": 1, 
            "that's enough,": 1, 
            "the 1980's": 1, 
            "the end": 1, 
            "the girls": 1, 
            "the ladies": 1, 
            "the peter": 1, 
            "the rambo": 1, 
            "the show": 1, 
            "the sitck": 1, 
            "the train": 1, 
            "this game": 1, 
            "three babies": 1, 
            "time it": 1, 
            "to all": 1, 
            "to do,": 1, 
            "to me,": 1, 
            "to play": 1, 
            "to your": 1, 
            "train we": 1, 
            "tried it": 1, 
            "turns at": 1, 
            "until you've": 1, 
            "up in": 1, 
            "wanna blow,": 1, 
            "want some": 2, 
            "was shit": 1, 
            "waxing girls'": 1, 
            "we all": 1, 
            "we call": 1, 
            "we can": 1, 
            "we want": 2, 
            "what to": 1, 
            "will look": 1, 
            "with my": 1, 
            "won't say": 1, 
            "work the": 1, 
            "would get": 1, 
            "would line": 1, 
            "would say": 1, 
            "y'all are": 1, 
            "you bitches": 1, 
            "you can": 1, 
            "you fall": 1, 
            "you got": 1, 
            "you hoes": 1, 
            "you know": 1, 
            "you see,": 1, 
            "you wanna": 1, 
            "you will": 1, 
            "you've tried": 1, 
            "you, and": 1, 
            "your knees": 1
        }, 
        "3": {
            "": 846, 
            "'cause i won't": 1, 
            "'cause y'all are": 1, 
            "1980's got a": 1, 
            "a long hard": 1, 
            "a rat does": 1, 
            "a single-file line": 1, 
            "all of the": 1, 
            "all of you": 1, 
            "all would line": 1, 
            "all you hoes": 1, 
            "amtrak but some": 1, 
            "and all you": 1, 
            "and do the": 1, 
            "and it would": 1, 
            "and my homies": 1, 
            "and please don't": 1, 
            "and take our": 1, 
            "and you will": 1, 
            "are bustin' me": 1, 
            "as you fall": 1, 
            "at me with": 1, 
            "at the end": 1, 
            "at waxing girls'": 1, 
            "at you, and": 1, 
            "babies you can": 1, 
            "backstage at the": 1, 
            "because i'd stick": 1, 
            "behinds but every": 1, 
            "bitches and all": 1, 
            "blow, just let": 1, 
            "bustin' me out": 1, 
            "but every time": 1, 
            "but some call": 1, 
            "call it amtrak": 1, 
            "call it the": 1, 
            "came to me,": 1, 
            "can go backstage": 1, 
            "can work the": 1, 
            "care if you": 1, 
            "cheese": 1, 
            "dick for all": 1, 
            "dick in my": 1, 
            "dick in, and": 1, 
            "dick like a": 1, 
            "divide it and": 1, 
            "do the rambo": 1, 
            "do, 'cause i": 1, 
            "does cheese": 1, 
            "don't care if": 1, 
            "don't hide it,": 1, 
            "don't knock it": 1, 
            "end of the": 1, 
            "enough, i quit,": 1, 
            "every time it": 1, 
            "fall to your": 1, 
            "for all of": 1, 
            "game we call": 1, 
            "get stuck the": 1, 
            "girls would say": 1, 
            "girls' behinds but": 1, 
            "girls, don't hide": 1, 
            "go backstage at": 1, 
            "got a long": 1, 
            "got three babies": 1, 
            "group sex and": 1, 
            "hands as you": 1, 
            "hard dick for": 1, 
            "have group sex": 1, 
            "hey-y-y-y-y we want": 2, 
            "hide it, just": 1, 
            "hoes let's have": 1, 
            "homies like to": 1, 
            "i don't care": 1, 
            "i quit, 'cause": 1, 
            "i say, girls,": 1, 
            "i was shit": 1, 
            "i won't say": 1, 
            "i'd say i'm": 1, 
            "i'd stick my": 1, 
            "i'll look at": 1, 
            "i'm not that's": 1, 
            "i'm the peter": 1, 
            "if you got": 1, 
            "if you wanna": 1, 
            "in a single-file": 1, 
            "in my hands": 1, 
            "in my mercedes": 1, 
            "in, and it": 1, 
            "it amtrak but": 1, 
            "it and please": 1, 
            "it came to": 1, 
            "it so to": 1, 
            "it the train": 1, 
            "it until you've": 1, 
            "it would get": 1, 
            "it, just divide": 1, 
            "just divide it": 1, 
            "just let me": 1, 
            "just nibble on": 1, 
            "knees you know": 1, 
            "knock it until": 1, 
            "know we can": 1, 
            "know what to": 1, 
            "ladies i don't": 1, 
            "let me know": 1, 
            "let's have group": 1, 
            "like a rat": 1, 
            "like to play": 1, 
            "line and take": 1, 
            "line up in": 1, 
            "long hard dick": 1, 
            "look at me": 1, 
            "look at you,": 1, 
            "luck because i'd": 1, 
            "me and my": 1, 
            "me know we": 1, 
            "me out i": 1, 
            "me with my": 1, 
            "me, i was": 1, 
            "mercedes if you": 1, 
            "my dick in": 1, 
            "my dick in,": 1, 
            "my dick like": 1, 
            "my hands as": 1, 
            "my homies like": 1, 
            "my mercedes if": 1, 
            "nibble on my": 1, 
            "not that's enough,": 1, 
            "of luck because": 1, 
            "of the 1980's": 1, 
            "of the ladies": 1, 
            "of the show": 1, 
            "of you bitches": 1, 
            "on my dick": 1, 
            "our turns at": 1, 
            "out i say,": 1, 
            "out of luck": 1, 
            "peter piper of": 1, 
            "piper of the": 1, 
            "play this game": 1, 
            "please don't knock": 1, 
            "please just nibble": 1, 
            "pu-u-ussay-y-y hey-y-y-y-y we": 1, 
            "pu-u-ussay-y-y you see,": 1, 
            "quit, 'cause y'all": 1, 
            "rambo i'm the": 1, 
            "rat does cheese": 1, 
            "say hey-y-y-y-y we": 1, 
            "say i'm not": 1, 
            "say please just": 1, 
            "say stop i'd": 1, 
            "say, girls, don't": 1, 
            "see, me and": 1, 
            "sex and do": 1, 
            "shit out of": 1, 
            "show i'll look": 1, 
            "single-file line and": 1, 
            "sitck in my": 1, 
            "so to all": 1, 
            "some call it": 1, 
            "some pu-u-ussay-y-y hey-y-y-y-y": 1, 
            "some pu-u-ussay-y-y you": 1, 
            "somebody say hey-y-y-y-y": 1, 
            "stick my dick": 1, 
            "stop i'd say": 1, 
            "stuck the girls": 1, 
            "take our turns": 1, 
            "that's enough, i": 1, 
            "the 1980's got": 1, 
            "the end of": 1, 
            "the girls would": 1, 
            "the ladies i": 1, 
            "the peter piper": 1, 
            "the rambo i'm": 1, 
            "the show i'll": 1, 
            "the sitck in": 1, 
            "the train we": 1, 
            "this game we": 1, 
            "three babies you": 1, 
            "time it came": 1, 
            "to all of": 1, 
            "to do, 'cause": 1, 
            "to me, i": 1, 
            "to play this": 1, 
            "to your knees": 1, 
            "train we all": 1, 
            "tried it so": 1, 
            "turns at waxing": 1, 
            "until you've tried": 1, 
            "up in a": 1, 
            "wanna blow, just": 1, 
            "want some pu-u-ussay-y-y": 2, 
            "was shit out": 1, 
            "waxing girls' behinds": 1, 
            "we all would": 1, 
            "we call it": 1, 
            "we can go": 1, 
            "we want some": 2, 
            "what to do,": 1, 
            "will look at": 1, 
            "with my dick": 1, 
            "won't say please": 1, 
            "work the sitck": 1, 
            "would get stuck": 1, 
            "would line up": 1, 
            "would say stop": 1, 
            "y'all are bustin'": 1, 
            "you bitches and": 1, 
            "you can work": 1, 
            "you fall to": 1, 
            "you got three": 1, 
            "you hoes let's": 1, 
            "you know what": 1, 
            "you see, me": 1, 
            "you wanna blow,": 1, 
            "you will look": 1, 
            "you've tried it": 1, 
            "you, and you": 1, 
            "your knees you": 1
        }, 
        "4": {
            "": 845, 
            "'cause i won't say": 1, 
            "'cause y'all are bustin'": 1, 
            "1980's got a long": 1, 
            "a long hard dick": 1, 
            "a rat does cheese": 1, 
            "a single-file line and": 1, 
            "all of the ladies": 1, 
            "all of you bitches": 1, 
            "all would line up": 1, 
            "all you hoes let's": 1, 
            "amtrak but some call": 1, 
            "and all you hoes": 1, 
            "and do the rambo": 1, 
            "and it would get": 1, 
            "and my homies like": 1, 
            "and please don't knock": 1, 
            "and take our turns": 1, 
            "and you will look": 1, 
            "are bustin' me out": 1, 
            "as you fall to": 1, 
            "at me with my": 1, 
            "at the end of": 1, 
            "at waxing girls' behinds": 1, 
            "at you, and you": 1, 
            "babies you can work": 1, 
            "backstage at the end": 1, 
            "because i'd stick my": 1, 
            "behinds but every time": 1, 
            "bitches and all you": 1, 
            "blow, just let me": 1, 
            "bustin' me out i": 1, 
            "but every time it": 1, 
            "but some call it": 1, 
            "call it amtrak but": 1, 
            "call it the train": 1, 
            "came to me, i": 1, 
            "can go backstage at": 1, 
            "can work the sitck": 1, 
            "care if you got": 1, 
            "cheese": 1, 
            "dick for all of": 1, 
            "dick in my hands": 1, 
            "dick in, and it": 1, 
            "dick like a rat": 1, 
            "divide it and please": 1, 
            "do the rambo i'm": 1, 
            "do, 'cause i won't": 1, 
            "does cheese": 1, 
            "don't care if you": 1, 
            "don't hide it, just": 1, 
            "don't knock it until": 1, 
            "end of the show": 1, 
            "enough, i quit, 'cause": 1, 
            "every time it came": 1, 
            "fall to your knees": 1, 
            "for all of the": 1, 
            "game we call it": 1, 
            "get stuck the girls": 1, 
            "girls would say stop": 1, 
            "girls' behinds but every": 1, 
            "girls, don't hide it,": 1, 
            "go backstage at the": 1, 
            "got a long hard": 1, 
            "got three babies you": 1, 
            "group sex and do": 1, 
            "hands as you fall": 1, 
            "hard dick for all": 1, 
            "have group sex and": 1, 
            "hey-y-y-y-y we want some": 2, 
            "hide it, just divide": 1, 
            "hoes let's have group": 1, 
            "homies like to play": 1, 
            "i don't care if": 1, 
            "i quit, 'cause y'all": 1, 
            "i say, girls, don't": 1, 
            "i was shit out": 1, 
            "i won't say please": 1, 
            "i'd say i'm not": 1, 
            "i'd stick my dick": 1, 
            "i'll look at you,": 1, 
            "i'm not that's enough,": 1, 
            "i'm the peter piper": 1, 
            "if you got three": 1, 
            "if you wanna blow,": 1, 
            "in a single-file line": 1, 
            "in my hands as": 1, 
            "in my mercedes if": 1, 
            "in, and it would": 1, 
            "it amtrak but some": 1, 
            "it and please don't": 1, 
            "it came to me,": 1, 
            "it so to all": 1, 
            "it the train we": 1, 
            "it until you've tried": 1, 
            "it would get stuck": 1, 
            "it, just divide it": 1, 
            "just divide it and": 1, 
            "just let me know": 1, 
            "just nibble on my": 1, 
            "knees you know what": 1, 
            "knock it until you've": 1, 
            "know we can go": 1, 
            "know what to do,": 1, 
            "ladies i don't care": 1, 
            "let me know we": 1, 
            "let's have group sex": 1, 
            "like a rat does": 1, 
            "like to play this": 1, 
            "line and take our": 1, 
            "line up in a": 1, 
            "long hard dick for": 1, 
            "look at me with": 1, 
            "look at you, and": 1, 
            "luck because i'd stick": 1, 
            "me and my homies": 1, 
            "me know we can": 1, 
            "me out i say,": 1, 
            "me with my dick": 1, 
            "me, i was shit": 1, 
            "mercedes if you wanna": 1, 
            "my dick in my": 1, 
            "my dick in, and": 1, 
            "my dick like a": 1, 
            "my hands as you": 1, 
            "my homies like to": 1, 
            "my mercedes if you": 1, 
            "nibble on my dick": 1, 
            "not that's enough, i": 1, 
            "of luck because i'd": 1, 
            "of the 1980's got": 1, 
            "of the ladies i": 1, 
            "of the show i'll": 1, 
            "of you bitches and": 1, 
            "on my dick like": 1, 
            "our turns at waxing": 1, 
            "out i say, girls,": 1, 
            "out of luck because": 1, 
            "peter piper of the": 1, 
            "piper of the 1980's": 1, 
            "play this game we": 1, 
            "please don't knock it": 1, 
            "please just nibble on": 1, 
            "pu-u-ussay-y-y hey-y-y-y-y we want": 1, 
            "pu-u-ussay-y-y you see, me": 1, 
            "quit, 'cause y'all are": 1, 
            "rambo i'm the peter": 1, 
            "rat does cheese": 1, 
            "say hey-y-y-y-y we want": 1, 
            "say i'm not that's": 1, 
            "say please just nibble": 1, 
            "say stop i'd say": 1, 
            "say, girls, don't hide": 1, 
            "see, me and my": 1, 
            "sex and do the": 1, 
            "shit out of luck": 1, 
            "show i'll look at": 1, 
            "single-file line and take": 1, 
            "sitck in my mercedes": 1, 
            "so to all of": 1, 
            "some call it the": 1, 
            "some pu-u-ussay-y-y hey-y-y-y-y we": 1, 
            "some pu-u-ussay-y-y you see,": 1, 
            "somebody say hey-y-y-y-y we": 1, 
            "stick my dick in,": 1, 
            "stop i'd say i'm": 1, 
            "stuck the girls would": 1, 
            "take our turns at": 1, 
            "that's enough, i quit,": 1, 
            "the 1980's got a": 1, 
            "the end of the": 1, 
            "the girls would say": 1, 
            "the ladies i don't": 1, 
            "the peter piper of": 1, 
            "the rambo i'm the": 1, 
            "the show i'll look": 1, 
            "the sitck in my": 1, 
            "the train we all": 1, 
            "this game we call": 1, 
            "three babies you can": 1, 
            "time it came to": 1, 
            "to all of you": 1, 
            "to do, 'cause i": 1, 
            "to me, i was": 1, 
            "to play this game": 1, 
            "to your knees you": 1, 
            "train we all would": 1, 
            "tried it so to": 1, 
            "turns at waxing girls'": 1, 
            "until you've tried it": 1, 
            "up in a single-file": 1, 
            "wanna blow, just let": 1, 
            "want some pu-u-ussay-y-y hey-y-y-y-y": 1, 
            "want some pu-u-ussay-y-y you": 1, 
            "was shit out of": 1, 
            "waxing girls' behinds but": 1, 
            "we all would line": 1, 
            "we call it amtrak": 1, 
            "we can go backstage": 1, 
            "we want some pu-u-ussay-y-y": 2, 
            "what to do, 'cause": 1, 
            "will look at me": 1, 
            "with my dick in": 1, 
            "won't say please just": 1, 
            "work the sitck in": 1, 
            "would get stuck the": 1, 
            "would line up in": 1, 
            "would say stop i'd": 1, 
            "y'all are bustin' me": 1, 
            "you bitches and all": 1, 
            "you can work the": 1, 
            "you fall to your": 1, 
            "you got three babies": 1, 
            "you hoes let's have": 1, 
            "you know what to": 1, 
            "you see, me and": 1, 
            "you wanna blow, just": 1, 
            "you will look at": 1, 
            "you've tried it so": 1, 
            "you, and you will": 1, 
            "your knees you know": 1
        }, 
        "5": {
            "": 844, 
            "'cause i won't say please": 1, 
            "'cause y'all are bustin' me": 1, 
            "1980's got a long hard": 1, 
            "a long hard dick for": 1, 
            "a rat does cheese": 1, 
            "a single-file line and take": 1, 
            "all of the ladies i": 1, 
            "all of you bitches and": 1, 
            "all would line up in": 1, 
            "all you hoes let's have": 1, 
            "amtrak but some call it": 1, 
            "and all you hoes let's": 1, 
            "and do the rambo i'm": 1, 
            "and it would get stuck": 1, 
            "and my homies like to": 1, 
            "and please don't knock it": 1, 
            "and take our turns at": 1, 
            "and you will look at": 1, 
            "are bustin' me out i": 1, 
            "as you fall to your": 1, 
            "at me with my dick": 1, 
            "at the end of the": 1, 
            "at waxing girls' behinds but": 1, 
            "at you, and you will": 1, 
            "babies you can work the": 1, 
            "backstage at the end of": 1, 
            "because i'd stick my dick": 1, 
            "behinds but every time it": 1, 
            "bitches and all you hoes": 1, 
            "blow, just let me know": 1, 
            "bustin' me out i say,": 1, 
            "but every time it came": 1, 
            "but some call it the": 1, 
            "call it amtrak but some": 1, 
            "call it the train we": 1, 
            "came to me, i was": 1, 
            "can go backstage at the": 1, 
            "can work the sitck in": 1, 
            "care if you got three": 1, 
            "cheese": 1, 
            "dick for all of the": 1, 
            "dick in my hands as": 1, 
            "dick in, and it would": 1, 
            "dick like a rat does": 1, 
            "divide it and please don't": 1, 
            "do the rambo i'm the": 1, 
            "do, 'cause i won't say": 1, 
            "does cheese": 1, 
            "don't care if you got": 1, 
            "don't hide it, just divide": 1, 
            "don't knock it until you've": 1, 
            "end of the show i'll": 1, 
            "enough, i quit, 'cause y'all": 1, 
            "every time it came to": 1, 
            "fall to your knees you": 1, 
            "for all of the ladies": 1, 
            "game we call it amtrak": 1, 
            "get stuck the girls would": 1, 
            "girls would say stop i'd": 1, 
            "girls' behinds but every time": 1, 
            "girls, don't hide it, just": 1, 
            "go backstage at the end": 1, 
            "got a long hard dick": 1, 
            "got three babies you can": 1, 
            "group sex and do the": 1, 
            "hands as you fall to": 1, 
            "hard dick for all of": 1, 
            "have group sex and do": 1, 
            "hey-y-y-y-y we want some pu-u-ussay-y-y": 2, 
            "hide it, just divide it": 1, 
            "hoes let's have group sex": 1, 
            "homies like to play this": 1, 
            "i don't care if you": 1, 
            "i quit, 'cause y'all are": 1, 
            "i say, girls, don't hide": 1, 
            "i was shit out of": 1, 
            "i won't say please just": 1, 
            "i'd say i'm not that's": 1, 
            "i'd stick my dick in,": 1, 
            "i'll look at you, and": 1, 
            "i'm not that's enough, i": 1, 
            "i'm the peter piper of": 1, 
            "if you got three babies": 1, 
            "if you wanna blow, just": 1, 
            "in a single-file line and": 1, 
            "in my hands as you": 1, 
            "in my mercedes if you": 1, 
            "in, and it would get": 1, 
            "it amtrak but some call": 1, 
            "it and please don't knock": 1, 
            "it came to me, i": 1, 
            "it so to all of": 1, 
            "it the train we all": 1, 
            "it until you've tried it": 1, 
            "it would get stuck the": 1, 
            "it, just divide it and": 1, 
            "just divide it and please": 1, 
            "just let me know we": 1, 
            "just nibble on my dick": 1, 
            "knees you know what to": 1, 
            "knock it until you've tried": 1, 
            "know we can go backstage": 1, 
            "know what to do, 'cause": 1, 
            "ladies i don't care if": 1, 
            "let me know we can": 1, 
            "let's have group sex and": 1, 
            "like a rat does cheese": 1, 
            "like to play this game": 1, 
            "line and take our turns": 1, 
            "line up in a single-file": 1, 
            "long hard dick for all": 1, 
            "look at me with my": 1, 
            "look at you, and you": 1, 
            "luck because i'd stick my": 1, 
            "me and my homies like": 1, 
            "me know we can go": 1, 
            "me out i say, girls,": 1, 
            "me with my dick in": 1, 
            "me, i was shit out": 1, 
            "mercedes if you wanna blow,": 1, 
            "my dick in my hands": 1, 
            "my dick in, and it": 1, 
            "my dick like a rat": 1, 
            "my hands as you fall": 1, 
            "my homies like to play": 1, 
            "my mercedes if you wanna": 1, 
            "nibble on my dick like": 1, 
            "not that's enough, i quit,": 1, 
            "of luck because i'd stick": 1, 
            "of the 1980's got a": 1, 
            "of the ladies i don't": 1, 
            "of the show i'll look": 1, 
            "of you bitches and all": 1, 
            "on my dick like a": 1, 
            "our turns at waxing girls'": 1, 
            "out i say, girls, don't": 1, 
            "out of luck because i'd": 1, 
            "peter piper of the 1980's": 1, 
            "piper of the 1980's got": 1, 
            "play this game we call": 1, 
            "please don't knock it until": 1, 
            "please just nibble on my": 1, 
            "pu-u-ussay-y-y hey-y-y-y-y we want some": 1, 
            "pu-u-ussay-y-y you see, me and": 1, 
            "quit, 'cause y'all are bustin'": 1, 
            "rambo i'm the peter piper": 1, 
            "rat does cheese": 1, 
            "say hey-y-y-y-y we want some": 1, 
            "say i'm not that's enough,": 1, 
            "say please just nibble on": 1, 
            "say stop i'd say i'm": 1, 
            "say, girls, don't hide it,": 1, 
            "see, me and my homies": 1, 
            "sex and do the rambo": 1, 
            "shit out of luck because": 1, 
            "show i'll look at you,": 1, 
            "single-file line and take our": 1, 
            "sitck in my mercedes if": 1, 
            "so to all of you": 1, 
            "some call it the train": 1, 
            "some pu-u-ussay-y-y hey-y-y-y-y we want": 1, 
            "some pu-u-ussay-y-y you see, me": 1, 
            "somebody say hey-y-y-y-y we want": 1, 
            "stick my dick in, and": 1, 
            "stop i'd say i'm not": 1, 
            "stuck the girls would say": 1, 
            "take our turns at waxing": 1, 
            "that's enough, i quit, 'cause": 1, 
            "the 1980's got a long": 1, 
            "the end of the show": 1, 
            "the girls would say stop": 1, 
            "the ladies i don't care": 1, 
            "the peter piper of the": 1, 
            "the rambo i'm the peter": 1, 
            "the show i'll look at": 1, 
            "the sitck in my mercedes": 1, 
            "the train we all would": 1, 
            "this game we call it": 1, 
            "three babies you can work": 1, 
            "time it came to me,": 1, 
            "to all of you bitches": 1, 
            "to do, 'cause i won't": 1, 
            "to me, i was shit": 1, 
            "to play this game we": 1, 
            "to your knees you know": 1, 
            "train we all would line": 1, 
            "tried it so to all": 1, 
            "turns at waxing girls' behinds": 1, 
            "until you've tried it so": 1, 
            "up in a single-file line": 1, 
            "wanna blow, just let me": 1, 
            "want some pu-u-ussay-y-y hey-y-y-y-y we": 1, 
            "want some pu-u-ussay-y-y you see,": 1, 
            "was shit out of luck": 1, 
            "waxing girls' behinds but every": 1, 
            "we all would line up": 1, 
            "we call it amtrak but": 1, 
            "we can go backstage at": 1, 
            "we want some pu-u-ussay-y-y hey-y-y-y-y": 1, 
            "we want some pu-u-ussay-y-y you": 1, 
            "what to do, 'cause i": 1, 
            "will look at me with": 1, 
            "with my dick in my": 1, 
            "won't say please just nibble": 1, 
            "work the sitck in my": 1, 
            "would get stuck the girls": 1, 
            "would line up in a": 1, 
            "would say stop i'd say": 1, 
            "y'all are bustin' me out": 1, 
            "you bitches and all you": 1, 
            "you can work the sitck": 1, 
            "you fall to your knees": 1, 
            "you got three babies you": 1, 
            "you hoes let's have group": 1, 
            "you know what to do,": 1, 
            "you see, me and my": 1, 
            "you wanna blow, just let": 1, 
            "you will look at me": 1, 
            "you've tried it so to": 1, 
            "you, and you will look": 1, 
            "your knees you know what": 1
        }, 
        "6": {
            "": 843, 
            "'cause i won't say please just": 1, 
            "'cause y'all are bustin' me out": 1, 
            "1980's got a long hard dick": 1, 
            "a long hard dick for all": 1, 
            "a rat does cheese": 1, 
            "a single-file line and take our": 1, 
            "all of the ladies i don't": 1, 
            "all of you bitches and all": 1, 
            "all would line up in a": 1, 
            "all you hoes let's have group": 1, 
            "amtrak but some call it the": 1, 
            "and all you hoes let's have": 1, 
            "and do the rambo i'm the": 1, 
            "and it would get stuck the": 1, 
            "and my homies like to play": 1, 
            "and please don't knock it until": 1, 
            "and take our turns at waxing": 1, 
            "and you will look at me": 1, 
            "are bustin' me out i say,": 1, 
            "as you fall to your knees": 1, 
            "at me with my dick in": 1, 
            "at the end of the show": 1, 
            "at waxing girls' behinds but every": 1, 
            "at you, and you will look": 1, 
            "babies you can work the sitck": 1, 
            "backstage at the end of the": 1, 
            "because i'd stick my dick in,": 1, 
            "behinds but every time it came": 1, 
            "bitches and all you hoes let's": 1, 
            "blow, just let me know we": 1, 
            "bustin' me out i say, girls,": 1, 
            "but every time it came to": 1, 
            "but some call it the train": 1, 
            "call it amtrak but some call": 1, 
            "call it the train we all": 1, 
            "came to me, i was shit": 1, 
            "can go backstage at the end": 1, 
            "can work the sitck in my": 1, 
            "care if you got three babies": 1, 
            "cheese": 1, 
            "dick for all of the ladies": 1, 
            "dick in my hands as you": 1, 
            "dick in, and it would get": 1, 
            "dick like a rat does cheese": 1, 
            "divide it and please don't knock": 1, 
            "do the rambo i'm the peter": 1, 
            "do, 'cause i won't say please": 1, 
            "does cheese": 1, 
            "don't care if you got three": 1, 
            "don't hide it, just divide it": 1, 
            "don't knock it until you've tried": 1, 
            "end of the show i'll look": 1, 
            "enough, i quit, 'cause y'all are": 1, 
            "every time it came to me,": 1, 
            "fall to your knees you know": 1, 
            "for all of the ladies i": 1, 
            "game we call it amtrak but": 1, 
            "get stuck the girls would say": 1, 
            "girls would say stop i'd say": 1, 
            "girls' behinds but every time it": 1, 
            "girls, don't hide it, just divide": 1, 
            "go backstage at the end of": 1, 
            "got a long hard dick for": 1, 
            "got three babies you can work": 1, 
            "group sex and do the rambo": 1, 
            "hands as you fall to your": 1, 
            "hard dick for all of the": 1, 
            "have group sex and do the": 1, 
            "hey-y-y-y-y we want some pu-u-ussay-y-y hey-y-y-y-y": 1, 
            "hey-y-y-y-y we want some pu-u-ussay-y-y you": 1, 
            "hide it, just divide it and": 1, 
            "hoes let's have group sex and": 1, 
            "homies like to play this game": 1, 
            "i don't care if you got": 1, 
            "i quit, 'cause y'all are bustin'": 1, 
            "i say, girls, don't hide it,": 1, 
            "i was shit out of luck": 1, 
            "i won't say please just nibble": 1, 
            "i'd say i'm not that's enough,": 1, 
            "i'd stick my dick in, and": 1, 
            "i'll look at you, and you": 1, 
            "i'm not that's enough, i quit,": 1, 
            "i'm the peter piper of the": 1, 
            "if you got three babies you": 1, 
            "if you wanna blow, just let": 1, 
            "in a single-file line and take": 1, 
            "in my hands as you fall": 1, 
            "in my mercedes if you wanna": 1, 
            "in, and it would get stuck": 1, 
            "it amtrak but some call it": 1, 
            "it and please don't knock it": 1, 
            "it came to me, i was": 1, 
            "it so to all of you": 1, 
            "it the train we all would": 1, 
            "it until you've tried it so": 1, 
            "it would get stuck the girls": 1, 
            "it, just divide it and please": 1, 
            "just divide it and please don't": 1, 
            "just let me know we can": 1, 
            "just nibble on my dick like": 1, 
            "knees you know what to do,": 1, 
            "knock it until you've tried it": 1, 
            "know we can go backstage at": 1, 
            "know what to do, 'cause i": 1, 
            "ladies i don't care if you": 1, 
            "let me know we can go": 1, 
            "let's have group sex and do": 1, 
            "like a rat does cheese": 1, 
            "like to play this game we": 1, 
            "line and take our turns at": 1, 
            "line up in a single-file line": 1, 
            "long hard dick for all of": 1, 
            "look at me with my dick": 1, 
            "look at you, and you will": 1, 
            "luck because i'd stick my dick": 1, 
            "me and my homies like to": 1, 
            "me know we can go backstage": 1, 
            "me out i say, girls, don't": 1, 
            "me with my dick in my": 1, 
            "me, i was shit out of": 1, 
            "mercedes if you wanna blow, just": 1, 
            "my dick in my hands as": 1, 
            "my dick in, and it would": 1, 
            "my dick like a rat does": 1, 
            "my hands as you fall to": 1, 
            "my homies like to play this": 1, 
            "my mercedes if you wanna blow,": 1, 
            "nibble on my dick like a": 1, 
            "not that's enough, i quit, 'cause": 1, 
            "of luck because i'd stick my": 1, 
            "of the 1980's got a long": 1, 
            "of the ladies i don't care": 1, 
            "of the show i'll look at": 1, 
            "of you bitches and all you": 1, 
            "on my dick like a rat": 1, 
            "our turns at waxing girls' behinds": 1, 
            "out i say, girls, don't hide": 1, 
            "out of luck because i'd stick": 1, 
            "peter piper of the 1980's got": 1, 
            "piper of the 1980's got a": 1, 
            "play this game we call it": 1, 
            "please don't knock it until you've": 1, 
            "please just nibble on my dick": 1, 
            "pu-u-ussay-y-y hey-y-y-y-y we want some pu-u-ussay-y-y": 1, 
            "pu-u-ussay-y-y you see, me and my": 1, 
            "quit, 'cause y'all are bustin' me": 1, 
            "rambo i'm the peter piper of": 1, 
            "rat does cheese": 1, 
            "say hey-y-y-y-y we want some pu-u-ussay-y-y": 1, 
            "say i'm not that's enough, i": 1, 
            "say please just nibble on my": 1, 
            "say stop i'd say i'm not": 1, 
            "say, girls, don't hide it, just": 1, 
            "see, me and my homies like": 1, 
            "sex and do the rambo i'm": 1, 
            "shit out of luck because i'd": 1, 
            "show i'll look at you, and": 1, 
            "single-file line and take our turns": 1, 
            "sitck in my mercedes if you": 1, 
            "so to all of you bitches": 1, 
            "some call it the train we": 1, 
            "some pu-u-ussay-y-y hey-y-y-y-y we want some": 1, 
            "some pu-u-ussay-y-y you see, me and": 1, 
            "somebody say hey-y-y-y-y we want some": 1, 
            "stick my dick in, and it": 1, 
            "stop i'd say i'm not that's": 1, 
            "stuck the girls would say stop": 1, 
            "take our turns at waxing girls'": 1, 
            "that's enough, i quit, 'cause y'all": 1, 
            "the 1980's got a long hard": 1, 
            "the end of the show i'll": 1, 
            "the girls would say stop i'd": 1, 
            "the ladies i don't care if": 1, 
            "the peter piper of the 1980's": 1, 
            "the rambo i'm the peter piper": 1, 
            "the show i'll look at you,": 1, 
            "the sitck in my mercedes if": 1, 
            "the train we all would line": 1, 
            "this game we call it amtrak": 1, 
            "three babies you can work the": 1, 
            "time it came to me, i": 1, 
            "to all of you bitches and": 1, 
            "to do, 'cause i won't say": 1, 
            "to me, i was shit out": 1, 
            "to play this game we call": 1, 
            "to your knees you know what": 1, 
            "train we all would line up": 1, 
            "tried it so to all of": 1, 
            "turns at waxing girls' behinds but": 1, 
            "until you've tried it so to": 1, 
            "up in a single-file line and": 1, 
            "wanna blow, just let me know": 1, 
            "want some pu-u-ussay-y-y hey-y-y-y-y we want": 1, 
            "want some pu-u-ussay-y-y you see, me": 1, 
            "was shit out of luck because": 1, 
            "waxing girls' behinds but every time": 1, 
            "we all would line up in": 1, 
            "we call it amtrak but some": 1, 
            "we can go backstage at the": 1, 
            "we want some pu-u-ussay-y-y hey-y-y-y-y we": 1, 
            "we want some pu-u-ussay-y-y you see,": 1, 
            "what to do, 'cause i won't": 1, 
            "will look at me with my": 1, 
            "with my dick in my hands": 1, 
            "won't say please just nibble on": 1, 
            "work the sitck in my mercedes": 1, 
            "would get stuck the girls would": 1, 
            "would line up in a single-file": 1, 
            "would say stop i'd say i'm": 1, 
            "y'all are bustin' me out i": 1, 
            "you bitches and all you hoes": 1, 
            "you can work the sitck in": 1, 
            "you fall to your knees you": 1, 
            "you got three babies you can": 1, 
            "you hoes let's have group sex": 1, 
            "you know what to do, 'cause": 1, 
            "you see, me and my homies": 1, 
            "you wanna blow, just let me": 1, 
            "you will look at me with": 1, 
            "you've tried it so to all": 1, 
            "you, and you will look at": 1, 
            "your knees you know what to": 1
        }, 
        "7": {
            "": 842, 
            "'cause i won't say please just nibble": 1, 
            "'cause y'all are bustin' me out i": 1, 
            "1980's got a long hard dick for": 1, 
            "a long hard dick for all of": 1, 
            "a rat does cheese": 1, 
            "a single-file line and take our turns": 1, 
            "all of the ladies i don't care": 1, 
            "all of you bitches and all you": 1, 
            "all would line up in a single-file": 1, 
            "all you hoes let's have group sex": 1, 
            "amtrak but some call it the train": 1, 
            "and all you hoes let's have group": 1, 
            "and do the rambo i'm the peter": 1, 
            "and it would get stuck the girls": 1, 
            "and my homies like to play this": 1, 
            "and please don't knock it until you've": 1, 
            "and take our turns at waxing girls'": 1, 
            "and you will look at me with": 1, 
            "are bustin' me out i say, girls,": 1, 
            "as you fall to your knees you": 1, 
            "at me with my dick in my": 1, 
            "at the end of the show i'll": 1, 
            "at waxing girls' behinds but every time": 1, 
            "at you, and you will look at": 1, 
            "babies you can work the sitck in": 1, 
            "backstage at the end of the show": 1, 
            "because i'd stick my dick in, and": 1, 
            "behinds but every time it came to": 1, 
            "bitches and all you hoes let's have": 1, 
            "blow, just let me know we can": 1, 
            "bustin' me out i say, girls, don't": 1, 
            "but every time it came to me,": 1, 
            "but some call it the train we": 1, 
            "call it amtrak but some call it": 1, 
            "call it the train we all would": 1, 
            "came to me, i was shit out": 1, 
            "can go backstage at the end of": 1, 
            "can work the sitck in my mercedes": 1, 
            "care if you got three babies you": 1, 
            "cheese": 1, 
            "dick for all of the ladies i": 1, 
            "dick in my hands as you fall": 1, 
            "dick in, and it would get stuck": 1, 
            "dick like a rat does cheese": 1, 
            "divide it and please don't knock it": 1, 
            "do the rambo i'm the peter piper": 1, 
            "do, 'cause i won't say please just": 1, 
            "does cheese": 1, 
            "don't care if you got three babies": 1, 
            "don't hide it, just divide it and": 1, 
            "don't knock it until you've tried it": 1, 
            "end of the show i'll look at": 1, 
            "enough, i quit, 'cause y'all are bustin'": 1, 
            "every time it came to me, i": 1, 
            "fall to your knees you know what": 1, 
            "for all of the ladies i don't": 1, 
            "game we call it amtrak but some": 1, 
            "get stuck the girls would say stop": 1, 
            "girls would say stop i'd say i'm": 1, 
            "girls' behinds but every time it came": 1, 
            "girls, don't hide it, just divide it": 1, 
            "go backstage at the end of the": 1, 
            "got a long hard dick for all": 1, 
            "got three babies you can work the": 1, 
            "group sex and do the rambo i'm": 1, 
            "hands as you fall to your knees": 1, 
            "hard dick for all of the ladies": 1, 
            "have group sex and do the rambo": 1, 
            "hey-y-y-y-y we want some pu-u-ussay-y-y hey-y-y-y-y we": 1, 
            "hey-y-y-y-y we want some pu-u-ussay-y-y you see,": 1, 
            "hide it, just divide it and please": 1, 
            "hoes let's have group sex and do": 1, 
            "homies like to play this game we": 1, 
            "i don't care if you got three": 1, 
            "i quit, 'cause y'all are bustin' me": 1, 
            "i say, girls, don't hide it, just": 1, 
            "i was shit out of luck because": 1, 
            "i won't say please just nibble on": 1, 
            "i'd say i'm not that's enough, i": 1, 
            "i'd stick my dick in, and it": 1, 
            "i'll look at you, and you will": 1, 
            "i'm not that's enough, i quit, 'cause": 1, 
            "i'm the peter piper of the 1980's": 1, 
            "if you got three babies you can": 1, 
            "if you wanna blow, just let me": 1, 
            "in a single-file line and take our": 1, 
            "in my hands as you fall to": 1, 
            "in my mercedes if you wanna blow,": 1, 
            "in, and it would get stuck the": 1, 
            "it amtrak but some call it the": 1, 
            "it and please don't knock it until": 1, 
            "it came to me, i was shit": 1, 
            "it so to all of you bitches": 1, 
            "it the train we all would line": 1, 
            "it until you've tried it so to": 1, 
            "it would get stuck the girls would": 1, 
            "it, just divide it and please don't": 1, 
            "just divide it and please don't knock": 1, 
            "just let me know we can go": 1, 
            "just nibble on my dick like a": 1, 
            "knees you know what to do, 'cause": 1, 
            "knock it until you've tried it so": 1, 
            "know we can go backstage at the": 1, 
            "know what to do, 'cause i won't": 1, 
            "ladies i don't care if you got": 1, 
            "let me know we can go backstage": 1, 
            "let's have group sex and do the": 1, 
            "like a rat does cheese": 1, 
            "like to play this game we call": 1, 
            "line and take our turns at waxing": 1, 
            "line up in a single-file line and": 1, 
            "long hard dick for all of the": 1, 
            "look at me with my dick in": 1, 
            "look at you, and you will look": 1, 
            "luck because i'd stick my dick in,": 1, 
            "me and my homies like to play": 1, 
            "me know we can go backstage at": 1, 
            "me out i say, girls, don't hide": 1, 
            "me with my dick in my hands": 1, 
            "me, i was shit out of luck": 1, 
            "mercedes if you wanna blow, just let": 1, 
            "my dick in my hands as you": 1, 
            "my dick in, and it would get": 1, 
            "my dick like a rat does cheese": 1, 
            "my hands as you fall to your": 1, 
            "my homies like to play this game": 1, 
            "my mercedes if you wanna blow, just": 1, 
            "nibble on my dick like a rat": 1, 
            "not that's enough, i quit, 'cause y'all": 1, 
            "of luck because i'd stick my dick": 1, 
            "of the 1980's got a long hard": 1, 
            "of the ladies i don't care if": 1, 
            "of the show i'll look at you,": 1, 
            "of you bitches and all you hoes": 1, 
            "on my dick like a rat does": 1, 
            "our turns at waxing girls' behinds but": 1, 
            "out i say, girls, don't hide it,": 1, 
            "out of luck because i'd stick my": 1, 
            "peter piper of the 1980's got a": 1, 
            "piper of the 1980's got a long": 1, 
            "play this game we call it amtrak": 1, 
            "please don't knock it until you've tried": 1, 
            "please just nibble on my dick like": 1, 
            "pu-u-ussay-y-y hey-y-y-y-y we want some pu-u-ussay-y-y you": 1, 
            "pu-u-ussay-y-y you see, me and my homies": 1, 
            "quit, 'cause y'all are bustin' me out": 1, 
            "rambo i'm the peter piper of the": 1, 
            "rat does cheese": 1, 
            "say hey-y-y-y-y we want some pu-u-ussay-y-y hey-y-y-y-y": 1, 
            "say i'm not that's enough, i quit,": 1, 
            "say please just nibble on my dick": 1, 
            "say stop i'd say i'm not that's": 1, 
            "say, girls, don't hide it, just divide": 1, 
            "see, me and my homies like to": 1, 
            "sex and do the rambo i'm the": 1, 
            "shit out of luck because i'd stick": 1, 
            "show i'll look at you, and you": 1, 
            "single-file line and take our turns at": 1, 
            "sitck in my mercedes if you wanna": 1, 
            "so to all of you bitches and": 1, 
            "some call it the train we all": 1, 
            "some pu-u-ussay-y-y hey-y-y-y-y we want some pu-u-ussay-y-y": 1, 
            "some pu-u-ussay-y-y you see, me and my": 1, 
            "somebody say hey-y-y-y-y we want some pu-u-ussay-y-y": 1, 
            "stick my dick in, and it would": 1, 
            "stop i'd say i'm not that's enough,": 1, 
            "stuck the girls would say stop i'd": 1, 
            "take our turns at waxing girls' behinds": 1, 
            "that's enough, i quit, 'cause y'all are": 1, 
            "the 1980's got a long hard dick": 1, 
            "the end of the show i'll look": 1, 
            "the girls would say stop i'd say": 1, 
            "the ladies i don't care if you": 1, 
            "the peter piper of the 1980's got": 1, 
            "the rambo i'm the peter piper of": 1, 
            "the show i'll look at you, and": 1, 
            "the sitck in my mercedes if you": 1, 
            "the train we all would line up": 1, 
            "this game we call it amtrak but": 1, 
            "three babies you can work the sitck": 1, 
            "time it came to me, i was": 1, 
            "to all of you bitches and all": 1, 
            "to do, 'cause i won't say please": 1, 
            "to me, i was shit out of": 1, 
            "to play this game we call it": 1, 
            "to your knees you know what to": 1, 
            "train we all would line up in": 1, 
            "tried it so to all of you": 1, 
            "turns at waxing girls' behinds but every": 1, 
            "until you've tried it so to all": 1, 
            "up in a single-file line and take": 1, 
            "wanna blow, just let me know we": 1, 
            "want some pu-u-ussay-y-y hey-y-y-y-y we want some": 1, 
            "want some pu-u-ussay-y-y you see, me and": 1, 
            "was shit out of luck because i'd": 1, 
            "waxing girls' behinds but every time it": 1, 
            "we all would line up in a": 1, 
            "we call it amtrak but some call": 1, 
            "we can go backstage at the end": 1, 
            "we want some pu-u-ussay-y-y hey-y-y-y-y we want": 1, 
            "we want some pu-u-ussay-y-y you see, me": 1, 
            "what to do, 'cause i won't say": 1, 
            "will look at me with my dick": 1, 
            "with my dick in my hands as": 1, 
            "won't say please just nibble on my": 1, 
            "work the sitck in my mercedes if": 1, 
            "would get stuck the girls would say": 1, 
            "would line up in a single-file line": 1, 
            "would say stop i'd say i'm not": 1, 
            "y'all are bustin' me out i say,": 1, 
            "you bitches and all you hoes let's": 1, 
            "you can work the sitck in my": 1, 
            "you fall to your knees you know": 1, 
            "you got three babies you can work": 1, 
            "you hoes let's have group sex and": 1, 
            "you know what to do, 'cause i": 1, 
            "you see, me and my homies like": 1, 
            "you wanna blow, just let me know": 1, 
            "you will look at me with my": 1, 
            "you've tried it so to all of": 1, 
            "you, and you will look at me": 1, 
            "your knees you know what to do,": 1
        }, 
        "8": {
            "": 841, 
            "'cause i won't say please just nibble on": 1, 
            "'cause y'all are bustin' me out i say,": 1, 
            "1980's got a long hard dick for all": 1, 
            "a long hard dick for all of the": 1, 
            "a rat does cheese": 1, 
            "a single-file line and take our turns at": 1, 
            "all of the ladies i don't care if": 1, 
            "all of you bitches and all you hoes": 1, 
            "all would line up in a single-file line": 1, 
            "all you hoes let's have group sex and": 1, 
            "amtrak but some call it the train we": 1, 
            "and all you hoes let's have group sex": 1, 
            "and do the rambo i'm the peter piper": 1, 
            "and it would get stuck the girls would": 1, 
            "and my homies like to play this game": 1, 
            "and please don't knock it until you've tried": 1, 
            "and take our turns at waxing girls' behinds": 1, 
            "and you will look at me with my": 1, 
            "are bustin' me out i say, girls, don't": 1, 
            "as you fall to your knees you know": 1, 
            "at me with my dick in my hands": 1, 
            "at the end of the show i'll look": 1, 
            "at waxing girls' behinds but every time it": 1, 
            "at you, and you will look at me": 1, 
            "babies you can work the sitck in my": 1, 
            "backstage at the end of the show i'll": 1, 
            "because i'd stick my dick in, and it": 1, 
            "behinds but every time it came to me,": 1, 
            "bitches and all you hoes let's have group": 1, 
            "blow, just let me know we can go": 1, 
            "bustin' me out i say, girls, don't hide": 1, 
            "but every time it came to me, i": 1, 
            "but some call it the train we all": 1, 
            "call it amtrak but some call it the": 1, 
            "call it the train we all would line": 1, 
            "came to me, i was shit out of": 1, 
            "can go backstage at the end of the": 1, 
            "can work the sitck in my mercedes if": 1, 
            "care if you got three babies you can": 1, 
            "cheese": 1, 
            "dick for all of the ladies i don't": 1, 
            "dick in my hands as you fall to": 1, 
            "dick in, and it would get stuck the": 1, 
            "dick like a rat does cheese": 1, 
            "divide it and please don't knock it until": 1, 
            "do the rambo i'm the peter piper of": 1, 
            "do, 'cause i won't say please just nibble": 1, 
            "does cheese": 1, 
            "don't care if you got three babies you": 1, 
            "don't hide it, just divide it and please": 1, 
            "don't knock it until you've tried it so": 1, 
            "end of the show i'll look at you,": 1, 
            "enough, i quit, 'cause y'all are bustin' me": 1, 
            "every time it came to me, i was": 1, 
            "fall to your knees you know what to": 1, 
            "for all of the ladies i don't care": 1, 
            "game we call it amtrak but some call": 1, 
            "get stuck the girls would say stop i'd": 1, 
            "girls would say stop i'd say i'm not": 1, 
            "girls' behinds but every time it came to": 1, 
            "girls, don't hide it, just divide it and": 1, 
            "go backstage at the end of the show": 1, 
            "got a long hard dick for all of": 1, 
            "got three babies you can work the sitck": 1, 
            "group sex and do the rambo i'm the": 1, 
            "hands as you fall to your knees you": 1, 
            "hard dick for all of the ladies i": 1, 
            "have group sex and do the rambo i'm": 1, 
            "hey-y-y-y-y we want some pu-u-ussay-y-y hey-y-y-y-y we want": 1, 
            "hey-y-y-y-y we want some pu-u-ussay-y-y you see, me": 1, 
            "hide it, just divide it and please don't": 1, 
            "hoes let's have group sex and do the": 1, 
            "homies like to play this game we call": 1, 
            "i don't care if you got three babies": 1, 
            "i quit, 'cause y'all are bustin' me out": 1, 
            "i say, girls, don't hide it, just divide": 1, 
            "i was shit out of luck because i'd": 1, 
            "i won't say please just nibble on my": 1, 
            "i'd say i'm not that's enough, i quit,": 1, 
            "i'd stick my dick in, and it would": 1, 
            "i'll look at you, and you will look": 1, 
            "i'm not that's enough, i quit, 'cause y'all": 1, 
            "i'm the peter piper of the 1980's got": 1, 
            "if you got three babies you can work": 1, 
            "if you wanna blow, just let me know": 1, 
            "in a single-file line and take our turns": 1, 
            "in my hands as you fall to your": 1, 
            "in my mercedes if you wanna blow, just": 1, 
            "in, and it would get stuck the girls": 1, 
            "it amtrak but some call it the train": 1, 
            "it and please don't knock it until you've": 1, 
            "it came to me, i was shit out": 1, 
            "it so to all of you bitches and": 1, 
            "it the train we all would line up": 1, 
            "it until you've tried it so to all": 1, 
            "it would get stuck the girls would say": 1, 
            "it, just divide it and please don't knock": 1, 
            "just divide it and please don't knock it": 1, 
            "just let me know we can go backstage": 1, 
            "just nibble on my dick like a rat": 1, 
            "knees you know what to do, 'cause i": 1, 
            "knock it until you've tried it so to": 1, 
            "know we can go backstage at the end": 1, 
            "know what to do, 'cause i won't say": 1, 
            "ladies i don't care if you got three": 1, 
            "let me know we can go backstage at": 1, 
            "let's have group sex and do the rambo": 1, 
            "like a rat does cheese": 1, 
            "like to play this game we call it": 1, 
            "line and take our turns at waxing girls'": 1, 
            "line up in a single-file line and take": 1, 
            "long hard dick for all of the ladies": 1, 
            "look at me with my dick in my": 1, 
            "look at you, and you will look at": 1, 
            "luck because i'd stick my dick in, and": 1, 
            "me and my homies like to play this": 1, 
            "me know we can go backstage at the": 1, 
            "me out i say, girls, don't hide it,": 1, 
            "me with my dick in my hands as": 1, 
            "me, i was shit out of luck because": 1, 
            "mercedes if you wanna blow, just let me": 1, 
            "my dick in my hands as you fall": 1, 
            "my dick in, and it would get stuck": 1, 
            "my dick like a rat does cheese": 1, 
            "my hands as you fall to your knees": 1, 
            "my homies like to play this game we": 1, 
            "my mercedes if you wanna blow, just let": 1, 
            "nibble on my dick like a rat does": 1, 
            "not that's enough, i quit, 'cause y'all are": 1, 
            "of luck because i'd stick my dick in,": 1, 
            "of the 1980's got a long hard dick": 1, 
            "of the ladies i don't care if you": 1, 
            "of the show i'll look at you, and": 1, 
            "of you bitches and all you hoes let's": 1, 
            "on my dick like a rat does cheese": 1, 
            "our turns at waxing girls' behinds but every": 1, 
            "out i say, girls, don't hide it, just": 1, 
            "out of luck because i'd stick my dick": 1, 
            "peter piper of the 1980's got a long": 1, 
            "piper of the 1980's got a long hard": 1, 
            "play this game we call it amtrak but": 1, 
            "please don't knock it until you've tried it": 1, 
            "please just nibble on my dick like a": 1, 
            "pu-u-ussay-y-y hey-y-y-y-y we want some pu-u-ussay-y-y you see,": 1, 
            "pu-u-ussay-y-y you see, me and my homies like": 1, 
            "quit, 'cause y'all are bustin' me out i": 1, 
            "rambo i'm the peter piper of the 1980's": 1, 
            "rat does cheese": 1, 
            "say hey-y-y-y-y we want some pu-u-ussay-y-y hey-y-y-y-y we": 1, 
            "say i'm not that's enough, i quit, 'cause": 1, 
            "say please just nibble on my dick like": 1, 
            "say stop i'd say i'm not that's enough,": 1, 
            "say, girls, don't hide it, just divide it": 1, 
            "see, me and my homies like to play": 1, 
            "sex and do the rambo i'm the peter": 1, 
            "shit out of luck because i'd stick my": 1, 
            "show i'll look at you, and you will": 1, 
            "single-file line and take our turns at waxing": 1, 
            "sitck in my mercedes if you wanna blow,": 1, 
            "so to all of you bitches and all": 1, 
            "some call it the train we all would": 1, 
            "some pu-u-ussay-y-y hey-y-y-y-y we want some pu-u-ussay-y-y you": 1, 
            "some pu-u-ussay-y-y you see, me and my homies": 1, 
            "somebody say hey-y-y-y-y we want some pu-u-ussay-y-y hey-y-y-y-y": 1, 
            "stick my dick in, and it would get": 1, 
            "stop i'd say i'm not that's enough, i": 1, 
            "stuck the girls would say stop i'd say": 1, 
            "take our turns at waxing girls' behinds but": 1, 
            "that's enough, i quit, 'cause y'all are bustin'": 1, 
            "the 1980's got a long hard dick for": 1, 
            "the end of the show i'll look at": 1, 
            "the girls would say stop i'd say i'm": 1, 
            "the ladies i don't care if you got": 1, 
            "the peter piper of the 1980's got a": 1, 
            "the rambo i'm the peter piper of the": 1, 
            "the show i'll look at you, and you": 1, 
            "the sitck in my mercedes if you wanna": 1, 
            "the train we all would line up in": 1, 
            "this game we call it amtrak but some": 1, 
            "three babies you can work the sitck in": 1, 
            "time it came to me, i was shit": 1, 
            "to all of you bitches and all you": 1, 
            "to do, 'cause i won't say please just": 1, 
            "to me, i was shit out of luck": 1, 
            "to play this game we call it amtrak": 1, 
            "to your knees you know what to do,": 1, 
            "train we all would line up in a": 1, 
            "tried it so to all of you bitches": 1, 
            "turns at waxing girls' behinds but every time": 1, 
            "until you've tried it so to all of": 1, 
            "up in a single-file line and take our": 1, 
            "wanna blow, just let me know we can": 1, 
            "want some pu-u-ussay-y-y hey-y-y-y-y we want some pu-u-ussay-y-y": 1, 
            "want some pu-u-ussay-y-y you see, me and my": 1, 
            "was shit out of luck because i'd stick": 1, 
            "waxing girls' behinds but every time it came": 1, 
            "we all would line up in a single-file": 1, 
            "we call it amtrak but some call it": 1, 
            "we can go backstage at the end of": 1, 
            "we want some pu-u-ussay-y-y hey-y-y-y-y we want some": 1, 
            "we want some pu-u-ussay-y-y you see, me and": 1, 
            "what to do, 'cause i won't say please": 1, 
            "will look at me with my dick in": 1, 
            "with my dick in my hands as you": 1, 
            "won't say please just nibble on my dick": 1, 
            "work the sitck in my mercedes if you": 1, 
            "would get stuck the girls would say stop": 1, 
            "would line up in a single-file line and": 1, 
            "would say stop i'd say i'm not that's": 1, 
            "y'all are bustin' me out i say, girls,": 1, 
            "you bitches and all you hoes let's have": 1, 
            "you can work the sitck in my mercedes": 1, 
            "you fall to your knees you know what": 1, 
            "you got three babies you can work the": 1, 
            "you hoes let's have group sex and do": 1, 
            "you know what to do, 'cause i won't": 1, 
            "you see, me and my homies like to": 1, 
            "you wanna blow, just let me know we": 1, 
            "you will look at me with my dick": 1, 
            "you've tried it so to all of you": 1, 
            "you, and you will look at me with": 1, 
            "your knees you know what to do, 'cause": 1
        }
    }, 
    "song_title": "We Want Some Pussy", 
    "total_words": [
        222, 
        {
            "'cause": 2, 
            "1980's": 1, 
            "a": 3, 
            "all": 4, 
            "amtrak": 1, 
            "and": 7, 
            "are": 1, 
            "as": 1, 
            "at": 4, 
            "babies": 1, 
            "backstage": 1, 
            "because": 1, 
            "behinds": 1, 
            "bitches": 1, 
            "blow,": 1, 
            "bustin'": 1, 
            "but": 2, 
            "call": 2, 
            "came": 1, 
            "can": 2, 
            "care": 1, 
            "cheese": 1, 
            "dick": 4, 
            "divide": 1, 
            "do": 1, 
            "do,": 1, 
            "does": 1, 
            "don't": 3, 
            "end": 1, 
            "enough,": 1, 
            "every": 1, 
            "fall": 1, 
            "for": 1, 
            "game": 1, 
            "get": 1, 
            "girls": 1, 
            "girls'": 1, 
            "girls,": 1, 
            "go": 1, 
            "got": 2, 
            "group": 1, 
            "hands": 1, 
            "hard": 1, 
            "have": 1, 
            "hey-y-y-y-y": 2, 
            "hide": 1, 
            "hoes": 1, 
            "homies": 1, 
            "i": 5, 
            "i'd": 2, 
            "i'll": 1, 
            "i'm": 2, 
            "if": 2, 
            "in": 3, 
            "in,": 1, 
            "it": 7, 
            "it,": 1, 
            "just": 3, 
            "knees": 1, 
            "knock": 1, 
            "know": 2, 
            "ladies": 1, 
            "let": 1, 
            "let's": 1, 
            "like": 2, 
            "line": 2, 
            "long": 1, 
            "look": 2, 
            "luck": 1, 
            "me": 4, 
            "me,": 1, 
            "mercedes": 1, 
            "my": 6, 
            "nibble": 1, 
            "not": 1, 
            "of": 5, 
            "on": 1, 
            "our": 1, 
            "out": 2, 
            "peter": 1, 
            "piper": 1, 
            "play": 1, 
            "please": 2, 
            "pu-u-ussay-y-y": 2, 
            "quit,": 1, 
            "rambo": 1, 
            "rat": 1, 
            "say": 4, 
            "say,": 1, 
            "see,": 1, 
            "sex": 1, 
            "shit": 1, 
            "show": 1, 
            "single-file": 1, 
            "sitck": 1, 
            "so": 1, 
            "some": 3, 
            "somebody": 1, 
            "stick": 1, 
            "stop": 1, 
            "stuck": 1, 
            "take": 1, 
            "that's": 1, 
            "the": 9, 
            "this": 1, 
            "three": 1, 
            "time": 1, 
            "to": 5, 
            "train": 1, 
            "tried": 1, 
            "turns": 1, 
            "until": 1, 
            "up": 1, 
            "wanna": 1, 
            "want": 2, 
            "was": 1, 
            "waxing": 1, 
            "we": 5, 
            "what": 1, 
            "will": 1, 
            "with": 1, 
            "won't": 1, 
            "work": 1, 
            "would": 3, 
            "y'all": 1, 
            "you": 9, 
            "you've": 1, 
            "you,": 1, 
            "your": 1
        }
    ], 
    "unique_words": [
        129, 
        [
            "and", 
            "all", 
            "sitck", 
            "rambo", 
            "divide", 
            "just", 
            "don't", 
            "hands", 
            "ladies", 
            "won't", 
            "go", 
            "on", 
            "your", 
            "see,", 
            "group", 
            "i", 
            "would", 
            "stuck", 
            "dick", 
            "girls", 
            "three", 
            "long", 
            "to", 
            "call", 
            "homies", 
            "show", 
            "was", 
            "until", 
            "rat", 
            "take", 
            "do", 
            "it,", 
            "you,", 
            "somebody", 
            "blow,", 
            "get", 
            "nibble", 
            "enough,", 
            "stop", 
            "but", 
            "game", 
            "train", 
            "every", 
            "stick", 
            "fall", 
            "not", 
            "line", 
            "with", 
            "like", 
            "me", 
            "knock", 
            "single-file", 
            "look", 
            "behinds", 
            "turns", 
            "work", 
            "up", 
            "will", 
            "this", 
            "can", 
            "mercedes", 
            "my", 
            "at", 
            "y'all", 
            "because", 
            "have", 
            "quit,", 
            "me,", 
            "i'll", 
            "hard", 
            "some", 
            "it", 
            "you've", 
            "sex", 
            "girls,", 
            "say", 
            "are", 
            "want", 
            "hoes", 
            "our", 
            "girls'", 
            "peter", 
            "hey-y-y-y-y", 
            "as", 
            "out", 
            "bustin'", 
            "what", 
            "hide", 
            "amtrak", 
            "piper", 
            "please", 
            "for", 
            "does", 
            "shit", 
            "babies", 
            "got", 
            "you", 
            "if", 
            "cheese", 
            "play", 
            "bitches", 
            "tried", 
            "knees", 
            "in,", 
            "pu-u-ussay-y-y", 
            "let", 
            "'cause", 
            "end", 
            "say,", 
            "the", 
            "care", 
            "a", 
            "let's", 
            "in", 
            "do,", 
            "we", 
            "of", 
            "know", 
            "waxing", 
            "i'd", 
            "so", 
            "1980's", 
            "time", 
            "backstage", 
            "i'm", 
            "luck", 
            "wanna", 
            "came", 
            "that's"
        ]
    ], 
    "year": 1986
}