{
    "album": "Banned in the U.S.A.", 
    "artist": "2 Live Crew", 
    "lyrics": "I bumped into her at the Coco Cabana\nDown in Cuban town in little Havana\nI asked her her name, she said Juanita\nI just had to ask cuz I just had to meet her\nI heard of fast girls but she's a speeder\nShe said she was hungry and told me to feed her\nSo I got an expresso and a hot burrito\nYou look so sweet you fine senorita\nMamalopenga, mama sita\nIt's a black thing baby so you know it's sweeter\nOkay Juanita now I must be your guy\nShe said Juanita's my nickname, call me Spanish fly\n\n\n\n\n\nBlack girls white girls even Puerto Ricans\nBut the Mexicans and Cubans are all so freakin'\nI like 'em in dresses with big 'ole chesses\nI also like the style and the way she impresses\nThe fragrance of her perfume smells like roses\nShe's guarenteed to turn heads whenever she poses\nShe lives in Miami and of Latin descent\nAnd being with her is how my time should be spent\nI met her in the berries on a Friday night\nDressed in a soft silky dress colour virgin white\nI said \"hey pretty lady, just suck on my finger\nAnd tonight you're the one to Mamalopenga\"\n", 
    "ngrams": {
        "2": {
            "": 830, 
            "'em in": 1, 
            "'ole chesses": 1, 
            "a black": 1, 
            "a friday": 1, 
            "a hot": 1, 
            "a soft": 1, 
            "a speeder": 1, 
            "all so": 1, 
            "also like": 1, 
            "an expresso": 1, 
            "and a": 1, 
            "and being": 1, 
            "and cubans": 1, 
            "and of": 1, 
            "and the": 1, 
            "and told": 1, 
            "and tonight": 1, 
            "are all": 1, 
            "ask cuz": 1, 
            "asked her": 1, 
            "at the": 1, 
            "baby so": 1, 
            "be spent": 1, 
            "be your": 1, 
            "being with": 1, 
            "berries on": 1, 
            "big 'ole": 1, 
            "black girls": 1, 
            "black thing": 1, 
            "bumped into": 1, 
            "burrito you": 1, 
            "but she's": 1, 
            "but the": 1, 
            "cabana down": 1, 
            "call me": 1, 
            "chesses i": 1, 
            "coco cabana": 1, 
            "colour virgin": 1, 
            "cuban town": 1, 
            "cubans are": 1, 
            "cuz i": 1, 
            "descent and": 1, 
            "down in": 1, 
            "dress colour": 1, 
            "dressed in": 1, 
            "dresses with": 1, 
            "even puerto": 1, 
            "expresso and": 1, 
            "fast girls": 1, 
            "feed her": 1, 
            "fine senorita": 1, 
            "finger and": 1, 
            "fly black": 1, 
            "fragrance of": 1, 
            "freakin' i": 1, 
            "friday night": 1, 
            "girls but": 1, 
            "girls even": 1, 
            "girls white": 1, 
            "got an": 1, 
            "guarenteed to": 1, 
            "guy she": 1, 
            "had to": 2, 
            "havana i": 1, 
            "heads whenever": 1, 
            "heard of": 1, 
            "her at": 1, 
            "her her": 1, 
            "her i": 1, 
            "her in": 1, 
            "her is": 1, 
            "her name,": 1, 
            "her perfume": 1, 
            "her so": 1, 
            "hey pretty": 1, 
            "hot burrito": 1, 
            "how my": 1, 
            "hungry and": 1, 
            "i also": 1, 
            "i asked": 1, 
            "i bumped": 1, 
            "i got": 1, 
            "i heard": 1, 
            "i just": 2, 
            "i like": 1, 
            "i met": 1, 
            "i must": 1, 
            "i said": 1, 
            "impresses the": 1, 
            "in a": 1, 
            "in cuban": 1, 
            "in dresses": 1, 
            "in little": 1, 
            "in miami": 1, 
            "in the": 1, 
            "into her": 1, 
            "is how": 1, 
            "it's a": 1, 
            "it's sweeter": 1, 
            "juanita i": 1, 
            "juanita now": 1, 
            "juanita's my": 1, 
            "just had": 2, 
            "just suck": 1, 
            "know it's": 1, 
            "lady, just": 1, 
            "latin descent": 1, 
            "like 'em": 1, 
            "like roses": 1, 
            "like the": 1, 
            "little havana": 1, 
            "lives in": 1, 
            "look so": 1, 
            "mama sita": 1, 
            "mamalopenga": 1, 
            "mamalopenga, mama": 1, 
            "me spanish": 1, 
            "me to": 1, 
            "meet her": 1, 
            "met her": 1, 
            "mexicans and": 1, 
            "miami and": 1, 
            "must be": 1, 
            "my finger": 1, 
            "my nickname,": 1, 
            "my time": 1, 
            "name, she": 1, 
            "nickname, call": 1, 
            "night dressed": 1, 
            "now i": 1, 
            "of fast": 1, 
            "of her": 1, 
            "of latin": 1, 
            "okay juanita": 1, 
            "on a": 1, 
            "on my": 1, 
            "one to": 1, 
            "perfume smells": 1, 
            "poses she": 1, 
            "pretty lady,": 1, 
            "puerto ricans": 1, 
            "ricans but": 1, 
            "roses she's": 1, 
            "said hey": 1, 
            "said juanita": 1, 
            "said juanita's": 1, 
            "said she": 1, 
            "senorita mamalopenga,": 1, 
            "she impresses": 1, 
            "she lives": 1, 
            "she poses": 1, 
            "she said": 3, 
            "she was": 1, 
            "she's a": 1, 
            "she's guarenteed": 1, 
            "should be": 1, 
            "silky dress": 1, 
            "sita it's": 1, 
            "smells like": 1, 
            "so freakin'": 1, 
            "so i": 1, 
            "so sweet": 1, 
            "so you": 1, 
            "soft silky": 1, 
            "spanish fly": 1, 
            "speeder she": 1, 
            "spent i": 1, 
            "style and": 1, 
            "suck on": 1, 
            "sweet you": 1, 
            "sweeter okay": 1, 
            "the berries": 1, 
            "the coco": 1, 
            "the fragrance": 1, 
            "the mexicans": 1, 
            "the one": 1, 
            "the style": 1, 
            "the way": 1, 
            "thing baby": 1, 
            "time should": 1, 
            "to ask": 1, 
            "to feed": 1, 
            "to mamalopenga": 1, 
            "to meet": 1, 
            "to turn": 1, 
            "told me": 1, 
            "tonight you're": 1, 
            "town in": 1, 
            "turn heads": 1, 
            "virgin white": 1, 
            "was hungry": 1, 
            "way she": 1, 
            "whenever she": 1, 
            "white girls": 1, 
            "white i": 1, 
            "with big": 1, 
            "with her": 1, 
            "you fine": 1, 
            "you know": 1, 
            "you look": 1, 
            "you're the": 1, 
            "your guy": 1
        }, 
        "3": {
            "": 829, 
            "'em in dresses": 1, 
            "'ole chesses i": 1, 
            "a black thing": 1, 
            "a friday night": 1, 
            "a hot burrito": 1, 
            "a soft silky": 1, 
            "a speeder she": 1, 
            "all so freakin'": 1, 
            "also like the": 1, 
            "an expresso and": 1, 
            "and a hot": 1, 
            "and being with": 1, 
            "and cubans are": 1, 
            "and of latin": 1, 
            "and the way": 1, 
            "and told me": 1, 
            "and tonight you're": 1, 
            "are all so": 1, 
            "ask cuz i": 1, 
            "asked her her": 1, 
            "at the coco": 1, 
            "baby so you": 1, 
            "be spent i": 1, 
            "be your guy": 1, 
            "being with her": 1, 
            "berries on a": 1, 
            "big 'ole chesses": 1, 
            "black girls white": 1, 
            "black thing baby": 1, 
            "bumped into her": 1, 
            "burrito you look": 1, 
            "but she's a": 1, 
            "but the mexicans": 1, 
            "cabana down in": 1, 
            "call me spanish": 1, 
            "chesses i also": 1, 
            "coco cabana down": 1, 
            "colour virgin white": 1, 
            "cuban town in": 1, 
            "cubans are all": 1, 
            "cuz i just": 1, 
            "descent and being": 1, 
            "down in cuban": 1, 
            "dress colour virgin": 1, 
            "dressed in a": 1, 
            "dresses with big": 1, 
            "even puerto ricans": 1, 
            "expresso and a": 1, 
            "fast girls but": 1, 
            "feed her so": 1, 
            "fine senorita mamalopenga,": 1, 
            "finger and tonight": 1, 
            "fly black girls": 1, 
            "fragrance of her": 1, 
            "freakin' i like": 1, 
            "friday night dressed": 1, 
            "girls but she's": 1, 
            "girls even puerto": 1, 
            "girls white girls": 1, 
            "got an expresso": 1, 
            "guarenteed to turn": 1, 
            "guy she said": 1, 
            "had to ask": 1, 
            "had to meet": 1, 
            "havana i asked": 1, 
            "heads whenever she": 1, 
            "heard of fast": 1, 
            "her at the": 1, 
            "her her name,": 1, 
            "her i heard": 1, 
            "her in the": 1, 
            "her is how": 1, 
            "her name, she": 1, 
            "her perfume smells": 1, 
            "her so i": 1, 
            "hey pretty lady,": 1, 
            "hot burrito you": 1, 
            "how my time": 1, 
            "hungry and told": 1, 
            "i also like": 1, 
            "i asked her": 1, 
            "i bumped into": 1, 
            "i got an": 1, 
            "i heard of": 1, 
            "i just had": 2, 
            "i like 'em": 1, 
            "i met her": 1, 
            "i must be": 1, 
            "i said hey": 1, 
            "impresses the fragrance": 1, 
            "in a soft": 1, 
            "in cuban town": 1, 
            "in dresses with": 1, 
            "in little havana": 1, 
            "in miami and": 1, 
            "in the berries": 1, 
            "into her at": 1, 
            "is how my": 1, 
            "it's a black": 1, 
            "it's sweeter okay": 1, 
            "juanita i just": 1, 
            "juanita now i": 1, 
            "juanita's my nickname,": 1, 
            "just had to": 2, 
            "just suck on": 1, 
            "know it's sweeter": 1, 
            "lady, just suck": 1, 
            "latin descent and": 1, 
            "like 'em in": 1, 
            "like roses she's": 1, 
            "like the style": 1, 
            "little havana i": 1, 
            "lives in miami": 1, 
            "look so sweet": 1, 
            "mama sita it's": 1, 
            "mamalopenga": 1, 
            "mamalopenga, mama sita": 1, 
            "me spanish fly": 1, 
            "me to feed": 1, 
            "meet her i": 1, 
            "met her in": 1, 
            "mexicans and cubans": 1, 
            "miami and of": 1, 
            "must be your": 1, 
            "my finger and": 1, 
            "my nickname, call": 1, 
            "my time should": 1, 
            "name, she said": 1, 
            "nickname, call me": 1, 
            "night dressed in": 1, 
            "now i must": 1, 
            "of fast girls": 1, 
            "of her perfume": 1, 
            "of latin descent": 1, 
            "okay juanita now": 1, 
            "on a friday": 1, 
            "on my finger": 1, 
            "one to mamalopenga": 1, 
            "perfume smells like": 1, 
            "poses she lives": 1, 
            "pretty lady, just": 1, 
            "puerto ricans but": 1, 
            "ricans but the": 1, 
            "roses she's guarenteed": 1, 
            "said hey pretty": 1, 
            "said juanita i": 1, 
            "said juanita's my": 1, 
            "said she was": 1, 
            "senorita mamalopenga, mama": 1, 
            "she impresses the": 1, 
            "she lives in": 1, 
            "she poses she": 1, 
            "she said juanita": 1, 
            "she said juanita's": 1, 
            "she said she": 1, 
            "she was hungry": 1, 
            "she's a speeder": 1, 
            "she's guarenteed to": 1, 
            "should be spent": 1, 
            "silky dress colour": 1, 
            "sita it's a": 1, 
            "smells like roses": 1, 
            "so freakin' i": 1, 
            "so i got": 1, 
            "so sweet you": 1, 
            "so you know": 1, 
            "soft silky dress": 1, 
            "spanish fly black": 1, 
            "speeder she said": 1, 
            "spent i met": 1, 
            "style and the": 1, 
            "suck on my": 1, 
            "sweet you fine": 1, 
            "sweeter okay juanita": 1, 
            "the berries on": 1, 
            "the coco cabana": 1, 
            "the fragrance of": 1, 
            "the mexicans and": 1, 
            "the one to": 1, 
            "the style and": 1, 
            "the way she": 1, 
            "thing baby so": 1, 
            "time should be": 1, 
            "to ask cuz": 1, 
            "to feed her": 1, 
            "to mamalopenga": 1, 
            "to meet her": 1, 
            "to turn heads": 1, 
            "told me to": 1, 
            "tonight you're the": 1, 
            "town in little": 1, 
            "turn heads whenever": 1, 
            "virgin white i": 1, 
            "was hungry and": 1, 
            "way she impresses": 1, 
            "whenever she poses": 1, 
            "white girls even": 1, 
            "white i said": 1, 
            "with big 'ole": 1, 
            "with her is": 1, 
            "you fine senorita": 1, 
            "you know it's": 1, 
            "you look so": 1, 
            "you're the one": 1, 
            "your guy she": 1
        }, 
        "4": {
            "": 828, 
            "'em in dresses with": 1, 
            "'ole chesses i also": 1, 
            "a black thing baby": 1, 
            "a friday night dressed": 1, 
            "a hot burrito you": 1, 
            "a soft silky dress": 1, 
            "a speeder she said": 1, 
            "all so freakin' i": 1, 
            "also like the style": 1, 
            "an expresso and a": 1, 
            "and a hot burrito": 1, 
            "and being with her": 1, 
            "and cubans are all": 1, 
            "and of latin descent": 1, 
            "and the way she": 1, 
            "and told me to": 1, 
            "and tonight you're the": 1, 
            "are all so freakin'": 1, 
            "ask cuz i just": 1, 
            "asked her her name,": 1, 
            "at the coco cabana": 1, 
            "baby so you know": 1, 
            "be spent i met": 1, 
            "be your guy she": 1, 
            "being with her is": 1, 
            "berries on a friday": 1, 
            "big 'ole chesses i": 1, 
            "black girls white girls": 1, 
            "black thing baby so": 1, 
            "bumped into her at": 1, 
            "burrito you look so": 1, 
            "but she's a speeder": 1, 
            "but the mexicans and": 1, 
            "cabana down in cuban": 1, 
            "call me spanish fly": 1, 
            "chesses i also like": 1, 
            "coco cabana down in": 1, 
            "colour virgin white i": 1, 
            "cuban town in little": 1, 
            "cubans are all so": 1, 
            "cuz i just had": 1, 
            "descent and being with": 1, 
            "down in cuban town": 1, 
            "dress colour virgin white": 1, 
            "dressed in a soft": 1, 
            "dresses with big 'ole": 1, 
            "even puerto ricans but": 1, 
            "expresso and a hot": 1, 
            "fast girls but she's": 1, 
            "feed her so i": 1, 
            "fine senorita mamalopenga, mama": 1, 
            "finger and tonight you're": 1, 
            "fly black girls white": 1, 
            "fragrance of her perfume": 1, 
            "freakin' i like 'em": 1, 
            "friday night dressed in": 1, 
            "girls but she's a": 1, 
            "girls even puerto ricans": 1, 
            "girls white girls even": 1, 
            "got an expresso and": 1, 
            "guarenteed to turn heads": 1, 
            "guy she said juanita's": 1, 
            "had to ask cuz": 1, 
            "had to meet her": 1, 
            "havana i asked her": 1, 
            "heads whenever she poses": 1, 
            "heard of fast girls": 1, 
            "her at the coco": 1, 
            "her her name, she": 1, 
            "her i heard of": 1, 
            "her in the berries": 1, 
            "her is how my": 1, 
            "her name, she said": 1, 
            "her perfume smells like": 1, 
            "her so i got": 1, 
            "hey pretty lady, just": 1, 
            "hot burrito you look": 1, 
            "how my time should": 1, 
            "hungry and told me": 1, 
            "i also like the": 1, 
            "i asked her her": 1, 
            "i bumped into her": 1, 
            "i got an expresso": 1, 
            "i heard of fast": 1, 
            "i just had to": 2, 
            "i like 'em in": 1, 
            "i met her in": 1, 
            "i must be your": 1, 
            "i said hey pretty": 1, 
            "impresses the fragrance of": 1, 
            "in a soft silky": 1, 
            "in cuban town in": 1, 
            "in dresses with big": 1, 
            "in little havana i": 1, 
            "in miami and of": 1, 
            "in the berries on": 1, 
            "into her at the": 1, 
            "is how my time": 1, 
            "it's a black thing": 1, 
            "it's sweeter okay juanita": 1, 
            "juanita i just had": 1, 
            "juanita now i must": 1, 
            "juanita's my nickname, call": 1, 
            "just had to ask": 1, 
            "just had to meet": 1, 
            "just suck on my": 1, 
            "know it's sweeter okay": 1, 
            "lady, just suck on": 1, 
            "latin descent and being": 1, 
            "like 'em in dresses": 1, 
            "like roses she's guarenteed": 1, 
            "like the style and": 1, 
            "little havana i asked": 1, 
            "lives in miami and": 1, 
            "look so sweet you": 1, 
            "mama sita it's a": 1, 
            "mamalopenga": 1, 
            "mamalopenga, mama sita it's": 1, 
            "me spanish fly black": 1, 
            "me to feed her": 1, 
            "meet her i heard": 1, 
            "met her in the": 1, 
            "mexicans and cubans are": 1, 
            "miami and of latin": 1, 
            "must be your guy": 1, 
            "my finger and tonight": 1, 
            "my nickname, call me": 1, 
            "my time should be": 1, 
            "name, she said juanita": 1, 
            "nickname, call me spanish": 1, 
            "night dressed in a": 1, 
            "now i must be": 1, 
            "of fast girls but": 1, 
            "of her perfume smells": 1, 
            "of latin descent and": 1, 
            "okay juanita now i": 1, 
            "on a friday night": 1, 
            "on my finger and": 1, 
            "one to mamalopenga": 1, 
            "perfume smells like roses": 1, 
            "poses she lives in": 1, 
            "pretty lady, just suck": 1, 
            "puerto ricans but the": 1, 
            "ricans but the mexicans": 1, 
            "roses she's guarenteed to": 1, 
            "said hey pretty lady,": 1, 
            "said juanita i just": 1, 
            "said juanita's my nickname,": 1, 
            "said she was hungry": 1, 
            "senorita mamalopenga, mama sita": 1, 
            "she impresses the fragrance": 1, 
            "she lives in miami": 1, 
            "she poses she lives": 1, 
            "she said juanita i": 1, 
            "she said juanita's my": 1, 
            "she said she was": 1, 
            "she was hungry and": 1, 
            "she's a speeder she": 1, 
            "she's guarenteed to turn": 1, 
            "should be spent i": 1, 
            "silky dress colour virgin": 1, 
            "sita it's a black": 1, 
            "smells like roses she's": 1, 
            "so freakin' i like": 1, 
            "so i got an": 1, 
            "so sweet you fine": 1, 
            "so you know it's": 1, 
            "soft silky dress colour": 1, 
            "spanish fly black girls": 1, 
            "speeder she said she": 1, 
            "spent i met her": 1, 
            "style and the way": 1, 
            "suck on my finger": 1, 
            "sweet you fine senorita": 1, 
            "sweeter okay juanita now": 1, 
            "the berries on a": 1, 
            "the coco cabana down": 1, 
            "the fragrance of her": 1, 
            "the mexicans and cubans": 1, 
            "the one to mamalopenga": 1, 
            "the style and the": 1, 
            "the way she impresses": 1, 
            "thing baby so you": 1, 
            "time should be spent": 1, 
            "to ask cuz i": 1, 
            "to feed her so": 1, 
            "to mamalopenga": 1, 
            "to meet her i": 1, 
            "to turn heads whenever": 1, 
            "told me to feed": 1, 
            "tonight you're the one": 1, 
            "town in little havana": 1, 
            "turn heads whenever she": 1, 
            "virgin white i said": 1, 
            "was hungry and told": 1, 
            "way she impresses the": 1, 
            "whenever she poses she": 1, 
            "white girls even puerto": 1, 
            "white i said hey": 1, 
            "with big 'ole chesses": 1, 
            "with her is how": 1, 
            "you fine senorita mamalopenga,": 1, 
            "you know it's sweeter": 1, 
            "you look so sweet": 1, 
            "you're the one to": 1, 
            "your guy she said": 1
        }, 
        "5": {
            "": 827, 
            "'em in dresses with big": 1, 
            "'ole chesses i also like": 1, 
            "a black thing baby so": 1, 
            "a friday night dressed in": 1, 
            "a hot burrito you look": 1, 
            "a soft silky dress colour": 1, 
            "a speeder she said she": 1, 
            "all so freakin' i like": 1, 
            "also like the style and": 1, 
            "an expresso and a hot": 1, 
            "and a hot burrito you": 1, 
            "and being with her is": 1, 
            "and cubans are all so": 1, 
            "and of latin descent and": 1, 
            "and the way she impresses": 1, 
            "and told me to feed": 1, 
            "and tonight you're the one": 1, 
            "are all so freakin' i": 1, 
            "ask cuz i just had": 1, 
            "asked her her name, she": 1, 
            "at the coco cabana down": 1, 
            "baby so you know it's": 1, 
            "be spent i met her": 1, 
            "be your guy she said": 1, 
            "being with her is how": 1, 
            "berries on a friday night": 1, 
            "big 'ole chesses i also": 1, 
            "black girls white girls even": 1, 
            "black thing baby so you": 1, 
            "bumped into her at the": 1, 
            "burrito you look so sweet": 1, 
            "but she's a speeder she": 1, 
            "but the mexicans and cubans": 1, 
            "cabana down in cuban town": 1, 
            "call me spanish fly black": 1, 
            "chesses i also like the": 1, 
            "coco cabana down in cuban": 1, 
            "colour virgin white i said": 1, 
            "cuban town in little havana": 1, 
            "cubans are all so freakin'": 1, 
            "cuz i just had to": 1, 
            "descent and being with her": 1, 
            "down in cuban town in": 1, 
            "dress colour virgin white i": 1, 
            "dressed in a soft silky": 1, 
            "dresses with big 'ole chesses": 1, 
            "even puerto ricans but the": 1, 
            "expresso and a hot burrito": 1, 
            "fast girls but she's a": 1, 
            "feed her so i got": 1, 
            "fine senorita mamalopenga, mama sita": 1, 
            "finger and tonight you're the": 1, 
            "fly black girls white girls": 1, 
            "fragrance of her perfume smells": 1, 
            "freakin' i like 'em in": 1, 
            "friday night dressed in a": 1, 
            "girls but she's a speeder": 1, 
            "girls even puerto ricans but": 1, 
            "girls white girls even puerto": 1, 
            "got an expresso and a": 1, 
            "guarenteed to turn heads whenever": 1, 
            "guy she said juanita's my": 1, 
            "had to ask cuz i": 1, 
            "had to meet her i": 1, 
            "havana i asked her her": 1, 
            "heads whenever she poses she": 1, 
            "heard of fast girls but": 1, 
            "her at the coco cabana": 1, 
            "her her name, she said": 1, 
            "her i heard of fast": 1, 
            "her in the berries on": 1, 
            "her is how my time": 1, 
            "her name, she said juanita": 1, 
            "her perfume smells like roses": 1, 
            "her so i got an": 1, 
            "hey pretty lady, just suck": 1, 
            "hot burrito you look so": 1, 
            "how my time should be": 1, 
            "hungry and told me to": 1, 
            "i also like the style": 1, 
            "i asked her her name,": 1, 
            "i bumped into her at": 1, 
            "i got an expresso and": 1, 
            "i heard of fast girls": 1, 
            "i just had to ask": 1, 
            "i just had to meet": 1, 
            "i like 'em in dresses": 1, 
            "i met her in the": 1, 
            "i must be your guy": 1, 
            "i said hey pretty lady,": 1, 
            "impresses the fragrance of her": 1, 
            "in a soft silky dress": 1, 
            "in cuban town in little": 1, 
            "in dresses with big 'ole": 1, 
            "in little havana i asked": 1, 
            "in miami and of latin": 1, 
            "in the berries on a": 1, 
            "into her at the coco": 1, 
            "is how my time should": 1, 
            "it's a black thing baby": 1, 
            "it's sweeter okay juanita now": 1, 
            "juanita i just had to": 1, 
            "juanita now i must be": 1, 
            "juanita's my nickname, call me": 1, 
            "just had to ask cuz": 1, 
            "just had to meet her": 1, 
            "just suck on my finger": 1, 
            "know it's sweeter okay juanita": 1, 
            "lady, just suck on my": 1, 
            "latin descent and being with": 1, 
            "like 'em in dresses with": 1, 
            "like roses she's guarenteed to": 1, 
            "like the style and the": 1, 
            "little havana i asked her": 1, 
            "lives in miami and of": 1, 
            "look so sweet you fine": 1, 
            "mama sita it's a black": 1, 
            "mamalopenga": 1, 
            "mamalopenga, mama sita it's a": 1, 
            "me spanish fly black girls": 1, 
            "me to feed her so": 1, 
            "meet her i heard of": 1, 
            "met her in the berries": 1, 
            "mexicans and cubans are all": 1, 
            "miami and of latin descent": 1, 
            "must be your guy she": 1, 
            "my finger and tonight you're": 1, 
            "my nickname, call me spanish": 1, 
            "my time should be spent": 1, 
            "name, she said juanita i": 1, 
            "nickname, call me spanish fly": 1, 
            "night dressed in a soft": 1, 
            "now i must be your": 1, 
            "of fast girls but she's": 1, 
            "of her perfume smells like": 1, 
            "of latin descent and being": 1, 
            "okay juanita now i must": 1, 
            "on a friday night dressed": 1, 
            "on my finger and tonight": 1, 
            "one to mamalopenga": 1, 
            "perfume smells like roses she's": 1, 
            "poses she lives in miami": 1, 
            "pretty lady, just suck on": 1, 
            "puerto ricans but the mexicans": 1, 
            "ricans but the mexicans and": 1, 
            "roses she's guarenteed to turn": 1, 
            "said hey pretty lady, just": 1, 
            "said juanita i just had": 1, 
            "said juanita's my nickname, call": 1, 
            "said she was hungry and": 1, 
            "senorita mamalopenga, mama sita it's": 1, 
            "she impresses the fragrance of": 1, 
            "she lives in miami and": 1, 
            "she poses she lives in": 1, 
            "she said juanita i just": 1, 
            "she said juanita's my nickname,": 1, 
            "she said she was hungry": 1, 
            "she was hungry and told": 1, 
            "she's a speeder she said": 1, 
            "she's guarenteed to turn heads": 1, 
            "should be spent i met": 1, 
            "silky dress colour virgin white": 1, 
            "sita it's a black thing": 1, 
            "smells like roses she's guarenteed": 1, 
            "so freakin' i like 'em": 1, 
            "so i got an expresso": 1, 
            "so sweet you fine senorita": 1, 
            "so you know it's sweeter": 1, 
            "soft silky dress colour virgin": 1, 
            "spanish fly black girls white": 1, 
            "speeder she said she was": 1, 
            "spent i met her in": 1, 
            "style and the way she": 1, 
            "suck on my finger and": 1, 
            "sweet you fine senorita mamalopenga,": 1, 
            "sweeter okay juanita now i": 1, 
            "the berries on a friday": 1, 
            "the coco cabana down in": 1, 
            "the fragrance of her perfume": 1, 
            "the mexicans and cubans are": 1, 
            "the one to mamalopenga": 1, 
            "the style and the way": 1, 
            "the way she impresses the": 1, 
            "thing baby so you know": 1, 
            "time should be spent i": 1, 
            "to ask cuz i just": 1, 
            "to feed her so i": 1, 
            "to mamalopenga": 1, 
            "to meet her i heard": 1, 
            "to turn heads whenever she": 1, 
            "told me to feed her": 1, 
            "tonight you're the one to": 1, 
            "town in little havana i": 1, 
            "turn heads whenever she poses": 1, 
            "virgin white i said hey": 1, 
            "was hungry and told me": 1, 
            "way she impresses the fragrance": 1, 
            "whenever she poses she lives": 1, 
            "white girls even puerto ricans": 1, 
            "white i said hey pretty": 1, 
            "with big 'ole chesses i": 1, 
            "with her is how my": 1, 
            "you fine senorita mamalopenga, mama": 1, 
            "you know it's sweeter okay": 1, 
            "you look so sweet you": 1, 
            "you're the one to mamalopenga": 1, 
            "your guy she said juanita's": 1
        }, 
        "6": {
            "": 826, 
            "'em in dresses with big 'ole": 1, 
            "'ole chesses i also like the": 1, 
            "a black thing baby so you": 1, 
            "a friday night dressed in a": 1, 
            "a hot burrito you look so": 1, 
            "a soft silky dress colour virgin": 1, 
            "a speeder she said she was": 1, 
            "all so freakin' i like 'em": 1, 
            "also like the style and the": 1, 
            "an expresso and a hot burrito": 1, 
            "and a hot burrito you look": 1, 
            "and being with her is how": 1, 
            "and cubans are all so freakin'": 1, 
            "and of latin descent and being": 1, 
            "and the way she impresses the": 1, 
            "and told me to feed her": 1, 
            "and tonight you're the one to": 1, 
            "are all so freakin' i like": 1, 
            "ask cuz i just had to": 1, 
            "asked her her name, she said": 1, 
            "at the coco cabana down in": 1, 
            "baby so you know it's sweeter": 1, 
            "be spent i met her in": 1, 
            "be your guy she said juanita's": 1, 
            "being with her is how my": 1, 
            "berries on a friday night dressed": 1, 
            "big 'ole chesses i also like": 1, 
            "black girls white girls even puerto": 1, 
            "black thing baby so you know": 1, 
            "bumped into her at the coco": 1, 
            "burrito you look so sweet you": 1, 
            "but she's a speeder she said": 1, 
            "but the mexicans and cubans are": 1, 
            "cabana down in cuban town in": 1, 
            "call me spanish fly black girls": 1, 
            "chesses i also like the style": 1, 
            "coco cabana down in cuban town": 1, 
            "colour virgin white i said hey": 1, 
            "cuban town in little havana i": 1, 
            "cubans are all so freakin' i": 1, 
            "cuz i just had to meet": 1, 
            "descent and being with her is": 1, 
            "down in cuban town in little": 1, 
            "dress colour virgin white i said": 1, 
            "dressed in a soft silky dress": 1, 
            "dresses with big 'ole chesses i": 1, 
            "even puerto ricans but the mexicans": 1, 
            "expresso and a hot burrito you": 1, 
            "fast girls but she's a speeder": 1, 
            "feed her so i got an": 1, 
            "fine senorita mamalopenga, mama sita it's": 1, 
            "finger and tonight you're the one": 1, 
            "fly black girls white girls even": 1, 
            "fragrance of her perfume smells like": 1, 
            "freakin' i like 'em in dresses": 1, 
            "friday night dressed in a soft": 1, 
            "girls but she's a speeder she": 1, 
            "girls even puerto ricans but the": 1, 
            "girls white girls even puerto ricans": 1, 
            "got an expresso and a hot": 1, 
            "guarenteed to turn heads whenever she": 1, 
            "guy she said juanita's my nickname,": 1, 
            "had to ask cuz i just": 1, 
            "had to meet her i heard": 1, 
            "havana i asked her her name,": 1, 
            "heads whenever she poses she lives": 1, 
            "heard of fast girls but she's": 1, 
            "her at the coco cabana down": 1, 
            "her her name, she said juanita": 1, 
            "her i heard of fast girls": 1, 
            "her in the berries on a": 1, 
            "her is how my time should": 1, 
            "her name, she said juanita i": 1, 
            "her perfume smells like roses she's": 1, 
            "her so i got an expresso": 1, 
            "hey pretty lady, just suck on": 1, 
            "hot burrito you look so sweet": 1, 
            "how my time should be spent": 1, 
            "hungry and told me to feed": 1, 
            "i also like the style and": 1, 
            "i asked her her name, she": 1, 
            "i bumped into her at the": 1, 
            "i got an expresso and a": 1, 
            "i heard of fast girls but": 1, 
            "i just had to ask cuz": 1, 
            "i just had to meet her": 1, 
            "i like 'em in dresses with": 1, 
            "i met her in the berries": 1, 
            "i must be your guy she": 1, 
            "i said hey pretty lady, just": 1, 
            "impresses the fragrance of her perfume": 1, 
            "in a soft silky dress colour": 1, 
            "in cuban town in little havana": 1, 
            "in dresses with big 'ole chesses": 1, 
            "in little havana i asked her": 1, 
            "in miami and of latin descent": 1, 
            "in the berries on a friday": 1, 
            "into her at the coco cabana": 1, 
            "is how my time should be": 1, 
            "it's a black thing baby so": 1, 
            "it's sweeter okay juanita now i": 1, 
            "juanita i just had to ask": 1, 
            "juanita now i must be your": 1, 
            "juanita's my nickname, call me spanish": 1, 
            "just had to ask cuz i": 1, 
            "just had to meet her i": 1, 
            "just suck on my finger and": 1, 
            "know it's sweeter okay juanita now": 1, 
            "lady, just suck on my finger": 1, 
            "latin descent and being with her": 1, 
            "like 'em in dresses with big": 1, 
            "like roses she's guarenteed to turn": 1, 
            "like the style and the way": 1, 
            "little havana i asked her her": 1, 
            "lives in miami and of latin": 1, 
            "look so sweet you fine senorita": 1, 
            "mama sita it's a black thing": 1, 
            "mamalopenga": 1, 
            "mamalopenga, mama sita it's a black": 1, 
            "me spanish fly black girls white": 1, 
            "me to feed her so i": 1, 
            "meet her i heard of fast": 1, 
            "met her in the berries on": 1, 
            "mexicans and cubans are all so": 1, 
            "miami and of latin descent and": 1, 
            "must be your guy she said": 1, 
            "my finger and tonight you're the": 1, 
            "my nickname, call me spanish fly": 1, 
            "my time should be spent i": 1, 
            "name, she said juanita i just": 1, 
            "nickname, call me spanish fly black": 1, 
            "night dressed in a soft silky": 1, 
            "now i must be your guy": 1, 
            "of fast girls but she's a": 1, 
            "of her perfume smells like roses": 1, 
            "of latin descent and being with": 1, 
            "okay juanita now i must be": 1, 
            "on a friday night dressed in": 1, 
            "on my finger and tonight you're": 1, 
            "one to mamalopenga": 1, 
            "perfume smells like roses she's guarenteed": 1, 
            "poses she lives in miami and": 1, 
            "pretty lady, just suck on my": 1, 
            "puerto ricans but the mexicans and": 1, 
            "ricans but the mexicans and cubans": 1, 
            "roses she's guarenteed to turn heads": 1, 
            "said hey pretty lady, just suck": 1, 
            "said juanita i just had to": 1, 
            "said juanita's my nickname, call me": 1, 
            "said she was hungry and told": 1, 
            "senorita mamalopenga, mama sita it's a": 1, 
            "she impresses the fragrance of her": 1, 
            "she lives in miami and of": 1, 
            "she poses she lives in miami": 1, 
            "she said juanita i just had": 1, 
            "she said juanita's my nickname, call": 1, 
            "she said she was hungry and": 1, 
            "she was hungry and told me": 1, 
            "she's a speeder she said she": 1, 
            "she's guarenteed to turn heads whenever": 1, 
            "should be spent i met her": 1, 
            "silky dress colour virgin white i": 1, 
            "sita it's a black thing baby": 1, 
            "smells like roses she's guarenteed to": 1, 
            "so freakin' i like 'em in": 1, 
            "so i got an expresso and": 1, 
            "so sweet you fine senorita mamalopenga,": 1, 
            "so you know it's sweeter okay": 1, 
            "soft silky dress colour virgin white": 1, 
            "spanish fly black girls white girls": 1, 
            "speeder she said she was hungry": 1, 
            "spent i met her in the": 1, 
            "style and the way she impresses": 1, 
            "suck on my finger and tonight": 1, 
            "sweet you fine senorita mamalopenga, mama": 1, 
            "sweeter okay juanita now i must": 1, 
            "the berries on a friday night": 1, 
            "the coco cabana down in cuban": 1, 
            "the fragrance of her perfume smells": 1, 
            "the mexicans and cubans are all": 1, 
            "the one to mamalopenga": 1, 
            "the style and the way she": 1, 
            "the way she impresses the fragrance": 1, 
            "thing baby so you know it's": 1, 
            "time should be spent i met": 1, 
            "to ask cuz i just had": 1, 
            "to feed her so i got": 1, 
            "to mamalopenga": 1, 
            "to meet her i heard of": 1, 
            "to turn heads whenever she poses": 1, 
            "told me to feed her so": 1, 
            "tonight you're the one to mamalopenga": 1, 
            "town in little havana i asked": 1, 
            "turn heads whenever she poses she": 1, 
            "virgin white i said hey pretty": 1, 
            "was hungry and told me to": 1, 
            "way she impresses the fragrance of": 1, 
            "whenever she poses she lives in": 1, 
            "white girls even puerto ricans but": 1, 
            "white i said hey pretty lady,": 1, 
            "with big 'ole chesses i also": 1, 
            "with her is how my time": 1, 
            "you fine senorita mamalopenga, mama sita": 1, 
            "you know it's sweeter okay juanita": 1, 
            "you look so sweet you fine": 1, 
            "you're the one to mamalopenga": 1, 
            "your guy she said juanita's my": 1
        }, 
        "7": {
            "": 825, 
            "'em in dresses with big 'ole chesses": 1, 
            "'ole chesses i also like the style": 1, 
            "a black thing baby so you know": 1, 
            "a friday night dressed in a soft": 1, 
            "a hot burrito you look so sweet": 1, 
            "a soft silky dress colour virgin white": 1, 
            "a speeder she said she was hungry": 1, 
            "all so freakin' i like 'em in": 1, 
            "also like the style and the way": 1, 
            "an expresso and a hot burrito you": 1, 
            "and a hot burrito you look so": 1, 
            "and being with her is how my": 1, 
            "and cubans are all so freakin' i": 1, 
            "and of latin descent and being with": 1, 
            "and the way she impresses the fragrance": 1, 
            "and told me to feed her so": 1, 
            "and tonight you're the one to mamalopenga": 1, 
            "are all so freakin' i like 'em": 1, 
            "ask cuz i just had to meet": 1, 
            "asked her her name, she said juanita": 1, 
            "at the coco cabana down in cuban": 1, 
            "baby so you know it's sweeter okay": 1, 
            "be spent i met her in the": 1, 
            "be your guy she said juanita's my": 1, 
            "being with her is how my time": 1, 
            "berries on a friday night dressed in": 1, 
            "big 'ole chesses i also like the": 1, 
            "black girls white girls even puerto ricans": 1, 
            "black thing baby so you know it's": 1, 
            "bumped into her at the coco cabana": 1, 
            "burrito you look so sweet you fine": 1, 
            "but she's a speeder she said she": 1, 
            "but the mexicans and cubans are all": 1, 
            "cabana down in cuban town in little": 1, 
            "call me spanish fly black girls white": 1, 
            "chesses i also like the style and": 1, 
            "coco cabana down in cuban town in": 1, 
            "colour virgin white i said hey pretty": 1, 
            "cuban town in little havana i asked": 1, 
            "cubans are all so freakin' i like": 1, 
            "cuz i just had to meet her": 1, 
            "descent and being with her is how": 1, 
            "down in cuban town in little havana": 1, 
            "dress colour virgin white i said hey": 1, 
            "dressed in a soft silky dress colour": 1, 
            "dresses with big 'ole chesses i also": 1, 
            "even puerto ricans but the mexicans and": 1, 
            "expresso and a hot burrito you look": 1, 
            "fast girls but she's a speeder she": 1, 
            "feed her so i got an expresso": 1, 
            "fine senorita mamalopenga, mama sita it's a": 1, 
            "finger and tonight you're the one to": 1, 
            "fly black girls white girls even puerto": 1, 
            "fragrance of her perfume smells like roses": 1, 
            "freakin' i like 'em in dresses with": 1, 
            "friday night dressed in a soft silky": 1, 
            "girls but she's a speeder she said": 1, 
            "girls even puerto ricans but the mexicans": 1, 
            "girls white girls even puerto ricans but": 1, 
            "got an expresso and a hot burrito": 1, 
            "guarenteed to turn heads whenever she poses": 1, 
            "guy she said juanita's my nickname, call": 1, 
            "had to ask cuz i just had": 1, 
            "had to meet her i heard of": 1, 
            "havana i asked her her name, she": 1, 
            "heads whenever she poses she lives in": 1, 
            "heard of fast girls but she's a": 1, 
            "her at the coco cabana down in": 1, 
            "her her name, she said juanita i": 1, 
            "her i heard of fast girls but": 1, 
            "her in the berries on a friday": 1, 
            "her is how my time should be": 1, 
            "her name, she said juanita i just": 1, 
            "her perfume smells like roses she's guarenteed": 1, 
            "her so i got an expresso and": 1, 
            "hey pretty lady, just suck on my": 1, 
            "hot burrito you look so sweet you": 1, 
            "how my time should be spent i": 1, 
            "hungry and told me to feed her": 1, 
            "i also like the style and the": 1, 
            "i asked her her name, she said": 1, 
            "i bumped into her at the coco": 1, 
            "i got an expresso and a hot": 1, 
            "i heard of fast girls but she's": 1, 
            "i just had to ask cuz i": 1, 
            "i just had to meet her i": 1, 
            "i like 'em in dresses with big": 1, 
            "i met her in the berries on": 1, 
            "i must be your guy she said": 1, 
            "i said hey pretty lady, just suck": 1, 
            "impresses the fragrance of her perfume smells": 1, 
            "in a soft silky dress colour virgin": 1, 
            "in cuban town in little havana i": 1, 
            "in dresses with big 'ole chesses i": 1, 
            "in little havana i asked her her": 1, 
            "in miami and of latin descent and": 1, 
            "in the berries on a friday night": 1, 
            "into her at the coco cabana down": 1, 
            "is how my time should be spent": 1, 
            "it's a black thing baby so you": 1, 
            "it's sweeter okay juanita now i must": 1, 
            "juanita i just had to ask cuz": 1, 
            "juanita now i must be your guy": 1, 
            "juanita's my nickname, call me spanish fly": 1, 
            "just had to ask cuz i just": 1, 
            "just had to meet her i heard": 1, 
            "just suck on my finger and tonight": 1, 
            "know it's sweeter okay juanita now i": 1, 
            "lady, just suck on my finger and": 1, 
            "latin descent and being with her is": 1, 
            "like 'em in dresses with big 'ole": 1, 
            "like roses she's guarenteed to turn heads": 1, 
            "like the style and the way she": 1, 
            "little havana i asked her her name,": 1, 
            "lives in miami and of latin descent": 1, 
            "look so sweet you fine senorita mamalopenga,": 1, 
            "mama sita it's a black thing baby": 1, 
            "mamalopenga": 1, 
            "mamalopenga, mama sita it's a black thing": 1, 
            "me spanish fly black girls white girls": 1, 
            "me to feed her so i got": 1, 
            "meet her i heard of fast girls": 1, 
            "met her in the berries on a": 1, 
            "mexicans and cubans are all so freakin'": 1, 
            "miami and of latin descent and being": 1, 
            "must be your guy she said juanita's": 1, 
            "my finger and tonight you're the one": 1, 
            "my nickname, call me spanish fly black": 1, 
            "my time should be spent i met": 1, 
            "name, she said juanita i just had": 1, 
            "nickname, call me spanish fly black girls": 1, 
            "night dressed in a soft silky dress": 1, 
            "now i must be your guy she": 1, 
            "of fast girls but she's a speeder": 1, 
            "of her perfume smells like roses she's": 1, 
            "of latin descent and being with her": 1, 
            "okay juanita now i must be your": 1, 
            "on a friday night dressed in a": 1, 
            "on my finger and tonight you're the": 1, 
            "one to mamalopenga": 1, 
            "perfume smells like roses she's guarenteed to": 1, 
            "poses she lives in miami and of": 1, 
            "pretty lady, just suck on my finger": 1, 
            "puerto ricans but the mexicans and cubans": 1, 
            "ricans but the mexicans and cubans are": 1, 
            "roses she's guarenteed to turn heads whenever": 1, 
            "said hey pretty lady, just suck on": 1, 
            "said juanita i just had to ask": 1, 
            "said juanita's my nickname, call me spanish": 1, 
            "said she was hungry and told me": 1, 
            "senorita mamalopenga, mama sita it's a black": 1, 
            "she impresses the fragrance of her perfume": 1, 
            "she lives in miami and of latin": 1, 
            "she poses she lives in miami and": 1, 
            "she said juanita i just had to": 1, 
            "she said juanita's my nickname, call me": 1, 
            "she said she was hungry and told": 1, 
            "she was hungry and told me to": 1, 
            "she's a speeder she said she was": 1, 
            "she's guarenteed to turn heads whenever she": 1, 
            "should be spent i met her in": 1, 
            "silky dress colour virgin white i said": 1, 
            "sita it's a black thing baby so": 1, 
            "smells like roses she's guarenteed to turn": 1, 
            "so freakin' i like 'em in dresses": 1, 
            "so i got an expresso and a": 1, 
            "so sweet you fine senorita mamalopenga, mama": 1, 
            "so you know it's sweeter okay juanita": 1, 
            "soft silky dress colour virgin white i": 1, 
            "spanish fly black girls white girls even": 1, 
            "speeder she said she was hungry and": 1, 
            "spent i met her in the berries": 1, 
            "style and the way she impresses the": 1, 
            "suck on my finger and tonight you're": 1, 
            "sweet you fine senorita mamalopenga, mama sita": 1, 
            "sweeter okay juanita now i must be": 1, 
            "the berries on a friday night dressed": 1, 
            "the coco cabana down in cuban town": 1, 
            "the fragrance of her perfume smells like": 1, 
            "the mexicans and cubans are all so": 1, 
            "the one to mamalopenga": 1, 
            "the style and the way she impresses": 1, 
            "the way she impresses the fragrance of": 1, 
            "thing baby so you know it's sweeter": 1, 
            "time should be spent i met her": 1, 
            "to ask cuz i just had to": 1, 
            "to feed her so i got an": 1, 
            "to mamalopenga": 1, 
            "to meet her i heard of fast": 1, 
            "to turn heads whenever she poses she": 1, 
            "told me to feed her so i": 1, 
            "tonight you're the one to mamalopenga": 1, 
            "town in little havana i asked her": 1, 
            "turn heads whenever she poses she lives": 1, 
            "virgin white i said hey pretty lady,": 1, 
            "was hungry and told me to feed": 1, 
            "way she impresses the fragrance of her": 1, 
            "whenever she poses she lives in miami": 1, 
            "white girls even puerto ricans but the": 1, 
            "white i said hey pretty lady, just": 1, 
            "with big 'ole chesses i also like": 1, 
            "with her is how my time should": 1, 
            "you fine senorita mamalopenga, mama sita it's": 1, 
            "you know it's sweeter okay juanita now": 1, 
            "you look so sweet you fine senorita": 1, 
            "you're the one to mamalopenga": 1, 
            "your guy she said juanita's my nickname,": 1
        }, 
        "8": {
            "": 824, 
            "'em in dresses with big 'ole chesses i": 1, 
            "'ole chesses i also like the style and": 1, 
            "a black thing baby so you know it's": 1, 
            "a friday night dressed in a soft silky": 1, 
            "a hot burrito you look so sweet you": 1, 
            "a soft silky dress colour virgin white i": 1, 
            "a speeder she said she was hungry and": 1, 
            "all so freakin' i like 'em in dresses": 1, 
            "also like the style and the way she": 1, 
            "an expresso and a hot burrito you look": 1, 
            "and a hot burrito you look so sweet": 1, 
            "and being with her is how my time": 1, 
            "and cubans are all so freakin' i like": 1, 
            "and of latin descent and being with her": 1, 
            "and the way she impresses the fragrance of": 1, 
            "and told me to feed her so i": 1, 
            "and tonight you're the one to mamalopenga": 1, 
            "are all so freakin' i like 'em in": 1, 
            "ask cuz i just had to meet her": 1, 
            "asked her her name, she said juanita i": 1, 
            "at the coco cabana down in cuban town": 1, 
            "baby so you know it's sweeter okay juanita": 1, 
            "be spent i met her in the berries": 1, 
            "be your guy she said juanita's my nickname,": 1, 
            "being with her is how my time should": 1, 
            "berries on a friday night dressed in a": 1, 
            "big 'ole chesses i also like the style": 1, 
            "black girls white girls even puerto ricans but": 1, 
            "black thing baby so you know it's sweeter": 1, 
            "bumped into her at the coco cabana down": 1, 
            "burrito you look so sweet you fine senorita": 1, 
            "but she's a speeder she said she was": 1, 
            "but the mexicans and cubans are all so": 1, 
            "cabana down in cuban town in little havana": 1, 
            "call me spanish fly black girls white girls": 1, 
            "chesses i also like the style and the": 1, 
            "coco cabana down in cuban town in little": 1, 
            "colour virgin white i said hey pretty lady,": 1, 
            "cuban town in little havana i asked her": 1, 
            "cubans are all so freakin' i like 'em": 1, 
            "cuz i just had to meet her i": 1, 
            "descent and being with her is how my": 1, 
            "down in cuban town in little havana i": 1, 
            "dress colour virgin white i said hey pretty": 1, 
            "dressed in a soft silky dress colour virgin": 1, 
            "dresses with big 'ole chesses i also like": 1, 
            "even puerto ricans but the mexicans and cubans": 1, 
            "expresso and a hot burrito you look so": 1, 
            "fast girls but she's a speeder she said": 1, 
            "feed her so i got an expresso and": 1, 
            "fine senorita mamalopenga, mama sita it's a black": 1, 
            "finger and tonight you're the one to mamalopenga": 1, 
            "fly black girls white girls even puerto ricans": 1, 
            "fragrance of her perfume smells like roses she's": 1, 
            "freakin' i like 'em in dresses with big": 1, 
            "friday night dressed in a soft silky dress": 1, 
            "girls but she's a speeder she said she": 1, 
            "girls even puerto ricans but the mexicans and": 1, 
            "girls white girls even puerto ricans but the": 1, 
            "got an expresso and a hot burrito you": 1, 
            "guarenteed to turn heads whenever she poses she": 1, 
            "guy she said juanita's my nickname, call me": 1, 
            "had to ask cuz i just had to": 1, 
            "had to meet her i heard of fast": 1, 
            "havana i asked her her name, she said": 1, 
            "heads whenever she poses she lives in miami": 1, 
            "heard of fast girls but she's a speeder": 1, 
            "her at the coco cabana down in cuban": 1, 
            "her her name, she said juanita i just": 1, 
            "her i heard of fast girls but she's": 1, 
            "her in the berries on a friday night": 1, 
            "her is how my time should be spent": 1, 
            "her name, she said juanita i just had": 1, 
            "her perfume smells like roses she's guarenteed to": 1, 
            "her so i got an expresso and a": 1, 
            "hey pretty lady, just suck on my finger": 1, 
            "hot burrito you look so sweet you fine": 1, 
            "how my time should be spent i met": 1, 
            "hungry and told me to feed her so": 1, 
            "i also like the style and the way": 1, 
            "i asked her her name, she said juanita": 1, 
            "i bumped into her at the coco cabana": 1, 
            "i got an expresso and a hot burrito": 1, 
            "i heard of fast girls but she's a": 1, 
            "i just had to ask cuz i just": 1, 
            "i just had to meet her i heard": 1, 
            "i like 'em in dresses with big 'ole": 1, 
            "i met her in the berries on a": 1, 
            "i must be your guy she said juanita's": 1, 
            "i said hey pretty lady, just suck on": 1, 
            "impresses the fragrance of her perfume smells like": 1, 
            "in a soft silky dress colour virgin white": 1, 
            "in cuban town in little havana i asked": 1, 
            "in dresses with big 'ole chesses i also": 1, 
            "in little havana i asked her her name,": 1, 
            "in miami and of latin descent and being": 1, 
            "in the berries on a friday night dressed": 1, 
            "into her at the coco cabana down in": 1, 
            "is how my time should be spent i": 1, 
            "it's a black thing baby so you know": 1, 
            "it's sweeter okay juanita now i must be": 1, 
            "juanita i just had to ask cuz i": 1, 
            "juanita now i must be your guy she": 1, 
            "juanita's my nickname, call me spanish fly black": 1, 
            "just had to ask cuz i just had": 1, 
            "just had to meet her i heard of": 1, 
            "just suck on my finger and tonight you're": 1, 
            "know it's sweeter okay juanita now i must": 1, 
            "lady, just suck on my finger and tonight": 1, 
            "latin descent and being with her is how": 1, 
            "like 'em in dresses with big 'ole chesses": 1, 
            "like roses she's guarenteed to turn heads whenever": 1, 
            "like the style and the way she impresses": 1, 
            "little havana i asked her her name, she": 1, 
            "lives in miami and of latin descent and": 1, 
            "look so sweet you fine senorita mamalopenga, mama": 1, 
            "mama sita it's a black thing baby so": 1, 
            "mamalopenga": 1, 
            "mamalopenga, mama sita it's a black thing baby": 1, 
            "me spanish fly black girls white girls even": 1, 
            "me to feed her so i got an": 1, 
            "meet her i heard of fast girls but": 1, 
            "met her in the berries on a friday": 1, 
            "mexicans and cubans are all so freakin' i": 1, 
            "miami and of latin descent and being with": 1, 
            "must be your guy she said juanita's my": 1, 
            "my finger and tonight you're the one to": 1, 
            "my nickname, call me spanish fly black girls": 1, 
            "my time should be spent i met her": 1, 
            "name, she said juanita i just had to": 1, 
            "nickname, call me spanish fly black girls white": 1, 
            "night dressed in a soft silky dress colour": 1, 
            "now i must be your guy she said": 1, 
            "of fast girls but she's a speeder she": 1, 
            "of her perfume smells like roses she's guarenteed": 1, 
            "of latin descent and being with her is": 1, 
            "okay juanita now i must be your guy": 1, 
            "on a friday night dressed in a soft": 1, 
            "on my finger and tonight you're the one": 1, 
            "one to mamalopenga": 1, 
            "perfume smells like roses she's guarenteed to turn": 1, 
            "poses she lives in miami and of latin": 1, 
            "pretty lady, just suck on my finger and": 1, 
            "puerto ricans but the mexicans and cubans are": 1, 
            "ricans but the mexicans and cubans are all": 1, 
            "roses she's guarenteed to turn heads whenever she": 1, 
            "said hey pretty lady, just suck on my": 1, 
            "said juanita i just had to ask cuz": 1, 
            "said juanita's my nickname, call me spanish fly": 1, 
            "said she was hungry and told me to": 1, 
            "senorita mamalopenga, mama sita it's a black thing": 1, 
            "she impresses the fragrance of her perfume smells": 1, 
            "she lives in miami and of latin descent": 1, 
            "she poses she lives in miami and of": 1, 
            "she said juanita i just had to ask": 1, 
            "she said juanita's my nickname, call me spanish": 1, 
            "she said she was hungry and told me": 1, 
            "she was hungry and told me to feed": 1, 
            "she's a speeder she said she was hungry": 1, 
            "she's guarenteed to turn heads whenever she poses": 1, 
            "should be spent i met her in the": 1, 
            "silky dress colour virgin white i said hey": 1, 
            "sita it's a black thing baby so you": 1, 
            "smells like roses she's guarenteed to turn heads": 1, 
            "so freakin' i like 'em in dresses with": 1, 
            "so i got an expresso and a hot": 1, 
            "so sweet you fine senorita mamalopenga, mama sita": 1, 
            "so you know it's sweeter okay juanita now": 1, 
            "soft silky dress colour virgin white i said": 1, 
            "spanish fly black girls white girls even puerto": 1, 
            "speeder she said she was hungry and told": 1, 
            "spent i met her in the berries on": 1, 
            "style and the way she impresses the fragrance": 1, 
            "suck on my finger and tonight you're the": 1, 
            "sweet you fine senorita mamalopenga, mama sita it's": 1, 
            "sweeter okay juanita now i must be your": 1, 
            "the berries on a friday night dressed in": 1, 
            "the coco cabana down in cuban town in": 1, 
            "the fragrance of her perfume smells like roses": 1, 
            "the mexicans and cubans are all so freakin'": 1, 
            "the one to mamalopenga": 1, 
            "the style and the way she impresses the": 1, 
            "the way she impresses the fragrance of her": 1, 
            "thing baby so you know it's sweeter okay": 1, 
            "time should be spent i met her in": 1, 
            "to ask cuz i just had to meet": 1, 
            "to feed her so i got an expresso": 1, 
            "to mamalopenga": 1, 
            "to meet her i heard of fast girls": 1, 
            "to turn heads whenever she poses she lives": 1, 
            "told me to feed her so i got": 1, 
            "tonight you're the one to mamalopenga": 1, 
            "town in little havana i asked her her": 1, 
            "turn heads whenever she poses she lives in": 1, 
            "virgin white i said hey pretty lady, just": 1, 
            "was hungry and told me to feed her": 1, 
            "way she impresses the fragrance of her perfume": 1, 
            "whenever she poses she lives in miami and": 1, 
            "white girls even puerto ricans but the mexicans": 1, 
            "white i said hey pretty lady, just suck": 1, 
            "with big 'ole chesses i also like the": 1, 
            "with her is how my time should be": 1, 
            "you fine senorita mamalopenga, mama sita it's a": 1, 
            "you know it's sweeter okay juanita now i": 1, 
            "you look so sweet you fine senorita mamalopenga,": 1, 
            "you're the one to mamalopenga": 1, 
            "your guy she said juanita's my nickname, call": 1
        }
    }, 
    "song_title": "2 Live Crew Banned in the USA Mamalopenga", 
    "total_words": [
        207, 
        {
            "'em": 1, 
            "'ole": 1, 
            "a": 5, 
            "all": 1, 
            "also": 1, 
            "an": 1, 
            "and": 7, 
            "are": 1, 
            "ask": 1, 
            "asked": 1, 
            "at": 1, 
            "baby": 1, 
            "be": 2, 
            "being": 1, 
            "berries": 1, 
            "big": 1, 
            "black": 2, 
            "bumped": 1, 
            "burrito": 1, 
            "but": 2, 
            "cabana": 1, 
            "call": 1, 
            "chesses": 1, 
            "coco": 1, 
            "colour": 1, 
            "cuban": 1, 
            "cubans": 1, 
            "cuz": 1, 
            "descent": 1, 
            "down": 1, 
            "dress": 1, 
            "dressed": 1, 
            "dresses": 1, 
            "even": 1, 
            "expresso": 1, 
            "fast": 1, 
            "feed": 1, 
            "fine": 1, 
            "finger": 1, 
            "fly": 1, 
            "fragrance": 1, 
            "freakin'": 1, 
            "friday": 1, 
            "girls": 3, 
            "got": 1, 
            "guarenteed": 1, 
            "guy": 1, 
            "had": 2, 
            "havana": 1, 
            "heads": 1, 
            "heard": 1, 
            "her": 8, 
            "hey": 1, 
            "hot": 1, 
            "how": 1, 
            "hungry": 1, 
            "i": 11, 
            "impresses": 1, 
            "in": 6, 
            "into": 1, 
            "is": 1, 
            "it's": 2, 
            "juanita": 2, 
            "juanita's": 1, 
            "just": 3, 
            "know": 1, 
            "lady,": 1, 
            "latin": 1, 
            "like": 3, 
            "little": 1, 
            "lives": 1, 
            "look": 1, 
            "mama": 1, 
            "mamalopenga": 1, 
            "mamalopenga,": 1, 
            "me": 2, 
            "meet": 1, 
            "met": 1, 
            "mexicans": 1, 
            "miami": 1, 
            "must": 1, 
            "my": 3, 
            "name,": 1, 
            "nickname,": 1, 
            "night": 1, 
            "now": 1, 
            "of": 3, 
            "okay": 1, 
            "on": 2, 
            "one": 1, 
            "perfume": 1, 
            "poses": 1, 
            "pretty": 1, 
            "puerto": 1, 
            "ricans": 1, 
            "roses": 1, 
            "said": 4, 
            "senorita": 1, 
            "she": 7, 
            "she's": 2, 
            "should": 1, 
            "silky": 1, 
            "sita": 1, 
            "smells": 1, 
            "so": 4, 
            "soft": 1, 
            "spanish": 1, 
            "speeder": 1, 
            "spent": 1, 
            "style": 1, 
            "suck": 1, 
            "sweet": 1, 
            "sweeter": 1, 
            "the": 7, 
            "thing": 1, 
            "time": 1, 
            "to": 5, 
            "told": 1, 
            "tonight": 1, 
            "town": 1, 
            "turn": 1, 
            "virgin": 1, 
            "was": 1, 
            "way": 1, 
            "whenever": 1, 
            "white": 2, 
            "with": 2, 
            "you": 3, 
            "you're": 1, 
            "your": 1
        }
    ], 
    "unique_words": [
        130, 
        [
            "feed", 
            "cubans", 
            "all", 
            "just", 
            "being", 
            "girls", 
            "into", 
            "cuz", 
            "down", 
            "spanish", 
            "mamalopenga", 
            "fine", 
            "your", 
            "'em", 
            "freakin'", 
            "one", 
            "lady,", 
            "little", 
            "poses", 
            "heads", 
            "her", 
            "also", 
            "it's", 
            "had", 
            "hey", 
            "fast", 
            "should", 
            "to", 
            "black", 
            "pretty", 
            "sweet", 
            "mama", 
            "call", 
            "white", 
            "was", 
            "speeder", 
            "fly", 
            "smells", 
            "impresses", 
            "on", 
            "big", 
            "name,", 
            "mamalopenga,", 
            "but", 
            "havana", 
            "lives", 
            "know", 
            "puerto", 
            "baby", 
            "nickname,", 
            "now", 
            "with", 
            "must", 
            "me", 
            "look", 
            "ricans", 
            "perfume", 
            "miami", 
            "she", 
            "sweeter", 
            "night", 
            "coco", 
            "meet", 
            "guy", 
            "spent", 
            "my", 
            "are", 
            "and", 
            "soft", 
            "expresso", 
            "whenever", 
            "senorita", 
            "sita", 
            "is", 
            "an", 
            "tonight", 
            "heard", 
            "way", 
            "at", 
            "in", 
            "turn", 
            "dress", 
            "virgin", 
            "even", 
            "silky", 
            "said", 
            "descent", 
            "juanita", 
            "dressed", 
            "how", 
            "cabana", 
            "roses", 
            "mexicans", 
            "finger", 
            "got", 
            "you", 
            "you're", 
            "dresses", 
            "told", 
            "guarenteed", 
            "be", 
            "latin", 
            "okay", 
            "'ole", 
            "friday", 
            "style", 
            "like", 
            "town", 
            "ask", 
            "suck", 
            "juanita's", 
            "a", 
            "bumped", 
            "cuban", 
            "fragrance", 
            "burrito", 
            "met", 
            "i", 
            "of", 
            "colour", 
            "chesses", 
            "hungry", 
            "hot", 
            "thing", 
            "so", 
            "time", 
            "she's", 
            "the", 
            "berries", 
            "asked"
        ]
    ], 
    "year": 1990
}