{
    "album": "Ill Communication", 
    "artist": "Beastie Boys", 
    "lyrics": "Moon Me!\n\nSo, Just Sit Back And Max And Relax\nOff Tracks That I Kick, Come On And Give It Up\n'CauseI Get Funky Like Diaper Rash\nAnd You Know I'm Mad Spunky And I'm Making Cash\nI've Got Sex Rhymes Like Victoria's Got Secrets\nTo All You Porne Peepers Who Are Trying To Peep This\nI'm Like Al Goldstein, I'm All About Screwing\nLead My Team To Sixty Wins Like My Man Pat Ewing\nLike Getting Shot Out The Barrel Of A Wave\nLike Virgin Pow On The Peaks Of A.K.\nLike A Sound That To The Depths Of The Soul\nWell That's The Feeling That I Make My Goal\n\nA Little Wine With My Dinner So I'm In The Grape Ape\nI Feel Like A Winner When I Make A Mix Tape\nBecause I Get Ill When I'm On The Pause Button\nAnd I Get My Fill And You Can't Say Nothing\nMore Soul On This Train Then Don Cornelious\nGot The Mad Subwoofer Pumping Bass For Your Anus\nJust Getting On The Mic At The Monthly Function\nWires Hitting Switches Connecting At The Junction\nPerlman's Got Beats And It Ain't No Secret\nDante Found His Shit But You Know He Freaked It\nAnd So The Story Goes On And On\nDown In S.D. 50 'till Early Morning\n", 
    "ngrams": {
        "2": {
            "": 852, 
            "'causei get": 1, 
            "'till early": 1, 
            "50 'till": 1, 
            "a little": 1, 
            "a mix": 1, 
            "a sound": 1, 
            "a wave": 1, 
            "a winner": 1, 
            "about screwing": 1, 
            "ain't no": 1, 
            "ak like": 1, 
            "al goldstein,": 1, 
            "all about": 1, 
            "all you": 1, 
            "and give": 1, 
            "and i": 1, 
            "and i'm": 1, 
            "and it": 1, 
            "and max": 1, 
            "and on": 1, 
            "and relax": 1, 
            "and so": 1, 
            "and you": 2, 
            "anus just": 1, 
            "ape i": 1, 
            "are trying": 1, 
            "at the": 2, 
            "back and": 1, 
            "barrel of": 1, 
            "bass for": 1, 
            "beats and": 1, 
            "because i": 1, 
            "but you": 1, 
            "button and": 1, 
            "can't say": 1, 
            "cash i've": 1, 
            "come on": 1, 
            "connecting at": 1, 
            "cornelious got": 1, 
            "dante found": 1, 
            "depths of": 1, 
            "diaper rash": 1, 
            "dinner so": 1, 
            "don cornelious": 1, 
            "down in": 1, 
            "early morning": 1, 
            "ewing like": 1, 
            "feel like": 1, 
            "feeling that": 1, 
            "fill and": 1, 
            "for your": 1, 
            "found his": 1, 
            "freaked it": 1, 
            "function wires": 1, 
            "funky like": 1, 
            "get funky": 1, 
            "get ill": 1, 
            "get my": 1, 
            "getting on": 1, 
            "getting shot": 1, 
            "give it": 1, 
            "goal a": 1, 
            "goes on": 1, 
            "goldstein, i'm": 1, 
            "got beats": 1, 
            "got secrets": 1, 
            "got sex": 1, 
            "got the": 1, 
            "grape ape": 1, 
            "he freaked": 1, 
            "his shit": 1, 
            "hitting switches": 1, 
            "i feel": 1, 
            "i get": 2, 
            "i kick,": 1, 
            "i make": 2, 
            "i'm all": 1, 
            "i'm in": 1, 
            "i'm like": 1, 
            "i'm mad": 1, 
            "i'm making": 1, 
            "i'm on": 1, 
            "i've got": 1, 
            "ill when": 1, 
            "in sd": 1, 
            "in the": 1, 
            "it ain't": 1, 
            "it and": 1, 
            "it up": 1, 
            "junction perlman's": 1, 
            "just getting": 1, 
            "just sit": 1, 
            "kick, come": 1, 
            "know he": 1, 
            "know i'm": 1, 
            "lead my": 1, 
            "like a": 2, 
            "like al": 1, 
            "like diaper": 1, 
            "like getting": 1, 
            "like my": 1, 
            "like victoria's": 1, 
            "like virgin": 1, 
            "little wine": 1, 
            "mad spunky": 1, 
            "mad subwoofer": 1, 
            "make a": 1, 
            "make my": 1, 
            "making cash": 1, 
            "man pat": 1, 
            "max and": 1, 
            "me so,": 1, 
            "mic at": 1, 
            "mix tape": 1, 
            "monthly function": 1, 
            "moon me": 1, 
            "more soul": 1, 
            "morning": 1, 
            "my dinner": 1, 
            "my fill": 1, 
            "my goal": 1, 
            "my man": 1, 
            "my team": 1, 
            "no secret": 1, 
            "nothing more": 1, 
            "of a": 1, 
            "of ak": 1, 
            "of the": 1, 
            "off tracks": 1, 
            "on and": 2, 
            "on down": 1, 
            "on the": 3, 
            "on this": 1, 
            "out the": 1, 
            "pat ewing": 1, 
            "pause button": 1, 
            "peaks of": 1, 
            "peep this": 1, 
            "peepers who": 1, 
            "perlman's got": 1, 
            "porne peepers": 1, 
            "pow on": 1, 
            "pumping bass": 1, 
            "rash and": 1, 
            "relax off": 1, 
            "rhymes like": 1, 
            "say nothing": 1, 
            "screwing lead": 1, 
            "sd 50": 1, 
            "secret dante": 1, 
            "secrets to": 1, 
            "sex rhymes": 1, 
            "shit but": 1, 
            "shot out": 1, 
            "sit back": 1, 
            "sixty wins": 1, 
            "so i'm": 1, 
            "so the": 1, 
            "so, just": 1, 
            "soul on": 1, 
            "soul well": 1, 
            "sound that": 1, 
            "spunky and": 1, 
            "story goes": 1, 
            "subwoofer pumping": 1, 
            "switches connecting": 1, 
            "tape because": 1, 
            "team to": 1, 
            "that i": 2, 
            "that to": 1, 
            "that's the": 1, 
            "the barrel": 1, 
            "the depths": 1, 
            "the feeling": 1, 
            "the grape": 1, 
            "the junction": 1, 
            "the mad": 1, 
            "the mic": 1, 
            "the monthly": 1, 
            "the pause": 1, 
            "the peaks": 1, 
            "the soul": 1, 
            "the story": 1, 
            "then don": 1, 
            "this i'm": 1, 
            "this train": 1, 
            "to all": 1, 
            "to peep": 1, 
            "to sixty": 1, 
            "to the": 1, 
            "tracks that": 1, 
            "train then": 1, 
            "trying to": 1, 
            "up 'causei": 1, 
            "victoria's got": 1, 
            "virgin pow": 1, 
            "wave like": 1, 
            "well that's": 1, 
            "when i": 1, 
            "when i'm": 1, 
            "who are": 1, 
            "wine with": 1, 
            "winner when": 1, 
            "wins like": 1, 
            "wires hitting": 1, 
            "with my": 1, 
            "you can't": 1, 
            "you know": 2, 
            "you porne": 1, 
            "your anus": 1
        }, 
        "3": {
            "": 851, 
            "'causei get funky": 1, 
            "'till early morning": 1, 
            "50 'till early": 1, 
            "a little wine": 1, 
            "a mix tape": 1, 
            "a sound that": 1, 
            "a wave like": 1, 
            "a winner when": 1, 
            "about screwing lead": 1, 
            "ain't no secret": 1, 
            "ak like a": 1, 
            "al goldstein, i'm": 1, 
            "all about screwing": 1, 
            "all you porne": 1, 
            "and give it": 1, 
            "and i get": 1, 
            "and i'm making": 1, 
            "and it ain't": 1, 
            "and max and": 1, 
            "and on down": 1, 
            "and relax off": 1, 
            "and so the": 1, 
            "and you can't": 1, 
            "and you know": 1, 
            "anus just getting": 1, 
            "ape i feel": 1, 
            "are trying to": 1, 
            "at the junction": 1, 
            "at the monthly": 1, 
            "back and max": 1, 
            "barrel of a": 1, 
            "bass for your": 1, 
            "beats and it": 1, 
            "because i get": 1, 
            "but you know": 1, 
            "button and i": 1, 
            "can't say nothing": 1, 
            "cash i've got": 1, 
            "come on and": 1, 
            "connecting at the": 1, 
            "cornelious got the": 1, 
            "dante found his": 1, 
            "depths of the": 1, 
            "diaper rash and": 1, 
            "dinner so i'm": 1, 
            "don cornelious got": 1, 
            "down in sd": 1, 
            "early morning": 1, 
            "ewing like getting": 1, 
            "feel like a": 1, 
            "feeling that i": 1, 
            "fill and you": 1, 
            "for your anus": 1, 
            "found his shit": 1, 
            "freaked it and": 1, 
            "function wires hitting": 1, 
            "funky like diaper": 1, 
            "get funky like": 1, 
            "get ill when": 1, 
            "get my fill": 1, 
            "getting on the": 1, 
            "getting shot out": 1, 
            "give it up": 1, 
            "goal a little": 1, 
            "goes on and": 1, 
            "goldstein, i'm all": 1, 
            "got beats and": 1, 
            "got secrets to": 1, 
            "got sex rhymes": 1, 
            "got the mad": 1, 
            "grape ape i": 1, 
            "he freaked it": 1, 
            "his shit but": 1, 
            "hitting switches connecting": 1, 
            "i feel like": 1, 
            "i get ill": 1, 
            "i get my": 1, 
            "i kick, come": 1, 
            "i make a": 1, 
            "i make my": 1, 
            "i'm all about": 1, 
            "i'm in the": 1, 
            "i'm like al": 1, 
            "i'm mad spunky": 1, 
            "i'm making cash": 1, 
            "i'm on the": 1, 
            "i've got sex": 1, 
            "ill when i'm": 1, 
            "in sd 50": 1, 
            "in the grape": 1, 
            "it ain't no": 1, 
            "it and so": 1, 
            "it up 'causei": 1, 
            "junction perlman's got": 1, 
            "just getting on": 1, 
            "just sit back": 1, 
            "kick, come on": 1, 
            "know he freaked": 1, 
            "know i'm mad": 1, 
            "lead my team": 1, 
            "like a sound": 1, 
            "like a winner": 1, 
            "like al goldstein,": 1, 
            "like diaper rash": 1, 
            "like getting shot": 1, 
            "like my man": 1, 
            "like victoria's got": 1, 
            "like virgin pow": 1, 
            "little wine with": 1, 
            "mad spunky and": 1, 
            "mad subwoofer pumping": 1, 
            "make a mix": 1, 
            "make my goal": 1, 
            "making cash i've": 1, 
            "man pat ewing": 1, 
            "max and relax": 1, 
            "me so, just": 1, 
            "mic at the": 1, 
            "mix tape because": 1, 
            "monthly function wires": 1, 
            "moon me so,": 1, 
            "more soul on": 1, 
            "morning": 1, 
            "my dinner so": 1, 
            "my fill and": 1, 
            "my goal a": 1, 
            "my man pat": 1, 
            "my team to": 1, 
            "no secret dante": 1, 
            "nothing more soul": 1, 
            "of a wave": 1, 
            "of ak like": 1, 
            "of the soul": 1, 
            "off tracks that": 1, 
            "on and give": 1, 
            "on and on": 1, 
            "on down in": 1, 
            "on the mic": 1, 
            "on the pause": 1, 
            "on the peaks": 1, 
            "on this train": 1, 
            "out the barrel": 1, 
            "pat ewing like": 1, 
            "pause button and": 1, 
            "peaks of ak": 1, 
            "peep this i'm": 1, 
            "peepers who are": 1, 
            "perlman's got beats": 1, 
            "porne peepers who": 1, 
            "pow on the": 1, 
            "pumping bass for": 1, 
            "rash and you": 1, 
            "relax off tracks": 1, 
            "rhymes like victoria's": 1, 
            "say nothing more": 1, 
            "screwing lead my": 1, 
            "sd 50 'till": 1, 
            "secret dante found": 1, 
            "secrets to all": 1, 
            "sex rhymes like": 1, 
            "shit but you": 1, 
            "shot out the": 1, 
            "sit back and": 1, 
            "sixty wins like": 1, 
            "so i'm in": 1, 
            "so the story": 1, 
            "so, just sit": 1, 
            "soul on this": 1, 
            "soul well that's": 1, 
            "sound that to": 1, 
            "spunky and i'm": 1, 
            "story goes on": 1, 
            "subwoofer pumping bass": 1, 
            "switches connecting at": 1, 
            "tape because i": 1, 
            "team to sixty": 1, 
            "that i kick,": 1, 
            "that i make": 1, 
            "that to the": 1, 
            "that's the feeling": 1, 
            "the barrel of": 1, 
            "the depths of": 1, 
            "the feeling that": 1, 
            "the grape ape": 1, 
            "the junction perlman's": 1, 
            "the mad subwoofer": 1, 
            "the mic at": 1, 
            "the monthly function": 1, 
            "the pause button": 1, 
            "the peaks of": 1, 
            "the soul well": 1, 
            "the story goes": 1, 
            "then don cornelious": 1, 
            "this i'm like": 1, 
            "this train then": 1, 
            "to all you": 1, 
            "to peep this": 1, 
            "to sixty wins": 1, 
            "to the depths": 1, 
            "tracks that i": 1, 
            "train then don": 1, 
            "trying to peep": 1, 
            "up 'causei get": 1, 
            "victoria's got secrets": 1, 
            "virgin pow on": 1, 
            "wave like virgin": 1, 
            "well that's the": 1, 
            "when i make": 1, 
            "when i'm on": 1, 
            "who are trying": 1, 
            "wine with my": 1, 
            "winner when i": 1, 
            "wins like my": 1, 
            "wires hitting switches": 1, 
            "with my dinner": 1, 
            "you can't say": 1, 
            "you know he": 1, 
            "you know i'm": 1, 
            "you porne peepers": 1, 
            "your anus just": 1
        }, 
        "4": {
            "": 850, 
            "'causei get funky like": 1, 
            "'till early morning": 1, 
            "50 'till early morning": 1, 
            "a little wine with": 1, 
            "a mix tape because": 1, 
            "a sound that to": 1, 
            "a wave like virgin": 1, 
            "a winner when i": 1, 
            "about screwing lead my": 1, 
            "ain't no secret dante": 1, 
            "ak like a sound": 1, 
            "al goldstein, i'm all": 1, 
            "all about screwing lead": 1, 
            "all you porne peepers": 1, 
            "and give it up": 1, 
            "and i get my": 1, 
            "and i'm making cash": 1, 
            "and it ain't no": 1, 
            "and max and relax": 1, 
            "and on down in": 1, 
            "and relax off tracks": 1, 
            "and so the story": 1, 
            "and you can't say": 1, 
            "and you know i'm": 1, 
            "anus just getting on": 1, 
            "ape i feel like": 1, 
            "are trying to peep": 1, 
            "at the junction perlman's": 1, 
            "at the monthly function": 1, 
            "back and max and": 1, 
            "barrel of a wave": 1, 
            "bass for your anus": 1, 
            "beats and it ain't": 1, 
            "because i get ill": 1, 
            "but you know he": 1, 
            "button and i get": 1, 
            "can't say nothing more": 1, 
            "cash i've got sex": 1, 
            "come on and give": 1, 
            "connecting at the junction": 1, 
            "cornelious got the mad": 1, 
            "dante found his shit": 1, 
            "depths of the soul": 1, 
            "diaper rash and you": 1, 
            "dinner so i'm in": 1, 
            "don cornelious got the": 1, 
            "down in sd 50": 1, 
            "early morning": 1, 
            "ewing like getting shot": 1, 
            "feel like a winner": 1, 
            "feeling that i make": 1, 
            "fill and you can't": 1, 
            "for your anus just": 1, 
            "found his shit but": 1, 
            "freaked it and so": 1, 
            "function wires hitting switches": 1, 
            "funky like diaper rash": 1, 
            "get funky like diaper": 1, 
            "get ill when i'm": 1, 
            "get my fill and": 1, 
            "getting on the mic": 1, 
            "getting shot out the": 1, 
            "give it up 'causei": 1, 
            "goal a little wine": 1, 
            "goes on and on": 1, 
            "goldstein, i'm all about": 1, 
            "got beats and it": 1, 
            "got secrets to all": 1, 
            "got sex rhymes like": 1, 
            "got the mad subwoofer": 1, 
            "grape ape i feel": 1, 
            "he freaked it and": 1, 
            "his shit but you": 1, 
            "hitting switches connecting at": 1, 
            "i feel like a": 1, 
            "i get ill when": 1, 
            "i get my fill": 1, 
            "i kick, come on": 1, 
            "i make a mix": 1, 
            "i make my goal": 1, 
            "i'm all about screwing": 1, 
            "i'm in the grape": 1, 
            "i'm like al goldstein,": 1, 
            "i'm mad spunky and": 1, 
            "i'm making cash i've": 1, 
            "i'm on the pause": 1, 
            "i've got sex rhymes": 1, 
            "ill when i'm on": 1, 
            "in sd 50 'till": 1, 
            "in the grape ape": 1, 
            "it ain't no secret": 1, 
            "it and so the": 1, 
            "it up 'causei get": 1, 
            "junction perlman's got beats": 1, 
            "just getting on the": 1, 
            "just sit back and": 1, 
            "kick, come on and": 1, 
            "know he freaked it": 1, 
            "know i'm mad spunky": 1, 
            "lead my team to": 1, 
            "like a sound that": 1, 
            "like a winner when": 1, 
            "like al goldstein, i'm": 1, 
            "like diaper rash and": 1, 
            "like getting shot out": 1, 
            "like my man pat": 1, 
            "like victoria's got secrets": 1, 
            "like virgin pow on": 1, 
            "little wine with my": 1, 
            "mad spunky and i'm": 1, 
            "mad subwoofer pumping bass": 1, 
            "make a mix tape": 1, 
            "make my goal a": 1, 
            "making cash i've got": 1, 
            "man pat ewing like": 1, 
            "max and relax off": 1, 
            "me so, just sit": 1, 
            "mic at the monthly": 1, 
            "mix tape because i": 1, 
            "monthly function wires hitting": 1, 
            "moon me so, just": 1, 
            "more soul on this": 1, 
            "morning": 1, 
            "my dinner so i'm": 1, 
            "my fill and you": 1, 
            "my goal a little": 1, 
            "my man pat ewing": 1, 
            "my team to sixty": 1, 
            "no secret dante found": 1, 
            "nothing more soul on": 1, 
            "of a wave like": 1, 
            "of ak like a": 1, 
            "of the soul well": 1, 
            "off tracks that i": 1, 
            "on and give it": 1, 
            "on and on down": 1, 
            "on down in sd": 1, 
            "on the mic at": 1, 
            "on the pause button": 1, 
            "on the peaks of": 1, 
            "on this train then": 1, 
            "out the barrel of": 1, 
            "pat ewing like getting": 1, 
            "pause button and i": 1, 
            "peaks of ak like": 1, 
            "peep this i'm like": 1, 
            "peepers who are trying": 1, 
            "perlman's got beats and": 1, 
            "porne peepers who are": 1, 
            "pow on the peaks": 1, 
            "pumping bass for your": 1, 
            "rash and you know": 1, 
            "relax off tracks that": 1, 
            "rhymes like victoria's got": 1, 
            "say nothing more soul": 1, 
            "screwing lead my team": 1, 
            "sd 50 'till early": 1, 
            "secret dante found his": 1, 
            "secrets to all you": 1, 
            "sex rhymes like victoria's": 1, 
            "shit but you know": 1, 
            "shot out the barrel": 1, 
            "sit back and max": 1, 
            "sixty wins like my": 1, 
            "so i'm in the": 1, 
            "so the story goes": 1, 
            "so, just sit back": 1, 
            "soul on this train": 1, 
            "soul well that's the": 1, 
            "sound that to the": 1, 
            "spunky and i'm making": 1, 
            "story goes on and": 1, 
            "subwoofer pumping bass for": 1, 
            "switches connecting at the": 1, 
            "tape because i get": 1, 
            "team to sixty wins": 1, 
            "that i kick, come": 1, 
            "that i make my": 1, 
            "that to the depths": 1, 
            "that's the feeling that": 1, 
            "the barrel of a": 1, 
            "the depths of the": 1, 
            "the feeling that i": 1, 
            "the grape ape i": 1, 
            "the junction perlman's got": 1, 
            "the mad subwoofer pumping": 1, 
            "the mic at the": 1, 
            "the monthly function wires": 1, 
            "the pause button and": 1, 
            "the peaks of ak": 1, 
            "the soul well that's": 1, 
            "the story goes on": 1, 
            "then don cornelious got": 1, 
            "this i'm like al": 1, 
            "this train then don": 1, 
            "to all you porne": 1, 
            "to peep this i'm": 1, 
            "to sixty wins like": 1, 
            "to the depths of": 1, 
            "tracks that i kick,": 1, 
            "train then don cornelious": 1, 
            "trying to peep this": 1, 
            "up 'causei get funky": 1, 
            "victoria's got secrets to": 1, 
            "virgin pow on the": 1, 
            "wave like virgin pow": 1, 
            "well that's the feeling": 1, 
            "when i make a": 1, 
            "when i'm on the": 1, 
            "who are trying to": 1, 
            "wine with my dinner": 1, 
            "winner when i make": 1, 
            "wins like my man": 1, 
            "wires hitting switches connecting": 1, 
            "with my dinner so": 1, 
            "you can't say nothing": 1, 
            "you know he freaked": 1, 
            "you know i'm mad": 1, 
            "you porne peepers who": 1, 
            "your anus just getting": 1
        }, 
        "5": {
            "": 849, 
            "'causei get funky like diaper": 1, 
            "'till early morning": 1, 
            "50 'till early morning": 1, 
            "a little wine with my": 1, 
            "a mix tape because i": 1, 
            "a sound that to the": 1, 
            "a wave like virgin pow": 1, 
            "a winner when i make": 1, 
            "about screwing lead my team": 1, 
            "ain't no secret dante found": 1, 
            "ak like a sound that": 1, 
            "al goldstein, i'm all about": 1, 
            "all about screwing lead my": 1, 
            "all you porne peepers who": 1, 
            "and give it up 'causei": 1, 
            "and i get my fill": 1, 
            "and i'm making cash i've": 1, 
            "and it ain't no secret": 1, 
            "and max and relax off": 1, 
            "and on down in sd": 1, 
            "and relax off tracks that": 1, 
            "and so the story goes": 1, 
            "and you can't say nothing": 1, 
            "and you know i'm mad": 1, 
            "anus just getting on the": 1, 
            "ape i feel like a": 1, 
            "are trying to peep this": 1, 
            "at the junction perlman's got": 1, 
            "at the monthly function wires": 1, 
            "back and max and relax": 1, 
            "barrel of a wave like": 1, 
            "bass for your anus just": 1, 
            "beats and it ain't no": 1, 
            "because i get ill when": 1, 
            "but you know he freaked": 1, 
            "button and i get my": 1, 
            "can't say nothing more soul": 1, 
            "cash i've got sex rhymes": 1, 
            "come on and give it": 1, 
            "connecting at the junction perlman's": 1, 
            "cornelious got the mad subwoofer": 1, 
            "dante found his shit but": 1, 
            "depths of the soul well": 1, 
            "diaper rash and you know": 1, 
            "dinner so i'm in the": 1, 
            "don cornelious got the mad": 1, 
            "down in sd 50 'till": 1, 
            "early morning": 1, 
            "ewing like getting shot out": 1, 
            "feel like a winner when": 1, 
            "feeling that i make my": 1, 
            "fill and you can't say": 1, 
            "for your anus just getting": 1, 
            "found his shit but you": 1, 
            "freaked it and so the": 1, 
            "function wires hitting switches connecting": 1, 
            "funky like diaper rash and": 1, 
            "get funky like diaper rash": 1, 
            "get ill when i'm on": 1, 
            "get my fill and you": 1, 
            "getting on the mic at": 1, 
            "getting shot out the barrel": 1, 
            "give it up 'causei get": 1, 
            "goal a little wine with": 1, 
            "goes on and on down": 1, 
            "goldstein, i'm all about screwing": 1, 
            "got beats and it ain't": 1, 
            "got secrets to all you": 1, 
            "got sex rhymes like victoria's": 1, 
            "got the mad subwoofer pumping": 1, 
            "grape ape i feel like": 1, 
            "he freaked it and so": 1, 
            "his shit but you know": 1, 
            "hitting switches connecting at the": 1, 
            "i feel like a winner": 1, 
            "i get ill when i'm": 1, 
            "i get my fill and": 1, 
            "i kick, come on and": 1, 
            "i make a mix tape": 1, 
            "i make my goal a": 1, 
            "i'm all about screwing lead": 1, 
            "i'm in the grape ape": 1, 
            "i'm like al goldstein, i'm": 1, 
            "i'm mad spunky and i'm": 1, 
            "i'm making cash i've got": 1, 
            "i'm on the pause button": 1, 
            "i've got sex rhymes like": 1, 
            "ill when i'm on the": 1, 
            "in sd 50 'till early": 1, 
            "in the grape ape i": 1, 
            "it ain't no secret dante": 1, 
            "it and so the story": 1, 
            "it up 'causei get funky": 1, 
            "junction perlman's got beats and": 1, 
            "just getting on the mic": 1, 
            "just sit back and max": 1, 
            "kick, come on and give": 1, 
            "know he freaked it and": 1, 
            "know i'm mad spunky and": 1, 
            "lead my team to sixty": 1, 
            "like a sound that to": 1, 
            "like a winner when i": 1, 
            "like al goldstein, i'm all": 1, 
            "like diaper rash and you": 1, 
            "like getting shot out the": 1, 
            "like my man pat ewing": 1, 
            "like victoria's got secrets to": 1, 
            "like virgin pow on the": 1, 
            "little wine with my dinner": 1, 
            "mad spunky and i'm making": 1, 
            "mad subwoofer pumping bass for": 1, 
            "make a mix tape because": 1, 
            "make my goal a little": 1, 
            "making cash i've got sex": 1, 
            "man pat ewing like getting": 1, 
            "max and relax off tracks": 1, 
            "me so, just sit back": 1, 
            "mic at the monthly function": 1, 
            "mix tape because i get": 1, 
            "monthly function wires hitting switches": 1, 
            "moon me so, just sit": 1, 
            "more soul on this train": 1, 
            "morning": 1, 
            "my dinner so i'm in": 1, 
            "my fill and you can't": 1, 
            "my goal a little wine": 1, 
            "my man pat ewing like": 1, 
            "my team to sixty wins": 1, 
            "no secret dante found his": 1, 
            "nothing more soul on this": 1, 
            "of a wave like virgin": 1, 
            "of ak like a sound": 1, 
            "of the soul well that's": 1, 
            "off tracks that i kick,": 1, 
            "on and give it up": 1, 
            "on and on down in": 1, 
            "on down in sd 50": 1, 
            "on the mic at the": 1, 
            "on the pause button and": 1, 
            "on the peaks of ak": 1, 
            "on this train then don": 1, 
            "out the barrel of a": 1, 
            "pat ewing like getting shot": 1, 
            "pause button and i get": 1, 
            "peaks of ak like a": 1, 
            "peep this i'm like al": 1, 
            "peepers who are trying to": 1, 
            "perlman's got beats and it": 1, 
            "porne peepers who are trying": 1, 
            "pow on the peaks of": 1, 
            "pumping bass for your anus": 1, 
            "rash and you know i'm": 1, 
            "relax off tracks that i": 1, 
            "rhymes like victoria's got secrets": 1, 
            "say nothing more soul on": 1, 
            "screwing lead my team to": 1, 
            "sd 50 'till early morning": 1, 
            "secret dante found his shit": 1, 
            "secrets to all you porne": 1, 
            "sex rhymes like victoria's got": 1, 
            "shit but you know he": 1, 
            "shot out the barrel of": 1, 
            "sit back and max and": 1, 
            "sixty wins like my man": 1, 
            "so i'm in the grape": 1, 
            "so the story goes on": 1, 
            "so, just sit back and": 1, 
            "soul on this train then": 1, 
            "soul well that's the feeling": 1, 
            "sound that to the depths": 1, 
            "spunky and i'm making cash": 1, 
            "story goes on and on": 1, 
            "subwoofer pumping bass for your": 1, 
            "switches connecting at the junction": 1, 
            "tape because i get ill": 1, 
            "team to sixty wins like": 1, 
            "that i kick, come on": 1, 
            "that i make my goal": 1, 
            "that to the depths of": 1, 
            "that's the feeling that i": 1, 
            "the barrel of a wave": 1, 
            "the depths of the soul": 1, 
            "the feeling that i make": 1, 
            "the grape ape i feel": 1, 
            "the junction perlman's got beats": 1, 
            "the mad subwoofer pumping bass": 1, 
            "the mic at the monthly": 1, 
            "the monthly function wires hitting": 1, 
            "the pause button and i": 1, 
            "the peaks of ak like": 1, 
            "the soul well that's the": 1, 
            "the story goes on and": 1, 
            "then don cornelious got the": 1, 
            "this i'm like al goldstein,": 1, 
            "this train then don cornelious": 1, 
            "to all you porne peepers": 1, 
            "to peep this i'm like": 1, 
            "to sixty wins like my": 1, 
            "to the depths of the": 1, 
            "tracks that i kick, come": 1, 
            "train then don cornelious got": 1, 
            "trying to peep this i'm": 1, 
            "up 'causei get funky like": 1, 
            "victoria's got secrets to all": 1, 
            "virgin pow on the peaks": 1, 
            "wave like virgin pow on": 1, 
            "well that's the feeling that": 1, 
            "when i make a mix": 1, 
            "when i'm on the pause": 1, 
            "who are trying to peep": 1, 
            "wine with my dinner so": 1, 
            "winner when i make a": 1, 
            "wins like my man pat": 1, 
            "wires hitting switches connecting at": 1, 
            "with my dinner so i'm": 1, 
            "you can't say nothing more": 1, 
            "you know he freaked it": 1, 
            "you know i'm mad spunky": 1, 
            "you porne peepers who are": 1, 
            "your anus just getting on": 1
        }, 
        "6": {
            "": 848, 
            "'causei get funky like diaper rash": 1, 
            "'till early morning": 1, 
            "50 'till early morning": 1, 
            "a little wine with my dinner": 1, 
            "a mix tape because i get": 1, 
            "a sound that to the depths": 1, 
            "a wave like virgin pow on": 1, 
            "a winner when i make a": 1, 
            "about screwing lead my team to": 1, 
            "ain't no secret dante found his": 1, 
            "ak like a sound that to": 1, 
            "al goldstein, i'm all about screwing": 1, 
            "all about screwing lead my team": 1, 
            "all you porne peepers who are": 1, 
            "and give it up 'causei get": 1, 
            "and i get my fill and": 1, 
            "and i'm making cash i've got": 1, 
            "and it ain't no secret dante": 1, 
            "and max and relax off tracks": 1, 
            "and on down in sd 50": 1, 
            "and relax off tracks that i": 1, 
            "and so the story goes on": 1, 
            "and you can't say nothing more": 1, 
            "and you know i'm mad spunky": 1, 
            "anus just getting on the mic": 1, 
            "ape i feel like a winner": 1, 
            "are trying to peep this i'm": 1, 
            "at the junction perlman's got beats": 1, 
            "at the monthly function wires hitting": 1, 
            "back and max and relax off": 1, 
            "barrel of a wave like virgin": 1, 
            "bass for your anus just getting": 1, 
            "beats and it ain't no secret": 1, 
            "because i get ill when i'm": 1, 
            "but you know he freaked it": 1, 
            "button and i get my fill": 1, 
            "can't say nothing more soul on": 1, 
            "cash i've got sex rhymes like": 1, 
            "come on and give it up": 1, 
            "connecting at the junction perlman's got": 1, 
            "cornelious got the mad subwoofer pumping": 1, 
            "dante found his shit but you": 1, 
            "depths of the soul well that's": 1, 
            "diaper rash and you know i'm": 1, 
            "dinner so i'm in the grape": 1, 
            "don cornelious got the mad subwoofer": 1, 
            "down in sd 50 'till early": 1, 
            "early morning": 1, 
            "ewing like getting shot out the": 1, 
            "feel like a winner when i": 1, 
            "feeling that i make my goal": 1, 
            "fill and you can't say nothing": 1, 
            "for your anus just getting on": 1, 
            "found his shit but you know": 1, 
            "freaked it and so the story": 1, 
            "function wires hitting switches connecting at": 1, 
            "funky like diaper rash and you": 1, 
            "get funky like diaper rash and": 1, 
            "get ill when i'm on the": 1, 
            "get my fill and you can't": 1, 
            "getting on the mic at the": 1, 
            "getting shot out the barrel of": 1, 
            "give it up 'causei get funky": 1, 
            "goal a little wine with my": 1, 
            "goes on and on down in": 1, 
            "goldstein, i'm all about screwing lead": 1, 
            "got beats and it ain't no": 1, 
            "got secrets to all you porne": 1, 
            "got sex rhymes like victoria's got": 1, 
            "got the mad subwoofer pumping bass": 1, 
            "grape ape i feel like a": 1, 
            "he freaked it and so the": 1, 
            "his shit but you know he": 1, 
            "hitting switches connecting at the junction": 1, 
            "i feel like a winner when": 1, 
            "i get ill when i'm on": 1, 
            "i get my fill and you": 1, 
            "i kick, come on and give": 1, 
            "i make a mix tape because": 1, 
            "i make my goal a little": 1, 
            "i'm all about screwing lead my": 1, 
            "i'm in the grape ape i": 1, 
            "i'm like al goldstein, i'm all": 1, 
            "i'm mad spunky and i'm making": 1, 
            "i'm making cash i've got sex": 1, 
            "i'm on the pause button and": 1, 
            "i've got sex rhymes like victoria's": 1, 
            "ill when i'm on the pause": 1, 
            "in sd 50 'till early morning": 1, 
            "in the grape ape i feel": 1, 
            "it ain't no secret dante found": 1, 
            "it and so the story goes": 1, 
            "it up 'causei get funky like": 1, 
            "junction perlman's got beats and it": 1, 
            "just getting on the mic at": 1, 
            "just sit back and max and": 1, 
            "kick, come on and give it": 1, 
            "know he freaked it and so": 1, 
            "know i'm mad spunky and i'm": 1, 
            "lead my team to sixty wins": 1, 
            "like a sound that to the": 1, 
            "like a winner when i make": 1, 
            "like al goldstein, i'm all about": 1, 
            "like diaper rash and you know": 1, 
            "like getting shot out the barrel": 1, 
            "like my man pat ewing like": 1, 
            "like victoria's got secrets to all": 1, 
            "like virgin pow on the peaks": 1, 
            "little wine with my dinner so": 1, 
            "mad spunky and i'm making cash": 1, 
            "mad subwoofer pumping bass for your": 1, 
            "make a mix tape because i": 1, 
            "make my goal a little wine": 1, 
            "making cash i've got sex rhymes": 1, 
            "man pat ewing like getting shot": 1, 
            "max and relax off tracks that": 1, 
            "me so, just sit back and": 1, 
            "mic at the monthly function wires": 1, 
            "mix tape because i get ill": 1, 
            "monthly function wires hitting switches connecting": 1, 
            "moon me so, just sit back": 1, 
            "more soul on this train then": 1, 
            "morning": 1, 
            "my dinner so i'm in the": 1, 
            "my fill and you can't say": 1, 
            "my goal a little wine with": 1, 
            "my man pat ewing like getting": 1, 
            "my team to sixty wins like": 1, 
            "no secret dante found his shit": 1, 
            "nothing more soul on this train": 1, 
            "of a wave like virgin pow": 1, 
            "of ak like a sound that": 1, 
            "of the soul well that's the": 1, 
            "off tracks that i kick, come": 1, 
            "on and give it up 'causei": 1, 
            "on and on down in sd": 1, 
            "on down in sd 50 'till": 1, 
            "on the mic at the monthly": 1, 
            "on the pause button and i": 1, 
            "on the peaks of ak like": 1, 
            "on this train then don cornelious": 1, 
            "out the barrel of a wave": 1, 
            "pat ewing like getting shot out": 1, 
            "pause button and i get my": 1, 
            "peaks of ak like a sound": 1, 
            "peep this i'm like al goldstein,": 1, 
            "peepers who are trying to peep": 1, 
            "perlman's got beats and it ain't": 1, 
            "porne peepers who are trying to": 1, 
            "pow on the peaks of ak": 1, 
            "pumping bass for your anus just": 1, 
            "rash and you know i'm mad": 1, 
            "relax off tracks that i kick,": 1, 
            "rhymes like victoria's got secrets to": 1, 
            "say nothing more soul on this": 1, 
            "screwing lead my team to sixty": 1, 
            "sd 50 'till early morning": 1, 
            "secret dante found his shit but": 1, 
            "secrets to all you porne peepers": 1, 
            "sex rhymes like victoria's got secrets": 1, 
            "shit but you know he freaked": 1, 
            "shot out the barrel of a": 1, 
            "sit back and max and relax": 1, 
            "sixty wins like my man pat": 1, 
            "so i'm in the grape ape": 1, 
            "so the story goes on and": 1, 
            "so, just sit back and max": 1, 
            "soul on this train then don": 1, 
            "soul well that's the feeling that": 1, 
            "sound that to the depths of": 1, 
            "spunky and i'm making cash i've": 1, 
            "story goes on and on down": 1, 
            "subwoofer pumping bass for your anus": 1, 
            "switches connecting at the junction perlman's": 1, 
            "tape because i get ill when": 1, 
            "team to sixty wins like my": 1, 
            "that i kick, come on and": 1, 
            "that i make my goal a": 1, 
            "that to the depths of the": 1, 
            "that's the feeling that i make": 1, 
            "the barrel of a wave like": 1, 
            "the depths of the soul well": 1, 
            "the feeling that i make my": 1, 
            "the grape ape i feel like": 1, 
            "the junction perlman's got beats and": 1, 
            "the mad subwoofer pumping bass for": 1, 
            "the mic at the monthly function": 1, 
            "the monthly function wires hitting switches": 1, 
            "the pause button and i get": 1, 
            "the peaks of ak like a": 1, 
            "the soul well that's the feeling": 1, 
            "the story goes on and on": 1, 
            "then don cornelious got the mad": 1, 
            "this i'm like al goldstein, i'm": 1, 
            "this train then don cornelious got": 1, 
            "to all you porne peepers who": 1, 
            "to peep this i'm like al": 1, 
            "to sixty wins like my man": 1, 
            "to the depths of the soul": 1, 
            "tracks that i kick, come on": 1, 
            "train then don cornelious got the": 1, 
            "trying to peep this i'm like": 1, 
            "up 'causei get funky like diaper": 1, 
            "victoria's got secrets to all you": 1, 
            "virgin pow on the peaks of": 1, 
            "wave like virgin pow on the": 1, 
            "well that's the feeling that i": 1, 
            "when i make a mix tape": 1, 
            "when i'm on the pause button": 1, 
            "who are trying to peep this": 1, 
            "wine with my dinner so i'm": 1, 
            "winner when i make a mix": 1, 
            "wins like my man pat ewing": 1, 
            "wires hitting switches connecting at the": 1, 
            "with my dinner so i'm in": 1, 
            "you can't say nothing more soul": 1, 
            "you know he freaked it and": 1, 
            "you know i'm mad spunky and": 1, 
            "you porne peepers who are trying": 1, 
            "your anus just getting on the": 1
        }, 
        "7": {
            "": 847, 
            "'causei get funky like diaper rash and": 1, 
            "'till early morning": 1, 
            "50 'till early morning": 1, 
            "a little wine with my dinner so": 1, 
            "a mix tape because i get ill": 1, 
            "a sound that to the depths of": 1, 
            "a wave like virgin pow on the": 1, 
            "a winner when i make a mix": 1, 
            "about screwing lead my team to sixty": 1, 
            "ain't no secret dante found his shit": 1, 
            "ak like a sound that to the": 1, 
            "al goldstein, i'm all about screwing lead": 1, 
            "all about screwing lead my team to": 1, 
            "all you porne peepers who are trying": 1, 
            "and give it up 'causei get funky": 1, 
            "and i get my fill and you": 1, 
            "and i'm making cash i've got sex": 1, 
            "and it ain't no secret dante found": 1, 
            "and max and relax off tracks that": 1, 
            "and on down in sd 50 'till": 1, 
            "and relax off tracks that i kick,": 1, 
            "and so the story goes on and": 1, 
            "and you can't say nothing more soul": 1, 
            "and you know i'm mad spunky and": 1, 
            "anus just getting on the mic at": 1, 
            "ape i feel like a winner when": 1, 
            "are trying to peep this i'm like": 1, 
            "at the junction perlman's got beats and": 1, 
            "at the monthly function wires hitting switches": 1, 
            "back and max and relax off tracks": 1, 
            "barrel of a wave like virgin pow": 1, 
            "bass for your anus just getting on": 1, 
            "beats and it ain't no secret dante": 1, 
            "because i get ill when i'm on": 1, 
            "but you know he freaked it and": 1, 
            "button and i get my fill and": 1, 
            "can't say nothing more soul on this": 1, 
            "cash i've got sex rhymes like victoria's": 1, 
            "come on and give it up 'causei": 1, 
            "connecting at the junction perlman's got beats": 1, 
            "cornelious got the mad subwoofer pumping bass": 1, 
            "dante found his shit but you know": 1, 
            "depths of the soul well that's the": 1, 
            "diaper rash and you know i'm mad": 1, 
            "dinner so i'm in the grape ape": 1, 
            "don cornelious got the mad subwoofer pumping": 1, 
            "down in sd 50 'till early morning": 1, 
            "early morning": 1, 
            "ewing like getting shot out the barrel": 1, 
            "feel like a winner when i make": 1, 
            "feeling that i make my goal a": 1, 
            "fill and you can't say nothing more": 1, 
            "for your anus just getting on the": 1, 
            "found his shit but you know he": 1, 
            "freaked it and so the story goes": 1, 
            "function wires hitting switches connecting at the": 1, 
            "funky like diaper rash and you know": 1, 
            "get funky like diaper rash and you": 1, 
            "get ill when i'm on the pause": 1, 
            "get my fill and you can't say": 1, 
            "getting on the mic at the monthly": 1, 
            "getting shot out the barrel of a": 1, 
            "give it up 'causei get funky like": 1, 
            "goal a little wine with my dinner": 1, 
            "goes on and on down in sd": 1, 
            "goldstein, i'm all about screwing lead my": 1, 
            "got beats and it ain't no secret": 1, 
            "got secrets to all you porne peepers": 1, 
            "got sex rhymes like victoria's got secrets": 1, 
            "got the mad subwoofer pumping bass for": 1, 
            "grape ape i feel like a winner": 1, 
            "he freaked it and so the story": 1, 
            "his shit but you know he freaked": 1, 
            "hitting switches connecting at the junction perlman's": 1, 
            "i feel like a winner when i": 1, 
            "i get ill when i'm on the": 1, 
            "i get my fill and you can't": 1, 
            "i kick, come on and give it": 1, 
            "i make a mix tape because i": 1, 
            "i make my goal a little wine": 1, 
            "i'm all about screwing lead my team": 1, 
            "i'm in the grape ape i feel": 1, 
            "i'm like al goldstein, i'm all about": 1, 
            "i'm mad spunky and i'm making cash": 1, 
            "i'm making cash i've got sex rhymes": 1, 
            "i'm on the pause button and i": 1, 
            "i've got sex rhymes like victoria's got": 1, 
            "ill when i'm on the pause button": 1, 
            "in sd 50 'till early morning": 1, 
            "in the grape ape i feel like": 1, 
            "it ain't no secret dante found his": 1, 
            "it and so the story goes on": 1, 
            "it up 'causei get funky like diaper": 1, 
            "junction perlman's got beats and it ain't": 1, 
            "just getting on the mic at the": 1, 
            "just sit back and max and relax": 1, 
            "kick, come on and give it up": 1, 
            "know he freaked it and so the": 1, 
            "know i'm mad spunky and i'm making": 1, 
            "lead my team to sixty wins like": 1, 
            "like a sound that to the depths": 1, 
            "like a winner when i make a": 1, 
            "like al goldstein, i'm all about screwing": 1, 
            "like diaper rash and you know i'm": 1, 
            "like getting shot out the barrel of": 1, 
            "like my man pat ewing like getting": 1, 
            "like victoria's got secrets to all you": 1, 
            "like virgin pow on the peaks of": 1, 
            "little wine with my dinner so i'm": 1, 
            "mad spunky and i'm making cash i've": 1, 
            "mad subwoofer pumping bass for your anus": 1, 
            "make a mix tape because i get": 1, 
            "make my goal a little wine with": 1, 
            "making cash i've got sex rhymes like": 1, 
            "man pat ewing like getting shot out": 1, 
            "max and relax off tracks that i": 1, 
            "me so, just sit back and max": 1, 
            "mic at the monthly function wires hitting": 1, 
            "mix tape because i get ill when": 1, 
            "monthly function wires hitting switches connecting at": 1, 
            "moon me so, just sit back and": 1, 
            "more soul on this train then don": 1, 
            "morning": 1, 
            "my dinner so i'm in the grape": 1, 
            "my fill and you can't say nothing": 1, 
            "my goal a little wine with my": 1, 
            "my man pat ewing like getting shot": 1, 
            "my team to sixty wins like my": 1, 
            "no secret dante found his shit but": 1, 
            "nothing more soul on this train then": 1, 
            "of a wave like virgin pow on": 1, 
            "of ak like a sound that to": 1, 
            "of the soul well that's the feeling": 1, 
            "off tracks that i kick, come on": 1, 
            "on and give it up 'causei get": 1, 
            "on and on down in sd 50": 1, 
            "on down in sd 50 'till early": 1, 
            "on the mic at the monthly function": 1, 
            "on the pause button and i get": 1, 
            "on the peaks of ak like a": 1, 
            "on this train then don cornelious got": 1, 
            "out the barrel of a wave like": 1, 
            "pat ewing like getting shot out the": 1, 
            "pause button and i get my fill": 1, 
            "peaks of ak like a sound that": 1, 
            "peep this i'm like al goldstein, i'm": 1, 
            "peepers who are trying to peep this": 1, 
            "perlman's got beats and it ain't no": 1, 
            "porne peepers who are trying to peep": 1, 
            "pow on the peaks of ak like": 1, 
            "pumping bass for your anus just getting": 1, 
            "rash and you know i'm mad spunky": 1, 
            "relax off tracks that i kick, come": 1, 
            "rhymes like victoria's got secrets to all": 1, 
            "say nothing more soul on this train": 1, 
            "screwing lead my team to sixty wins": 1, 
            "sd 50 'till early morning": 1, 
            "secret dante found his shit but you": 1, 
            "secrets to all you porne peepers who": 1, 
            "sex rhymes like victoria's got secrets to": 1, 
            "shit but you know he freaked it": 1, 
            "shot out the barrel of a wave": 1, 
            "sit back and max and relax off": 1, 
            "sixty wins like my man pat ewing": 1, 
            "so i'm in the grape ape i": 1, 
            "so the story goes on and on": 1, 
            "so, just sit back and max and": 1, 
            "soul on this train then don cornelious": 1, 
            "soul well that's the feeling that i": 1, 
            "sound that to the depths of the": 1, 
            "spunky and i'm making cash i've got": 1, 
            "story goes on and on down in": 1, 
            "subwoofer pumping bass for your anus just": 1, 
            "switches connecting at the junction perlman's got": 1, 
            "tape because i get ill when i'm": 1, 
            "team to sixty wins like my man": 1, 
            "that i kick, come on and give": 1, 
            "that i make my goal a little": 1, 
            "that to the depths of the soul": 1, 
            "that's the feeling that i make my": 1, 
            "the barrel of a wave like virgin": 1, 
            "the depths of the soul well that's": 1, 
            "the feeling that i make my goal": 1, 
            "the grape ape i feel like a": 1, 
            "the junction perlman's got beats and it": 1, 
            "the mad subwoofer pumping bass for your": 1, 
            "the mic at the monthly function wires": 1, 
            "the monthly function wires hitting switches connecting": 1, 
            "the pause button and i get my": 1, 
            "the peaks of ak like a sound": 1, 
            "the soul well that's the feeling that": 1, 
            "the story goes on and on down": 1, 
            "then don cornelious got the mad subwoofer": 1, 
            "this i'm like al goldstein, i'm all": 1, 
            "this train then don cornelious got the": 1, 
            "to all you porne peepers who are": 1, 
            "to peep this i'm like al goldstein,": 1, 
            "to sixty wins like my man pat": 1, 
            "to the depths of the soul well": 1, 
            "tracks that i kick, come on and": 1, 
            "train then don cornelious got the mad": 1, 
            "trying to peep this i'm like al": 1, 
            "up 'causei get funky like diaper rash": 1, 
            "victoria's got secrets to all you porne": 1, 
            "virgin pow on the peaks of ak": 1, 
            "wave like virgin pow on the peaks": 1, 
            "well that's the feeling that i make": 1, 
            "when i make a mix tape because": 1, 
            "when i'm on the pause button and": 1, 
            "who are trying to peep this i'm": 1, 
            "wine with my dinner so i'm in": 1, 
            "winner when i make a mix tape": 1, 
            "wins like my man pat ewing like": 1, 
            "wires hitting switches connecting at the junction": 1, 
            "with my dinner so i'm in the": 1, 
            "you can't say nothing more soul on": 1, 
            "you know he freaked it and so": 1, 
            "you know i'm mad spunky and i'm": 1, 
            "you porne peepers who are trying to": 1, 
            "your anus just getting on the mic": 1
        }, 
        "8": {
            "": 846, 
            "'causei get funky like diaper rash and you": 1, 
            "'till early morning": 1, 
            "50 'till early morning": 1, 
            "a little wine with my dinner so i'm": 1, 
            "a mix tape because i get ill when": 1, 
            "a sound that to the depths of the": 1, 
            "a wave like virgin pow on the peaks": 1, 
            "a winner when i make a mix tape": 1, 
            "about screwing lead my team to sixty wins": 1, 
            "ain't no secret dante found his shit but": 1, 
            "ak like a sound that to the depths": 1, 
            "al goldstein, i'm all about screwing lead my": 1, 
            "all about screwing lead my team to sixty": 1, 
            "all you porne peepers who are trying to": 1, 
            "and give it up 'causei get funky like": 1, 
            "and i get my fill and you can't": 1, 
            "and i'm making cash i've got sex rhymes": 1, 
            "and it ain't no secret dante found his": 1, 
            "and max and relax off tracks that i": 1, 
            "and on down in sd 50 'till early": 1, 
            "and relax off tracks that i kick, come": 1, 
            "and so the story goes on and on": 1, 
            "and you can't say nothing more soul on": 1, 
            "and you know i'm mad spunky and i'm": 1, 
            "anus just getting on the mic at the": 1, 
            "ape i feel like a winner when i": 1, 
            "are trying to peep this i'm like al": 1, 
            "at the junction perlman's got beats and it": 1, 
            "at the monthly function wires hitting switches connecting": 1, 
            "back and max and relax off tracks that": 1, 
            "barrel of a wave like virgin pow on": 1, 
            "bass for your anus just getting on the": 1, 
            "beats and it ain't no secret dante found": 1, 
            "because i get ill when i'm on the": 1, 
            "but you know he freaked it and so": 1, 
            "button and i get my fill and you": 1, 
            "can't say nothing more soul on this train": 1, 
            "cash i've got sex rhymes like victoria's got": 1, 
            "come on and give it up 'causei get": 1, 
            "connecting at the junction perlman's got beats and": 1, 
            "cornelious got the mad subwoofer pumping bass for": 1, 
            "dante found his shit but you know he": 1, 
            "depths of the soul well that's the feeling": 1, 
            "diaper rash and you know i'm mad spunky": 1, 
            "dinner so i'm in the grape ape i": 1, 
            "don cornelious got the mad subwoofer pumping bass": 1, 
            "down in sd 50 'till early morning": 1, 
            "early morning": 1, 
            "ewing like getting shot out the barrel of": 1, 
            "feel like a winner when i make a": 1, 
            "feeling that i make my goal a little": 1, 
            "fill and you can't say nothing more soul": 1, 
            "for your anus just getting on the mic": 1, 
            "found his shit but you know he freaked": 1, 
            "freaked it and so the story goes on": 1, 
            "function wires hitting switches connecting at the junction": 1, 
            "funky like diaper rash and you know i'm": 1, 
            "get funky like diaper rash and you know": 1, 
            "get ill when i'm on the pause button": 1, 
            "get my fill and you can't say nothing": 1, 
            "getting on the mic at the monthly function": 1, 
            "getting shot out the barrel of a wave": 1, 
            "give it up 'causei get funky like diaper": 1, 
            "goal a little wine with my dinner so": 1, 
            "goes on and on down in sd 50": 1, 
            "goldstein, i'm all about screwing lead my team": 1, 
            "got beats and it ain't no secret dante": 1, 
            "got secrets to all you porne peepers who": 1, 
            "got sex rhymes like victoria's got secrets to": 1, 
            "got the mad subwoofer pumping bass for your": 1, 
            "grape ape i feel like a winner when": 1, 
            "he freaked it and so the story goes": 1, 
            "his shit but you know he freaked it": 1, 
            "hitting switches connecting at the junction perlman's got": 1, 
            "i feel like a winner when i make": 1, 
            "i get ill when i'm on the pause": 1, 
            "i get my fill and you can't say": 1, 
            "i kick, come on and give it up": 1, 
            "i make a mix tape because i get": 1, 
            "i make my goal a little wine with": 1, 
            "i'm all about screwing lead my team to": 1, 
            "i'm in the grape ape i feel like": 1, 
            "i'm like al goldstein, i'm all about screwing": 1, 
            "i'm mad spunky and i'm making cash i've": 1, 
            "i'm making cash i've got sex rhymes like": 1, 
            "i'm on the pause button and i get": 1, 
            "i've got sex rhymes like victoria's got secrets": 1, 
            "ill when i'm on the pause button and": 1, 
            "in sd 50 'till early morning": 1, 
            "in the grape ape i feel like a": 1, 
            "it ain't no secret dante found his shit": 1, 
            "it and so the story goes on and": 1, 
            "it up 'causei get funky like diaper rash": 1, 
            "junction perlman's got beats and it ain't no": 1, 
            "just getting on the mic at the monthly": 1, 
            "just sit back and max and relax off": 1, 
            "kick, come on and give it up 'causei": 1, 
            "know he freaked it and so the story": 1, 
            "know i'm mad spunky and i'm making cash": 1, 
            "lead my team to sixty wins like my": 1, 
            "like a sound that to the depths of": 1, 
            "like a winner when i make a mix": 1, 
            "like al goldstein, i'm all about screwing lead": 1, 
            "like diaper rash and you know i'm mad": 1, 
            "like getting shot out the barrel of a": 1, 
            "like my man pat ewing like getting shot": 1, 
            "like victoria's got secrets to all you porne": 1, 
            "like virgin pow on the peaks of ak": 1, 
            "little wine with my dinner so i'm in": 1, 
            "mad spunky and i'm making cash i've got": 1, 
            "mad subwoofer pumping bass for your anus just": 1, 
            "make a mix tape because i get ill": 1, 
            "make my goal a little wine with my": 1, 
            "making cash i've got sex rhymes like victoria's": 1, 
            "man pat ewing like getting shot out the": 1, 
            "max and relax off tracks that i kick,": 1, 
            "me so, just sit back and max and": 1, 
            "mic at the monthly function wires hitting switches": 1, 
            "mix tape because i get ill when i'm": 1, 
            "monthly function wires hitting switches connecting at the": 1, 
            "moon me so, just sit back and max": 1, 
            "more soul on this train then don cornelious": 1, 
            "morning": 1, 
            "my dinner so i'm in the grape ape": 1, 
            "my fill and you can't say nothing more": 1, 
            "my goal a little wine with my dinner": 1, 
            "my man pat ewing like getting shot out": 1, 
            "my team to sixty wins like my man": 1, 
            "no secret dante found his shit but you": 1, 
            "nothing more soul on this train then don": 1, 
            "of a wave like virgin pow on the": 1, 
            "of ak like a sound that to the": 1, 
            "of the soul well that's the feeling that": 1, 
            "off tracks that i kick, come on and": 1, 
            "on and give it up 'causei get funky": 1, 
            "on and on down in sd 50 'till": 1, 
            "on down in sd 50 'till early morning": 1, 
            "on the mic at the monthly function wires": 1, 
            "on the pause button and i get my": 1, 
            "on the peaks of ak like a sound": 1, 
            "on this train then don cornelious got the": 1, 
            "out the barrel of a wave like virgin": 1, 
            "pat ewing like getting shot out the barrel": 1, 
            "pause button and i get my fill and": 1, 
            "peaks of ak like a sound that to": 1, 
            "peep this i'm like al goldstein, i'm all": 1, 
            "peepers who are trying to peep this i'm": 1, 
            "perlman's got beats and it ain't no secret": 1, 
            "porne peepers who are trying to peep this": 1, 
            "pow on the peaks of ak like a": 1, 
            "pumping bass for your anus just getting on": 1, 
            "rash and you know i'm mad spunky and": 1, 
            "relax off tracks that i kick, come on": 1, 
            "rhymes like victoria's got secrets to all you": 1, 
            "say nothing more soul on this train then": 1, 
            "screwing lead my team to sixty wins like": 1, 
            "sd 50 'till early morning": 1, 
            "secret dante found his shit but you know": 1, 
            "secrets to all you porne peepers who are": 1, 
            "sex rhymes like victoria's got secrets to all": 1, 
            "shit but you know he freaked it and": 1, 
            "shot out the barrel of a wave like": 1, 
            "sit back and max and relax off tracks": 1, 
            "sixty wins like my man pat ewing like": 1, 
            "so i'm in the grape ape i feel": 1, 
            "so the story goes on and on down": 1, 
            "so, just sit back and max and relax": 1, 
            "soul on this train then don cornelious got": 1, 
            "soul well that's the feeling that i make": 1, 
            "sound that to the depths of the soul": 1, 
            "spunky and i'm making cash i've got sex": 1, 
            "story goes on and on down in sd": 1, 
            "subwoofer pumping bass for your anus just getting": 1, 
            "switches connecting at the junction perlman's got beats": 1, 
            "tape because i get ill when i'm on": 1, 
            "team to sixty wins like my man pat": 1, 
            "that i kick, come on and give it": 1, 
            "that i make my goal a little wine": 1, 
            "that to the depths of the soul well": 1, 
            "that's the feeling that i make my goal": 1, 
            "the barrel of a wave like virgin pow": 1, 
            "the depths of the soul well that's the": 1, 
            "the feeling that i make my goal a": 1, 
            "the grape ape i feel like a winner": 1, 
            "the junction perlman's got beats and it ain't": 1, 
            "the mad subwoofer pumping bass for your anus": 1, 
            "the mic at the monthly function wires hitting": 1, 
            "the monthly function wires hitting switches connecting at": 1, 
            "the pause button and i get my fill": 1, 
            "the peaks of ak like a sound that": 1, 
            "the soul well that's the feeling that i": 1, 
            "the story goes on and on down in": 1, 
            "then don cornelious got the mad subwoofer pumping": 1, 
            "this i'm like al goldstein, i'm all about": 1, 
            "this train then don cornelious got the mad": 1, 
            "to all you porne peepers who are trying": 1, 
            "to peep this i'm like al goldstein, i'm": 1, 
            "to sixty wins like my man pat ewing": 1, 
            "to the depths of the soul well that's": 1, 
            "tracks that i kick, come on and give": 1, 
            "train then don cornelious got the mad subwoofer": 1, 
            "trying to peep this i'm like al goldstein,": 1, 
            "up 'causei get funky like diaper rash and": 1, 
            "victoria's got secrets to all you porne peepers": 1, 
            "virgin pow on the peaks of ak like": 1, 
            "wave like virgin pow on the peaks of": 1, 
            "well that's the feeling that i make my": 1, 
            "when i make a mix tape because i": 1, 
            "when i'm on the pause button and i": 1, 
            "who are trying to peep this i'm like": 1, 
            "wine with my dinner so i'm in the": 1, 
            "winner when i make a mix tape because": 1, 
            "wins like my man pat ewing like getting": 1, 
            "wires hitting switches connecting at the junction perlman's": 1, 
            "with my dinner so i'm in the grape": 1, 
            "you can't say nothing more soul on this": 1, 
            "you know he freaked it and so the": 1, 
            "you know i'm mad spunky and i'm making": 1, 
            "you porne peepers who are trying to peep": 1, 
            "your anus just getting on the mic at": 1
        }
    }, 
    "song_title": "Flute Loop", 
    "total_words": [
        220, 
        {
            "'causei": 1, 
            "'till": 1, 
            "50": 1, 
            "a": 5, 
            "about": 1, 
            "ain't": 1, 
            "ak": 1, 
            "al": 1, 
            "all": 2, 
            "and": 10, 
            "anus": 1, 
            "ape": 1, 
            "are": 1, 
            "at": 2, 
            "back": 1, 
            "barrel": 1, 
            "bass": 1, 
            "beats": 1, 
            "because": 1, 
            "but": 1, 
            "button": 1, 
            "can't": 1, 
            "cash": 1, 
            "come": 1, 
            "connecting": 1, 
            "cornelious": 1, 
            "dante": 1, 
            "depths": 1, 
            "diaper": 1, 
            "dinner": 1, 
            "don": 1, 
            "down": 1, 
            "early": 1, 
            "ewing": 1, 
            "feel": 1, 
            "feeling": 1, 
            "fill": 1, 
            "for": 1, 
            "found": 1, 
            "freaked": 1, 
            "function": 1, 
            "funky": 1, 
            "get": 3, 
            "getting": 2, 
            "give": 1, 
            "goal": 1, 
            "goes": 1, 
            "goldstein,": 1, 
            "got": 4, 
            "grape": 1, 
            "he": 1, 
            "his": 1, 
            "hitting": 1, 
            "i": 6, 
            "i'm": 6, 
            "i've": 1, 
            "ill": 1, 
            "in": 2, 
            "it": 3, 
            "junction": 1, 
            "just": 2, 
            "kick,": 1, 
            "know": 2, 
            "lead": 1, 
            "like": 8, 
            "little": 1, 
            "mad": 2, 
            "make": 2, 
            "making": 1, 
            "man": 1, 
            "max": 1, 
            "me": 1, 
            "mic": 1, 
            "mix": 1, 
            "monthly": 1, 
            "moon": 1, 
            "more": 1, 
            "morning": 1, 
            "my": 5, 
            "no": 1, 
            "nothing": 1, 
            "of": 3, 
            "off": 1, 
            "on": 7, 
            "out": 1, 
            "pat": 1, 
            "pause": 1, 
            "peaks": 1, 
            "peep": 1, 
            "peepers": 1, 
            "perlman's": 1, 
            "porne": 1, 
            "pow": 1, 
            "pumping": 1, 
            "rash": 1, 
            "relax": 1, 
            "rhymes": 1, 
            "say": 1, 
            "screwing": 1, 
            "sd": 1, 
            "secret": 1, 
            "secrets": 1, 
            "sex": 1, 
            "shit": 1, 
            "shot": 1, 
            "sit": 1, 
            "sixty": 1, 
            "so": 2, 
            "so,": 1, 
            "soul": 2, 
            "sound": 1, 
            "spunky": 1, 
            "story": 1, 
            "subwoofer": 1, 
            "switches": 1, 
            "tape": 1, 
            "team": 1, 
            "that": 3, 
            "that's": 1, 
            "the": 12, 
            "then": 1, 
            "this": 2, 
            "to": 4, 
            "tracks": 1, 
            "train": 1, 
            "trying": 1, 
            "up": 1, 
            "victoria's": 1, 
            "virgin": 1, 
            "wave": 1, 
            "well": 1, 
            "when": 2, 
            "who": 1, 
            "wine": 1, 
            "winner": 1, 
            "wins": 1, 
            "wires": 1, 
            "with": 1, 
            "you": 4, 
            "your": 1
        }
    ], 
    "unique_words": [
        140, 
        [
            "all", 
            "shot", 
            "just", 
            "switches", 
            "50", 
            "pause", 
            "grape", 
            "porne", 
            "winner", 
            "rash", 
            "to", 
            "tape", 
            "cash", 
            "then", 
            "his", 
            "junction", 
            "get", 
            "wave", 
            "early", 
            "me", 
            "know", 
            "sd", 
            "like", 
            "button", 
            "cornelious", 
            "dante", 
            "victoria's", 
            "subwoofer", 
            "found", 
            "because", 
            "back", 
            "sex", 
            "are", 
            "morning", 
            "out", 
            "lead", 
            "moon", 
            "connecting", 
            "goes", 
            "got", 
            "'till", 
            "bass", 
            "spunky", 
            "team", 
            "pumping", 
            "tracks", 
            "perlman's", 
            "sixty", 
            "peep", 
            "come", 
            "on", 
            "about", 
            "getting", 
            "secrets", 
            "of", 
            "ill", 
            "funky", 
            "i'm", 
            "can't", 
            "kick,", 
            "feel", 
            "pow", 
            "down", 
            "freaked", 
            "your", 
            "'causei", 
            "ape", 
            "little", 
            "monthly", 
            "hitting", 
            "virgin", 
            "secret", 
            "more", 
            "function", 
            "anus", 
            "goldstein,", 
            "i've", 
            "screwing", 
            "so,", 
            "but", 
            "it", 
            "train", 
            "ain't", 
            "diaper", 
            "off", 
            "trying", 
            "with", 
            "he", 
            "sound", 
            "this", 
            "soul", 
            "rhymes", 
            "wins", 
            "making", 
            "feeling", 
            "my", 
            "and", 
            "give", 
            "ak", 
            "al", 
            "say", 
            "at", 
            "in", 
            "story", 
            "shit", 
            "ewing", 
            "pat", 
            "goal", 
            "beats", 
            "sit", 
            "make", 
            "relax", 
            "when", 
            "dinner", 
            "mix", 
            "that", 
            "you", 
            "fill", 
            "wires", 
            "peaks", 
            "max", 
            "who", 
            "depths", 
            "mad", 
            "nothing", 
            "peepers", 
            "the", 
            "man", 
            "a", 
            "don", 
            "for", 
            "i", 
            "up", 
            "no", 
            "well", 
            "so", 
            "barrel", 
            "that's", 
            "mic", 
            "wine"
        ]
    ], 
    "year": 1994
}