{
    "album": "Ill Communication", 
    "artist": "Beastie Boys", 
    "lyrics": "\"When Two Are Served, You May Begin To Eat\"\n\nGene Futterman\n", 
    "ngrams": {
        "2": {
            "": 45, 
            "are served,": 1, 
            "begin to": 1, 
            "eat gene": 1, 
            "futterman": 1, 
            "gene futterman": 1, 
            "may begin": 1, 
            "served, you": 1, 
            "to eat": 1, 
            "two are": 1, 
            "when two": 1, 
            "you may": 1
        }, 
        "3": {
            "": 44, 
            "are served, you": 1, 
            "begin to eat": 1, 
            "eat gene futterman": 1, 
            "futterman": 1, 
            "gene futterman": 1, 
            "may begin to": 1, 
            "served, you may": 1, 
            "to eat gene": 1, 
            "two are served,": 1, 
            "when two are": 1, 
            "you may begin": 1
        }, 
        "4": {
            "": 43, 
            "are served, you may": 1, 
            "begin to eat gene": 1, 
            "eat gene futterman": 1, 
            "futterman": 1, 
            "gene futterman": 1, 
            "may begin to eat": 1, 
            "served, you may begin": 1, 
            "to eat gene futterman": 1, 
            "two are served, you": 1, 
            "when two are served,": 1, 
            "you may begin to": 1
        }, 
        "5": {
            "": 42, 
            "are served, you may begin": 1, 
            "begin to eat gene futterman": 1, 
            "eat gene futterman": 1, 
            "futterman": 1, 
            "gene futterman": 1, 
            "may begin to eat gene": 1, 
            "served, you may begin to": 1, 
            "to eat gene futterman": 1, 
            "two are served, you may": 1, 
            "when two are served, you": 1, 
            "you may begin to eat": 1
        }, 
        "6": {
            "": 41, 
            "are served, you may begin to": 1, 
            "begin to eat gene futterman": 1, 
            "eat gene futterman": 1, 
            "futterman": 1, 
            "gene futterman": 1, 
            "may begin to eat gene futterman": 1, 
            "served, you may begin to eat": 1, 
            "to eat gene futterman": 1, 
            "two are served, you may begin": 1, 
            "when two are served, you may": 1, 
            "you may begin to eat gene": 1
        }, 
        "7": {
            "": 40, 
            "are served, you may begin to eat": 1, 
            "begin to eat gene futterman": 1, 
            "eat gene futterman": 1, 
            "futterman": 1, 
            "gene futterman": 1, 
            "may begin to eat gene futterman": 1, 
            "served, you may begin to eat gene": 1, 
            "to eat gene futterman": 1, 
            "two are served, you may begin to": 1, 
            "when two are served, you may begin": 1, 
            "you may begin to eat gene futterman": 1
        }, 
        "8": {
            "": 39, 
            "are served, you may begin to eat gene": 1, 
            "begin to eat gene futterman": 1, 
            "eat gene futterman": 1, 
            "futterman": 1, 
            "gene futterman": 1, 
            "may begin to eat gene futterman": 1, 
            "served, you may begin to eat gene futterman": 1, 
            "to eat gene futterman": 1, 
            "two are served, you may begin to eat": 1, 
            "when two are served, you may begin to": 1, 
            "you may begin to eat gene futterman": 1
        }
    }, 
    "song_title": "Futterman's Rule", 
    "total_words": [
        11, 
        {
            "are": 1, 
            "begin": 1, 
            "eat": 1, 
            "futterman": 1, 
            "gene": 1, 
            "may": 1, 
            "served,": 1, 
            "to": 1, 
            "two": 1, 
            "when": 1, 
            "you": 1
        }
    ], 
    "unique_words": [
        11, 
        [
            "begin", 
            "may", 
            "when", 
            "two", 
            "to", 
            "are", 
            "served,", 
            "futterman", 
            "you", 
            "gene", 
            "eat"
        ]
    ], 
    "year": 1994
}