{
    "album": "Ill Communication", 
    "artist": "Beastie Boys", 
    "lyrics": "Drink A Six Pack And Then You Play Som Ball\nWalking Down The Stairs And Then He Starts To Fall\nAdd On Two Joints And Then He Starts To Sweat\nTwo Hundred Seventy Five Punds That You Can't Forget\n\nHeart Attack, Heart Attack Man\nSpend All Your Money On Your Health Insurance Plan\nHeart Attack, Heart Attack Man\nKeep On Getting Bigger Because You Know That You Can\n\nWhy Do You Force Yourself On Top Of That Girl\nLaugh With All Your Buddies Because It's A Man's Man's World\nSomeday That Shit Will Come Back To You\nYou've Been Throwing Your Weight Around And\nYour Shit Is Through\n\nHeart Attack, Heart Attack Man\nGoing Nowhere, Got No Master Plan\nHeart Attack, Heart Attack Man\nHeart Attack\n\nWeighs In At Two Seventy Five\nYeh My Man Is Lucky To Be Alive\nSmokin' And Drinkin' Too\nMy Man The Heart Attack Man Is Gonna Be Running Over You\nGot No God Damn Respect\nHad To Put The Big Big Bitch-Ass In Check\n\nHeart Attack, Heart Attack Man\nLungs Full Of Tar And A Stomach Full Of Spam\nHeart Attack, Heart Attack Man\nTime To Change Your Ways Heart Attack Man\n\nWhat do we know about partying or anything else?\n", 
    "ngrams": {
        "2": {
            "": 885, 
            "a man's": 1, 
            "a six": 1, 
            "a stomach": 1, 
            "about partying": 1, 
            "add on": 1, 
            "alive smokin'": 1, 
            "all your": 2, 
            "and a": 1, 
            "and drinkin'": 1, 
            "and then": 3, 
            "and your": 1, 
            "anything else": 1, 
            "around and": 1, 
            "at two": 1, 
            "attack man": 8, 
            "attack weighs": 1, 
            "attack, heart": 6, 
            "back to": 1, 
            "ball walking": 1, 
            "be alive": 1, 
            "be running": 1, 
            "because it's": 1, 
            "because you": 1, 
            "been throwing": 1, 
            "big big": 1, 
            "big bitch-ass": 1, 
            "bigger because": 1, 
            "bitch-ass in": 1, 
            "buddies because": 1, 
            "can why": 1, 
            "can't forget": 1, 
            "change your": 1, 
            "check heart": 1, 
            "come back": 1, 
            "damn respect": 1, 
            "do we": 1, 
            "do you": 1, 
            "down the": 1, 
            "drink a": 1, 
            "drinkin' too": 1, 
            "else": 1, 
            "fall add": 1, 
            "five punds": 1, 
            "five yeh": 1, 
            "force yourself": 1, 
            "forget heart": 1, 
            "full of": 2, 
            "getting bigger": 1, 
            "girl laugh": 1, 
            "god damn": 1, 
            "going nowhere,": 1, 
            "gonna be": 1, 
            "got no": 2, 
            "had to": 1, 
            "he starts": 2, 
            "health insurance": 1, 
            "heart attack": 9, 
            "heart attack,": 6, 
            "hundred seventy": 1, 
            "in at": 1, 
            "in check": 1, 
            "insurance plan": 1, 
            "is gonna": 1, 
            "is lucky": 1, 
            "is through": 1, 
            "it's a": 1, 
            "joints and": 1, 
            "keep on": 1, 
            "know about": 1, 
            "know that": 1, 
            "laugh with": 1, 
            "lucky to": 1, 
            "lungs full": 1, 
            "man going": 1, 
            "man heart": 1, 
            "man is": 2, 
            "man keep": 1, 
            "man lungs": 1, 
            "man spend": 1, 
            "man the": 1, 
            "man time": 1, 
            "man what": 1, 
            "man's man's": 1, 
            "man's world": 1, 
            "master plan": 1, 
            "money on": 1, 
            "my man": 2, 
            "no god": 1, 
            "no master": 1, 
            "nowhere, got": 1, 
            "of spam": 1, 
            "of tar": 1, 
            "of that": 1, 
            "on getting": 1, 
            "on top": 1, 
            "on two": 1, 
            "on your": 1, 
            "or anything": 1, 
            "over you": 1, 
            "pack and": 1, 
            "partying or": 1, 
            "plan heart": 2, 
            "play som": 1, 
            "punds that": 1, 
            "put the": 1, 
            "respect had": 1, 
            "running over": 1, 
            "seventy five": 2, 
            "shit is": 1, 
            "shit will": 1, 
            "six pack": 1, 
            "smokin' and": 1, 
            "som ball": 1, 
            "someday that": 1, 
            "spam heart": 1, 
            "spend all": 1, 
            "stairs and": 1, 
            "starts to": 2, 
            "stomach full": 1, 
            "sweat two": 1, 
            "tar and": 1, 
            "that girl": 1, 
            "that shit": 1, 
            "that you": 2, 
            "the big": 1, 
            "the heart": 1, 
            "the stairs": 1, 
            "then he": 2, 
            "then you": 1, 
            "through heart": 1, 
            "throwing your": 1, 
            "time to": 1, 
            "to be": 1, 
            "to change": 1, 
            "to fall": 1, 
            "to put": 1, 
            "to sweat": 1, 
            "to you": 1, 
            "too my": 1, 
            "top of": 1, 
            "two hundred": 1, 
            "two joints": 1, 
            "two seventy": 1, 
            "walking down": 1, 
            "ways heart": 1, 
            "we know": 1, 
            "weighs in": 1, 
            "weight around": 1, 
            "what do": 1, 
            "why do": 1, 
            "will come": 1, 
            "with all": 1, 
            "world someday": 1, 
            "yeh my": 1, 
            "you can": 1, 
            "you can't": 1, 
            "you force": 1, 
            "you got": 1, 
            "you know": 1, 
            "you play": 1, 
            "you you've": 1, 
            "you've been": 1, 
            "your buddies": 1, 
            "your health": 1, 
            "your money": 1, 
            "your shit": 1, 
            "your ways": 1, 
            "your weight": 1, 
            "yourself on": 1
        }, 
        "3": {
            "": 884, 
            "a man's man's": 1, 
            "a six pack": 1, 
            "a stomach full": 1, 
            "about partying or": 1, 
            "add on two": 1, 
            "alive smokin' and": 1, 
            "all your buddies": 1, 
            "all your money": 1, 
            "and a stomach": 1, 
            "and drinkin' too": 1, 
            "and then he": 2, 
            "and then you": 1, 
            "and your shit": 1, 
            "anything else": 1, 
            "around and your": 1, 
            "at two seventy": 1, 
            "attack man going": 1, 
            "attack man heart": 1, 
            "attack man is": 1, 
            "attack man keep": 1, 
            "attack man lungs": 1, 
            "attack man spend": 1, 
            "attack man time": 1, 
            "attack man what": 1, 
            "attack weighs in": 1, 
            "attack, heart attack": 6, 
            "back to you": 1, 
            "ball walking down": 1, 
            "be alive smokin'": 1, 
            "be running over": 1, 
            "because it's a": 1, 
            "because you know": 1, 
            "been throwing your": 1, 
            "big big bitch-ass": 1, 
            "big bitch-ass in": 1, 
            "bigger because you": 1, 
            "bitch-ass in check": 1, 
            "buddies because it's": 1, 
            "can why do": 1, 
            "can't forget heart": 1, 
            "change your ways": 1, 
            "check heart attack,": 1, 
            "come back to": 1, 
            "damn respect had": 1, 
            "do we know": 1, 
            "do you force": 1, 
            "down the stairs": 1, 
            "drink a six": 1, 
            "drinkin' too my": 1, 
            "else": 1, 
            "fall add on": 1, 
            "five punds that": 1, 
            "five yeh my": 1, 
            "force yourself on": 1, 
            "forget heart attack,": 1, 
            "full of spam": 1, 
            "full of tar": 1, 
            "getting bigger because": 1, 
            "girl laugh with": 1, 
            "god damn respect": 1, 
            "going nowhere, got": 1, 
            "gonna be running": 1, 
            "got no god": 1, 
            "got no master": 1, 
            "had to put": 1, 
            "he starts to": 2, 
            "health insurance plan": 1, 
            "heart attack man": 8, 
            "heart attack weighs": 1, 
            "heart attack, heart": 6, 
            "hundred seventy five": 1, 
            "in at two": 1, 
            "in check heart": 1, 
            "insurance plan heart": 1, 
            "is gonna be": 1, 
            "is lucky to": 1, 
            "is through heart": 1, 
            "it's a man's": 1, 
            "joints and then": 1, 
            "keep on getting": 1, 
            "know about partying": 1, 
            "know that you": 1, 
            "laugh with all": 1, 
            "lucky to be": 1, 
            "lungs full of": 1, 
            "man going nowhere,": 1, 
            "man heart attack": 1, 
            "man is gonna": 1, 
            "man is lucky": 1, 
            "man keep on": 1, 
            "man lungs full": 1, 
            "man spend all": 1, 
            "man the heart": 1, 
            "man time to": 1, 
            "man what do": 1, 
            "man's man's world": 1, 
            "man's world someday": 1, 
            "master plan heart": 1, 
            "money on your": 1, 
            "my man is": 1, 
            "my man the": 1, 
            "no god damn": 1, 
            "no master plan": 1, 
            "nowhere, got no": 1, 
            "of spam heart": 1, 
            "of tar and": 1, 
            "of that girl": 1, 
            "on getting bigger": 1, 
            "on top of": 1, 
            "on two joints": 1, 
            "on your health": 1, 
            "or anything else": 1, 
            "over you got": 1, 
            "pack and then": 1, 
            "partying or anything": 1, 
            "plan heart attack,": 2, 
            "play som ball": 1, 
            "punds that you": 1, 
            "put the big": 1, 
            "respect had to": 1, 
            "running over you": 1, 
            "seventy five punds": 1, 
            "seventy five yeh": 1, 
            "shit is through": 1, 
            "shit will come": 1, 
            "six pack and": 1, 
            "smokin' and drinkin'": 1, 
            "som ball walking": 1, 
            "someday that shit": 1, 
            "spam heart attack,": 1, 
            "spend all your": 1, 
            "stairs and then": 1, 
            "starts to fall": 1, 
            "starts to sweat": 1, 
            "stomach full of": 1, 
            "sweat two hundred": 1, 
            "tar and a": 1, 
            "that girl laugh": 1, 
            "that shit will": 1, 
            "that you can": 1, 
            "that you can't": 1, 
            "the big big": 1, 
            "the heart attack": 1, 
            "the stairs and": 1, 
            "then he starts": 2, 
            "then you play": 1, 
            "through heart attack,": 1, 
            "throwing your weight": 1, 
            "time to change": 1, 
            "to be alive": 1, 
            "to change your": 1, 
            "to fall add": 1, 
            "to put the": 1, 
            "to sweat two": 1, 
            "to you you've": 1, 
            "too my man": 1, 
            "top of that": 1, 
            "two hundred seventy": 1, 
            "two joints and": 1, 
            "two seventy five": 1, 
            "walking down the": 1, 
            "ways heart attack": 1, 
            "we know about": 1, 
            "weighs in at": 1, 
            "weight around and": 1, 
            "what do we": 1, 
            "why do you": 1, 
            "will come back": 1, 
            "with all your": 1, 
            "world someday that": 1, 
            "yeh my man": 1, 
            "you can why": 1, 
            "you can't forget": 1, 
            "you force yourself": 1, 
            "you got no": 1, 
            "you know that": 1, 
            "you play som": 1, 
            "you you've been": 1, 
            "you've been throwing": 1, 
            "your buddies because": 1, 
            "your health insurance": 1, 
            "your money on": 1, 
            "your shit is": 1, 
            "your ways heart": 1, 
            "your weight around": 1, 
            "yourself on top": 1
        }, 
        "4": {
            "": 883, 
            "a man's man's world": 1, 
            "a six pack and": 1, 
            "a stomach full of": 1, 
            "about partying or anything": 1, 
            "add on two joints": 1, 
            "alive smokin' and drinkin'": 1, 
            "all your buddies because": 1, 
            "all your money on": 1, 
            "and a stomach full": 1, 
            "and drinkin' too my": 1, 
            "and then he starts": 2, 
            "and then you play": 1, 
            "and your shit is": 1, 
            "anything else": 1, 
            "around and your shit": 1, 
            "at two seventy five": 1, 
            "attack man going nowhere,": 1, 
            "attack man heart attack": 1, 
            "attack man is gonna": 1, 
            "attack man keep on": 1, 
            "attack man lungs full": 1, 
            "attack man spend all": 1, 
            "attack man time to": 1, 
            "attack man what do": 1, 
            "attack weighs in at": 1, 
            "attack, heart attack man": 6, 
            "back to you you've": 1, 
            "ball walking down the": 1, 
            "be alive smokin' and": 1, 
            "be running over you": 1, 
            "because it's a man's": 1, 
            "because you know that": 1, 
            "been throwing your weight": 1, 
            "big big bitch-ass in": 1, 
            "big bitch-ass in check": 1, 
            "bigger because you know": 1, 
            "bitch-ass in check heart": 1, 
            "buddies because it's a": 1, 
            "can why do you": 1, 
            "can't forget heart attack,": 1, 
            "change your ways heart": 1, 
            "check heart attack, heart": 1, 
            "come back to you": 1, 
            "damn respect had to": 1, 
            "do we know about": 1, 
            "do you force yourself": 1, 
            "down the stairs and": 1, 
            "drink a six pack": 1, 
            "drinkin' too my man": 1, 
            "else": 1, 
            "fall add on two": 1, 
            "five punds that you": 1, 
            "five yeh my man": 1, 
            "force yourself on top": 1, 
            "forget heart attack, heart": 1, 
            "full of spam heart": 1, 
            "full of tar and": 1, 
            "getting bigger because you": 1, 
            "girl laugh with all": 1, 
            "god damn respect had": 1, 
            "going nowhere, got no": 1, 
            "gonna be running over": 1, 
            "got no god damn": 1, 
            "got no master plan": 1, 
            "had to put the": 1, 
            "he starts to fall": 1, 
            "he starts to sweat": 1, 
            "health insurance plan heart": 1, 
            "heart attack man going": 1, 
            "heart attack man heart": 1, 
            "heart attack man is": 1, 
            "heart attack man keep": 1, 
            "heart attack man lungs": 1, 
            "heart attack man spend": 1, 
            "heart attack man time": 1, 
            "heart attack man what": 1, 
            "heart attack weighs in": 1, 
            "heart attack, heart attack": 6, 
            "hundred seventy five punds": 1, 
            "in at two seventy": 1, 
            "in check heart attack,": 1, 
            "insurance plan heart attack,": 1, 
            "is gonna be running": 1, 
            "is lucky to be": 1, 
            "is through heart attack,": 1, 
            "it's a man's man's": 1, 
            "joints and then he": 1, 
            "keep on getting bigger": 1, 
            "know about partying or": 1, 
            "know that you can": 1, 
            "laugh with all your": 1, 
            "lucky to be alive": 1, 
            "lungs full of tar": 1, 
            "man going nowhere, got": 1, 
            "man heart attack weighs": 1, 
            "man is gonna be": 1, 
            "man is lucky to": 1, 
            "man keep on getting": 1, 
            "man lungs full of": 1, 
            "man spend all your": 1, 
            "man the heart attack": 1, 
            "man time to change": 1, 
            "man what do we": 1, 
            "man's man's world someday": 1, 
            "man's world someday that": 1, 
            "master plan heart attack,": 1, 
            "money on your health": 1, 
            "my man is lucky": 1, 
            "my man the heart": 1, 
            "no god damn respect": 1, 
            "no master plan heart": 1, 
            "nowhere, got no master": 1, 
            "of spam heart attack,": 1, 
            "of tar and a": 1, 
            "of that girl laugh": 1, 
            "on getting bigger because": 1, 
            "on top of that": 1, 
            "on two joints and": 1, 
            "on your health insurance": 1, 
            "or anything else": 1, 
            "over you got no": 1, 
            "pack and then you": 1, 
            "partying or anything else": 1, 
            "plan heart attack, heart": 2, 
            "play som ball walking": 1, 
            "punds that you can't": 1, 
            "put the big big": 1, 
            "respect had to put": 1, 
            "running over you got": 1, 
            "seventy five punds that": 1, 
            "seventy five yeh my": 1, 
            "shit is through heart": 1, 
            "shit will come back": 1, 
            "six pack and then": 1, 
            "smokin' and drinkin' too": 1, 
            "som ball walking down": 1, 
            "someday that shit will": 1, 
            "spam heart attack, heart": 1, 
            "spend all your money": 1, 
            "stairs and then he": 1, 
            "starts to fall add": 1, 
            "starts to sweat two": 1, 
            "stomach full of spam": 1, 
            "sweat two hundred seventy": 1, 
            "tar and a stomach": 1, 
            "that girl laugh with": 1, 
            "that shit will come": 1, 
            "that you can why": 1, 
            "that you can't forget": 1, 
            "the big big bitch-ass": 1, 
            "the heart attack man": 1, 
            "the stairs and then": 1, 
            "then he starts to": 2, 
            "then you play som": 1, 
            "through heart attack, heart": 1, 
            "throwing your weight around": 1, 
            "time to change your": 1, 
            "to be alive smokin'": 1, 
            "to change your ways": 1, 
            "to fall add on": 1, 
            "to put the big": 1, 
            "to sweat two hundred": 1, 
            "to you you've been": 1, 
            "too my man the": 1, 
            "top of that girl": 1, 
            "two hundred seventy five": 1, 
            "two joints and then": 1, 
            "two seventy five yeh": 1, 
            "walking down the stairs": 1, 
            "ways heart attack man": 1, 
            "we know about partying": 1, 
            "weighs in at two": 1, 
            "weight around and your": 1, 
            "what do we know": 1, 
            "why do you force": 1, 
            "will come back to": 1, 
            "with all your buddies": 1, 
            "world someday that shit": 1, 
            "yeh my man is": 1, 
            "you can why do": 1, 
            "you can't forget heart": 1, 
            "you force yourself on": 1, 
            "you got no god": 1, 
            "you know that you": 1, 
            "you play som ball": 1, 
            "you you've been throwing": 1, 
            "you've been throwing your": 1, 
            "your buddies because it's": 1, 
            "your health insurance plan": 1, 
            "your money on your": 1, 
            "your shit is through": 1, 
            "your ways heart attack": 1, 
            "your weight around and": 1, 
            "yourself on top of": 1
        }, 
        "5": {
            "": 882, 
            "a man's man's world someday": 1, 
            "a six pack and then": 1, 
            "a stomach full of spam": 1, 
            "about partying or anything else": 1, 
            "add on two joints and": 1, 
            "alive smokin' and drinkin' too": 1, 
            "all your buddies because it's": 1, 
            "all your money on your": 1, 
            "and a stomach full of": 1, 
            "and drinkin' too my man": 1, 
            "and then he starts to": 2, 
            "and then you play som": 1, 
            "and your shit is through": 1, 
            "anything else": 1, 
            "around and your shit is": 1, 
            "at two seventy five yeh": 1, 
            "attack man going nowhere, got": 1, 
            "attack man heart attack weighs": 1, 
            "attack man is gonna be": 1, 
            "attack man keep on getting": 1, 
            "attack man lungs full of": 1, 
            "attack man spend all your": 1, 
            "attack man time to change": 1, 
            "attack man what do we": 1, 
            "attack weighs in at two": 1, 
            "attack, heart attack man going": 1, 
            "attack, heart attack man heart": 1, 
            "attack, heart attack man keep": 1, 
            "attack, heart attack man lungs": 1, 
            "attack, heart attack man spend": 1, 
            "attack, heart attack man time": 1, 
            "back to you you've been": 1, 
            "ball walking down the stairs": 1, 
            "be alive smokin' and drinkin'": 1, 
            "be running over you got": 1, 
            "because it's a man's man's": 1, 
            "because you know that you": 1, 
            "been throwing your weight around": 1, 
            "big big bitch-ass in check": 1, 
            "big bitch-ass in check heart": 1, 
            "bigger because you know that": 1, 
            "bitch-ass in check heart attack,": 1, 
            "buddies because it's a man's": 1, 
            "can why do you force": 1, 
            "can't forget heart attack, heart": 1, 
            "change your ways heart attack": 1, 
            "check heart attack, heart attack": 1, 
            "come back to you you've": 1, 
            "damn respect had to put": 1, 
            "do we know about partying": 1, 
            "do you force yourself on": 1, 
            "down the stairs and then": 1, 
            "drink a six pack and": 1, 
            "drinkin' too my man the": 1, 
            "else": 1, 
            "fall add on two joints": 1, 
            "five punds that you can't": 1, 
            "five yeh my man is": 1, 
            "force yourself on top of": 1, 
            "forget heart attack, heart attack": 1, 
            "full of spam heart attack,": 1, 
            "full of tar and a": 1, 
            "getting bigger because you know": 1, 
            "girl laugh with all your": 1, 
            "god damn respect had to": 1, 
            "going nowhere, got no master": 1, 
            "gonna be running over you": 1, 
            "got no god damn respect": 1, 
            "got no master plan heart": 1, 
            "had to put the big": 1, 
            "he starts to fall add": 1, 
            "he starts to sweat two": 1, 
            "health insurance plan heart attack,": 1, 
            "heart attack man going nowhere,": 1, 
            "heart attack man heart attack": 1, 
            "heart attack man is gonna": 1, 
            "heart attack man keep on": 1, 
            "heart attack man lungs full": 1, 
            "heart attack man spend all": 1, 
            "heart attack man time to": 1, 
            "heart attack man what do": 1, 
            "heart attack weighs in at": 1, 
            "heart attack, heart attack man": 6, 
            "hundred seventy five punds that": 1, 
            "in at two seventy five": 1, 
            "in check heart attack, heart": 1, 
            "insurance plan heart attack, heart": 1, 
            "is gonna be running over": 1, 
            "is lucky to be alive": 1, 
            "is through heart attack, heart": 1, 
            "it's a man's man's world": 1, 
            "joints and then he starts": 1, 
            "keep on getting bigger because": 1, 
            "know about partying or anything": 1, 
            "know that you can why": 1, 
            "laugh with all your buddies": 1, 
            "lucky to be alive smokin'": 1, 
            "lungs full of tar and": 1, 
            "man going nowhere, got no": 1, 
            "man heart attack weighs in": 1, 
            "man is gonna be running": 1, 
            "man is lucky to be": 1, 
            "man keep on getting bigger": 1, 
            "man lungs full of tar": 1, 
            "man spend all your money": 1, 
            "man the heart attack man": 1, 
            "man time to change your": 1, 
            "man what do we know": 1, 
            "man's man's world someday that": 1, 
            "man's world someday that shit": 1, 
            "master plan heart attack, heart": 1, 
            "money on your health insurance": 1, 
            "my man is lucky to": 1, 
            "my man the heart attack": 1, 
            "no god damn respect had": 1, 
            "no master plan heart attack,": 1, 
            "nowhere, got no master plan": 1, 
            "of spam heart attack, heart": 1, 
            "of tar and a stomach": 1, 
            "of that girl laugh with": 1, 
            "on getting bigger because you": 1, 
            "on top of that girl": 1, 
            "on two joints and then": 1, 
            "on your health insurance plan": 1, 
            "or anything else": 1, 
            "over you got no god": 1, 
            "pack and then you play": 1, 
            "partying or anything else": 1, 
            "plan heart attack, heart attack": 2, 
            "play som ball walking down": 1, 
            "punds that you can't forget": 1, 
            "put the big big bitch-ass": 1, 
            "respect had to put the": 1, 
            "running over you got no": 1, 
            "seventy five punds that you": 1, 
            "seventy five yeh my man": 1, 
            "shit is through heart attack,": 1, 
            "shit will come back to": 1, 
            "six pack and then you": 1, 
            "smokin' and drinkin' too my": 1, 
            "som ball walking down the": 1, 
            "someday that shit will come": 1, 
            "spam heart attack, heart attack": 1, 
            "spend all your money on": 1, 
            "stairs and then he starts": 1, 
            "starts to fall add on": 1, 
            "starts to sweat two hundred": 1, 
            "stomach full of spam heart": 1, 
            "sweat two hundred seventy five": 1, 
            "tar and a stomach full": 1, 
            "that girl laugh with all": 1, 
            "that shit will come back": 1, 
            "that you can why do": 1, 
            "that you can't forget heart": 1, 
            "the big big bitch-ass in": 1, 
            "the heart attack man is": 1, 
            "the stairs and then he": 1, 
            "then he starts to fall": 1, 
            "then he starts to sweat": 1, 
            "then you play som ball": 1, 
            "through heart attack, heart attack": 1, 
            "throwing your weight around and": 1, 
            "time to change your ways": 1, 
            "to be alive smokin' and": 1, 
            "to change your ways heart": 1, 
            "to fall add on two": 1, 
            "to put the big big": 1, 
            "to sweat two hundred seventy": 1, 
            "to you you've been throwing": 1, 
            "too my man the heart": 1, 
            "top of that girl laugh": 1, 
            "two hundred seventy five punds": 1, 
            "two joints and then he": 1, 
            "two seventy five yeh my": 1, 
            "walking down the stairs and": 1, 
            "ways heart attack man what": 1, 
            "we know about partying or": 1, 
            "weighs in at two seventy": 1, 
            "weight around and your shit": 1, 
            "what do we know about": 1, 
            "why do you force yourself": 1, 
            "will come back to you": 1, 
            "with all your buddies because": 1, 
            "world someday that shit will": 1, 
            "yeh my man is lucky": 1, 
            "you can why do you": 1, 
            "you can't forget heart attack,": 1, 
            "you force yourself on top": 1, 
            "you got no god damn": 1, 
            "you know that you can": 1, 
            "you play som ball walking": 1, 
            "you you've been throwing your": 1, 
            "you've been throwing your weight": 1, 
            "your buddies because it's a": 1, 
            "your health insurance plan heart": 1, 
            "your money on your health": 1, 
            "your shit is through heart": 1, 
            "your ways heart attack man": 1, 
            "your weight around and your": 1, 
            "yourself on top of that": 1
        }, 
        "6": {
            "": 881, 
            "a man's man's world someday that": 1, 
            "a six pack and then you": 1, 
            "a stomach full of spam heart": 1, 
            "about partying or anything else": 1, 
            "add on two joints and then": 1, 
            "alive smokin' and drinkin' too my": 1, 
            "all your buddies because it's a": 1, 
            "all your money on your health": 1, 
            "and a stomach full of spam": 1, 
            "and drinkin' too my man the": 1, 
            "and then he starts to fall": 1, 
            "and then he starts to sweat": 1, 
            "and then you play som ball": 1, 
            "and your shit is through heart": 1, 
            "anything else": 1, 
            "around and your shit is through": 1, 
            "at two seventy five yeh my": 1, 
            "attack man going nowhere, got no": 1, 
            "attack man heart attack weighs in": 1, 
            "attack man is gonna be running": 1, 
            "attack man keep on getting bigger": 1, 
            "attack man lungs full of tar": 1, 
            "attack man spend all your money": 1, 
            "attack man time to change your": 1, 
            "attack man what do we know": 1, 
            "attack weighs in at two seventy": 1, 
            "attack, heart attack man going nowhere,": 1, 
            "attack, heart attack man heart attack": 1, 
            "attack, heart attack man keep on": 1, 
            "attack, heart attack man lungs full": 1, 
            "attack, heart attack man spend all": 1, 
            "attack, heart attack man time to": 1, 
            "back to you you've been throwing": 1, 
            "ball walking down the stairs and": 1, 
            "be alive smokin' and drinkin' too": 1, 
            "be running over you got no": 1, 
            "because it's a man's man's world": 1, 
            "because you know that you can": 1, 
            "been throwing your weight around and": 1, 
            "big big bitch-ass in check heart": 1, 
            "big bitch-ass in check heart attack,": 1, 
            "bigger because you know that you": 1, 
            "bitch-ass in check heart attack, heart": 1, 
            "buddies because it's a man's man's": 1, 
            "can why do you force yourself": 1, 
            "can't forget heart attack, heart attack": 1, 
            "change your ways heart attack man": 1, 
            "check heart attack, heart attack man": 1, 
            "come back to you you've been": 1, 
            "damn respect had to put the": 1, 
            "do we know about partying or": 1, 
            "do you force yourself on top": 1, 
            "down the stairs and then he": 1, 
            "drink a six pack and then": 1, 
            "drinkin' too my man the heart": 1, 
            "else": 1, 
            "fall add on two joints and": 1, 
            "five punds that you can't forget": 1, 
            "five yeh my man is lucky": 1, 
            "force yourself on top of that": 1, 
            "forget heart attack, heart attack man": 1, 
            "full of spam heart attack, heart": 1, 
            "full of tar and a stomach": 1, 
            "getting bigger because you know that": 1, 
            "girl laugh with all your buddies": 1, 
            "god damn respect had to put": 1, 
            "going nowhere, got no master plan": 1, 
            "gonna be running over you got": 1, 
            "got no god damn respect had": 1, 
            "got no master plan heart attack,": 1, 
            "had to put the big big": 1, 
            "he starts to fall add on": 1, 
            "he starts to sweat two hundred": 1, 
            "health insurance plan heart attack, heart": 1, 
            "heart attack man going nowhere, got": 1, 
            "heart attack man heart attack weighs": 1, 
            "heart attack man is gonna be": 1, 
            "heart attack man keep on getting": 1, 
            "heart attack man lungs full of": 1, 
            "heart attack man spend all your": 1, 
            "heart attack man time to change": 1, 
            "heart attack man what do we": 1, 
            "heart attack weighs in at two": 1, 
            "heart attack, heart attack man going": 1, 
            "heart attack, heart attack man heart": 1, 
            "heart attack, heart attack man keep": 1, 
            "heart attack, heart attack man lungs": 1, 
            "heart attack, heart attack man spend": 1, 
            "heart attack, heart attack man time": 1, 
            "hundred seventy five punds that you": 1, 
            "in at two seventy five yeh": 1, 
            "in check heart attack, heart attack": 1, 
            "insurance plan heart attack, heart attack": 1, 
            "is gonna be running over you": 1, 
            "is lucky to be alive smokin'": 1, 
            "is through heart attack, heart attack": 1, 
            "it's a man's man's world someday": 1, 
            "joints and then he starts to": 1, 
            "keep on getting bigger because you": 1, 
            "know about partying or anything else": 1, 
            "know that you can why do": 1, 
            "laugh with all your buddies because": 1, 
            "lucky to be alive smokin' and": 1, 
            "lungs full of tar and a": 1, 
            "man going nowhere, got no master": 1, 
            "man heart attack weighs in at": 1, 
            "man is gonna be running over": 1, 
            "man is lucky to be alive": 1, 
            "man keep on getting bigger because": 1, 
            "man lungs full of tar and": 1, 
            "man spend all your money on": 1, 
            "man the heart attack man is": 1, 
            "man time to change your ways": 1, 
            "man what do we know about": 1, 
            "man's man's world someday that shit": 1, 
            "man's world someday that shit will": 1, 
            "master plan heart attack, heart attack": 1, 
            "money on your health insurance plan": 1, 
            "my man is lucky to be": 1, 
            "my man the heart attack man": 1, 
            "no god damn respect had to": 1, 
            "no master plan heart attack, heart": 1, 
            "nowhere, got no master plan heart": 1, 
            "of spam heart attack, heart attack": 1, 
            "of tar and a stomach full": 1, 
            "of that girl laugh with all": 1, 
            "on getting bigger because you know": 1, 
            "on top of that girl laugh": 1, 
            "on two joints and then he": 1, 
            "on your health insurance plan heart": 1, 
            "or anything else": 1, 
            "over you got no god damn": 1, 
            "pack and then you play som": 1, 
            "partying or anything else": 1, 
            "plan heart attack, heart attack man": 2, 
            "play som ball walking down the": 1, 
            "punds that you can't forget heart": 1, 
            "put the big big bitch-ass in": 1, 
            "respect had to put the big": 1, 
            "running over you got no god": 1, 
            "seventy five punds that you can't": 1, 
            "seventy five yeh my man is": 1, 
            "shit is through heart attack, heart": 1, 
            "shit will come back to you": 1, 
            "six pack and then you play": 1, 
            "smokin' and drinkin' too my man": 1, 
            "som ball walking down the stairs": 1, 
            "someday that shit will come back": 1, 
            "spam heart attack, heart attack man": 1, 
            "spend all your money on your": 1, 
            "stairs and then he starts to": 1, 
            "starts to fall add on two": 1, 
            "starts to sweat two hundred seventy": 1, 
            "stomach full of spam heart attack,": 1, 
            "sweat two hundred seventy five punds": 1, 
            "tar and a stomach full of": 1, 
            "that girl laugh with all your": 1, 
            "that shit will come back to": 1, 
            "that you can why do you": 1, 
            "that you can't forget heart attack,": 1, 
            "the big big bitch-ass in check": 1, 
            "the heart attack man is gonna": 1, 
            "the stairs and then he starts": 1, 
            "then he starts to fall add": 1, 
            "then he starts to sweat two": 1, 
            "then you play som ball walking": 1, 
            "through heart attack, heart attack man": 1, 
            "throwing your weight around and your": 1, 
            "time to change your ways heart": 1, 
            "to be alive smokin' and drinkin'": 1, 
            "to change your ways heart attack": 1, 
            "to fall add on two joints": 1, 
            "to put the big big bitch-ass": 1, 
            "to sweat two hundred seventy five": 1, 
            "to you you've been throwing your": 1, 
            "too my man the heart attack": 1, 
            "top of that girl laugh with": 1, 
            "two hundred seventy five punds that": 1, 
            "two joints and then he starts": 1, 
            "two seventy five yeh my man": 1, 
            "walking down the stairs and then": 1, 
            "ways heart attack man what do": 1, 
            "we know about partying or anything": 1, 
            "weighs in at two seventy five": 1, 
            "weight around and your shit is": 1, 
            "what do we know about partying": 1, 
            "why do you force yourself on": 1, 
            "will come back to you you've": 1, 
            "with all your buddies because it's": 1, 
            "world someday that shit will come": 1, 
            "yeh my man is lucky to": 1, 
            "you can why do you force": 1, 
            "you can't forget heart attack, heart": 1, 
            "you force yourself on top of": 1, 
            "you got no god damn respect": 1, 
            "you know that you can why": 1, 
            "you play som ball walking down": 1, 
            "you you've been throwing your weight": 1, 
            "you've been throwing your weight around": 1, 
            "your buddies because it's a man's": 1, 
            "your health insurance plan heart attack,": 1, 
            "your money on your health insurance": 1, 
            "your shit is through heart attack,": 1, 
            "your ways heart attack man what": 1, 
            "your weight around and your shit": 1, 
            "yourself on top of that girl": 1
        }, 
        "7": {
            "": 880, 
            "a man's man's world someday that shit": 1, 
            "a six pack and then you play": 1, 
            "a stomach full of spam heart attack,": 1, 
            "about partying or anything else": 1, 
            "add on two joints and then he": 1, 
            "alive smokin' and drinkin' too my man": 1, 
            "all your buddies because it's a man's": 1, 
            "all your money on your health insurance": 1, 
            "and a stomach full of spam heart": 1, 
            "and drinkin' too my man the heart": 1, 
            "and then he starts to fall add": 1, 
            "and then he starts to sweat two": 1, 
            "and then you play som ball walking": 1, 
            "and your shit is through heart attack,": 1, 
            "anything else": 1, 
            "around and your shit is through heart": 1, 
            "at two seventy five yeh my man": 1, 
            "attack man going nowhere, got no master": 1, 
            "attack man heart attack weighs in at": 1, 
            "attack man is gonna be running over": 1, 
            "attack man keep on getting bigger because": 1, 
            "attack man lungs full of tar and": 1, 
            "attack man spend all your money on": 1, 
            "attack man time to change your ways": 1, 
            "attack man what do we know about": 1, 
            "attack weighs in at two seventy five": 1, 
            "attack, heart attack man going nowhere, got": 1, 
            "attack, heart attack man heart attack weighs": 1, 
            "attack, heart attack man keep on getting": 1, 
            "attack, heart attack man lungs full of": 1, 
            "attack, heart attack man spend all your": 1, 
            "attack, heart attack man time to change": 1, 
            "back to you you've been throwing your": 1, 
            "ball walking down the stairs and then": 1, 
            "be alive smokin' and drinkin' too my": 1, 
            "be running over you got no god": 1, 
            "because it's a man's man's world someday": 1, 
            "because you know that you can why": 1, 
            "been throwing your weight around and your": 1, 
            "big big bitch-ass in check heart attack,": 1, 
            "big bitch-ass in check heart attack, heart": 1, 
            "bigger because you know that you can": 1, 
            "bitch-ass in check heart attack, heart attack": 1, 
            "buddies because it's a man's man's world": 1, 
            "can why do you force yourself on": 1, 
            "can't forget heart attack, heart attack man": 1, 
            "change your ways heart attack man what": 1, 
            "check heart attack, heart attack man lungs": 1, 
            "come back to you you've been throwing": 1, 
            "damn respect had to put the big": 1, 
            "do we know about partying or anything": 1, 
            "do you force yourself on top of": 1, 
            "down the stairs and then he starts": 1, 
            "drink a six pack and then you": 1, 
            "drinkin' too my man the heart attack": 1, 
            "else": 1, 
            "fall add on two joints and then": 1, 
            "five punds that you can't forget heart": 1, 
            "five yeh my man is lucky to": 1, 
            "force yourself on top of that girl": 1, 
            "forget heart attack, heart attack man spend": 1, 
            "full of spam heart attack, heart attack": 1, 
            "full of tar and a stomach full": 1, 
            "getting bigger because you know that you": 1, 
            "girl laugh with all your buddies because": 1, 
            "god damn respect had to put the": 1, 
            "going nowhere, got no master plan heart": 1, 
            "gonna be running over you got no": 1, 
            "got no god damn respect had to": 1, 
            "got no master plan heart attack, heart": 1, 
            "had to put the big big bitch-ass": 1, 
            "he starts to fall add on two": 1, 
            "he starts to sweat two hundred seventy": 1, 
            "health insurance plan heart attack, heart attack": 1, 
            "heart attack man going nowhere, got no": 1, 
            "heart attack man heart attack weighs in": 1, 
            "heart attack man is gonna be running": 1, 
            "heart attack man keep on getting bigger": 1, 
            "heart attack man lungs full of tar": 1, 
            "heart attack man spend all your money": 1, 
            "heart attack man time to change your": 1, 
            "heart attack man what do we know": 1, 
            "heart attack weighs in at two seventy": 1, 
            "heart attack, heart attack man going nowhere,": 1, 
            "heart attack, heart attack man heart attack": 1, 
            "heart attack, heart attack man keep on": 1, 
            "heart attack, heart attack man lungs full": 1, 
            "heart attack, heart attack man spend all": 1, 
            "heart attack, heart attack man time to": 1, 
            "hundred seventy five punds that you can't": 1, 
            "in at two seventy five yeh my": 1, 
            "in check heart attack, heart attack man": 1, 
            "insurance plan heart attack, heart attack man": 1, 
            "is gonna be running over you got": 1, 
            "is lucky to be alive smokin' and": 1, 
            "is through heart attack, heart attack man": 1, 
            "it's a man's man's world someday that": 1, 
            "joints and then he starts to sweat": 1, 
            "keep on getting bigger because you know": 1, 
            "know about partying or anything else": 1, 
            "know that you can why do you": 1, 
            "laugh with all your buddies because it's": 1, 
            "lucky to be alive smokin' and drinkin'": 1, 
            "lungs full of tar and a stomach": 1, 
            "man going nowhere, got no master plan": 1, 
            "man heart attack weighs in at two": 1, 
            "man is gonna be running over you": 1, 
            "man is lucky to be alive smokin'": 1, 
            "man keep on getting bigger because you": 1, 
            "man lungs full of tar and a": 1, 
            "man spend all your money on your": 1, 
            "man the heart attack man is gonna": 1, 
            "man time to change your ways heart": 1, 
            "man what do we know about partying": 1, 
            "man's man's world someday that shit will": 1, 
            "man's world someday that shit will come": 1, 
            "master plan heart attack, heart attack man": 1, 
            "money on your health insurance plan heart": 1, 
            "my man is lucky to be alive": 1, 
            "my man the heart attack man is": 1, 
            "no god damn respect had to put": 1, 
            "no master plan heart attack, heart attack": 1, 
            "nowhere, got no master plan heart attack,": 1, 
            "of spam heart attack, heart attack man": 1, 
            "of tar and a stomach full of": 1, 
            "of that girl laugh with all your": 1, 
            "on getting bigger because you know that": 1, 
            "on top of that girl laugh with": 1, 
            "on two joints and then he starts": 1, 
            "on your health insurance plan heart attack,": 1, 
            "or anything else": 1, 
            "over you got no god damn respect": 1, 
            "pack and then you play som ball": 1, 
            "partying or anything else": 1, 
            "plan heart attack, heart attack man heart": 1, 
            "plan heart attack, heart attack man keep": 1, 
            "play som ball walking down the stairs": 1, 
            "punds that you can't forget heart attack,": 1, 
            "put the big big bitch-ass in check": 1, 
            "respect had to put the big big": 1, 
            "running over you got no god damn": 1, 
            "seventy five punds that you can't forget": 1, 
            "seventy five yeh my man is lucky": 1, 
            "shit is through heart attack, heart attack": 1, 
            "shit will come back to you you've": 1, 
            "six pack and then you play som": 1, 
            "smokin' and drinkin' too my man the": 1, 
            "som ball walking down the stairs and": 1, 
            "someday that shit will come back to": 1, 
            "spam heart attack, heart attack man time": 1, 
            "spend all your money on your health": 1, 
            "stairs and then he starts to fall": 1, 
            "starts to fall add on two joints": 1, 
            "starts to sweat two hundred seventy five": 1, 
            "stomach full of spam heart attack, heart": 1, 
            "sweat two hundred seventy five punds that": 1, 
            "tar and a stomach full of spam": 1, 
            "that girl laugh with all your buddies": 1, 
            "that shit will come back to you": 1, 
            "that you can why do you force": 1, 
            "that you can't forget heart attack, heart": 1, 
            "the big big bitch-ass in check heart": 1, 
            "the heart attack man is gonna be": 1, 
            "the stairs and then he starts to": 1, 
            "then he starts to fall add on": 1, 
            "then he starts to sweat two hundred": 1, 
            "then you play som ball walking down": 1, 
            "through heart attack, heart attack man going": 1, 
            "throwing your weight around and your shit": 1, 
            "time to change your ways heart attack": 1, 
            "to be alive smokin' and drinkin' too": 1, 
            "to change your ways heart attack man": 1, 
            "to fall add on two joints and": 1, 
            "to put the big big bitch-ass in": 1, 
            "to sweat two hundred seventy five punds": 1, 
            "to you you've been throwing your weight": 1, 
            "too my man the heart attack man": 1, 
            "top of that girl laugh with all": 1, 
            "two hundred seventy five punds that you": 1, 
            "two joints and then he starts to": 1, 
            "two seventy five yeh my man is": 1, 
            "walking down the stairs and then he": 1, 
            "ways heart attack man what do we": 1, 
            "we know about partying or anything else": 1, 
            "weighs in at two seventy five yeh": 1, 
            "weight around and your shit is through": 1, 
            "what do we know about partying or": 1, 
            "why do you force yourself on top": 1, 
            "will come back to you you've been": 1, 
            "with all your buddies because it's a": 1, 
            "world someday that shit will come back": 1, 
            "yeh my man is lucky to be": 1, 
            "you can why do you force yourself": 1, 
            "you can't forget heart attack, heart attack": 1, 
            "you force yourself on top of that": 1, 
            "you got no god damn respect had": 1, 
            "you know that you can why do": 1, 
            "you play som ball walking down the": 1, 
            "you you've been throwing your weight around": 1, 
            "you've been throwing your weight around and": 1, 
            "your buddies because it's a man's man's": 1, 
            "your health insurance plan heart attack, heart": 1, 
            "your money on your health insurance plan": 1, 
            "your shit is through heart attack, heart": 1, 
            "your ways heart attack man what do": 1, 
            "your weight around and your shit is": 1, 
            "yourself on top of that girl laugh": 1
        }, 
        "8": {
            "": 879, 
            "a man's man's world someday that shit will": 1, 
            "a six pack and then you play som": 1, 
            "a stomach full of spam heart attack, heart": 1, 
            "about partying or anything else": 1, 
            "add on two joints and then he starts": 1, 
            "alive smokin' and drinkin' too my man the": 1, 
            "all your buddies because it's a man's man's": 1, 
            "all your money on your health insurance plan": 1, 
            "and a stomach full of spam heart attack,": 1, 
            "and drinkin' too my man the heart attack": 1, 
            "and then he starts to fall add on": 1, 
            "and then he starts to sweat two hundred": 1, 
            "and then you play som ball walking down": 1, 
            "and your shit is through heart attack, heart": 1, 
            "anything else": 1, 
            "around and your shit is through heart attack,": 1, 
            "at two seventy five yeh my man is": 1, 
            "attack man going nowhere, got no master plan": 1, 
            "attack man heart attack weighs in at two": 1, 
            "attack man is gonna be running over you": 1, 
            "attack man keep on getting bigger because you": 1, 
            "attack man lungs full of tar and a": 1, 
            "attack man spend all your money on your": 1, 
            "attack man time to change your ways heart": 1, 
            "attack man what do we know about partying": 1, 
            "attack weighs in at two seventy five yeh": 1, 
            "attack, heart attack man going nowhere, got no": 1, 
            "attack, heart attack man heart attack weighs in": 1, 
            "attack, heart attack man keep on getting bigger": 1, 
            "attack, heart attack man lungs full of tar": 1, 
            "attack, heart attack man spend all your money": 1, 
            "attack, heart attack man time to change your": 1, 
            "back to you you've been throwing your weight": 1, 
            "ball walking down the stairs and then he": 1, 
            "be alive smokin' and drinkin' too my man": 1, 
            "be running over you got no god damn": 1, 
            "because it's a man's man's world someday that": 1, 
            "because you know that you can why do": 1, 
            "been throwing your weight around and your shit": 1, 
            "big big bitch-ass in check heart attack, heart": 1, 
            "big bitch-ass in check heart attack, heart attack": 1, 
            "bigger because you know that you can why": 1, 
            "bitch-ass in check heart attack, heart attack man": 1, 
            "buddies because it's a man's man's world someday": 1, 
            "can why do you force yourself on top": 1, 
            "can't forget heart attack, heart attack man spend": 1, 
            "change your ways heart attack man what do": 1, 
            "check heart attack, heart attack man lungs full": 1, 
            "come back to you you've been throwing your": 1, 
            "damn respect had to put the big big": 1, 
            "do we know about partying or anything else": 1, 
            "do you force yourself on top of that": 1, 
            "down the stairs and then he starts to": 1, 
            "drink a six pack and then you play": 1, 
            "drinkin' too my man the heart attack man": 1, 
            "else": 1, 
            "fall add on two joints and then he": 1, 
            "five punds that you can't forget heart attack,": 1, 
            "five yeh my man is lucky to be": 1, 
            "force yourself on top of that girl laugh": 1, 
            "forget heart attack, heart attack man spend all": 1, 
            "full of spam heart attack, heart attack man": 1, 
            "full of tar and a stomach full of": 1, 
            "getting bigger because you know that you can": 1, 
            "girl laugh with all your buddies because it's": 1, 
            "god damn respect had to put the big": 1, 
            "going nowhere, got no master plan heart attack,": 1, 
            "gonna be running over you got no god": 1, 
            "got no god damn respect had to put": 1, 
            "got no master plan heart attack, heart attack": 1, 
            "had to put the big big bitch-ass in": 1, 
            "he starts to fall add on two joints": 1, 
            "he starts to sweat two hundred seventy five": 1, 
            "health insurance plan heart attack, heart attack man": 1, 
            "heart attack man going nowhere, got no master": 1, 
            "heart attack man heart attack weighs in at": 1, 
            "heart attack man is gonna be running over": 1, 
            "heart attack man keep on getting bigger because": 1, 
            "heart attack man lungs full of tar and": 1, 
            "heart attack man spend all your money on": 1, 
            "heart attack man time to change your ways": 1, 
            "heart attack man what do we know about": 1, 
            "heart attack weighs in at two seventy five": 1, 
            "heart attack, heart attack man going nowhere, got": 1, 
            "heart attack, heart attack man heart attack weighs": 1, 
            "heart attack, heart attack man keep on getting": 1, 
            "heart attack, heart attack man lungs full of": 1, 
            "heart attack, heart attack man spend all your": 1, 
            "heart attack, heart attack man time to change": 1, 
            "hundred seventy five punds that you can't forget": 1, 
            "in at two seventy five yeh my man": 1, 
            "in check heart attack, heart attack man lungs": 1, 
            "insurance plan heart attack, heart attack man keep": 1, 
            "is gonna be running over you got no": 1, 
            "is lucky to be alive smokin' and drinkin'": 1, 
            "is through heart attack, heart attack man going": 1, 
            "it's a man's man's world someday that shit": 1, 
            "joints and then he starts to sweat two": 1, 
            "keep on getting bigger because you know that": 1, 
            "know about partying or anything else": 1, 
            "know that you can why do you force": 1, 
            "laugh with all your buddies because it's a": 1, 
            "lucky to be alive smokin' and drinkin' too": 1, 
            "lungs full of tar and a stomach full": 1, 
            "man going nowhere, got no master plan heart": 1, 
            "man heart attack weighs in at two seventy": 1, 
            "man is gonna be running over you got": 1, 
            "man is lucky to be alive smokin' and": 1, 
            "man keep on getting bigger because you know": 1, 
            "man lungs full of tar and a stomach": 1, 
            "man spend all your money on your health": 1, 
            "man the heart attack man is gonna be": 1, 
            "man time to change your ways heart attack": 1, 
            "man what do we know about partying or": 1, 
            "man's man's world someday that shit will come": 1, 
            "man's world someday that shit will come back": 1, 
            "master plan heart attack, heart attack man heart": 1, 
            "money on your health insurance plan heart attack,": 1, 
            "my man is lucky to be alive smokin'": 1, 
            "my man the heart attack man is gonna": 1, 
            "no god damn respect had to put the": 1, 
            "no master plan heart attack, heart attack man": 1, 
            "nowhere, got no master plan heart attack, heart": 1, 
            "of spam heart attack, heart attack man time": 1, 
            "of tar and a stomach full of spam": 1, 
            "of that girl laugh with all your buddies": 1, 
            "on getting bigger because you know that you": 1, 
            "on top of that girl laugh with all": 1, 
            "on two joints and then he starts to": 1, 
            "on your health insurance plan heart attack, heart": 1, 
            "or anything else": 1, 
            "over you got no god damn respect had": 1, 
            "pack and then you play som ball walking": 1, 
            "partying or anything else": 1, 
            "plan heart attack, heart attack man heart attack": 1, 
            "plan heart attack, heart attack man keep on": 1, 
            "play som ball walking down the stairs and": 1, 
            "punds that you can't forget heart attack, heart": 1, 
            "put the big big bitch-ass in check heart": 1, 
            "respect had to put the big big bitch-ass": 1, 
            "running over you got no god damn respect": 1, 
            "seventy five punds that you can't forget heart": 1, 
            "seventy five yeh my man is lucky to": 1, 
            "shit is through heart attack, heart attack man": 1, 
            "shit will come back to you you've been": 1, 
            "six pack and then you play som ball": 1, 
            "smokin' and drinkin' too my man the heart": 1, 
            "som ball walking down the stairs and then": 1, 
            "someday that shit will come back to you": 1, 
            "spam heart attack, heart attack man time to": 1, 
            "spend all your money on your health insurance": 1, 
            "stairs and then he starts to fall add": 1, 
            "starts to fall add on two joints and": 1, 
            "starts to sweat two hundred seventy five punds": 1, 
            "stomach full of spam heart attack, heart attack": 1, 
            "sweat two hundred seventy five punds that you": 1, 
            "tar and a stomach full of spam heart": 1, 
            "that girl laugh with all your buddies because": 1, 
            "that shit will come back to you you've": 1, 
            "that you can why do you force yourself": 1, 
            "that you can't forget heart attack, heart attack": 1, 
            "the big big bitch-ass in check heart attack,": 1, 
            "the heart attack man is gonna be running": 1, 
            "the stairs and then he starts to fall": 1, 
            "then he starts to fall add on two": 1, 
            "then he starts to sweat two hundred seventy": 1, 
            "then you play som ball walking down the": 1, 
            "through heart attack, heart attack man going nowhere,": 1, 
            "throwing your weight around and your shit is": 1, 
            "time to change your ways heart attack man": 1, 
            "to be alive smokin' and drinkin' too my": 1, 
            "to change your ways heart attack man what": 1, 
            "to fall add on two joints and then": 1, 
            "to put the big big bitch-ass in check": 1, 
            "to sweat two hundred seventy five punds that": 1, 
            "to you you've been throwing your weight around": 1, 
            "too my man the heart attack man is": 1, 
            "top of that girl laugh with all your": 1, 
            "two hundred seventy five punds that you can't": 1, 
            "two joints and then he starts to sweat": 1, 
            "two seventy five yeh my man is lucky": 1, 
            "walking down the stairs and then he starts": 1, 
            "ways heart attack man what do we know": 1, 
            "we know about partying or anything else": 1, 
            "weighs in at two seventy five yeh my": 1, 
            "weight around and your shit is through heart": 1, 
            "what do we know about partying or anything": 1, 
            "why do you force yourself on top of": 1, 
            "will come back to you you've been throwing": 1, 
            "with all your buddies because it's a man's": 1, 
            "world someday that shit will come back to": 1, 
            "yeh my man is lucky to be alive": 1, 
            "you can why do you force yourself on": 1, 
            "you can't forget heart attack, heart attack man": 1, 
            "you force yourself on top of that girl": 1, 
            "you got no god damn respect had to": 1, 
            "you know that you can why do you": 1, 
            "you play som ball walking down the stairs": 1, 
            "you you've been throwing your weight around and": 1, 
            "you've been throwing your weight around and your": 1, 
            "your buddies because it's a man's man's world": 1, 
            "your health insurance plan heart attack, heart attack": 1, 
            "your money on your health insurance plan heart": 1, 
            "your shit is through heart attack, heart attack": 1, 
            "your ways heart attack man what do we": 1, 
            "your weight around and your shit is through": 1, 
            "yourself on top of that girl laugh with": 1
        }
    }, 
    "song_title": "Heart Attack Man", 
    "total_words": [
        207, 
        {
            "a": 3, 
            "about": 1, 
            "add": 1, 
            "alive": 1, 
            "all": 2, 
            "and": 6, 
            "anything": 1, 
            "around": 1, 
            "at": 1, 
            "attack": 9, 
            "attack,": 6, 
            "back": 1, 
            "ball": 1, 
            "be": 2, 
            "because": 2, 
            "been": 1, 
            "big": 2, 
            "bigger": 1, 
            "bitch-ass": 1, 
            "buddies": 1, 
            "can": 1, 
            "can't": 1, 
            "change": 1, 
            "check": 1, 
            "come": 1, 
            "damn": 1, 
            "do": 2, 
            "down": 1, 
            "drink": 1, 
            "drinkin'": 1, 
            "else": 1, 
            "fall": 1, 
            "five": 2, 
            "force": 1, 
            "forget": 1, 
            "full": 2, 
            "getting": 1, 
            "girl": 1, 
            "god": 1, 
            "going": 1, 
            "gonna": 1, 
            "got": 2, 
            "had": 1, 
            "he": 2, 
            "health": 1, 
            "heart": 15, 
            "hundred": 1, 
            "in": 2, 
            "insurance": 1, 
            "is": 3, 
            "it's": 1, 
            "joints": 1, 
            "keep": 1, 
            "know": 2, 
            "laugh": 1, 
            "lucky": 1, 
            "lungs": 1, 
            "man": 10, 
            "man's": 2, 
            "master": 1, 
            "money": 1, 
            "my": 2, 
            "no": 2, 
            "nowhere,": 1, 
            "of": 3, 
            "on": 4, 
            "or": 1, 
            "over": 1, 
            "pack": 1, 
            "partying": 1, 
            "plan": 2, 
            "play": 1, 
            "punds": 1, 
            "put": 1, 
            "respect": 1, 
            "running": 1, 
            "seventy": 2, 
            "shit": 2, 
            "six": 1, 
            "smokin'": 1, 
            "som": 1, 
            "someday": 1, 
            "spam": 1, 
            "spend": 1, 
            "stairs": 1, 
            "starts": 2, 
            "stomach": 1, 
            "sweat": 1, 
            "tar": 1, 
            "that": 4, 
            "the": 3, 
            "then": 3, 
            "through": 1, 
            "throwing": 1, 
            "time": 1, 
            "to": 6, 
            "too": 1, 
            "top": 1, 
            "two": 3, 
            "walking": 1, 
            "ways": 1, 
            "we": 1, 
            "weighs": 1, 
            "weight": 1, 
            "what": 1, 
            "why": 1, 
            "will": 1, 
            "with": 1, 
            "world": 1, 
            "yeh": 1, 
            "you": 7, 
            "you've": 1, 
            "your": 6, 
            "yourself": 1
        }
    ], 
    "unique_words": [
        114, 
        [
            "come", 
            "yeh", 
            "walking", 
            "punds", 
            "forget", 
            "someday", 
            "money", 
            "over", 
            "som", 
            "all", 
            "yourself", 
            "down", 
            "through", 
            "laugh", 
            "smokin'", 
            "drinkin'", 
            "your", 
            "or", 
            "tar", 
            "spam", 
            "it's", 
            "top", 
            "had", 
            "two", 
            "been", 
            "seventy", 
            "to", 
            "attack", 
            "going", 
            "master", 
            "too", 
            "bitch-ass", 
            "damn", 
            "hundred", 
            "partying", 
            "do", 
            "stomach", 
            "around", 
            "lungs", 
            "that", 
            "big", 
            "lucky", 
            "gonna", 
            "else", 
            "change", 
            "five", 
            "know", 
            "fall", 
            "world", 
            "with", 
            "bigger", 
            "he", 
            "stairs", 
            "buddies", 
            "will", 
            "can", 
            "of", 
            "my", 
            "pack", 
            "and", 
            "heart", 
            "because", 
            "force", 
            "weight", 
            "then", 
            "throwing", 
            "joints", 
            "is", 
            "back", 
            "alive", 
            "full", 
            "at", 
            "in", 
            "girl", 
            "insurance", 
            "shit", 
            "what", 
            "no", 
            "ways", 
            "god", 
            "six", 
            "man's", 
            "health", 
            "attack,", 
            "weighs", 
            "got", 
            "you", 
            "be", 
            "play", 
            "ball", 
            "drink", 
            "nowhere,", 
            "add", 
            "plan", 
            "put", 
            "respect", 
            "why", 
            "check", 
            "man", 
            "a", 
            "on", 
            "about", 
            "anything", 
            "getting", 
            "we", 
            "starts", 
            "running", 
            "keep", 
            "sweat", 
            "time", 
            "the", 
            "spend", 
            "can't", 
            "you've"
        ]
    ], 
    "year": 1994
}