{
    "album": "Ill Communication", 
    "artist": "Beastie Boys", 
    "lyrics": "I can't stand it I know you planned it\nI'm gonna set it straight, this watergate\nI can't stand rocking when I'm in here\nBecause your crystal ball ain't so crystal clear\nSo while you sit back and wonder why\nI got this fucking thorn in my side\nOh my God, it's a mirage\nI'm tellin' y'all it's sabotage\nSo listen up 'cause you can't say nothin'\nYou'll shut me down with a push of your button?\nBut yo I'm out and I'm gone\nI'll tell you now I keep it on and on\n'Cause what you see you might not get\nAnd we can bet so don't you get souped yet\nYou're scheming on a thing that's a mirage\nI'm trying to tell you now it's sabotage\nWhy; our backs are now against the wall\nListen all of y'all it's a sabotage\nListen all of y'all it's a sabotage\nListen all of y'all it's a sabotage\nListen all of y'all it's a sabotage\nI can't stand it, I know you planned it\nBut I'm gonna set it straight this watergate\nBut I can't stand rockin' when I'm in this place\nBecause I feel disgrace because you're all in my face\nBut make no mistakes and switch up my channel\nI'm buddy rich when I fly off the handle\nWhat could it be, it's a mirage\nYou're scheming on a thing - that's sabotage\n", 
    "ngrams": {
        "2": {
            "": 918, 
            "'cause what": 1, 
            "'cause you": 1, 
            "- that's": 1, 
            "a mirage": 3, 
            "a push": 1, 
            "a sabotage": 4, 
            "a thing": 2, 
            "against the": 1, 
            "ain't so": 1, 
            "all in": 1, 
            "all of": 4, 
            "and i'm": 1, 
            "and on": 1, 
            "and switch": 1, 
            "and we": 1, 
            "and wonder": 1, 
            "are now": 1, 
            "back and": 1, 
            "backs are": 1, 
            "ball ain't": 1, 
            "be, it's": 1, 
            "because i": 1, 
            "because you're": 1, 
            "because your": 1, 
            "bet so": 1, 
            "buddy rich": 1, 
            "but i": 1, 
            "but i'm": 1, 
            "but make": 1, 
            "but yo": 1, 
            "button but": 1, 
            "can bet": 1, 
            "can't say": 1, 
            "can't stand": 4, 
            "channel i'm": 1, 
            "clear so": 1, 
            "could it": 1, 
            "crystal ball": 1, 
            "crystal clear": 1, 
            "disgrace because": 1, 
            "don't you": 1, 
            "down with": 1, 
            "face but": 1, 
            "feel disgrace": 1, 
            "fly off": 1, 
            "fucking thorn": 1, 
            "get and": 1, 
            "get souped": 1, 
            "god, it's": 1, 
            "gone i'll": 1, 
            "gonna set": 2, 
            "got this": 1, 
            "handle what": 1, 
            "here because": 1, 
            "i can't": 4, 
            "i feel": 1, 
            "i fly": 1, 
            "i got": 1, 
            "i keep": 1, 
            "i know": 2, 
            "i'll tell": 1, 
            "i'm buddy": 1, 
            "i'm gone": 1, 
            "i'm gonna": 2, 
            "i'm in": 2, 
            "i'm out": 1, 
            "i'm tellin'": 1, 
            "i'm trying": 1, 
            "in here": 1, 
            "in my": 2, 
            "in this": 1, 
            "it be,": 1, 
            "it but": 1, 
            "it i": 1, 
            "it i'm": 1, 
            "it on": 1, 
            "it straight": 1, 
            "it straight,": 1, 
            "it's a": 6, 
            "it's sabotage": 2, 
            "it, i": 1, 
            "keep it": 1, 
            "know you": 2, 
            "listen all": 4, 
            "listen up": 1, 
            "make no": 1, 
            "me down": 1, 
            "might not": 1, 
            "mirage i'm": 2, 
            "mirage you're": 1, 
            "mistakes and": 1, 
            "my channel": 1, 
            "my face": 1, 
            "my god,": 1, 
            "my side": 1, 
            "no mistakes": 1, 
            "not get": 1, 
            "nothin' you'll": 1, 
            "now against": 1, 
            "now i": 1, 
            "now it's": 1, 
            "of y'all": 4, 
            "of your": 1, 
            "off the": 1, 
            "oh my": 1, 
            "on 'cause": 1, 
            "on a": 2, 
            "on and": 1, 
            "our backs": 1, 
            "out and": 1, 
            "place because": 1, 
            "planned it": 2, 
            "push of": 1, 
            "rich when": 1, 
            "rockin' when": 1, 
            "rocking when": 1, 
            "sabotage": 1, 
            "sabotage i": 1, 
            "sabotage listen": 3, 
            "sabotage so": 1, 
            "sabotage why": 1, 
            "say nothin'": 1, 
            "scheming on": 2, 
            "see you": 1, 
            "set it": 2, 
            "shut me": 1, 
            "side oh": 1, 
            "sit back": 1, 
            "so crystal": 1, 
            "so don't": 1, 
            "so listen": 1, 
            "so while": 1, 
            "souped yet": 1, 
            "stand it": 1, 
            "stand it,": 1, 
            "stand rockin'": 1, 
            "stand rocking": 1, 
            "straight this": 1, 
            "straight, this": 1, 
            "switch up": 1, 
            "tell you": 2, 
            "tellin' y'all": 1, 
            "that's a": 1, 
            "that's sabotage": 1, 
            "the handle": 1, 
            "the wall": 1, 
            "thing -": 1, 
            "thing that's": 1, 
            "this fucking": 1, 
            "this place": 1, 
            "this watergate": 2, 
            "thorn in": 1, 
            "to tell": 1, 
            "trying to": 1, 
            "up 'cause": 1, 
            "up my": 1, 
            "wall listen": 1, 
            "watergate but": 1, 
            "watergate i": 1, 
            "we can": 1, 
            "what could": 1, 
            "what you": 1, 
            "when i": 1, 
            "when i'm": 2, 
            "while you": 1, 
            "why i": 1, 
            "why our": 1, 
            "with a": 1, 
            "wonder why": 1, 
            "y'all it's": 5, 
            "yet you're": 1, 
            "yo i'm": 1, 
            "you can't": 1, 
            "you get": 1, 
            "you might": 1, 
            "you now": 2, 
            "you planned": 2, 
            "you see": 1, 
            "you sit": 1, 
            "you'll shut": 1, 
            "you're all": 1, 
            "you're scheming": 2, 
            "your button": 1, 
            "your crystal": 1
        }, 
        "3": {
            "": 917, 
            "'cause what you": 1, 
            "'cause you can't": 1, 
            "- that's sabotage": 1, 
            "a mirage i'm": 2, 
            "a mirage you're": 1, 
            "a push of": 1, 
            "a sabotage i": 1, 
            "a sabotage listen": 3, 
            "a thing -": 1, 
            "a thing that's": 1, 
            "against the wall": 1, 
            "ain't so crystal": 1, 
            "all in my": 1, 
            "all of y'all": 4, 
            "and i'm gone": 1, 
            "and on 'cause": 1, 
            "and switch up": 1, 
            "and we can": 1, 
            "and wonder why": 1, 
            "are now against": 1, 
            "back and wonder": 1, 
            "backs are now": 1, 
            "ball ain't so": 1, 
            "be, it's a": 1, 
            "because i feel": 1, 
            "because you're all": 1, 
            "because your crystal": 1, 
            "bet so don't": 1, 
            "buddy rich when": 1, 
            "but i can't": 1, 
            "but i'm gonna": 1, 
            "but make no": 1, 
            "but yo i'm": 1, 
            "button but yo": 1, 
            "can bet so": 1, 
            "can't say nothin'": 1, 
            "can't stand it": 1, 
            "can't stand it,": 1, 
            "can't stand rockin'": 1, 
            "can't stand rocking": 1, 
            "channel i'm buddy": 1, 
            "clear so while": 1, 
            "could it be,": 1, 
            "crystal ball ain't": 1, 
            "crystal clear so": 1, 
            "disgrace because you're": 1, 
            "don't you get": 1, 
            "down with a": 1, 
            "face but make": 1, 
            "feel disgrace because": 1, 
            "fly off the": 1, 
            "fucking thorn in": 1, 
            "get and we": 1, 
            "get souped yet": 1, 
            "god, it's a": 1, 
            "gone i'll tell": 1, 
            "gonna set it": 2, 
            "got this fucking": 1, 
            "handle what could": 1, 
            "here because your": 1, 
            "i can't stand": 4, 
            "i feel disgrace": 1, 
            "i fly off": 1, 
            "i got this": 1, 
            "i keep it": 1, 
            "i know you": 2, 
            "i'll tell you": 1, 
            "i'm buddy rich": 1, 
            "i'm gone i'll": 1, 
            "i'm gonna set": 2, 
            "i'm in here": 1, 
            "i'm in this": 1, 
            "i'm out and": 1, 
            "i'm tellin' y'all": 1, 
            "i'm trying to": 1, 
            "in here because": 1, 
            "in my face": 1, 
            "in my side": 1, 
            "in this place": 1, 
            "it be, it's": 1, 
            "it but i'm": 1, 
            "it i know": 1, 
            "it i'm gonna": 1, 
            "it on and": 1, 
            "it straight this": 1, 
            "it straight, this": 1, 
            "it's a mirage": 2, 
            "it's a sabotage": 4, 
            "it's sabotage so": 1, 
            "it's sabotage why": 1, 
            "it, i know": 1, 
            "keep it on": 1, 
            "know you planned": 2, 
            "listen all of": 4, 
            "listen up 'cause": 1, 
            "make no mistakes": 1, 
            "me down with": 1, 
            "might not get": 1, 
            "mirage i'm tellin'": 1, 
            "mirage i'm trying": 1, 
            "mirage you're scheming": 1, 
            "mistakes and switch": 1, 
            "my channel i'm": 1, 
            "my face but": 1, 
            "my god, it's": 1, 
            "my side oh": 1, 
            "no mistakes and": 1, 
            "not get and": 1, 
            "nothin' you'll shut": 1, 
            "now against the": 1, 
            "now i keep": 1, 
            "now it's sabotage": 1, 
            "of y'all it's": 4, 
            "of your button": 1, 
            "off the handle": 1, 
            "oh my god,": 1, 
            "on 'cause what": 1, 
            "on a thing": 2, 
            "on and on": 1, 
            "our backs are": 1, 
            "out and i'm": 1, 
            "place because i": 1, 
            "planned it but": 1, 
            "planned it i'm": 1, 
            "push of your": 1, 
            "rich when i": 1, 
            "rockin' when i'm": 1, 
            "rocking when i'm": 1, 
            "sabotage": 1, 
            "sabotage i can't": 1, 
            "sabotage listen all": 3, 
            "sabotage so listen": 1, 
            "sabotage why our": 1, 
            "say nothin' you'll": 1, 
            "scheming on a": 2, 
            "see you might": 1, 
            "set it straight": 1, 
            "set it straight,": 1, 
            "shut me down": 1, 
            "side oh my": 1, 
            "sit back and": 1, 
            "so crystal clear": 1, 
            "so don't you": 1, 
            "so listen up": 1, 
            "so while you": 1, 
            "souped yet you're": 1, 
            "stand it i": 1, 
            "stand it, i": 1, 
            "stand rockin' when": 1, 
            "stand rocking when": 1, 
            "straight this watergate": 1, 
            "straight, this watergate": 1, 
            "switch up my": 1, 
            "tell you now": 2, 
            "tellin' y'all it's": 1, 
            "that's a mirage": 1, 
            "that's sabotage": 1, 
            "the handle what": 1, 
            "the wall listen": 1, 
            "thing - that's": 1, 
            "thing that's a": 1, 
            "this fucking thorn": 1, 
            "this place because": 1, 
            "this watergate but": 1, 
            "this watergate i": 1, 
            "thorn in my": 1, 
            "to tell you": 1, 
            "trying to tell": 1, 
            "up 'cause you": 1, 
            "up my channel": 1, 
            "wall listen all": 1, 
            "watergate but i": 1, 
            "watergate i can't": 1, 
            "we can bet": 1, 
            "what could it": 1, 
            "what you see": 1, 
            "when i fly": 1, 
            "when i'm in": 2, 
            "while you sit": 1, 
            "why i got": 1, 
            "why our backs": 1, 
            "with a push": 1, 
            "wonder why i": 1, 
            "y'all it's a": 4, 
            "y'all it's sabotage": 1, 
            "yet you're scheming": 1, 
            "yo i'm out": 1, 
            "you can't say": 1, 
            "you get souped": 1, 
            "you might not": 1, 
            "you now i": 1, 
            "you now it's": 1, 
            "you planned it": 2, 
            "you see you": 1, 
            "you sit back": 1, 
            "you'll shut me": 1, 
            "you're all in": 1, 
            "you're scheming on": 2, 
            "your button but": 1, 
            "your crystal ball": 1
        }, 
        "4": {
            "": 916, 
            "'cause what you see": 1, 
            "'cause you can't say": 1, 
            "- that's sabotage": 1, 
            "a mirage i'm tellin'": 1, 
            "a mirage i'm trying": 1, 
            "a mirage you're scheming": 1, 
            "a push of your": 1, 
            "a sabotage i can't": 1, 
            "a sabotage listen all": 3, 
            "a thing - that's": 1, 
            "a thing that's a": 1, 
            "against the wall listen": 1, 
            "ain't so crystal clear": 1, 
            "all in my face": 1, 
            "all of y'all it's": 4, 
            "and i'm gone i'll": 1, 
            "and on 'cause what": 1, 
            "and switch up my": 1, 
            "and we can bet": 1, 
            "and wonder why i": 1, 
            "are now against the": 1, 
            "back and wonder why": 1, 
            "backs are now against": 1, 
            "ball ain't so crystal": 1, 
            "be, it's a mirage": 1, 
            "because i feel disgrace": 1, 
            "because you're all in": 1, 
            "because your crystal ball": 1, 
            "bet so don't you": 1, 
            "buddy rich when i": 1, 
            "but i can't stand": 1, 
            "but i'm gonna set": 1, 
            "but make no mistakes": 1, 
            "but yo i'm out": 1, 
            "button but yo i'm": 1, 
            "can bet so don't": 1, 
            "can't say nothin' you'll": 1, 
            "can't stand it i": 1, 
            "can't stand it, i": 1, 
            "can't stand rockin' when": 1, 
            "can't stand rocking when": 1, 
            "channel i'm buddy rich": 1, 
            "clear so while you": 1, 
            "could it be, it's": 1, 
            "crystal ball ain't so": 1, 
            "crystal clear so while": 1, 
            "disgrace because you're all": 1, 
            "don't you get souped": 1, 
            "down with a push": 1, 
            "face but make no": 1, 
            "feel disgrace because you're": 1, 
            "fly off the handle": 1, 
            "fucking thorn in my": 1, 
            "get and we can": 1, 
            "get souped yet you're": 1, 
            "god, it's a mirage": 1, 
            "gone i'll tell you": 1, 
            "gonna set it straight": 1, 
            "gonna set it straight,": 1, 
            "got this fucking thorn": 1, 
            "handle what could it": 1, 
            "here because your crystal": 1, 
            "i can't stand it": 1, 
            "i can't stand it,": 1, 
            "i can't stand rockin'": 1, 
            "i can't stand rocking": 1, 
            "i feel disgrace because": 1, 
            "i fly off the": 1, 
            "i got this fucking": 1, 
            "i keep it on": 1, 
            "i know you planned": 2, 
            "i'll tell you now": 1, 
            "i'm buddy rich when": 1, 
            "i'm gone i'll tell": 1, 
            "i'm gonna set it": 2, 
            "i'm in here because": 1, 
            "i'm in this place": 1, 
            "i'm out and i'm": 1, 
            "i'm tellin' y'all it's": 1, 
            "i'm trying to tell": 1, 
            "in here because your": 1, 
            "in my face but": 1, 
            "in my side oh": 1, 
            "in this place because": 1, 
            "it be, it's a": 1, 
            "it but i'm gonna": 1, 
            "it i know you": 1, 
            "it i'm gonna set": 1, 
            "it on and on": 1, 
            "it straight this watergate": 1, 
            "it straight, this watergate": 1, 
            "it's a mirage i'm": 1, 
            "it's a mirage you're": 1, 
            "it's a sabotage i": 1, 
            "it's a sabotage listen": 3, 
            "it's sabotage so listen": 1, 
            "it's sabotage why our": 1, 
            "it, i know you": 1, 
            "keep it on and": 1, 
            "know you planned it": 2, 
            "listen all of y'all": 4, 
            "listen up 'cause you": 1, 
            "make no mistakes and": 1, 
            "me down with a": 1, 
            "might not get and": 1, 
            "mirage i'm tellin' y'all": 1, 
            "mirage i'm trying to": 1, 
            "mirage you're scheming on": 1, 
            "mistakes and switch up": 1, 
            "my channel i'm buddy": 1, 
            "my face but make": 1, 
            "my god, it's a": 1, 
            "my side oh my": 1, 
            "no mistakes and switch": 1, 
            "not get and we": 1, 
            "nothin' you'll shut me": 1, 
            "now against the wall": 1, 
            "now i keep it": 1, 
            "now it's sabotage why": 1, 
            "of y'all it's a": 4, 
            "of your button but": 1, 
            "off the handle what": 1, 
            "oh my god, it's": 1, 
            "on 'cause what you": 1, 
            "on a thing -": 1, 
            "on a thing that's": 1, 
            "on and on 'cause": 1, 
            "our backs are now": 1, 
            "out and i'm gone": 1, 
            "place because i feel": 1, 
            "planned it but i'm": 1, 
            "planned it i'm gonna": 1, 
            "push of your button": 1, 
            "rich when i fly": 1, 
            "rockin' when i'm in": 1, 
            "rocking when i'm in": 1, 
            "sabotage": 1, 
            "sabotage i can't stand": 1, 
            "sabotage listen all of": 3, 
            "sabotage so listen up": 1, 
            "sabotage why our backs": 1, 
            "say nothin' you'll shut": 1, 
            "scheming on a thing": 2, 
            "see you might not": 1, 
            "set it straight this": 1, 
            "set it straight, this": 1, 
            "shut me down with": 1, 
            "side oh my god,": 1, 
            "sit back and wonder": 1, 
            "so crystal clear so": 1, 
            "so don't you get": 1, 
            "so listen up 'cause": 1, 
            "so while you sit": 1, 
            "souped yet you're scheming": 1, 
            "stand it i know": 1, 
            "stand it, i know": 1, 
            "stand rockin' when i'm": 1, 
            "stand rocking when i'm": 1, 
            "straight this watergate but": 1, 
            "straight, this watergate i": 1, 
            "switch up my channel": 1, 
            "tell you now i": 1, 
            "tell you now it's": 1, 
            "tellin' y'all it's sabotage": 1, 
            "that's a mirage i'm": 1, 
            "that's sabotage": 1, 
            "the handle what could": 1, 
            "the wall listen all": 1, 
            "thing - that's sabotage": 1, 
            "thing that's a mirage": 1, 
            "this fucking thorn in": 1, 
            "this place because i": 1, 
            "this watergate but i": 1, 
            "this watergate i can't": 1, 
            "thorn in my side": 1, 
            "to tell you now": 1, 
            "trying to tell you": 1, 
            "up 'cause you can't": 1, 
            "up my channel i'm": 1, 
            "wall listen all of": 1, 
            "watergate but i can't": 1, 
            "watergate i can't stand": 1, 
            "we can bet so": 1, 
            "what could it be,": 1, 
            "what you see you": 1, 
            "when i fly off": 1, 
            "when i'm in here": 1, 
            "when i'm in this": 1, 
            "while you sit back": 1, 
            "why i got this": 1, 
            "why our backs are": 1, 
            "with a push of": 1, 
            "wonder why i got": 1, 
            "y'all it's a sabotage": 4, 
            "y'all it's sabotage so": 1, 
            "yet you're scheming on": 1, 
            "yo i'm out and": 1, 
            "you can't say nothin'": 1, 
            "you get souped yet": 1, 
            "you might not get": 1, 
            "you now i keep": 1, 
            "you now it's sabotage": 1, 
            "you planned it but": 1, 
            "you planned it i'm": 1, 
            "you see you might": 1, 
            "you sit back and": 1, 
            "you'll shut me down": 1, 
            "you're all in my": 1, 
            "you're scheming on a": 2, 
            "your button but yo": 1, 
            "your crystal ball ain't": 1
        }, 
        "5": {
            "": 915, 
            "'cause what you see you": 1, 
            "'cause you can't say nothin'": 1, 
            "- that's sabotage": 1, 
            "a mirage i'm tellin' y'all": 1, 
            "a mirage i'm trying to": 1, 
            "a mirage you're scheming on": 1, 
            "a push of your button": 1, 
            "a sabotage i can't stand": 1, 
            "a sabotage listen all of": 3, 
            "a thing - that's sabotage": 1, 
            "a thing that's a mirage": 1, 
            "against the wall listen all": 1, 
            "ain't so crystal clear so": 1, 
            "all in my face but": 1, 
            "all of y'all it's a": 4, 
            "and i'm gone i'll tell": 1, 
            "and on 'cause what you": 1, 
            "and switch up my channel": 1, 
            "and we can bet so": 1, 
            "and wonder why i got": 1, 
            "are now against the wall": 1, 
            "back and wonder why i": 1, 
            "backs are now against the": 1, 
            "ball ain't so crystal clear": 1, 
            "be, it's a mirage you're": 1, 
            "because i feel disgrace because": 1, 
            "because you're all in my": 1, 
            "because your crystal ball ain't": 1, 
            "bet so don't you get": 1, 
            "buddy rich when i fly": 1, 
            "but i can't stand rockin'": 1, 
            "but i'm gonna set it": 1, 
            "but make no mistakes and": 1, 
            "but yo i'm out and": 1, 
            "button but yo i'm out": 1, 
            "can bet so don't you": 1, 
            "can't say nothin' you'll shut": 1, 
            "can't stand it i know": 1, 
            "can't stand it, i know": 1, 
            "can't stand rockin' when i'm": 1, 
            "can't stand rocking when i'm": 1, 
            "channel i'm buddy rich when": 1, 
            "clear so while you sit": 1, 
            "could it be, it's a": 1, 
            "crystal ball ain't so crystal": 1, 
            "crystal clear so while you": 1, 
            "disgrace because you're all in": 1, 
            "don't you get souped yet": 1, 
            "down with a push of": 1, 
            "face but make no mistakes": 1, 
            "feel disgrace because you're all": 1, 
            "fly off the handle what": 1, 
            "fucking thorn in my side": 1, 
            "get and we can bet": 1, 
            "get souped yet you're scheming": 1, 
            "god, it's a mirage i'm": 1, 
            "gone i'll tell you now": 1, 
            "gonna set it straight this": 1, 
            "gonna set it straight, this": 1, 
            "got this fucking thorn in": 1, 
            "handle what could it be,": 1, 
            "here because your crystal ball": 1, 
            "i can't stand it i": 1, 
            "i can't stand it, i": 1, 
            "i can't stand rockin' when": 1, 
            "i can't stand rocking when": 1, 
            "i feel disgrace because you're": 1, 
            "i fly off the handle": 1, 
            "i got this fucking thorn": 1, 
            "i keep it on and": 1, 
            "i know you planned it": 2, 
            "i'll tell you now i": 1, 
            "i'm buddy rich when i": 1, 
            "i'm gone i'll tell you": 1, 
            "i'm gonna set it straight": 1, 
            "i'm gonna set it straight,": 1, 
            "i'm in here because your": 1, 
            "i'm in this place because": 1, 
            "i'm out and i'm gone": 1, 
            "i'm tellin' y'all it's sabotage": 1, 
            "i'm trying to tell you": 1, 
            "in here because your crystal": 1, 
            "in my face but make": 1, 
            "in my side oh my": 1, 
            "in this place because i": 1, 
            "it be, it's a mirage": 1, 
            "it but i'm gonna set": 1, 
            "it i know you planned": 1, 
            "it i'm gonna set it": 1, 
            "it on and on 'cause": 1, 
            "it straight this watergate but": 1, 
            "it straight, this watergate i": 1, 
            "it's a mirage i'm tellin'": 1, 
            "it's a mirage you're scheming": 1, 
            "it's a sabotage i can't": 1, 
            "it's a sabotage listen all": 3, 
            "it's sabotage so listen up": 1, 
            "it's sabotage why our backs": 1, 
            "it, i know you planned": 1, 
            "keep it on and on": 1, 
            "know you planned it but": 1, 
            "know you planned it i'm": 1, 
            "listen all of y'all it's": 4, 
            "listen up 'cause you can't": 1, 
            "make no mistakes and switch": 1, 
            "me down with a push": 1, 
            "might not get and we": 1, 
            "mirage i'm tellin' y'all it's": 1, 
            "mirage i'm trying to tell": 1, 
            "mirage you're scheming on a": 1, 
            "mistakes and switch up my": 1, 
            "my channel i'm buddy rich": 1, 
            "my face but make no": 1, 
            "my god, it's a mirage": 1, 
            "my side oh my god,": 1, 
            "no mistakes and switch up": 1, 
            "not get and we can": 1, 
            "nothin' you'll shut me down": 1, 
            "now against the wall listen": 1, 
            "now i keep it on": 1, 
            "now it's sabotage why our": 1, 
            "of y'all it's a sabotage": 4, 
            "of your button but yo": 1, 
            "off the handle what could": 1, 
            "oh my god, it's a": 1, 
            "on 'cause what you see": 1, 
            "on a thing - that's": 1, 
            "on a thing that's a": 1, 
            "on and on 'cause what": 1, 
            "our backs are now against": 1, 
            "out and i'm gone i'll": 1, 
            "place because i feel disgrace": 1, 
            "planned it but i'm gonna": 1, 
            "planned it i'm gonna set": 1, 
            "push of your button but": 1, 
            "rich when i fly off": 1, 
            "rockin' when i'm in this": 1, 
            "rocking when i'm in here": 1, 
            "sabotage": 1, 
            "sabotage i can't stand it,": 1, 
            "sabotage listen all of y'all": 3, 
            "sabotage so listen up 'cause": 1, 
            "sabotage why our backs are": 1, 
            "say nothin' you'll shut me": 1, 
            "scheming on a thing -": 1, 
            "scheming on a thing that's": 1, 
            "see you might not get": 1, 
            "set it straight this watergate": 1, 
            "set it straight, this watergate": 1, 
            "shut me down with a": 1, 
            "side oh my god, it's": 1, 
            "sit back and wonder why": 1, 
            "so crystal clear so while": 1, 
            "so don't you get souped": 1, 
            "so listen up 'cause you": 1, 
            "so while you sit back": 1, 
            "souped yet you're scheming on": 1, 
            "stand it i know you": 1, 
            "stand it, i know you": 1, 
            "stand rockin' when i'm in": 1, 
            "stand rocking when i'm in": 1, 
            "straight this watergate but i": 1, 
            "straight, this watergate i can't": 1, 
            "switch up my channel i'm": 1, 
            "tell you now i keep": 1, 
            "tell you now it's sabotage": 1, 
            "tellin' y'all it's sabotage so": 1, 
            "that's a mirage i'm trying": 1, 
            "that's sabotage": 1, 
            "the handle what could it": 1, 
            "the wall listen all of": 1, 
            "thing - that's sabotage": 1, 
            "thing that's a mirage i'm": 1, 
            "this fucking thorn in my": 1, 
            "this place because i feel": 1, 
            "this watergate but i can't": 1, 
            "this watergate i can't stand": 1, 
            "thorn in my side oh": 1, 
            "to tell you now it's": 1, 
            "trying to tell you now": 1, 
            "up 'cause you can't say": 1, 
            "up my channel i'm buddy": 1, 
            "wall listen all of y'all": 1, 
            "watergate but i can't stand": 1, 
            "watergate i can't stand rocking": 1, 
            "we can bet so don't": 1, 
            "what could it be, it's": 1, 
            "what you see you might": 1, 
            "when i fly off the": 1, 
            "when i'm in here because": 1, 
            "when i'm in this place": 1, 
            "while you sit back and": 1, 
            "why i got this fucking": 1, 
            "why our backs are now": 1, 
            "with a push of your": 1, 
            "wonder why i got this": 1, 
            "y'all it's a sabotage i": 1, 
            "y'all it's a sabotage listen": 3, 
            "y'all it's sabotage so listen": 1, 
            "yet you're scheming on a": 1, 
            "yo i'm out and i'm": 1, 
            "you can't say nothin' you'll": 1, 
            "you get souped yet you're": 1, 
            "you might not get and": 1, 
            "you now i keep it": 1, 
            "you now it's sabotage why": 1, 
            "you planned it but i'm": 1, 
            "you planned it i'm gonna": 1, 
            "you see you might not": 1, 
            "you sit back and wonder": 1, 
            "you'll shut me down with": 1, 
            "you're all in my face": 1, 
            "you're scheming on a thing": 2, 
            "your button but yo i'm": 1, 
            "your crystal ball ain't so": 1
        }, 
        "6": {
            "": 914, 
            "'cause what you see you might": 1, 
            "'cause you can't say nothin' you'll": 1, 
            "- that's sabotage": 1, 
            "a mirage i'm tellin' y'all it's": 1, 
            "a mirage i'm trying to tell": 1, 
            "a mirage you're scheming on a": 1, 
            "a push of your button but": 1, 
            "a sabotage i can't stand it,": 1, 
            "a sabotage listen all of y'all": 3, 
            "a thing - that's sabotage": 1, 
            "a thing that's a mirage i'm": 1, 
            "against the wall listen all of": 1, 
            "ain't so crystal clear so while": 1, 
            "all in my face but make": 1, 
            "all of y'all it's a sabotage": 4, 
            "and i'm gone i'll tell you": 1, 
            "and on 'cause what you see": 1, 
            "and switch up my channel i'm": 1, 
            "and we can bet so don't": 1, 
            "and wonder why i got this": 1, 
            "are now against the wall listen": 1, 
            "back and wonder why i got": 1, 
            "backs are now against the wall": 1, 
            "ball ain't so crystal clear so": 1, 
            "be, it's a mirage you're scheming": 1, 
            "because i feel disgrace because you're": 1, 
            "because you're all in my face": 1, 
            "because your crystal ball ain't so": 1, 
            "bet so don't you get souped": 1, 
            "buddy rich when i fly off": 1, 
            "but i can't stand rockin' when": 1, 
            "but i'm gonna set it straight": 1, 
            "but make no mistakes and switch": 1, 
            "but yo i'm out and i'm": 1, 
            "button but yo i'm out and": 1, 
            "can bet so don't you get": 1, 
            "can't say nothin' you'll shut me": 1, 
            "can't stand it i know you": 1, 
            "can't stand it, i know you": 1, 
            "can't stand rockin' when i'm in": 1, 
            "can't stand rocking when i'm in": 1, 
            "channel i'm buddy rich when i": 1, 
            "clear so while you sit back": 1, 
            "could it be, it's a mirage": 1, 
            "crystal ball ain't so crystal clear": 1, 
            "crystal clear so while you sit": 1, 
            "disgrace because you're all in my": 1, 
            "don't you get souped yet you're": 1, 
            "down with a push of your": 1, 
            "face but make no mistakes and": 1, 
            "feel disgrace because you're all in": 1, 
            "fly off the handle what could": 1, 
            "fucking thorn in my side oh": 1, 
            "get and we can bet so": 1, 
            "get souped yet you're scheming on": 1, 
            "god, it's a mirage i'm tellin'": 1, 
            "gone i'll tell you now i": 1, 
            "gonna set it straight this watergate": 1, 
            "gonna set it straight, this watergate": 1, 
            "got this fucking thorn in my": 1, 
            "handle what could it be, it's": 1, 
            "here because your crystal ball ain't": 1, 
            "i can't stand it i know": 1, 
            "i can't stand it, i know": 1, 
            "i can't stand rockin' when i'm": 1, 
            "i can't stand rocking when i'm": 1, 
            "i feel disgrace because you're all": 1, 
            "i fly off the handle what": 1, 
            "i got this fucking thorn in": 1, 
            "i keep it on and on": 1, 
            "i know you planned it but": 1, 
            "i know you planned it i'm": 1, 
            "i'll tell you now i keep": 1, 
            "i'm buddy rich when i fly": 1, 
            "i'm gone i'll tell you now": 1, 
            "i'm gonna set it straight this": 1, 
            "i'm gonna set it straight, this": 1, 
            "i'm in here because your crystal": 1, 
            "i'm in this place because i": 1, 
            "i'm out and i'm gone i'll": 1, 
            "i'm tellin' y'all it's sabotage so": 1, 
            "i'm trying to tell you now": 1, 
            "in here because your crystal ball": 1, 
            "in my face but make no": 1, 
            "in my side oh my god,": 1, 
            "in this place because i feel": 1, 
            "it be, it's a mirage you're": 1, 
            "it but i'm gonna set it": 1, 
            "it i know you planned it": 1, 
            "it i'm gonna set it straight,": 1, 
            "it on and on 'cause what": 1, 
            "it straight this watergate but i": 1, 
            "it straight, this watergate i can't": 1, 
            "it's a mirage i'm tellin' y'all": 1, 
            "it's a mirage you're scheming on": 1, 
            "it's a sabotage i can't stand": 1, 
            "it's a sabotage listen all of": 3, 
            "it's sabotage so listen up 'cause": 1, 
            "it's sabotage why our backs are": 1, 
            "it, i know you planned it": 1, 
            "keep it on and on 'cause": 1, 
            "know you planned it but i'm": 1, 
            "know you planned it i'm gonna": 1, 
            "listen all of y'all it's a": 4, 
            "listen up 'cause you can't say": 1, 
            "make no mistakes and switch up": 1, 
            "me down with a push of": 1, 
            "might not get and we can": 1, 
            "mirage i'm tellin' y'all it's sabotage": 1, 
            "mirage i'm trying to tell you": 1, 
            "mirage you're scheming on a thing": 1, 
            "mistakes and switch up my channel": 1, 
            "my channel i'm buddy rich when": 1, 
            "my face but make no mistakes": 1, 
            "my god, it's a mirage i'm": 1, 
            "my side oh my god, it's": 1, 
            "no mistakes and switch up my": 1, 
            "not get and we can bet": 1, 
            "nothin' you'll shut me down with": 1, 
            "now against the wall listen all": 1, 
            "now i keep it on and": 1, 
            "now it's sabotage why our backs": 1, 
            "of y'all it's a sabotage i": 1, 
            "of y'all it's a sabotage listen": 3, 
            "of your button but yo i'm": 1, 
            "off the handle what could it": 1, 
            "oh my god, it's a mirage": 1, 
            "on 'cause what you see you": 1, 
            "on a thing - that's sabotage": 1, 
            "on a thing that's a mirage": 1, 
            "on and on 'cause what you": 1, 
            "our backs are now against the": 1, 
            "out and i'm gone i'll tell": 1, 
            "place because i feel disgrace because": 1, 
            "planned it but i'm gonna set": 1, 
            "planned it i'm gonna set it": 1, 
            "push of your button but yo": 1, 
            "rich when i fly off the": 1, 
            "rockin' when i'm in this place": 1, 
            "rocking when i'm in here because": 1, 
            "sabotage": 1, 
            "sabotage i can't stand it, i": 1, 
            "sabotage listen all of y'all it's": 3, 
            "sabotage so listen up 'cause you": 1, 
            "sabotage why our backs are now": 1, 
            "say nothin' you'll shut me down": 1, 
            "scheming on a thing - that's": 1, 
            "scheming on a thing that's a": 1, 
            "see you might not get and": 1, 
            "set it straight this watergate but": 1, 
            "set it straight, this watergate i": 1, 
            "shut me down with a push": 1, 
            "side oh my god, it's a": 1, 
            "sit back and wonder why i": 1, 
            "so crystal clear so while you": 1, 
            "so don't you get souped yet": 1, 
            "so listen up 'cause you can't": 1, 
            "so while you sit back and": 1, 
            "souped yet you're scheming on a": 1, 
            "stand it i know you planned": 1, 
            "stand it, i know you planned": 1, 
            "stand rockin' when i'm in this": 1, 
            "stand rocking when i'm in here": 1, 
            "straight this watergate but i can't": 1, 
            "straight, this watergate i can't stand": 1, 
            "switch up my channel i'm buddy": 1, 
            "tell you now i keep it": 1, 
            "tell you now it's sabotage why": 1, 
            "tellin' y'all it's sabotage so listen": 1, 
            "that's a mirage i'm trying to": 1, 
            "that's sabotage": 1, 
            "the handle what could it be,": 1, 
            "the wall listen all of y'all": 1, 
            "thing - that's sabotage": 1, 
            "thing that's a mirage i'm trying": 1, 
            "this fucking thorn in my side": 1, 
            "this place because i feel disgrace": 1, 
            "this watergate but i can't stand": 1, 
            "this watergate i can't stand rocking": 1, 
            "thorn in my side oh my": 1, 
            "to tell you now it's sabotage": 1, 
            "trying to tell you now it's": 1, 
            "up 'cause you can't say nothin'": 1, 
            "up my channel i'm buddy rich": 1, 
            "wall listen all of y'all it's": 1, 
            "watergate but i can't stand rockin'": 1, 
            "watergate i can't stand rocking when": 1, 
            "we can bet so don't you": 1, 
            "what could it be, it's a": 1, 
            "what you see you might not": 1, 
            "when i fly off the handle": 1, 
            "when i'm in here because your": 1, 
            "when i'm in this place because": 1, 
            "while you sit back and wonder": 1, 
            "why i got this fucking thorn": 1, 
            "why our backs are now against": 1, 
            "with a push of your button": 1, 
            "wonder why i got this fucking": 1, 
            "y'all it's a sabotage i can't": 1, 
            "y'all it's a sabotage listen all": 3, 
            "y'all it's sabotage so listen up": 1, 
            "yet you're scheming on a thing": 1, 
            "yo i'm out and i'm gone": 1, 
            "you can't say nothin' you'll shut": 1, 
            "you get souped yet you're scheming": 1, 
            "you might not get and we": 1, 
            "you now i keep it on": 1, 
            "you now it's sabotage why our": 1, 
            "you planned it but i'm gonna": 1, 
            "you planned it i'm gonna set": 1, 
            "you see you might not get": 1, 
            "you sit back and wonder why": 1, 
            "you'll shut me down with a": 1, 
            "you're all in my face but": 1, 
            "you're scheming on a thing -": 1, 
            "you're scheming on a thing that's": 1, 
            "your button but yo i'm out": 1, 
            "your crystal ball ain't so crystal": 1
        }, 
        "7": {
            "": 913, 
            "'cause what you see you might not": 1, 
            "'cause you can't say nothin' you'll shut": 1, 
            "- that's sabotage": 1, 
            "a mirage i'm tellin' y'all it's sabotage": 1, 
            "a mirage i'm trying to tell you": 1, 
            "a mirage you're scheming on a thing": 1, 
            "a push of your button but yo": 1, 
            "a sabotage i can't stand it, i": 1, 
            "a sabotage listen all of y'all it's": 3, 
            "a thing - that's sabotage": 1, 
            "a thing that's a mirage i'm trying": 1, 
            "against the wall listen all of y'all": 1, 
            "ain't so crystal clear so while you": 1, 
            "all in my face but make no": 1, 
            "all of y'all it's a sabotage i": 1, 
            "all of y'all it's a sabotage listen": 3, 
            "and i'm gone i'll tell you now": 1, 
            "and on 'cause what you see you": 1, 
            "and switch up my channel i'm buddy": 1, 
            "and we can bet so don't you": 1, 
            "and wonder why i got this fucking": 1, 
            "are now against the wall listen all": 1, 
            "back and wonder why i got this": 1, 
            "backs are now against the wall listen": 1, 
            "ball ain't so crystal clear so while": 1, 
            "be, it's a mirage you're scheming on": 1, 
            "because i feel disgrace because you're all": 1, 
            "because you're all in my face but": 1, 
            "because your crystal ball ain't so crystal": 1, 
            "bet so don't you get souped yet": 1, 
            "buddy rich when i fly off the": 1, 
            "but i can't stand rockin' when i'm": 1, 
            "but i'm gonna set it straight this": 1, 
            "but make no mistakes and switch up": 1, 
            "but yo i'm out and i'm gone": 1, 
            "button but yo i'm out and i'm": 1, 
            "can bet so don't you get souped": 1, 
            "can't say nothin' you'll shut me down": 1, 
            "can't stand it i know you planned": 1, 
            "can't stand it, i know you planned": 1, 
            "can't stand rockin' when i'm in this": 1, 
            "can't stand rocking when i'm in here": 1, 
            "channel i'm buddy rich when i fly": 1, 
            "clear so while you sit back and": 1, 
            "could it be, it's a mirage you're": 1, 
            "crystal ball ain't so crystal clear so": 1, 
            "crystal clear so while you sit back": 1, 
            "disgrace because you're all in my face": 1, 
            "don't you get souped yet you're scheming": 1, 
            "down with a push of your button": 1, 
            "face but make no mistakes and switch": 1, 
            "feel disgrace because you're all in my": 1, 
            "fly off the handle what could it": 1, 
            "fucking thorn in my side oh my": 1, 
            "get and we can bet so don't": 1, 
            "get souped yet you're scheming on a": 1, 
            "god, it's a mirage i'm tellin' y'all": 1, 
            "gone i'll tell you now i keep": 1, 
            "gonna set it straight this watergate but": 1, 
            "gonna set it straight, this watergate i": 1, 
            "got this fucking thorn in my side": 1, 
            "handle what could it be, it's a": 1, 
            "here because your crystal ball ain't so": 1, 
            "i can't stand it i know you": 1, 
            "i can't stand it, i know you": 1, 
            "i can't stand rockin' when i'm in": 1, 
            "i can't stand rocking when i'm in": 1, 
            "i feel disgrace because you're all in": 1, 
            "i fly off the handle what could": 1, 
            "i got this fucking thorn in my": 1, 
            "i keep it on and on 'cause": 1, 
            "i know you planned it but i'm": 1, 
            "i know you planned it i'm gonna": 1, 
            "i'll tell you now i keep it": 1, 
            "i'm buddy rich when i fly off": 1, 
            "i'm gone i'll tell you now i": 1, 
            "i'm gonna set it straight this watergate": 1, 
            "i'm gonna set it straight, this watergate": 1, 
            "i'm in here because your crystal ball": 1, 
            "i'm in this place because i feel": 1, 
            "i'm out and i'm gone i'll tell": 1, 
            "i'm tellin' y'all it's sabotage so listen": 1, 
            "i'm trying to tell you now it's": 1, 
            "in here because your crystal ball ain't": 1, 
            "in my face but make no mistakes": 1, 
            "in my side oh my god, it's": 1, 
            "in this place because i feel disgrace": 1, 
            "it be, it's a mirage you're scheming": 1, 
            "it but i'm gonna set it straight": 1, 
            "it i know you planned it i'm": 1, 
            "it i'm gonna set it straight, this": 1, 
            "it on and on 'cause what you": 1, 
            "it straight this watergate but i can't": 1, 
            "it straight, this watergate i can't stand": 1, 
            "it's a mirage i'm tellin' y'all it's": 1, 
            "it's a mirage you're scheming on a": 1, 
            "it's a sabotage i can't stand it,": 1, 
            "it's a sabotage listen all of y'all": 3, 
            "it's sabotage so listen up 'cause you": 1, 
            "it's sabotage why our backs are now": 1, 
            "it, i know you planned it but": 1, 
            "keep it on and on 'cause what": 1, 
            "know you planned it but i'm gonna": 1, 
            "know you planned it i'm gonna set": 1, 
            "listen all of y'all it's a sabotage": 4, 
            "listen up 'cause you can't say nothin'": 1, 
            "make no mistakes and switch up my": 1, 
            "me down with a push of your": 1, 
            "might not get and we can bet": 1, 
            "mirage i'm tellin' y'all it's sabotage so": 1, 
            "mirage i'm trying to tell you now": 1, 
            "mirage you're scheming on a thing -": 1, 
            "mistakes and switch up my channel i'm": 1, 
            "my channel i'm buddy rich when i": 1, 
            "my face but make no mistakes and": 1, 
            "my god, it's a mirage i'm tellin'": 1, 
            "my side oh my god, it's a": 1, 
            "no mistakes and switch up my channel": 1, 
            "not get and we can bet so": 1, 
            "nothin' you'll shut me down with a": 1, 
            "now against the wall listen all of": 1, 
            "now i keep it on and on": 1, 
            "now it's sabotage why our backs are": 1, 
            "of y'all it's a sabotage i can't": 1, 
            "of y'all it's a sabotage listen all": 3, 
            "of your button but yo i'm out": 1, 
            "off the handle what could it be,": 1, 
            "oh my god, it's a mirage i'm": 1, 
            "on 'cause what you see you might": 1, 
            "on a thing - that's sabotage": 1, 
            "on a thing that's a mirage i'm": 1, 
            "on and on 'cause what you see": 1, 
            "our backs are now against the wall": 1, 
            "out and i'm gone i'll tell you": 1, 
            "place because i feel disgrace because you're": 1, 
            "planned it but i'm gonna set it": 1, 
            "planned it i'm gonna set it straight,": 1, 
            "push of your button but yo i'm": 1, 
            "rich when i fly off the handle": 1, 
            "rockin' when i'm in this place because": 1, 
            "rocking when i'm in here because your": 1, 
            "sabotage": 1, 
            "sabotage i can't stand it, i know": 1, 
            "sabotage listen all of y'all it's a": 3, 
            "sabotage so listen up 'cause you can't": 1, 
            "sabotage why our backs are now against": 1, 
            "say nothin' you'll shut me down with": 1, 
            "scheming on a thing - that's sabotage": 1, 
            "scheming on a thing that's a mirage": 1, 
            "see you might not get and we": 1, 
            "set it straight this watergate but i": 1, 
            "set it straight, this watergate i can't": 1, 
            "shut me down with a push of": 1, 
            "side oh my god, it's a mirage": 1, 
            "sit back and wonder why i got": 1, 
            "so crystal clear so while you sit": 1, 
            "so don't you get souped yet you're": 1, 
            "so listen up 'cause you can't say": 1, 
            "so while you sit back and wonder": 1, 
            "souped yet you're scheming on a thing": 1, 
            "stand it i know you planned it": 1, 
            "stand it, i know you planned it": 1, 
            "stand rockin' when i'm in this place": 1, 
            "stand rocking when i'm in here because": 1, 
            "straight this watergate but i can't stand": 1, 
            "straight, this watergate i can't stand rocking": 1, 
            "switch up my channel i'm buddy rich": 1, 
            "tell you now i keep it on": 1, 
            "tell you now it's sabotage why our": 1, 
            "tellin' y'all it's sabotage so listen up": 1, 
            "that's a mirage i'm trying to tell": 1, 
            "that's sabotage": 1, 
            "the handle what could it be, it's": 1, 
            "the wall listen all of y'all it's": 1, 
            "thing - that's sabotage": 1, 
            "thing that's a mirage i'm trying to": 1, 
            "this fucking thorn in my side oh": 1, 
            "this place because i feel disgrace because": 1, 
            "this watergate but i can't stand rockin'": 1, 
            "this watergate i can't stand rocking when": 1, 
            "thorn in my side oh my god,": 1, 
            "to tell you now it's sabotage why": 1, 
            "trying to tell you now it's sabotage": 1, 
            "up 'cause you can't say nothin' you'll": 1, 
            "up my channel i'm buddy rich when": 1, 
            "wall listen all of y'all it's a": 1, 
            "watergate but i can't stand rockin' when": 1, 
            "watergate i can't stand rocking when i'm": 1, 
            "we can bet so don't you get": 1, 
            "what could it be, it's a mirage": 1, 
            "what you see you might not get": 1, 
            "when i fly off the handle what": 1, 
            "when i'm in here because your crystal": 1, 
            "when i'm in this place because i": 1, 
            "while you sit back and wonder why": 1, 
            "why i got this fucking thorn in": 1, 
            "why our backs are now against the": 1, 
            "with a push of your button but": 1, 
            "wonder why i got this fucking thorn": 1, 
            "y'all it's a sabotage i can't stand": 1, 
            "y'all it's a sabotage listen all of": 3, 
            "y'all it's sabotage so listen up 'cause": 1, 
            "yet you're scheming on a thing that's": 1, 
            "yo i'm out and i'm gone i'll": 1, 
            "you can't say nothin' you'll shut me": 1, 
            "you get souped yet you're scheming on": 1, 
            "you might not get and we can": 1, 
            "you now i keep it on and": 1, 
            "you now it's sabotage why our backs": 1, 
            "you planned it but i'm gonna set": 1, 
            "you planned it i'm gonna set it": 1, 
            "you see you might not get and": 1, 
            "you sit back and wonder why i": 1, 
            "you'll shut me down with a push": 1, 
            "you're all in my face but make": 1, 
            "you're scheming on a thing - that's": 1, 
            "you're scheming on a thing that's a": 1, 
            "your button but yo i'm out and": 1, 
            "your crystal ball ain't so crystal clear": 1
        }, 
        "8": {
            "": 912, 
            "'cause what you see you might not get": 1, 
            "'cause you can't say nothin' you'll shut me": 1, 
            "- that's sabotage": 1, 
            "a mirage i'm tellin' y'all it's sabotage so": 1, 
            "a mirage i'm trying to tell you now": 1, 
            "a mirage you're scheming on a thing -": 1, 
            "a push of your button but yo i'm": 1, 
            "a sabotage i can't stand it, i know": 1, 
            "a sabotage listen all of y'all it's a": 3, 
            "a thing - that's sabotage": 1, 
            "a thing that's a mirage i'm trying to": 1, 
            "against the wall listen all of y'all it's": 1, 
            "ain't so crystal clear so while you sit": 1, 
            "all in my face but make no mistakes": 1, 
            "all of y'all it's a sabotage i can't": 1, 
            "all of y'all it's a sabotage listen all": 3, 
            "and i'm gone i'll tell you now i": 1, 
            "and on 'cause what you see you might": 1, 
            "and switch up my channel i'm buddy rich": 1, 
            "and we can bet so don't you get": 1, 
            "and wonder why i got this fucking thorn": 1, 
            "are now against the wall listen all of": 1, 
            "back and wonder why i got this fucking": 1, 
            "backs are now against the wall listen all": 1, 
            "ball ain't so crystal clear so while you": 1, 
            "be, it's a mirage you're scheming on a": 1, 
            "because i feel disgrace because you're all in": 1, 
            "because you're all in my face but make": 1, 
            "because your crystal ball ain't so crystal clear": 1, 
            "bet so don't you get souped yet you're": 1, 
            "buddy rich when i fly off the handle": 1, 
            "but i can't stand rockin' when i'm in": 1, 
            "but i'm gonna set it straight this watergate": 1, 
            "but make no mistakes and switch up my": 1, 
            "but yo i'm out and i'm gone i'll": 1, 
            "button but yo i'm out and i'm gone": 1, 
            "can bet so don't you get souped yet": 1, 
            "can't say nothin' you'll shut me down with": 1, 
            "can't stand it i know you planned it": 1, 
            "can't stand it, i know you planned it": 1, 
            "can't stand rockin' when i'm in this place": 1, 
            "can't stand rocking when i'm in here because": 1, 
            "channel i'm buddy rich when i fly off": 1, 
            "clear so while you sit back and wonder": 1, 
            "could it be, it's a mirage you're scheming": 1, 
            "crystal ball ain't so crystal clear so while": 1, 
            "crystal clear so while you sit back and": 1, 
            "disgrace because you're all in my face but": 1, 
            "don't you get souped yet you're scheming on": 1, 
            "down with a push of your button but": 1, 
            "face but make no mistakes and switch up": 1, 
            "feel disgrace because you're all in my face": 1, 
            "fly off the handle what could it be,": 1, 
            "fucking thorn in my side oh my god,": 1, 
            "get and we can bet so don't you": 1, 
            "get souped yet you're scheming on a thing": 1, 
            "god, it's a mirage i'm tellin' y'all it's": 1, 
            "gone i'll tell you now i keep it": 1, 
            "gonna set it straight this watergate but i": 1, 
            "gonna set it straight, this watergate i can't": 1, 
            "got this fucking thorn in my side oh": 1, 
            "handle what could it be, it's a mirage": 1, 
            "here because your crystal ball ain't so crystal": 1, 
            "i can't stand it i know you planned": 1, 
            "i can't stand it, i know you planned": 1, 
            "i can't stand rockin' when i'm in this": 1, 
            "i can't stand rocking when i'm in here": 1, 
            "i feel disgrace because you're all in my": 1, 
            "i fly off the handle what could it": 1, 
            "i got this fucking thorn in my side": 1, 
            "i keep it on and on 'cause what": 1, 
            "i know you planned it but i'm gonna": 1, 
            "i know you planned it i'm gonna set": 1, 
            "i'll tell you now i keep it on": 1, 
            "i'm buddy rich when i fly off the": 1, 
            "i'm gone i'll tell you now i keep": 1, 
            "i'm gonna set it straight this watergate but": 1, 
            "i'm gonna set it straight, this watergate i": 1, 
            "i'm in here because your crystal ball ain't": 1, 
            "i'm in this place because i feel disgrace": 1, 
            "i'm out and i'm gone i'll tell you": 1, 
            "i'm tellin' y'all it's sabotage so listen up": 1, 
            "i'm trying to tell you now it's sabotage": 1, 
            "in here because your crystal ball ain't so": 1, 
            "in my face but make no mistakes and": 1, 
            "in my side oh my god, it's a": 1, 
            "in this place because i feel disgrace because": 1, 
            "it be, it's a mirage you're scheming on": 1, 
            "it but i'm gonna set it straight this": 1, 
            "it i know you planned it i'm gonna": 1, 
            "it i'm gonna set it straight, this watergate": 1, 
            "it on and on 'cause what you see": 1, 
            "it straight this watergate but i can't stand": 1, 
            "it straight, this watergate i can't stand rocking": 1, 
            "it's a mirage i'm tellin' y'all it's sabotage": 1, 
            "it's a mirage you're scheming on a thing": 1, 
            "it's a sabotage i can't stand it, i": 1, 
            "it's a sabotage listen all of y'all it's": 3, 
            "it's sabotage so listen up 'cause you can't": 1, 
            "it's sabotage why our backs are now against": 1, 
            "it, i know you planned it but i'm": 1, 
            "keep it on and on 'cause what you": 1, 
            "know you planned it but i'm gonna set": 1, 
            "know you planned it i'm gonna set it": 1, 
            "listen all of y'all it's a sabotage i": 1, 
            "listen all of y'all it's a sabotage listen": 3, 
            "listen up 'cause you can't say nothin' you'll": 1, 
            "make no mistakes and switch up my channel": 1, 
            "me down with a push of your button": 1, 
            "might not get and we can bet so": 1, 
            "mirage i'm tellin' y'all it's sabotage so listen": 1, 
            "mirage i'm trying to tell you now it's": 1, 
            "mirage you're scheming on a thing - that's": 1, 
            "mistakes and switch up my channel i'm buddy": 1, 
            "my channel i'm buddy rich when i fly": 1, 
            "my face but make no mistakes and switch": 1, 
            "my god, it's a mirage i'm tellin' y'all": 1, 
            "my side oh my god, it's a mirage": 1, 
            "no mistakes and switch up my channel i'm": 1, 
            "not get and we can bet so don't": 1, 
            "nothin' you'll shut me down with a push": 1, 
            "now against the wall listen all of y'all": 1, 
            "now i keep it on and on 'cause": 1, 
            "now it's sabotage why our backs are now": 1, 
            "of y'all it's a sabotage i can't stand": 1, 
            "of y'all it's a sabotage listen all of": 3, 
            "of your button but yo i'm out and": 1, 
            "off the handle what could it be, it's": 1, 
            "oh my god, it's a mirage i'm tellin'": 1, 
            "on 'cause what you see you might not": 1, 
            "on a thing - that's sabotage": 1, 
            "on a thing that's a mirage i'm trying": 1, 
            "on and on 'cause what you see you": 1, 
            "our backs are now against the wall listen": 1, 
            "out and i'm gone i'll tell you now": 1, 
            "place because i feel disgrace because you're all": 1, 
            "planned it but i'm gonna set it straight": 1, 
            "planned it i'm gonna set it straight, this": 1, 
            "push of your button but yo i'm out": 1, 
            "rich when i fly off the handle what": 1, 
            "rockin' when i'm in this place because i": 1, 
            "rocking when i'm in here because your crystal": 1, 
            "sabotage": 1, 
            "sabotage i can't stand it, i know you": 1, 
            "sabotage listen all of y'all it's a sabotage": 3, 
            "sabotage so listen up 'cause you can't say": 1, 
            "sabotage why our backs are now against the": 1, 
            "say nothin' you'll shut me down with a": 1, 
            "scheming on a thing - that's sabotage": 1, 
            "scheming on a thing that's a mirage i'm": 1, 
            "see you might not get and we can": 1, 
            "set it straight this watergate but i can't": 1, 
            "set it straight, this watergate i can't stand": 1, 
            "shut me down with a push of your": 1, 
            "side oh my god, it's a mirage i'm": 1, 
            "sit back and wonder why i got this": 1, 
            "so crystal clear so while you sit back": 1, 
            "so don't you get souped yet you're scheming": 1, 
            "so listen up 'cause you can't say nothin'": 1, 
            "so while you sit back and wonder why": 1, 
            "souped yet you're scheming on a thing that's": 1, 
            "stand it i know you planned it i'm": 1, 
            "stand it, i know you planned it but": 1, 
            "stand rockin' when i'm in this place because": 1, 
            "stand rocking when i'm in here because your": 1, 
            "straight this watergate but i can't stand rockin'": 1, 
            "straight, this watergate i can't stand rocking when": 1, 
            "switch up my channel i'm buddy rich when": 1, 
            "tell you now i keep it on and": 1, 
            "tell you now it's sabotage why our backs": 1, 
            "tellin' y'all it's sabotage so listen up 'cause": 1, 
            "that's a mirage i'm trying to tell you": 1, 
            "that's sabotage": 1, 
            "the handle what could it be, it's a": 1, 
            "the wall listen all of y'all it's a": 1, 
            "thing - that's sabotage": 1, 
            "thing that's a mirage i'm trying to tell": 1, 
            "this fucking thorn in my side oh my": 1, 
            "this place because i feel disgrace because you're": 1, 
            "this watergate but i can't stand rockin' when": 1, 
            "this watergate i can't stand rocking when i'm": 1, 
            "thorn in my side oh my god, it's": 1, 
            "to tell you now it's sabotage why our": 1, 
            "trying to tell you now it's sabotage why": 1, 
            "up 'cause you can't say nothin' you'll shut": 1, 
            "up my channel i'm buddy rich when i": 1, 
            "wall listen all of y'all it's a sabotage": 1, 
            "watergate but i can't stand rockin' when i'm": 1, 
            "watergate i can't stand rocking when i'm in": 1, 
            "we can bet so don't you get souped": 1, 
            "what could it be, it's a mirage you're": 1, 
            "what you see you might not get and": 1, 
            "when i fly off the handle what could": 1, 
            "when i'm in here because your crystal ball": 1, 
            "when i'm in this place because i feel": 1, 
            "while you sit back and wonder why i": 1, 
            "why i got this fucking thorn in my": 1, 
            "why our backs are now against the wall": 1, 
            "with a push of your button but yo": 1, 
            "wonder why i got this fucking thorn in": 1, 
            "y'all it's a sabotage i can't stand it,": 1, 
            "y'all it's a sabotage listen all of y'all": 3, 
            "y'all it's sabotage so listen up 'cause you": 1, 
            "yet you're scheming on a thing that's a": 1, 
            "yo i'm out and i'm gone i'll tell": 1, 
            "you can't say nothin' you'll shut me down": 1, 
            "you get souped yet you're scheming on a": 1, 
            "you might not get and we can bet": 1, 
            "you now i keep it on and on": 1, 
            "you now it's sabotage why our backs are": 1, 
            "you planned it but i'm gonna set it": 1, 
            "you planned it i'm gonna set it straight,": 1, 
            "you see you might not get and we": 1, 
            "you sit back and wonder why i got": 1, 
            "you'll shut me down with a push of": 1, 
            "you're all in my face but make no": 1, 
            "you're scheming on a thing - that's sabotage": 1, 
            "you're scheming on a thing that's a mirage": 1, 
            "your button but yo i'm out and i'm": 1, 
            "your crystal ball ain't so crystal clear so": 1
        }
    }, 
    "song_title": "Sabotage", 
    "total_words": [
        234, 
        {
            "'cause": 2, 
            "-": 1, 
            "a": 10, 
            "against": 1, 
            "ain't": 1, 
            "all": 5, 
            "and": 5, 
            "are": 1, 
            "back": 1, 
            "backs": 1, 
            "ball": 1, 
            "be,": 1, 
            "because": 3, 
            "bet": 1, 
            "buddy": 1, 
            "but": 4, 
            "button": 1, 
            "can": 1, 
            "can't": 5, 
            "channel": 1, 
            "clear": 1, 
            "could": 1, 
            "crystal": 2, 
            "disgrace": 1, 
            "don't": 1, 
            "down": 1, 
            "face": 1, 
            "feel": 1, 
            "fly": 1, 
            "fucking": 1, 
            "get": 2, 
            "god,": 1, 
            "gone": 1, 
            "gonna": 2, 
            "got": 1, 
            "handle": 1, 
            "here": 1, 
            "i": 10, 
            "i'll": 1, 
            "i'm": 9, 
            "in": 4, 
            "it": 7, 
            "it's": 8, 
            "it,": 1, 
            "keep": 1, 
            "know": 2, 
            "listen": 5, 
            "make": 1, 
            "me": 1, 
            "might": 1, 
            "mirage": 3, 
            "mistakes": 1, 
            "my": 4, 
            "no": 1, 
            "not": 1, 
            "nothin'": 1, 
            "now": 3, 
            "of": 5, 
            "off": 1, 
            "oh": 1, 
            "on": 4, 
            "our": 1, 
            "out": 1, 
            "place": 1, 
            "planned": 2, 
            "push": 1, 
            "rich": 1, 
            "rockin'": 1, 
            "rocking": 1, 
            "sabotage": 7, 
            "say": 1, 
            "scheming": 2, 
            "see": 1, 
            "set": 2, 
            "shut": 1, 
            "side": 1, 
            "sit": 1, 
            "so": 4, 
            "souped": 1, 
            "stand": 4, 
            "straight": 1, 
            "straight,": 1, 
            "switch": 1, 
            "tell": 2, 
            "tellin'": 1, 
            "that's": 2, 
            "the": 2, 
            "thing": 2, 
            "this": 4, 
            "thorn": 1, 
            "to": 1, 
            "trying": 1, 
            "up": 2, 
            "wall": 1, 
            "watergate": 2, 
            "we": 1, 
            "what": 2, 
            "when": 3, 
            "while": 1, 
            "why": 2, 
            "with": 1, 
            "wonder": 1, 
            "y'all": 5, 
            "yet": 1, 
            "yo": 1, 
            "you": 9, 
            "you'll": 1, 
            "you're": 3, 
            "your": 2
        }
    ], 
    "unique_words": [
        109, 
        [
            "watergate", 
            "all", 
            "set", 
            "don't", 
            "wall", 
            "-", 
            "souped", 
            "down", 
            "clear", 
            "mistakes", 
            "mirage", 
            "tellin'", 
            "rockin'", 
            "your", 
            "you're", 
            "now", 
            "buddy", 
            "be,", 
            "it's", 
            "the", 
            "to", 
            "button", 
            "rich", 
            "might", 
            "tell", 
            "listen", 
            "fly", 
            "it,", 
            "handle", 
            "yo", 
            "get", 
            "gonna", 
            "back", 
            "ain't", 
            "know", 
            "god,", 
            "not", 
            "rocking", 
            "trying", 
            "with", 
            "me", 
            "this", 
            "i", 
            "straight", 
            "you'll", 
            "up", 
            "crystal", 
            "while", 
            "can", 
            "my", 
            "could", 
            "bet", 
            "and", 
            "gone", 
            "straight,", 
            "disgrace", 
            "fucking", 
            "i'll", 
            "it", 
            "feel", 
            "scheming", 
            "say", 
            "are", 
            "in", 
            "nothin'", 
            "our", 
            "face", 
            "wonder", 
            "what", 
            "because", 
            "sit", 
            "make", 
            "when", 
            "backs", 
            "y'all", 
            "yet", 
            "got", 
            "you", 
            "out", 
            "sabotage", 
            "channel", 
            "side", 
            "shut", 
            "ball", 
            "see", 
            "here", 
            "but", 
            "'cause", 
            "why", 
            "a", 
            "on", 
            "planned", 
            "off", 
            "oh", 
            "we", 
            "of", 
            "thorn", 
            "no", 
            "so", 
            "against", 
            "keep", 
            "thing", 
            "switch", 
            "place", 
            "stand", 
            "push", 
            "i'm", 
            "can't", 
            "that's"
        ]
    ], 
    "year": 1994
}