{
    "album": "Move Somethin'", 
    "artist": "2 Live Crew", 
    "lyrics": "Everybody over there!\nGet on up!\nEverybody up there!\nGet into it!\nEverybody right there!\nGet involved!\n\n\nAll the people on the left, just participate\nAnd everybody o the right, we won't make you wait\nAnd all the people inbetween, just shout and scream\nAnd have a funky good time if you know what I mean\nBecause when we rhyme, we move people by the masses\nWhen they say they'll pay we'll play when they ask us\nSome say they don't know of us but that is a lie\nSuckas try to play they games of Dis-and-Die\nAnd don't you try to shake my hand or be my friend\nUnlike a hook made out of rubber I will not bend!\n\nDrop the bomb!!\n\n\nTo all you silly suckas wo try to abuse us:\nWhen we get ignited you can't diffuse us\nIt'll be on radio and even TV\nThat we achieved a level where you wanna be\nNow step off the pedestal, give us the mike\nSo we can rock the people the way you would like\nJust do us a favor, don't be a jerk\n'Cause all we wanna see is your body work!\n\nBut all we want to see is yo' body work!\nWork yo body!}\n\n\nThere's a lesson to be taught, that's the one you should learn\nYou can't buy respect; it's what you earn\n'Cause when you dis 2 Live you get yours in the end\nIt's not a threat; it's a promise, my friend!\n\n\nSo suckas step aside, let the women do their thing\nCome on y'all, and shake that thing!\n\nWork that thing!\n", 
    "ngrams": {
        "2": {
            "": 1035, 
            "'cause all": 1, 
            "'cause when": 1, 
            "2 live": 1, 
            "a favor,": 1, 
            "a funky": 1, 
            "a hook": 1, 
            "a jerk": 1, 
            "a lesson": 1, 
            "a level": 1, 
            "a lie": 1, 
            "a promise,": 1, 
            "a threat": 1, 
            "abuse us": 1, 
            "achieved a": 1, 
            "all the": 2, 
            "all we": 2, 
            "all you": 1, 
            "and all": 1, 
            "and don't": 1, 
            "and even": 1, 
            "and everybody": 1, 
            "and have": 1, 
            "and scream": 1, 
            "and shake": 1, 
            "aside, let": 1, 
            "ask us": 1, 
            "be a": 1, 
            "be my": 1, 
            "be now": 1, 
            "be on": 1, 
            "be taught,": 1, 
            "because when": 1, 
            "bend drop": 1, 
            "body work": 2, 
            "body} there's": 1, 
            "bomb to": 1, 
            "but all": 1, 
            "but that": 1, 
            "buy respect": 1, 
            "by the": 1, 
            "can rock": 1, 
            "can't buy": 1, 
            "can't diffuse": 1, 
            "come on": 1, 
            "diffuse us": 1, 
            "dis 2": 1, 
            "dis-and-die and": 1, 
            "do their": 1, 
            "do us": 1, 
            "don't be": 1, 
            "don't know": 1, 
            "don't you": 1, 
            "drop the": 1, 
            "earn 'cause": 1, 
            "end it's": 1, 
            "even tv": 1, 
            "everybody o": 1, 
            "everybody over": 1, 
            "everybody right": 1, 
            "everybody up": 1, 
            "favor, don't": 1, 
            "friend so": 1, 
            "friend unlike": 1, 
            "funky good": 1, 
            "games of": 1, 
            "get ignited": 1, 
            "get into": 1, 
            "get involved": 1, 
            "get on": 1, 
            "get yours": 1, 
            "give us": 1, 
            "good time": 1, 
            "hand or": 1, 
            "have a": 1, 
            "hook made": 1, 
            "i mean": 1, 
            "i will": 1, 
            "if you": 1, 
            "ignited you": 1, 
            "in the": 1, 
            "inbetween, just": 1, 
            "into it": 1, 
            "involved all": 1, 
            "is a": 1, 
            "is yo'": 1, 
            "is your": 1, 
            "it everybody": 1, 
            "it'll be": 1, 
            "it's a": 1, 
            "it's not": 1, 
            "it's what": 1, 
            "jerk 'cause": 1, 
            "just do": 1, 
            "just participate": 1, 
            "just shout": 1, 
            "know of": 1, 
            "know what": 1, 
            "learn you": 1, 
            "left, just": 1, 
            "lesson to": 1, 
            "let the": 1, 
            "level where": 1, 
            "lie suckas": 1, 
            "like just": 1, 
            "live you": 1, 
            "made out": 1, 
            "make you": 1, 
            "masses when": 1, 
            "mean because": 1, 
            "mike so": 1, 
            "move people": 1, 
            "my friend": 2, 
            "my hand": 1, 
            "not a": 1, 
            "not bend": 1, 
            "now step": 1, 
            "o the": 1, 
            "of dis-and-die": 1, 
            "of rubber": 1, 
            "of us": 1, 
            "off the": 1, 
            "on radio": 1, 
            "on the": 1, 
            "on up": 1, 
            "on y'all,": 1, 
            "one you": 1, 
            "or be": 1, 
            "out of": 1, 
            "over there": 1, 
            "participate and": 1, 
            "pay we'll": 1, 
            "pedestal, give": 1, 
            "people by": 1, 
            "people inbetween,": 1, 
            "people on": 1, 
            "people the": 1, 
            "play they": 1, 
            "play when": 1, 
            "promise, my": 1, 
            "radio and": 1, 
            "respect it's": 1, 
            "rhyme, we": 1, 
            "right there": 1, 
            "right, we": 1, 
            "rock the": 1, 
            "rubber i": 1, 
            "say they": 1, 
            "say they'll": 1, 
            "scream and": 1, 
            "see is": 2, 
            "shake my": 1, 
            "shake that": 1, 
            "should learn": 1, 
            "shout and": 1, 
            "silly suckas": 1, 
            "so suckas": 1, 
            "so we": 1, 
            "some say": 1, 
            "step aside,": 1, 
            "step off": 1, 
            "suckas step": 1, 
            "suckas try": 1, 
            "suckas wo": 1, 
            "taught, that's": 1, 
            "that is": 1, 
            "that thing": 2, 
            "that we": 1, 
            "that's the": 1, 
            "the bomb": 1, 
            "the end": 1, 
            "the left,": 1, 
            "the masses": 1, 
            "the mike": 1, 
            "the one": 1, 
            "the pedestal,": 1, 
            "the people": 3, 
            "the right,": 1, 
            "the way": 1, 
            "the women": 1, 
            "their thing": 1, 
            "there get": 3, 
            "there's a": 1, 
            "they ask": 1, 
            "they don't": 1, 
            "they games": 1, 
            "they say": 1, 
            "they'll pay": 1, 
            "thing": 1, 
            "thing come": 1, 
            "thing work": 1, 
            "threat it's": 1, 
            "time if": 1, 
            "to abuse": 1, 
            "to all": 1, 
            "to be": 1, 
            "to play": 1, 
            "to see": 1, 
            "to shake": 1, 
            "try to": 3, 
            "tv that": 1, 
            "unlike a": 1, 
            "up everybody": 1, 
            "up there": 1, 
            "us a": 1, 
            "us but": 1, 
            "us it'll": 1, 
            "us some": 1, 
            "us the": 1, 
            "us when": 1, 
            "wait and": 1, 
            "wanna be": 1, 
            "wanna see": 1, 
            "want to": 1, 
            "way you": 1, 
            "we achieved": 1, 
            "we can": 1, 
            "we get": 1, 
            "we move": 1, 
            "we rhyme,": 1, 
            "we wanna": 1, 
            "we want": 1, 
            "we won't": 1, 
            "we'll play": 1, 
            "what i": 1, 
            "what you": 1, 
            "when they": 2, 
            "when we": 2, 
            "when you": 1, 
            "where you": 1, 
            "will not": 1, 
            "wo try": 1, 
            "women do": 1, 
            "won't make": 1, 
            "work but": 1, 
            "work that": 1, 
            "work work": 1, 
            "work yo": 1, 
            "would like": 1, 
            "y'all, and": 1, 
            "yo body}": 1, 
            "yo' body": 1, 
            "you can't": 2, 
            "you dis": 1, 
            "you earn": 1, 
            "you get": 1, 
            "you know": 1, 
            "you should": 1, 
            "you silly": 1, 
            "you try": 1, 
            "you wait": 1, 
            "you wanna": 1, 
            "you would": 1, 
            "your body": 1, 
            "yours in": 1
        }, 
        "3": {
            "": 1034, 
            "'cause all we": 1, 
            "'cause when you": 1, 
            "2 live you": 1, 
            "a favor, don't": 1, 
            "a funky good": 1, 
            "a hook made": 1, 
            "a jerk 'cause": 1, 
            "a lesson to": 1, 
            "a level where": 1, 
            "a lie suckas": 1, 
            "a promise, my": 1, 
            "a threat it's": 1, 
            "abuse us when": 1, 
            "achieved a level": 1, 
            "all the people": 2, 
            "all we wanna": 1, 
            "all we want": 1, 
            "all you silly": 1, 
            "and all the": 1, 
            "and don't you": 1, 
            "and even tv": 1, 
            "and everybody o": 1, 
            "and have a": 1, 
            "and scream and": 1, 
            "and shake that": 1, 
            "aside, let the": 1, 
            "ask us some": 1, 
            "be a jerk": 1, 
            "be my friend": 1, 
            "be now step": 1, 
            "be on radio": 1, 
            "be taught, that's": 1, 
            "because when we": 1, 
            "bend drop the": 1, 
            "body work but": 1, 
            "body work work": 1, 
            "body} there's a": 1, 
            "bomb to all": 1, 
            "but all we": 1, 
            "but that is": 1, 
            "buy respect it's": 1, 
            "by the masses": 1, 
            "can rock the": 1, 
            "can't buy respect": 1, 
            "can't diffuse us": 1, 
            "come on y'all,": 1, 
            "diffuse us it'll": 1, 
            "dis 2 live": 1, 
            "dis-and-die and don't": 1, 
            "do their thing": 1, 
            "do us a": 1, 
            "don't be a": 1, 
            "don't know of": 1, 
            "don't you try": 1, 
            "drop the bomb": 1, 
            "earn 'cause when": 1, 
            "end it's not": 1, 
            "even tv that": 1, 
            "everybody o the": 1, 
            "everybody over there": 1, 
            "everybody right there": 1, 
            "everybody up there": 1, 
            "favor, don't be": 1, 
            "friend so suckas": 1, 
            "friend unlike a": 1, 
            "funky good time": 1, 
            "games of dis-and-die": 1, 
            "get ignited you": 1, 
            "get into it": 1, 
            "get involved all": 1, 
            "get on up": 1, 
            "get yours in": 1, 
            "give us the": 1, 
            "good time if": 1, 
            "hand or be": 1, 
            "have a funky": 1, 
            "hook made out": 1, 
            "i mean because": 1, 
            "i will not": 1, 
            "if you know": 1, 
            "ignited you can't": 1, 
            "in the end": 1, 
            "inbetween, just shout": 1, 
            "into it everybody": 1, 
            "involved all the": 1, 
            "is a lie": 1, 
            "is yo' body": 1, 
            "is your body": 1, 
            "it everybody right": 1, 
            "it'll be on": 1, 
            "it's a promise,": 1, 
            "it's not a": 1, 
            "it's what you": 1, 
            "jerk 'cause all": 1, 
            "just do us": 1, 
            "just participate and": 1, 
            "just shout and": 1, 
            "know of us": 1, 
            "know what i": 1, 
            "learn you can't": 1, 
            "left, just participate": 1, 
            "lesson to be": 1, 
            "let the women": 1, 
            "level where you": 1, 
            "lie suckas try": 1, 
            "like just do": 1, 
            "live you get": 1, 
            "made out of": 1, 
            "make you wait": 1, 
            "masses when they": 1, 
            "mean because when": 1, 
            "mike so we": 1, 
            "move people by": 1, 
            "my friend so": 1, 
            "my friend unlike": 1, 
            "my hand or": 1, 
            "not a threat": 1, 
            "not bend drop": 1, 
            "now step off": 1, 
            "o the right,": 1, 
            "of dis-and-die and": 1, 
            "of rubber i": 1, 
            "of us but": 1, 
            "off the pedestal,": 1, 
            "on radio and": 1, 
            "on the left,": 1, 
            "on up everybody": 1, 
            "on y'all, and": 1, 
            "one you should": 1, 
            "or be my": 1, 
            "out of rubber": 1, 
            "over there get": 1, 
            "participate and everybody": 1, 
            "pay we'll play": 1, 
            "pedestal, give us": 1, 
            "people by the": 1, 
            "people inbetween, just": 1, 
            "people on the": 1, 
            "people the way": 1, 
            "play they games": 1, 
            "play when they": 1, 
            "promise, my friend": 1, 
            "radio and even": 1, 
            "respect it's what": 1, 
            "rhyme, we move": 1, 
            "right there get": 1, 
            "right, we won't": 1, 
            "rock the people": 1, 
            "rubber i will": 1, 
            "say they don't": 1, 
            "say they'll pay": 1, 
            "scream and have": 1, 
            "see is yo'": 1, 
            "see is your": 1, 
            "shake my hand": 1, 
            "shake that thing": 1, 
            "should learn you": 1, 
            "shout and scream": 1, 
            "silly suckas wo": 1, 
            "so suckas step": 1, 
            "so we can": 1, 
            "some say they": 1, 
            "step aside, let": 1, 
            "step off the": 1, 
            "suckas step aside,": 1, 
            "suckas try to": 1, 
            "suckas wo try": 1, 
            "taught, that's the": 1, 
            "that is a": 1, 
            "that thing": 1, 
            "that thing work": 1, 
            "that we achieved": 1, 
            "that's the one": 1, 
            "the bomb to": 1, 
            "the end it's": 1, 
            "the left, just": 1, 
            "the masses when": 1, 
            "the mike so": 1, 
            "the one you": 1, 
            "the pedestal, give": 1, 
            "the people inbetween,": 1, 
            "the people on": 1, 
            "the people the": 1, 
            "the right, we": 1, 
            "the way you": 1, 
            "the women do": 1, 
            "their thing come": 1, 
            "there get into": 1, 
            "there get involved": 1, 
            "there get on": 1, 
            "there's a lesson": 1, 
            "they ask us": 1, 
            "they don't know": 1, 
            "they games of": 1, 
            "they say they'll": 1, 
            "they'll pay we'll": 1, 
            "thing": 1, 
            "thing come on": 1, 
            "thing work that": 1, 
            "threat it's a": 1, 
            "time if you": 1, 
            "to abuse us": 1, 
            "to all you": 1, 
            "to be taught,": 1, 
            "to play they": 1, 
            "to see is": 1, 
            "to shake my": 1, 
            "try to abuse": 1, 
            "try to play": 1, 
            "try to shake": 1, 
            "tv that we": 1, 
            "unlike a hook": 1, 
            "up everybody up": 1, 
            "up there get": 1, 
            "us a favor,": 1, 
            "us but that": 1, 
            "us it'll be": 1, 
            "us some say": 1, 
            "us the mike": 1, 
            "us when we": 1, 
            "wait and all": 1, 
            "wanna be now": 1, 
            "wanna see is": 1, 
            "want to see": 1, 
            "way you would": 1, 
            "we achieved a": 1, 
            "we can rock": 1, 
            "we get ignited": 1, 
            "we move people": 1, 
            "we rhyme, we": 1, 
            "we wanna see": 1, 
            "we want to": 1, 
            "we won't make": 1, 
            "we'll play when": 1, 
            "what i mean": 1, 
            "what you earn": 1, 
            "when they ask": 1, 
            "when they say": 1, 
            "when we get": 1, 
            "when we rhyme,": 1, 
            "when you dis": 1, 
            "where you wanna": 1, 
            "will not bend": 1, 
            "wo try to": 1, 
            "women do their": 1, 
            "won't make you": 1, 
            "work but all": 1, 
            "work that thing": 1, 
            "work work yo": 1, 
            "work yo body}": 1, 
            "would like just": 1, 
            "y'all, and shake": 1, 
            "yo body} there's": 1, 
            "yo' body work": 1, 
            "you can't buy": 1, 
            "you can't diffuse": 1, 
            "you dis 2": 1, 
            "you earn 'cause": 1, 
            "you get yours": 1, 
            "you know what": 1, 
            "you should learn": 1, 
            "you silly suckas": 1, 
            "you try to": 1, 
            "you wait and": 1, 
            "you wanna be": 1, 
            "you would like": 1, 
            "your body work": 1, 
            "yours in the": 1
        }, 
        "4": {
            "": 1033, 
            "'cause all we wanna": 1, 
            "'cause when you dis": 1, 
            "2 live you get": 1, 
            "a favor, don't be": 1, 
            "a funky good time": 1, 
            "a hook made out": 1, 
            "a jerk 'cause all": 1, 
            "a lesson to be": 1, 
            "a level where you": 1, 
            "a lie suckas try": 1, 
            "a promise, my friend": 1, 
            "a threat it's a": 1, 
            "abuse us when we": 1, 
            "achieved a level where": 1, 
            "all the people inbetween,": 1, 
            "all the people on": 1, 
            "all we wanna see": 1, 
            "all we want to": 1, 
            "all you silly suckas": 1, 
            "and all the people": 1, 
            "and don't you try": 1, 
            "and even tv that": 1, 
            "and everybody o the": 1, 
            "and have a funky": 1, 
            "and scream and have": 1, 
            "and shake that thing": 1, 
            "aside, let the women": 1, 
            "ask us some say": 1, 
            "be a jerk 'cause": 1, 
            "be my friend unlike": 1, 
            "be now step off": 1, 
            "be on radio and": 1, 
            "be taught, that's the": 1, 
            "because when we rhyme,": 1, 
            "bend drop the bomb": 1, 
            "body work but all": 1, 
            "body work work yo": 1, 
            "body} there's a lesson": 1, 
            "bomb to all you": 1, 
            "but all we want": 1, 
            "but that is a": 1, 
            "buy respect it's what": 1, 
            "by the masses when": 1, 
            "can rock the people": 1, 
            "can't buy respect it's": 1, 
            "can't diffuse us it'll": 1, 
            "come on y'all, and": 1, 
            "diffuse us it'll be": 1, 
            "dis 2 live you": 1, 
            "dis-and-die and don't you": 1, 
            "do their thing come": 1, 
            "do us a favor,": 1, 
            "don't be a jerk": 1, 
            "don't know of us": 1, 
            "don't you try to": 1, 
            "drop the bomb to": 1, 
            "earn 'cause when you": 1, 
            "end it's not a": 1, 
            "even tv that we": 1, 
            "everybody o the right,": 1, 
            "everybody over there get": 1, 
            "everybody right there get": 1, 
            "everybody up there get": 1, 
            "favor, don't be a": 1, 
            "friend so suckas step": 1, 
            "friend unlike a hook": 1, 
            "funky good time if": 1, 
            "games of dis-and-die and": 1, 
            "get ignited you can't": 1, 
            "get into it everybody": 1, 
            "get involved all the": 1, 
            "get on up everybody": 1, 
            "get yours in the": 1, 
            "give us the mike": 1, 
            "good time if you": 1, 
            "hand or be my": 1, 
            "have a funky good": 1, 
            "hook made out of": 1, 
            "i mean because when": 1, 
            "i will not bend": 1, 
            "if you know what": 1, 
            "ignited you can't diffuse": 1, 
            "in the end it's": 1, 
            "inbetween, just shout and": 1, 
            "into it everybody right": 1, 
            "involved all the people": 1, 
            "is a lie suckas": 1, 
            "is yo' body work": 1, 
            "is your body work": 1, 
            "it everybody right there": 1, 
            "it'll be on radio": 1, 
            "it's a promise, my": 1, 
            "it's not a threat": 1, 
            "it's what you earn": 1, 
            "jerk 'cause all we": 1, 
            "just do us a": 1, 
            "just participate and everybody": 1, 
            "just shout and scream": 1, 
            "know of us but": 1, 
            "know what i mean": 1, 
            "learn you can't buy": 1, 
            "left, just participate and": 1, 
            "lesson to be taught,": 1, 
            "let the women do": 1, 
            "level where you wanna": 1, 
            "lie suckas try to": 1, 
            "like just do us": 1, 
            "live you get yours": 1, 
            "made out of rubber": 1, 
            "make you wait and": 1, 
            "masses when they say": 1, 
            "mean because when we": 1, 
            "mike so we can": 1, 
            "move people by the": 1, 
            "my friend so suckas": 1, 
            "my friend unlike a": 1, 
            "my hand or be": 1, 
            "not a threat it's": 1, 
            "not bend drop the": 1, 
            "now step off the": 1, 
            "o the right, we": 1, 
            "of dis-and-die and don't": 1, 
            "of rubber i will": 1, 
            "of us but that": 1, 
            "off the pedestal, give": 1, 
            "on radio and even": 1, 
            "on the left, just": 1, 
            "on up everybody up": 1, 
            "on y'all, and shake": 1, 
            "one you should learn": 1, 
            "or be my friend": 1, 
            "out of rubber i": 1, 
            "over there get on": 1, 
            "participate and everybody o": 1, 
            "pay we'll play when": 1, 
            "pedestal, give us the": 1, 
            "people by the masses": 1, 
            "people inbetween, just shout": 1, 
            "people on the left,": 1, 
            "people the way you": 1, 
            "play they games of": 1, 
            "play when they ask": 1, 
            "promise, my friend so": 1, 
            "radio and even tv": 1, 
            "respect it's what you": 1, 
            "rhyme, we move people": 1, 
            "right there get involved": 1, 
            "right, we won't make": 1, 
            "rock the people the": 1, 
            "rubber i will not": 1, 
            "say they don't know": 1, 
            "say they'll pay we'll": 1, 
            "scream and have a": 1, 
            "see is yo' body": 1, 
            "see is your body": 1, 
            "shake my hand or": 1, 
            "shake that thing work": 1, 
            "should learn you can't": 1, 
            "shout and scream and": 1, 
            "silly suckas wo try": 1, 
            "so suckas step aside,": 1, 
            "so we can rock": 1, 
            "some say they don't": 1, 
            "step aside, let the": 1, 
            "step off the pedestal,": 1, 
            "suckas step aside, let": 1, 
            "suckas try to play": 1, 
            "suckas wo try to": 1, 
            "taught, that's the one": 1, 
            "that is a lie": 1, 
            "that thing": 1, 
            "that thing work that": 1, 
            "that we achieved a": 1, 
            "that's the one you": 1, 
            "the bomb to all": 1, 
            "the end it's not": 1, 
            "the left, just participate": 1, 
            "the masses when they": 1, 
            "the mike so we": 1, 
            "the one you should": 1, 
            "the pedestal, give us": 1, 
            "the people inbetween, just": 1, 
            "the people on the": 1, 
            "the people the way": 1, 
            "the right, we won't": 1, 
            "the way you would": 1, 
            "the women do their": 1, 
            "their thing come on": 1, 
            "there get into it": 1, 
            "there get involved all": 1, 
            "there get on up": 1, 
            "there's a lesson to": 1, 
            "they ask us some": 1, 
            "they don't know of": 1, 
            "they games of dis-and-die": 1, 
            "they say they'll pay": 1, 
            "they'll pay we'll play": 1, 
            "thing": 1, 
            "thing come on y'all,": 1, 
            "thing work that thing": 1, 
            "threat it's a promise,": 1, 
            "time if you know": 1, 
            "to abuse us when": 1, 
            "to all you silly": 1, 
            "to be taught, that's": 1, 
            "to play they games": 1, 
            "to see is yo'": 1, 
            "to shake my hand": 1, 
            "try to abuse us": 1, 
            "try to play they": 1, 
            "try to shake my": 1, 
            "tv that we achieved": 1, 
            "unlike a hook made": 1, 
            "up everybody up there": 1, 
            "up there get into": 1, 
            "us a favor, don't": 1, 
            "us but that is": 1, 
            "us it'll be on": 1, 
            "us some say they": 1, 
            "us the mike so": 1, 
            "us when we get": 1, 
            "wait and all the": 1, 
            "wanna be now step": 1, 
            "wanna see is your": 1, 
            "want to see is": 1, 
            "way you would like": 1, 
            "we achieved a level": 1, 
            "we can rock the": 1, 
            "we get ignited you": 1, 
            "we move people by": 1, 
            "we rhyme, we move": 1, 
            "we wanna see is": 1, 
            "we want to see": 1, 
            "we won't make you": 1, 
            "we'll play when they": 1, 
            "what i mean because": 1, 
            "what you earn 'cause": 1, 
            "when they ask us": 1, 
            "when they say they'll": 1, 
            "when we get ignited": 1, 
            "when we rhyme, we": 1, 
            "when you dis 2": 1, 
            "where you wanna be": 1, 
            "will not bend drop": 1, 
            "wo try to abuse": 1, 
            "women do their thing": 1, 
            "won't make you wait": 1, 
            "work but all we": 1, 
            "work that thing": 1, 
            "work work yo body}": 1, 
            "work yo body} there's": 1, 
            "would like just do": 1, 
            "y'all, and shake that": 1, 
            "yo body} there's a": 1, 
            "yo' body work work": 1, 
            "you can't buy respect": 1, 
            "you can't diffuse us": 1, 
            "you dis 2 live": 1, 
            "you earn 'cause when": 1, 
            "you get yours in": 1, 
            "you know what i": 1, 
            "you should learn you": 1, 
            "you silly suckas wo": 1, 
            "you try to shake": 1, 
            "you wait and all": 1, 
            "you wanna be now": 1, 
            "you would like just": 1, 
            "your body work but": 1, 
            "yours in the end": 1
        }, 
        "5": {
            "": 1032, 
            "'cause all we wanna see": 1, 
            "'cause when you dis 2": 1, 
            "2 live you get yours": 1, 
            "a favor, don't be a": 1, 
            "a funky good time if": 1, 
            "a hook made out of": 1, 
            "a jerk 'cause all we": 1, 
            "a lesson to be taught,": 1, 
            "a level where you wanna": 1, 
            "a lie suckas try to": 1, 
            "a promise, my friend so": 1, 
            "a threat it's a promise,": 1, 
            "abuse us when we get": 1, 
            "achieved a level where you": 1, 
            "all the people inbetween, just": 1, 
            "all the people on the": 1, 
            "all we wanna see is": 1, 
            "all we want to see": 1, 
            "all you silly suckas wo": 1, 
            "and all the people inbetween,": 1, 
            "and don't you try to": 1, 
            "and even tv that we": 1, 
            "and everybody o the right,": 1, 
            "and have a funky good": 1, 
            "and scream and have a": 1, 
            "and shake that thing work": 1, 
            "aside, let the women do": 1, 
            "ask us some say they": 1, 
            "be a jerk 'cause all": 1, 
            "be my friend unlike a": 1, 
            "be now step off the": 1, 
            "be on radio and even": 1, 
            "be taught, that's the one": 1, 
            "because when we rhyme, we": 1, 
            "bend drop the bomb to": 1, 
            "body work but all we": 1, 
            "body work work yo body}": 1, 
            "body} there's a lesson to": 1, 
            "bomb to all you silly": 1, 
            "but all we want to": 1, 
            "but that is a lie": 1, 
            "buy respect it's what you": 1, 
            "by the masses when they": 1, 
            "can rock the people the": 1, 
            "can't buy respect it's what": 1, 
            "can't diffuse us it'll be": 1, 
            "come on y'all, and shake": 1, 
            "diffuse us it'll be on": 1, 
            "dis 2 live you get": 1, 
            "dis-and-die and don't you try": 1, 
            "do their thing come on": 1, 
            "do us a favor, don't": 1, 
            "don't be a jerk 'cause": 1, 
            "don't know of us but": 1, 
            "don't you try to shake": 1, 
            "drop the bomb to all": 1, 
            "earn 'cause when you dis": 1, 
            "end it's not a threat": 1, 
            "even tv that we achieved": 1, 
            "everybody o the right, we": 1, 
            "everybody over there get on": 1, 
            "everybody right there get involved": 1, 
            "everybody up there get into": 1, 
            "favor, don't be a jerk": 1, 
            "friend so suckas step aside,": 1, 
            "friend unlike a hook made": 1, 
            "funky good time if you": 1, 
            "games of dis-and-die and don't": 1, 
            "get ignited you can't diffuse": 1, 
            "get into it everybody right": 1, 
            "get involved all the people": 1, 
            "get on up everybody up": 1, 
            "get yours in the end": 1, 
            "give us the mike so": 1, 
            "good time if you know": 1, 
            "hand or be my friend": 1, 
            "have a funky good time": 1, 
            "hook made out of rubber": 1, 
            "i mean because when we": 1, 
            "i will not bend drop": 1, 
            "if you know what i": 1, 
            "ignited you can't diffuse us": 1, 
            "in the end it's not": 1, 
            "inbetween, just shout and scream": 1, 
            "into it everybody right there": 1, 
            "involved all the people on": 1, 
            "is a lie suckas try": 1, 
            "is yo' body work work": 1, 
            "is your body work but": 1, 
            "it everybody right there get": 1, 
            "it'll be on radio and": 1, 
            "it's a promise, my friend": 1, 
            "it's not a threat it's": 1, 
            "it's what you earn 'cause": 1, 
            "jerk 'cause all we wanna": 1, 
            "just do us a favor,": 1, 
            "just participate and everybody o": 1, 
            "just shout and scream and": 1, 
            "know of us but that": 1, 
            "know what i mean because": 1, 
            "learn you can't buy respect": 1, 
            "left, just participate and everybody": 1, 
            "lesson to be taught, that's": 1, 
            "let the women do their": 1, 
            "level where you wanna be": 1, 
            "lie suckas try to play": 1, 
            "like just do us a": 1, 
            "live you get yours in": 1, 
            "made out of rubber i": 1, 
            "make you wait and all": 1, 
            "masses when they say they'll": 1, 
            "mean because when we rhyme,": 1, 
            "mike so we can rock": 1, 
            "move people by the masses": 1, 
            "my friend so suckas step": 1, 
            "my friend unlike a hook": 1, 
            "my hand or be my": 1, 
            "not a threat it's a": 1, 
            "not bend drop the bomb": 1, 
            "now step off the pedestal,": 1, 
            "o the right, we won't": 1, 
            "of dis-and-die and don't you": 1, 
            "of rubber i will not": 1, 
            "of us but that is": 1, 
            "off the pedestal, give us": 1, 
            "on radio and even tv": 1, 
            "on the left, just participate": 1, 
            "on up everybody up there": 1, 
            "on y'all, and shake that": 1, 
            "one you should learn you": 1, 
            "or be my friend unlike": 1, 
            "out of rubber i will": 1, 
            "over there get on up": 1, 
            "participate and everybody o the": 1, 
            "pay we'll play when they": 1, 
            "pedestal, give us the mike": 1, 
            "people by the masses when": 1, 
            "people inbetween, just shout and": 1, 
            "people on the left, just": 1, 
            "people the way you would": 1, 
            "play they games of dis-and-die": 1, 
            "play when they ask us": 1, 
            "promise, my friend so suckas": 1, 
            "radio and even tv that": 1, 
            "respect it's what you earn": 1, 
            "rhyme, we move people by": 1, 
            "right there get involved all": 1, 
            "right, we won't make you": 1, 
            "rock the people the way": 1, 
            "rubber i will not bend": 1, 
            "say they don't know of": 1, 
            "say they'll pay we'll play": 1, 
            "scream and have a funky": 1, 
            "see is yo' body work": 1, 
            "see is your body work": 1, 
            "shake my hand or be": 1, 
            "shake that thing work that": 1, 
            "should learn you can't buy": 1, 
            "shout and scream and have": 1, 
            "silly suckas wo try to": 1, 
            "so suckas step aside, let": 1, 
            "so we can rock the": 1, 
            "some say they don't know": 1, 
            "step aside, let the women": 1, 
            "step off the pedestal, give": 1, 
            "suckas step aside, let the": 1, 
            "suckas try to play they": 1, 
            "suckas wo try to abuse": 1, 
            "taught, that's the one you": 1, 
            "that is a lie suckas": 1, 
            "that thing": 1, 
            "that thing work that thing": 1, 
            "that we achieved a level": 1, 
            "that's the one you should": 1, 
            "the bomb to all you": 1, 
            "the end it's not a": 1, 
            "the left, just participate and": 1, 
            "the masses when they say": 1, 
            "the mike so we can": 1, 
            "the one you should learn": 1, 
            "the pedestal, give us the": 1, 
            "the people inbetween, just shout": 1, 
            "the people on the left,": 1, 
            "the people the way you": 1, 
            "the right, we won't make": 1, 
            "the way you would like": 1, 
            "the women do their thing": 1, 
            "their thing come on y'all,": 1, 
            "there get into it everybody": 1, 
            "there get involved all the": 1, 
            "there get on up everybody": 1, 
            "there's a lesson to be": 1, 
            "they ask us some say": 1, 
            "they don't know of us": 1, 
            "they games of dis-and-die and": 1, 
            "they say they'll pay we'll": 1, 
            "they'll pay we'll play when": 1, 
            "thing": 1, 
            "thing come on y'all, and": 1, 
            "thing work that thing": 1, 
            "threat it's a promise, my": 1, 
            "time if you know what": 1, 
            "to abuse us when we": 1, 
            "to all you silly suckas": 1, 
            "to be taught, that's the": 1, 
            "to play they games of": 1, 
            "to see is yo' body": 1, 
            "to shake my hand or": 1, 
            "try to abuse us when": 1, 
            "try to play they games": 1, 
            "try to shake my hand": 1, 
            "tv that we achieved a": 1, 
            "unlike a hook made out": 1, 
            "up everybody up there get": 1, 
            "up there get into it": 1, 
            "us a favor, don't be": 1, 
            "us but that is a": 1, 
            "us it'll be on radio": 1, 
            "us some say they don't": 1, 
            "us the mike so we": 1, 
            "us when we get ignited": 1, 
            "wait and all the people": 1, 
            "wanna be now step off": 1, 
            "wanna see is your body": 1, 
            "want to see is yo'": 1, 
            "way you would like just": 1, 
            "we achieved a level where": 1, 
            "we can rock the people": 1, 
            "we get ignited you can't": 1, 
            "we move people by the": 1, 
            "we rhyme, we move people": 1, 
            "we wanna see is your": 1, 
            "we want to see is": 1, 
            "we won't make you wait": 1, 
            "we'll play when they ask": 1, 
            "what i mean because when": 1, 
            "what you earn 'cause when": 1, 
            "when they ask us some": 1, 
            "when they say they'll pay": 1, 
            "when we get ignited you": 1, 
            "when we rhyme, we move": 1, 
            "when you dis 2 live": 1, 
            "where you wanna be now": 1, 
            "will not bend drop the": 1, 
            "wo try to abuse us": 1, 
            "women do their thing come": 1, 
            "won't make you wait and": 1, 
            "work but all we want": 1, 
            "work that thing": 1, 
            "work work yo body} there's": 1, 
            "work yo body} there's a": 1, 
            "would like just do us": 1, 
            "y'all, and shake that thing": 1, 
            "yo body} there's a lesson": 1, 
            "yo' body work work yo": 1, 
            "you can't buy respect it's": 1, 
            "you can't diffuse us it'll": 1, 
            "you dis 2 live you": 1, 
            "you earn 'cause when you": 1, 
            "you get yours in the": 1, 
            "you know what i mean": 1, 
            "you should learn you can't": 1, 
            "you silly suckas wo try": 1, 
            "you try to shake my": 1, 
            "you wait and all the": 1, 
            "you wanna be now step": 1, 
            "you would like just do": 1, 
            "your body work but all": 1, 
            "yours in the end it's": 1
        }, 
        "6": {
            "": 1031, 
            "'cause all we wanna see is": 1, 
            "'cause when you dis 2 live": 1, 
            "2 live you get yours in": 1, 
            "a favor, don't be a jerk": 1, 
            "a funky good time if you": 1, 
            "a hook made out of rubber": 1, 
            "a jerk 'cause all we wanna": 1, 
            "a lesson to be taught, that's": 1, 
            "a level where you wanna be": 1, 
            "a lie suckas try to play": 1, 
            "a promise, my friend so suckas": 1, 
            "a threat it's a promise, my": 1, 
            "abuse us when we get ignited": 1, 
            "achieved a level where you wanna": 1, 
            "all the people inbetween, just shout": 1, 
            "all the people on the left,": 1, 
            "all we wanna see is your": 1, 
            "all we want to see is": 1, 
            "all you silly suckas wo try": 1, 
            "and all the people inbetween, just": 1, 
            "and don't you try to shake": 1, 
            "and even tv that we achieved": 1, 
            "and everybody o the right, we": 1, 
            "and have a funky good time": 1, 
            "and scream and have a funky": 1, 
            "and shake that thing work that": 1, 
            "aside, let the women do their": 1, 
            "ask us some say they don't": 1, 
            "be a jerk 'cause all we": 1, 
            "be my friend unlike a hook": 1, 
            "be now step off the pedestal,": 1, 
            "be on radio and even tv": 1, 
            "be taught, that's the one you": 1, 
            "because when we rhyme, we move": 1, 
            "bend drop the bomb to all": 1, 
            "body work but all we want": 1, 
            "body work work yo body} there's": 1, 
            "body} there's a lesson to be": 1, 
            "bomb to all you silly suckas": 1, 
            "but all we want to see": 1, 
            "but that is a lie suckas": 1, 
            "buy respect it's what you earn": 1, 
            "by the masses when they say": 1, 
            "can rock the people the way": 1, 
            "can't buy respect it's what you": 1, 
            "can't diffuse us it'll be on": 1, 
            "come on y'all, and shake that": 1, 
            "diffuse us it'll be on radio": 1, 
            "dis 2 live you get yours": 1, 
            "dis-and-die and don't you try to": 1, 
            "do their thing come on y'all,": 1, 
            "do us a favor, don't be": 1, 
            "don't be a jerk 'cause all": 1, 
            "don't know of us but that": 1, 
            "don't you try to shake my": 1, 
            "drop the bomb to all you": 1, 
            "earn 'cause when you dis 2": 1, 
            "end it's not a threat it's": 1, 
            "even tv that we achieved a": 1, 
            "everybody o the right, we won't": 1, 
            "everybody over there get on up": 1, 
            "everybody right there get involved all": 1, 
            "everybody up there get into it": 1, 
            "favor, don't be a jerk 'cause": 1, 
            "friend so suckas step aside, let": 1, 
            "friend unlike a hook made out": 1, 
            "funky good time if you know": 1, 
            "games of dis-and-die and don't you": 1, 
            "get ignited you can't diffuse us": 1, 
            "get into it everybody right there": 1, 
            "get involved all the people on": 1, 
            "get on up everybody up there": 1, 
            "get yours in the end it's": 1, 
            "give us the mike so we": 1, 
            "good time if you know what": 1, 
            "hand or be my friend unlike": 1, 
            "have a funky good time if": 1, 
            "hook made out of rubber i": 1, 
            "i mean because when we rhyme,": 1, 
            "i will not bend drop the": 1, 
            "if you know what i mean": 1, 
            "ignited you can't diffuse us it'll": 1, 
            "in the end it's not a": 1, 
            "inbetween, just shout and scream and": 1, 
            "into it everybody right there get": 1, 
            "involved all the people on the": 1, 
            "is a lie suckas try to": 1, 
            "is yo' body work work yo": 1, 
            "is your body work but all": 1, 
            "it everybody right there get involved": 1, 
            "it'll be on radio and even": 1, 
            "it's a promise, my friend so": 1, 
            "it's not a threat it's a": 1, 
            "it's what you earn 'cause when": 1, 
            "jerk 'cause all we wanna see": 1, 
            "just do us a favor, don't": 1, 
            "just participate and everybody o the": 1, 
            "just shout and scream and have": 1, 
            "know of us but that is": 1, 
            "know what i mean because when": 1, 
            "learn you can't buy respect it's": 1, 
            "left, just participate and everybody o": 1, 
            "lesson to be taught, that's the": 1, 
            "let the women do their thing": 1, 
            "level where you wanna be now": 1, 
            "lie suckas try to play they": 1, 
            "like just do us a favor,": 1, 
            "live you get yours in the": 1, 
            "made out of rubber i will": 1, 
            "make you wait and all the": 1, 
            "masses when they say they'll pay": 1, 
            "mean because when we rhyme, we": 1, 
            "mike so we can rock the": 1, 
            "move people by the masses when": 1, 
            "my friend so suckas step aside,": 1, 
            "my friend unlike a hook made": 1, 
            "my hand or be my friend": 1, 
            "not a threat it's a promise,": 1, 
            "not bend drop the bomb to": 1, 
            "now step off the pedestal, give": 1, 
            "o the right, we won't make": 1, 
            "of dis-and-die and don't you try": 1, 
            "of rubber i will not bend": 1, 
            "of us but that is a": 1, 
            "off the pedestal, give us the": 1, 
            "on radio and even tv that": 1, 
            "on the left, just participate and": 1, 
            "on up everybody up there get": 1, 
            "on y'all, and shake that thing": 1, 
            "one you should learn you can't": 1, 
            "or be my friend unlike a": 1, 
            "out of rubber i will not": 1, 
            "over there get on up everybody": 1, 
            "participate and everybody o the right,": 1, 
            "pay we'll play when they ask": 1, 
            "pedestal, give us the mike so": 1, 
            "people by the masses when they": 1, 
            "people inbetween, just shout and scream": 1, 
            "people on the left, just participate": 1, 
            "people the way you would like": 1, 
            "play they games of dis-and-die and": 1, 
            "play when they ask us some": 1, 
            "promise, my friend so suckas step": 1, 
            "radio and even tv that we": 1, 
            "respect it's what you earn 'cause": 1, 
            "rhyme, we move people by the": 1, 
            "right there get involved all the": 1, 
            "right, we won't make you wait": 1, 
            "rock the people the way you": 1, 
            "rubber i will not bend drop": 1, 
            "say they don't know of us": 1, 
            "say they'll pay we'll play when": 1, 
            "scream and have a funky good": 1, 
            "see is yo' body work work": 1, 
            "see is your body work but": 1, 
            "shake my hand or be my": 1, 
            "shake that thing work that thing": 1, 
            "should learn you can't buy respect": 1, 
            "shout and scream and have a": 1, 
            "silly suckas wo try to abuse": 1, 
            "so suckas step aside, let the": 1, 
            "so we can rock the people": 1, 
            "some say they don't know of": 1, 
            "step aside, let the women do": 1, 
            "step off the pedestal, give us": 1, 
            "suckas step aside, let the women": 1, 
            "suckas try to play they games": 1, 
            "suckas wo try to abuse us": 1, 
            "taught, that's the one you should": 1, 
            "that is a lie suckas try": 1, 
            "that thing": 1, 
            "that thing work that thing": 1, 
            "that we achieved a level where": 1, 
            "that's the one you should learn": 1, 
            "the bomb to all you silly": 1, 
            "the end it's not a threat": 1, 
            "the left, just participate and everybody": 1, 
            "the masses when they say they'll": 1, 
            "the mike so we can rock": 1, 
            "the one you should learn you": 1, 
            "the pedestal, give us the mike": 1, 
            "the people inbetween, just shout and": 1, 
            "the people on the left, just": 1, 
            "the people the way you would": 1, 
            "the right, we won't make you": 1, 
            "the way you would like just": 1, 
            "the women do their thing come": 1, 
            "their thing come on y'all, and": 1, 
            "there get into it everybody right": 1, 
            "there get involved all the people": 1, 
            "there get on up everybody up": 1, 
            "there's a lesson to be taught,": 1, 
            "they ask us some say they": 1, 
            "they don't know of us but": 1, 
            "they games of dis-and-die and don't": 1, 
            "they say they'll pay we'll play": 1, 
            "they'll pay we'll play when they": 1, 
            "thing": 1, 
            "thing come on y'all, and shake": 1, 
            "thing work that thing": 1, 
            "threat it's a promise, my friend": 1, 
            "time if you know what i": 1, 
            "to abuse us when we get": 1, 
            "to all you silly suckas wo": 1, 
            "to be taught, that's the one": 1, 
            "to play they games of dis-and-die": 1, 
            "to see is yo' body work": 1, 
            "to shake my hand or be": 1, 
            "try to abuse us when we": 1, 
            "try to play they games of": 1, 
            "try to shake my hand or": 1, 
            "tv that we achieved a level": 1, 
            "unlike a hook made out of": 1, 
            "up everybody up there get into": 1, 
            "up there get into it everybody": 1, 
            "us a favor, don't be a": 1, 
            "us but that is a lie": 1, 
            "us it'll be on radio and": 1, 
            "us some say they don't know": 1, 
            "us the mike so we can": 1, 
            "us when we get ignited you": 1, 
            "wait and all the people inbetween,": 1, 
            "wanna be now step off the": 1, 
            "wanna see is your body work": 1, 
            "want to see is yo' body": 1, 
            "way you would like just do": 1, 
            "we achieved a level where you": 1, 
            "we can rock the people the": 1, 
            "we get ignited you can't diffuse": 1, 
            "we move people by the masses": 1, 
            "we rhyme, we move people by": 1, 
            "we wanna see is your body": 1, 
            "we want to see is yo'": 1, 
            "we won't make you wait and": 1, 
            "we'll play when they ask us": 1, 
            "what i mean because when we": 1, 
            "what you earn 'cause when you": 1, 
            "when they ask us some say": 1, 
            "when they say they'll pay we'll": 1, 
            "when we get ignited you can't": 1, 
            "when we rhyme, we move people": 1, 
            "when you dis 2 live you": 1, 
            "where you wanna be now step": 1, 
            "will not bend drop the bomb": 1, 
            "wo try to abuse us when": 1, 
            "women do their thing come on": 1, 
            "won't make you wait and all": 1, 
            "work but all we want to": 1, 
            "work that thing": 1, 
            "work work yo body} there's a": 1, 
            "work yo body} there's a lesson": 1, 
            "would like just do us a": 1, 
            "y'all, and shake that thing work": 1, 
            "yo body} there's a lesson to": 1, 
            "yo' body work work yo body}": 1, 
            "you can't buy respect it's what": 1, 
            "you can't diffuse us it'll be": 1, 
            "you dis 2 live you get": 1, 
            "you earn 'cause when you dis": 1, 
            "you get yours in the end": 1, 
            "you know what i mean because": 1, 
            "you should learn you can't buy": 1, 
            "you silly suckas wo try to": 1, 
            "you try to shake my hand": 1, 
            "you wait and all the people": 1, 
            "you wanna be now step off": 1, 
            "you would like just do us": 1, 
            "your body work but all we": 1, 
            "yours in the end it's not": 1
        }, 
        "7": {
            "": 1030, 
            "'cause all we wanna see is your": 1, 
            "'cause when you dis 2 live you": 1, 
            "2 live you get yours in the": 1, 
            "a favor, don't be a jerk 'cause": 1, 
            "a funky good time if you know": 1, 
            "a hook made out of rubber i": 1, 
            "a jerk 'cause all we wanna see": 1, 
            "a lesson to be taught, that's the": 1, 
            "a level where you wanna be now": 1, 
            "a lie suckas try to play they": 1, 
            "a promise, my friend so suckas step": 1, 
            "a threat it's a promise, my friend": 1, 
            "abuse us when we get ignited you": 1, 
            "achieved a level where you wanna be": 1, 
            "all the people inbetween, just shout and": 1, 
            "all the people on the left, just": 1, 
            "all we wanna see is your body": 1, 
            "all we want to see is yo'": 1, 
            "all you silly suckas wo try to": 1, 
            "and all the people inbetween, just shout": 1, 
            "and don't you try to shake my": 1, 
            "and even tv that we achieved a": 1, 
            "and everybody o the right, we won't": 1, 
            "and have a funky good time if": 1, 
            "and scream and have a funky good": 1, 
            "and shake that thing work that thing": 1, 
            "aside, let the women do their thing": 1, 
            "ask us some say they don't know": 1, 
            "be a jerk 'cause all we wanna": 1, 
            "be my friend unlike a hook made": 1, 
            "be now step off the pedestal, give": 1, 
            "be on radio and even tv that": 1, 
            "be taught, that's the one you should": 1, 
            "because when we rhyme, we move people": 1, 
            "bend drop the bomb to all you": 1, 
            "body work but all we want to": 1, 
            "body work work yo body} there's a": 1, 
            "body} there's a lesson to be taught,": 1, 
            "bomb to all you silly suckas wo": 1, 
            "but all we want to see is": 1, 
            "but that is a lie suckas try": 1, 
            "buy respect it's what you earn 'cause": 1, 
            "by the masses when they say they'll": 1, 
            "can rock the people the way you": 1, 
            "can't buy respect it's what you earn": 1, 
            "can't diffuse us it'll be on radio": 1, 
            "come on y'all, and shake that thing": 1, 
            "diffuse us it'll be on radio and": 1, 
            "dis 2 live you get yours in": 1, 
            "dis-and-die and don't you try to shake": 1, 
            "do their thing come on y'all, and": 1, 
            "do us a favor, don't be a": 1, 
            "don't be a jerk 'cause all we": 1, 
            "don't know of us but that is": 1, 
            "don't you try to shake my hand": 1, 
            "drop the bomb to all you silly": 1, 
            "earn 'cause when you dis 2 live": 1, 
            "end it's not a threat it's a": 1, 
            "even tv that we achieved a level": 1, 
            "everybody o the right, we won't make": 1, 
            "everybody over there get on up everybody": 1, 
            "everybody right there get involved all the": 1, 
            "everybody up there get into it everybody": 1, 
            "favor, don't be a jerk 'cause all": 1, 
            "friend so suckas step aside, let the": 1, 
            "friend unlike a hook made out of": 1, 
            "funky good time if you know what": 1, 
            "games of dis-and-die and don't you try": 1, 
            "get ignited you can't diffuse us it'll": 1, 
            "get into it everybody right there get": 1, 
            "get involved all the people on the": 1, 
            "get on up everybody up there get": 1, 
            "get yours in the end it's not": 1, 
            "give us the mike so we can": 1, 
            "good time if you know what i": 1, 
            "hand or be my friend unlike a": 1, 
            "have a funky good time if you": 1, 
            "hook made out of rubber i will": 1, 
            "i mean because when we rhyme, we": 1, 
            "i will not bend drop the bomb": 1, 
            "if you know what i mean because": 1, 
            "ignited you can't diffuse us it'll be": 1, 
            "in the end it's not a threat": 1, 
            "inbetween, just shout and scream and have": 1, 
            "into it everybody right there get involved": 1, 
            "involved all the people on the left,": 1, 
            "is a lie suckas try to play": 1, 
            "is yo' body work work yo body}": 1, 
            "is your body work but all we": 1, 
            "it everybody right there get involved all": 1, 
            "it'll be on radio and even tv": 1, 
            "it's a promise, my friend so suckas": 1, 
            "it's not a threat it's a promise,": 1, 
            "it's what you earn 'cause when you": 1, 
            "jerk 'cause all we wanna see is": 1, 
            "just do us a favor, don't be": 1, 
            "just participate and everybody o the right,": 1, 
            "just shout and scream and have a": 1, 
            "know of us but that is a": 1, 
            "know what i mean because when we": 1, 
            "learn you can't buy respect it's what": 1, 
            "left, just participate and everybody o the": 1, 
            "lesson to be taught, that's the one": 1, 
            "let the women do their thing come": 1, 
            "level where you wanna be now step": 1, 
            "lie suckas try to play they games": 1, 
            "like just do us a favor, don't": 1, 
            "live you get yours in the end": 1, 
            "made out of rubber i will not": 1, 
            "make you wait and all the people": 1, 
            "masses when they say they'll pay we'll": 1, 
            "mean because when we rhyme, we move": 1, 
            "mike so we can rock the people": 1, 
            "move people by the masses when they": 1, 
            "my friend so suckas step aside, let": 1, 
            "my friend unlike a hook made out": 1, 
            "my hand or be my friend unlike": 1, 
            "not a threat it's a promise, my": 1, 
            "not bend drop the bomb to all": 1, 
            "now step off the pedestal, give us": 1, 
            "o the right, we won't make you": 1, 
            "of dis-and-die and don't you try to": 1, 
            "of rubber i will not bend drop": 1, 
            "of us but that is a lie": 1, 
            "off the pedestal, give us the mike": 1, 
            "on radio and even tv that we": 1, 
            "on the left, just participate and everybody": 1, 
            "on up everybody up there get into": 1, 
            "on y'all, and shake that thing work": 1, 
            "one you should learn you can't buy": 1, 
            "or be my friend unlike a hook": 1, 
            "out of rubber i will not bend": 1, 
            "over there get on up everybody up": 1, 
            "participate and everybody o the right, we": 1, 
            "pay we'll play when they ask us": 1, 
            "pedestal, give us the mike so we": 1, 
            "people by the masses when they say": 1, 
            "people inbetween, just shout and scream and": 1, 
            "people on the left, just participate and": 1, 
            "people the way you would like just": 1, 
            "play they games of dis-and-die and don't": 1, 
            "play when they ask us some say": 1, 
            "promise, my friend so suckas step aside,": 1, 
            "radio and even tv that we achieved": 1, 
            "respect it's what you earn 'cause when": 1, 
            "rhyme, we move people by the masses": 1, 
            "right there get involved all the people": 1, 
            "right, we won't make you wait and": 1, 
            "rock the people the way you would": 1, 
            "rubber i will not bend drop the": 1, 
            "say they don't know of us but": 1, 
            "say they'll pay we'll play when they": 1, 
            "scream and have a funky good time": 1, 
            "see is yo' body work work yo": 1, 
            "see is your body work but all": 1, 
            "shake my hand or be my friend": 1, 
            "shake that thing work that thing": 1, 
            "should learn you can't buy respect it's": 1, 
            "shout and scream and have a funky": 1, 
            "silly suckas wo try to abuse us": 1, 
            "so suckas step aside, let the women": 1, 
            "so we can rock the people the": 1, 
            "some say they don't know of us": 1, 
            "step aside, let the women do their": 1, 
            "step off the pedestal, give us the": 1, 
            "suckas step aside, let the women do": 1, 
            "suckas try to play they games of": 1, 
            "suckas wo try to abuse us when": 1, 
            "taught, that's the one you should learn": 1, 
            "that is a lie suckas try to": 1, 
            "that thing": 1, 
            "that thing work that thing": 1, 
            "that we achieved a level where you": 1, 
            "that's the one you should learn you": 1, 
            "the bomb to all you silly suckas": 1, 
            "the end it's not a threat it's": 1, 
            "the left, just participate and everybody o": 1, 
            "the masses when they say they'll pay": 1, 
            "the mike so we can rock the": 1, 
            "the one you should learn you can't": 1, 
            "the pedestal, give us the mike so": 1, 
            "the people inbetween, just shout and scream": 1, 
            "the people on the left, just participate": 1, 
            "the people the way you would like": 1, 
            "the right, we won't make you wait": 1, 
            "the way you would like just do": 1, 
            "the women do their thing come on": 1, 
            "their thing come on y'all, and shake": 1, 
            "there get into it everybody right there": 1, 
            "there get involved all the people on": 1, 
            "there get on up everybody up there": 1, 
            "there's a lesson to be taught, that's": 1, 
            "they ask us some say they don't": 1, 
            "they don't know of us but that": 1, 
            "they games of dis-and-die and don't you": 1, 
            "they say they'll pay we'll play when": 1, 
            "they'll pay we'll play when they ask": 1, 
            "thing": 1, 
            "thing come on y'all, and shake that": 1, 
            "thing work that thing": 1, 
            "threat it's a promise, my friend so": 1, 
            "time if you know what i mean": 1, 
            "to abuse us when we get ignited": 1, 
            "to all you silly suckas wo try": 1, 
            "to be taught, that's the one you": 1, 
            "to play they games of dis-and-die and": 1, 
            "to see is yo' body work work": 1, 
            "to shake my hand or be my": 1, 
            "try to abuse us when we get": 1, 
            "try to play they games of dis-and-die": 1, 
            "try to shake my hand or be": 1, 
            "tv that we achieved a level where": 1, 
            "unlike a hook made out of rubber": 1, 
            "up everybody up there get into it": 1, 
            "up there get into it everybody right": 1, 
            "us a favor, don't be a jerk": 1, 
            "us but that is a lie suckas": 1, 
            "us it'll be on radio and even": 1, 
            "us some say they don't know of": 1, 
            "us the mike so we can rock": 1, 
            "us when we get ignited you can't": 1, 
            "wait and all the people inbetween, just": 1, 
            "wanna be now step off the pedestal,": 1, 
            "wanna see is your body work but": 1, 
            "want to see is yo' body work": 1, 
            "way you would like just do us": 1, 
            "we achieved a level where you wanna": 1, 
            "we can rock the people the way": 1, 
            "we get ignited you can't diffuse us": 1, 
            "we move people by the masses when": 1, 
            "we rhyme, we move people by the": 1, 
            "we wanna see is your body work": 1, 
            "we want to see is yo' body": 1, 
            "we won't make you wait and all": 1, 
            "we'll play when they ask us some": 1, 
            "what i mean because when we rhyme,": 1, 
            "what you earn 'cause when you dis": 1, 
            "when they ask us some say they": 1, 
            "when they say they'll pay we'll play": 1, 
            "when we get ignited you can't diffuse": 1, 
            "when we rhyme, we move people by": 1, 
            "when you dis 2 live you get": 1, 
            "where you wanna be now step off": 1, 
            "will not bend drop the bomb to": 1, 
            "wo try to abuse us when we": 1, 
            "women do their thing come on y'all,": 1, 
            "won't make you wait and all the": 1, 
            "work but all we want to see": 1, 
            "work that thing": 1, 
            "work work yo body} there's a lesson": 1, 
            "work yo body} there's a lesson to": 1, 
            "would like just do us a favor,": 1, 
            "y'all, and shake that thing work that": 1, 
            "yo body} there's a lesson to be": 1, 
            "yo' body work work yo body} there's": 1, 
            "you can't buy respect it's what you": 1, 
            "you can't diffuse us it'll be on": 1, 
            "you dis 2 live you get yours": 1, 
            "you earn 'cause when you dis 2": 1, 
            "you get yours in the end it's": 1, 
            "you know what i mean because when": 1, 
            "you should learn you can't buy respect": 1, 
            "you silly suckas wo try to abuse": 1, 
            "you try to shake my hand or": 1, 
            "you wait and all the people inbetween,": 1, 
            "you wanna be now step off the": 1, 
            "you would like just do us a": 1, 
            "your body work but all we want": 1, 
            "yours in the end it's not a": 1
        }, 
        "8": {
            "": 1029, 
            "'cause all we wanna see is your body": 1, 
            "'cause when you dis 2 live you get": 1, 
            "2 live you get yours in the end": 1, 
            "a favor, don't be a jerk 'cause all": 1, 
            "a funky good time if you know what": 1, 
            "a hook made out of rubber i will": 1, 
            "a jerk 'cause all we wanna see is": 1, 
            "a lesson to be taught, that's the one": 1, 
            "a level where you wanna be now step": 1, 
            "a lie suckas try to play they games": 1, 
            "a promise, my friend so suckas step aside,": 1, 
            "a threat it's a promise, my friend so": 1, 
            "abuse us when we get ignited you can't": 1, 
            "achieved a level where you wanna be now": 1, 
            "all the people inbetween, just shout and scream": 1, 
            "all the people on the left, just participate": 1, 
            "all we wanna see is your body work": 1, 
            "all we want to see is yo' body": 1, 
            "all you silly suckas wo try to abuse": 1, 
            "and all the people inbetween, just shout and": 1, 
            "and don't you try to shake my hand": 1, 
            "and even tv that we achieved a level": 1, 
            "and everybody o the right, we won't make": 1, 
            "and have a funky good time if you": 1, 
            "and scream and have a funky good time": 1, 
            "and shake that thing work that thing": 1, 
            "aside, let the women do their thing come": 1, 
            "ask us some say they don't know of": 1, 
            "be a jerk 'cause all we wanna see": 1, 
            "be my friend unlike a hook made out": 1, 
            "be now step off the pedestal, give us": 1, 
            "be on radio and even tv that we": 1, 
            "be taught, that's the one you should learn": 1, 
            "because when we rhyme, we move people by": 1, 
            "bend drop the bomb to all you silly": 1, 
            "body work but all we want to see": 1, 
            "body work work yo body} there's a lesson": 1, 
            "body} there's a lesson to be taught, that's": 1, 
            "bomb to all you silly suckas wo try": 1, 
            "but all we want to see is yo'": 1, 
            "but that is a lie suckas try to": 1, 
            "buy respect it's what you earn 'cause when": 1, 
            "by the masses when they say they'll pay": 1, 
            "can rock the people the way you would": 1, 
            "can't buy respect it's what you earn 'cause": 1, 
            "can't diffuse us it'll be on radio and": 1, 
            "come on y'all, and shake that thing work": 1, 
            "diffuse us it'll be on radio and even": 1, 
            "dis 2 live you get yours in the": 1, 
            "dis-and-die and don't you try to shake my": 1, 
            "do their thing come on y'all, and shake": 1, 
            "do us a favor, don't be a jerk": 1, 
            "don't be a jerk 'cause all we wanna": 1, 
            "don't know of us but that is a": 1, 
            "don't you try to shake my hand or": 1, 
            "drop the bomb to all you silly suckas": 1, 
            "earn 'cause when you dis 2 live you": 1, 
            "end it's not a threat it's a promise,": 1, 
            "even tv that we achieved a level where": 1, 
            "everybody o the right, we won't make you": 1, 
            "everybody over there get on up everybody up": 1, 
            "everybody right there get involved all the people": 1, 
            "everybody up there get into it everybody right": 1, 
            "favor, don't be a jerk 'cause all we": 1, 
            "friend so suckas step aside, let the women": 1, 
            "friend unlike a hook made out of rubber": 1, 
            "funky good time if you know what i": 1, 
            "games of dis-and-die and don't you try to": 1, 
            "get ignited you can't diffuse us it'll be": 1, 
            "get into it everybody right there get involved": 1, 
            "get involved all the people on the left,": 1, 
            "get on up everybody up there get into": 1, 
            "get yours in the end it's not a": 1, 
            "give us the mike so we can rock": 1, 
            "good time if you know what i mean": 1, 
            "hand or be my friend unlike a hook": 1, 
            "have a funky good time if you know": 1, 
            "hook made out of rubber i will not": 1, 
            "i mean because when we rhyme, we move": 1, 
            "i will not bend drop the bomb to": 1, 
            "if you know what i mean because when": 1, 
            "ignited you can't diffuse us it'll be on": 1, 
            "in the end it's not a threat it's": 1, 
            "inbetween, just shout and scream and have a": 1, 
            "into it everybody right there get involved all": 1, 
            "involved all the people on the left, just": 1, 
            "is a lie suckas try to play they": 1, 
            "is yo' body work work yo body} there's": 1, 
            "is your body work but all we want": 1, 
            "it everybody right there get involved all the": 1, 
            "it'll be on radio and even tv that": 1, 
            "it's a promise, my friend so suckas step": 1, 
            "it's not a threat it's a promise, my": 1, 
            "it's what you earn 'cause when you dis": 1, 
            "jerk 'cause all we wanna see is your": 1, 
            "just do us a favor, don't be a": 1, 
            "just participate and everybody o the right, we": 1, 
            "just shout and scream and have a funky": 1, 
            "know of us but that is a lie": 1, 
            "know what i mean because when we rhyme,": 1, 
            "learn you can't buy respect it's what you": 1, 
            "left, just participate and everybody o the right,": 1, 
            "lesson to be taught, that's the one you": 1, 
            "let the women do their thing come on": 1, 
            "level where you wanna be now step off": 1, 
            "lie suckas try to play they games of": 1, 
            "like just do us a favor, don't be": 1, 
            "live you get yours in the end it's": 1, 
            "made out of rubber i will not bend": 1, 
            "make you wait and all the people inbetween,": 1, 
            "masses when they say they'll pay we'll play": 1, 
            "mean because when we rhyme, we move people": 1, 
            "mike so we can rock the people the": 1, 
            "move people by the masses when they say": 1, 
            "my friend so suckas step aside, let the": 1, 
            "my friend unlike a hook made out of": 1, 
            "my hand or be my friend unlike a": 1, 
            "not a threat it's a promise, my friend": 1, 
            "not bend drop the bomb to all you": 1, 
            "now step off the pedestal, give us the": 1, 
            "o the right, we won't make you wait": 1, 
            "of dis-and-die and don't you try to shake": 1, 
            "of rubber i will not bend drop the": 1, 
            "of us but that is a lie suckas": 1, 
            "off the pedestal, give us the mike so": 1, 
            "on radio and even tv that we achieved": 1, 
            "on the left, just participate and everybody o": 1, 
            "on up everybody up there get into it": 1, 
            "on y'all, and shake that thing work that": 1, 
            "one you should learn you can't buy respect": 1, 
            "or be my friend unlike a hook made": 1, 
            "out of rubber i will not bend drop": 1, 
            "over there get on up everybody up there": 1, 
            "participate and everybody o the right, we won't": 1, 
            "pay we'll play when they ask us some": 1, 
            "pedestal, give us the mike so we can": 1, 
            "people by the masses when they say they'll": 1, 
            "people inbetween, just shout and scream and have": 1, 
            "people on the left, just participate and everybody": 1, 
            "people the way you would like just do": 1, 
            "play they games of dis-and-die and don't you": 1, 
            "play when they ask us some say they": 1, 
            "promise, my friend so suckas step aside, let": 1, 
            "radio and even tv that we achieved a": 1, 
            "respect it's what you earn 'cause when you": 1, 
            "rhyme, we move people by the masses when": 1, 
            "right there get involved all the people on": 1, 
            "right, we won't make you wait and all": 1, 
            "rock the people the way you would like": 1, 
            "rubber i will not bend drop the bomb": 1, 
            "say they don't know of us but that": 1, 
            "say they'll pay we'll play when they ask": 1, 
            "scream and have a funky good time if": 1, 
            "see is yo' body work work yo body}": 1, 
            "see is your body work but all we": 1, 
            "shake my hand or be my friend unlike": 1, 
            "shake that thing work that thing": 1, 
            "should learn you can't buy respect it's what": 1, 
            "shout and scream and have a funky good": 1, 
            "silly suckas wo try to abuse us when": 1, 
            "so suckas step aside, let the women do": 1, 
            "so we can rock the people the way": 1, 
            "some say they don't know of us but": 1, 
            "step aside, let the women do their thing": 1, 
            "step off the pedestal, give us the mike": 1, 
            "suckas step aside, let the women do their": 1, 
            "suckas try to play they games of dis-and-die": 1, 
            "suckas wo try to abuse us when we": 1, 
            "taught, that's the one you should learn you": 1, 
            "that is a lie suckas try to play": 1, 
            "that thing": 1, 
            "that thing work that thing": 1, 
            "that we achieved a level where you wanna": 1, 
            "that's the one you should learn you can't": 1, 
            "the bomb to all you silly suckas wo": 1, 
            "the end it's not a threat it's a": 1, 
            "the left, just participate and everybody o the": 1, 
            "the masses when they say they'll pay we'll": 1, 
            "the mike so we can rock the people": 1, 
            "the one you should learn you can't buy": 1, 
            "the pedestal, give us the mike so we": 1, 
            "the people inbetween, just shout and scream and": 1, 
            "the people on the left, just participate and": 1, 
            "the people the way you would like just": 1, 
            "the right, we won't make you wait and": 1, 
            "the way you would like just do us": 1, 
            "the women do their thing come on y'all,": 1, 
            "their thing come on y'all, and shake that": 1, 
            "there get into it everybody right there get": 1, 
            "there get involved all the people on the": 1, 
            "there get on up everybody up there get": 1, 
            "there's a lesson to be taught, that's the": 1, 
            "they ask us some say they don't know": 1, 
            "they don't know of us but that is": 1, 
            "they games of dis-and-die and don't you try": 1, 
            "they say they'll pay we'll play when they": 1, 
            "they'll pay we'll play when they ask us": 1, 
            "thing": 1, 
            "thing come on y'all, and shake that thing": 1, 
            "thing work that thing": 1, 
            "threat it's a promise, my friend so suckas": 1, 
            "time if you know what i mean because": 1, 
            "to abuse us when we get ignited you": 1, 
            "to all you silly suckas wo try to": 1, 
            "to be taught, that's the one you should": 1, 
            "to play they games of dis-and-die and don't": 1, 
            "to see is yo' body work work yo": 1, 
            "to shake my hand or be my friend": 1, 
            "try to abuse us when we get ignited": 1, 
            "try to play they games of dis-and-die and": 1, 
            "try to shake my hand or be my": 1, 
            "tv that we achieved a level where you": 1, 
            "unlike a hook made out of rubber i": 1, 
            "up everybody up there get into it everybody": 1, 
            "up there get into it everybody right there": 1, 
            "us a favor, don't be a jerk 'cause": 1, 
            "us but that is a lie suckas try": 1, 
            "us it'll be on radio and even tv": 1, 
            "us some say they don't know of us": 1, 
            "us the mike so we can rock the": 1, 
            "us when we get ignited you can't diffuse": 1, 
            "wait and all the people inbetween, just shout": 1, 
            "wanna be now step off the pedestal, give": 1, 
            "wanna see is your body work but all": 1, 
            "want to see is yo' body work work": 1, 
            "way you would like just do us a": 1, 
            "we achieved a level where you wanna be": 1, 
            "we can rock the people the way you": 1, 
            "we get ignited you can't diffuse us it'll": 1, 
            "we move people by the masses when they": 1, 
            "we rhyme, we move people by the masses": 1, 
            "we wanna see is your body work but": 1, 
            "we want to see is yo' body work": 1, 
            "we won't make you wait and all the": 1, 
            "we'll play when they ask us some say": 1, 
            "what i mean because when we rhyme, we": 1, 
            "what you earn 'cause when you dis 2": 1, 
            "when they ask us some say they don't": 1, 
            "when they say they'll pay we'll play when": 1, 
            "when we get ignited you can't diffuse us": 1, 
            "when we rhyme, we move people by the": 1, 
            "when you dis 2 live you get yours": 1, 
            "where you wanna be now step off the": 1, 
            "will not bend drop the bomb to all": 1, 
            "wo try to abuse us when we get": 1, 
            "women do their thing come on y'all, and": 1, 
            "won't make you wait and all the people": 1, 
            "work but all we want to see is": 1, 
            "work that thing": 1, 
            "work work yo body} there's a lesson to": 1, 
            "work yo body} there's a lesson to be": 1, 
            "would like just do us a favor, don't": 1, 
            "y'all, and shake that thing work that thing": 1, 
            "yo body} there's a lesson to be taught,": 1, 
            "yo' body work work yo body} there's a": 1, 
            "you can't buy respect it's what you earn": 1, 
            "you can't diffuse us it'll be on radio": 1, 
            "you dis 2 live you get yours in": 1, 
            "you earn 'cause when you dis 2 live": 1, 
            "you get yours in the end it's not": 1, 
            "you know what i mean because when we": 1, 
            "you should learn you can't buy respect it's": 1, 
            "you silly suckas wo try to abuse us": 1, 
            "you try to shake my hand or be": 1, 
            "you wait and all the people inbetween, just": 1, 
            "you wanna be now step off the pedestal,": 1, 
            "you would like just do us a favor,": 1, 
            "your body work but all we want to": 1, 
            "yours in the end it's not a threat": 1
        }
    }, 
    "song_title": "Drop the Bomb", 
    "total_words": [
        269, 
        {
            "'cause": 2, 
            "2": 1, 
            "a": 9, 
            "abuse": 1, 
            "achieved": 1, 
            "all": 5, 
            "and": 7, 
            "aside,": 1, 
            "ask": 1, 
            "be": 5, 
            "because": 1, 
            "bend": 1, 
            "body": 2, 
            "body}": 1, 
            "bomb": 1, 
            "but": 2, 
            "buy": 1, 
            "by": 1, 
            "can": 1, 
            "can't": 2, 
            "come": 1, 
            "diffuse": 1, 
            "dis": 1, 
            "dis-and-die": 1, 
            "do": 2, 
            "don't": 3, 
            "drop": 1, 
            "earn": 1, 
            "end": 1, 
            "even": 1, 
            "everybody": 4, 
            "favor,": 1, 
            "friend": 2, 
            "funky": 1, 
            "games": 1, 
            "get": 5, 
            "give": 1, 
            "good": 1, 
            "hand": 1, 
            "have": 1, 
            "hook": 1, 
            "i": 2, 
            "if": 1, 
            "ignited": 1, 
            "in": 1, 
            "inbetween,": 1, 
            "into": 1, 
            "involved": 1, 
            "is": 3, 
            "it": 1, 
            "it'll": 1, 
            "it's": 3, 
            "jerk": 1, 
            "just": 3, 
            "know": 2, 
            "learn": 1, 
            "left,": 1, 
            "lesson": 1, 
            "let": 1, 
            "level": 1, 
            "lie": 1, 
            "like": 1, 
            "live": 1, 
            "made": 1, 
            "make": 1, 
            "masses": 1, 
            "mean": 1, 
            "mike": 1, 
            "move": 1, 
            "my": 3, 
            "not": 2, 
            "now": 1, 
            "o": 1, 
            "of": 3, 
            "off": 1, 
            "on": 4, 
            "one": 1, 
            "or": 1, 
            "out": 1, 
            "over": 1, 
            "participate": 1, 
            "pay": 1, 
            "pedestal,": 1, 
            "people": 4, 
            "play": 2, 
            "promise,": 1, 
            "radio": 1, 
            "respect": 1, 
            "rhyme,": 1, 
            "right": 1, 
            "right,": 1, 
            "rock": 1, 
            "rubber": 1, 
            "say": 2, 
            "scream": 1, 
            "see": 2, 
            "shake": 2, 
            "should": 1, 
            "shout": 1, 
            "silly": 1, 
            "so": 2, 
            "some": 1, 
            "step": 2, 
            "suckas": 3, 
            "taught,": 1, 
            "that": 4, 
            "that's": 1, 
            "the": 13, 
            "their": 1, 
            "there": 3, 
            "there's": 1, 
            "they": 4, 
            "they'll": 1, 
            "thing": 3, 
            "threat": 1, 
            "time": 1, 
            "to": 6, 
            "try": 3, 
            "tv": 1, 
            "unlike": 1, 
            "up": 2, 
            "us": 6, 
            "wait": 1, 
            "wanna": 2, 
            "want": 1, 
            "way": 1, 
            "we": 8, 
            "we'll": 1, 
            "what": 2, 
            "when": 5, 
            "where": 1, 
            "will": 1, 
            "wo": 1, 
            "women": 1, 
            "won't": 1, 
            "work": 4, 
            "would": 1, 
            "y'all,": 1, 
            "yo": 1, 
            "yo'": 1, 
            "you": 12, 
            "your": 1, 
            "yours": 1
        }
    ], 
    "unique_words": [
        143, 
        [
            "all", 
            "bomb", 
            "just", 
            "don't", 
            "over", 
            "move", 
            "won't", 
            "participate", 
            "tv", 
            "masses", 
            "should", 
            "to", 
            "shout", 
            "do", 
            "good", 
            "jerk", 
            "get", 
            "earn", 
            "know", 
            "they", 
            "not", 
            "now", 
            "we'll", 
            "like", 
            "level", 
            "drop", 
            "try", 
            "rock", 
            "radio", 
            "where", 
            "mean", 
            "because", 
            "people", 
            "shake", 
            "some", 
            "see", 
            "left,", 
            "out", 
            "even", 
            "what", 
            "there's", 
            "they'll", 
            "body", 
            "be", 
            "we", 
            "wo", 
            "inbetween,", 
            "step", 
            "taught,", 
            "ask", 
            "come", 
            "by", 
            "wait", 
            "on", 
            "y'all,", 
            "involved", 
            "aside,", 
            "o", 
            "thing", 
            "funky", 
            "games", 
            "threat", 
            "let", 
            "it'll", 
            "wanna", 
            "or", 
            "can't", 
            "into", 
            "one", 
            "hook", 
            "pedestal,", 
            "respect", 
            "lesson", 
            "your", 
            "everybody", 
            "would", 
            "rhyme,", 
            "it's", 
            "there", 
            "their", 
            "live", 
            "2", 
            "body}", 
            "way", 
            "right,", 
            "friend", 
            "mike", 
            "buy", 
            "suckas", 
            "favor,", 
            "that", 
            "dis", 
            "but", 
            "diffuse", 
            "women", 
            "made", 
            "unlike", 
            "dis-and-die", 
            "work", 
            "up", 
            "us", 
            "will", 
            "i", 
            "silly", 
            "can", 
            "learn", 
            "achieved", 
            "and", 
            "want", 
            "give", 
            "of", 
            "is", 
            "it", 
            "say", 
            "right", 
            "bend", 
            "have", 
            "in", 
            "my", 
            "if", 
            "lie", 
            "end", 
            "yo", 
            "pay", 
            "make", 
            "when", 
            "rubber", 
            "you", 
            "play", 
            "hand", 
            "abuse", 
            "'cause", 
            "promise,", 
            "a", 
            "off", 
            "yo'", 
            "scream", 
            "ignited", 
            "so", 
            "time", 
            "the", 
            "yours", 
            "that's"
        ]
    ], 
    "year": 1987
}