{
    "album": "Move Somethin'", 
    "artist": "2 Live Crew", 
    "lyrics": "Feelin' all right on a party night\nGood times are in store, everybody get hype\nMotivation of your body is what we do best\nWith lyrics so def it's above the rest\nNew Jack's tryin' to change, but you're lame to the game\nFrontin' like your're hard, with a fake gold chain\nTryin' to rock the mike, but we're on the ball\nWe make the people say ...\n\n\nFeel all right y'all!!\nFeel like dynamite!!\n\n\nThey're doggin' my mood, but that's all right\nLet me discuss and make a fuss with the use of the mike\nSo as I step to the podium and cause pandemonium\nWith crowds of people, rockin' auditoriums\nScreamin', yellin', swayin' while I'm sayin'\nMy verbal expression while the music is playin'\nThis is for all of y'all, I hope you like\nThis is designed to make you feel all right!\n\n\n\n\nYou try to out-recite me, but that's not likely\nI can tell whether or not if you hate or if you like me\n'Cause above all I arise, so don't you be surprised\nWhen I get recognition from the public eye\n\n\nAnd I'll do all the things that the people like\nKid Ice will excite you when he's on the mike\nIt's time to act ill and get on the ball\nEverybody in the place scream out and say ...\n", 
    "ngrams": {
        "2": {
            "": 915, 
            "'cause above": 1, 
            "a fake": 1, 
            "a fuss": 1, 
            "a party": 1, 
            "above all": 1, 
            "above the": 1, 
            "act ill": 1, 
            "all i": 1, 
            "all of": 1, 
            "all right": 4, 
            "all the": 1, 
            "and cause": 1, 
            "and get": 1, 
            "and i'll": 1, 
            "and make": 1, 
            "and say": 1, 
            "are in": 1, 
            "arise, so": 1, 
            "as i": 1, 
            "auditoriums screamin',": 1, 
            "ball everybody": 1, 
            "ball we": 1, 
            "be surprised": 1, 
            "best with": 1, 
            "body is": 1, 
            "but that's": 2, 
            "but we're": 1, 
            "but you're": 1, 
            "can tell": 1, 
            "cause pandemonium": 1, 
            "chain tryin'": 1, 
            "change, but": 1, 
            "crowds of": 1, 
            "def it's": 1, 
            "designed to": 1, 
            "discuss and": 1, 
            "do all": 1, 
            "do best": 1, 
            "doggin' my": 1, 
            "don't you": 1, 
            "dynamite they're": 1, 
            "everybody get": 1, 
            "everybody in": 1, 
            "excite you": 1, 
            "expression while": 1, 
            "eye and": 1, 
            "fake gold": 1, 
            "feel all": 2, 
            "feel like": 1, 
            "feelin' all": 1, 
            "for all": 1, 
            "from the": 1, 
            "frontin' like": 1, 
            "fuss with": 1, 
            "game frontin'": 1, 
            "get hype": 1, 
            "get on": 1, 
            "get recognition": 1, 
            "gold chain": 1, 
            "good times": 1, 
            "hard, with": 1, 
            "hate or": 1, 
            "he's on": 1, 
            "hope you": 1, 
            "hype motivation": 1, 
            "i arise,": 1, 
            "i can": 1, 
            "i get": 1, 
            "i hope": 1, 
            "i step": 1, 
            "i'll do": 1, 
            "i'm sayin'": 1, 
            "ice will": 1, 
            "if you": 2, 
            "ill and": 1, 
            "in store,": 1, 
            "in the": 1, 
            "is designed": 1, 
            "is for": 1, 
            "is playin'": 1, 
            "is what": 1, 
            "it's above": 1, 
            "it's time": 1, 
            "jack's tryin'": 1, 
            "kid ice": 1, 
            "lame to": 1, 
            "let me": 1, 
            "like dynamite": 1, 
            "like kid": 1, 
            "like me": 1, 
            "like this": 1, 
            "like your're": 1, 
            "likely i": 1, 
            "lyrics so": 1, 
            "make a": 1, 
            "make the": 1, 
            "make you": 1, 
            "me 'cause": 1, 
            "me discuss": 1, 
            "me, but": 1, 
            "mike it's": 1, 
            "mike so": 1, 
            "mike, but": 1, 
            "mood, but": 1, 
            "motivation of": 1, 
            "music is": 1, 
            "my mood,": 1, 
            "my verbal": 1, 
            "new jack's": 1, 
            "night good": 1, 
            "not if": 1, 
            "not likely": 1, 
            "of people,": 1, 
            "of the": 1, 
            "of y'all,": 1, 
            "of your": 1, 
            "on a": 1, 
            "on the": 3, 
            "or if": 1, 
            "or not": 1, 
            "out and": 1, 
            "out-recite me,": 1, 
            "pandemonium with": 1, 
            "party night": 1, 
            "people like": 1, 
            "people say": 1, 
            "people, rockin'": 1, 
            "place scream": 1, 
            "playin' this": 1, 
            "podium and": 1, 
            "public eye": 1, 
            "recognition from": 1, 
            "rest new": 1, 
            "right let": 1, 
            "right on": 1, 
            "right y'all": 1, 
            "right you": 1, 
            "rock the": 1, 
            "rockin' auditoriums": 1, 
            "say": 1, 
            "say feel": 1, 
            "sayin' my": 1, 
            "scream out": 1, 
            "screamin', yellin',": 1, 
            "so as": 1, 
            "so def": 1, 
            "so don't": 1, 
            "step to": 1, 
            "store, everybody": 1, 
            "surprised when": 1, 
            "swayin' while": 1, 
            "tell whether": 1, 
            "that the": 1, 
            "that's all": 1, 
            "that's not": 1, 
            "the ball": 2, 
            "the game": 1, 
            "the mike": 2, 
            "the mike,": 1, 
            "the music": 1, 
            "the people": 2, 
            "the place": 1, 
            "the podium": 1, 
            "the public": 1, 
            "the rest": 1, 
            "the things": 1, 
            "the use": 1, 
            "they're doggin'": 1, 
            "things that": 1, 
            "this is": 2, 
            "time to": 1, 
            "times are": 1, 
            "to act": 1, 
            "to change,": 1, 
            "to make": 1, 
            "to out-recite": 1, 
            "to rock": 1, 
            "to the": 2, 
            "try to": 1, 
            "tryin' to": 2, 
            "use of": 1, 
            "verbal expression": 1, 
            "we do": 1, 
            "we make": 1, 
            "we're on": 1, 
            "what we": 1, 
            "when he's": 1, 
            "when i": 1, 
            "whether or": 1, 
            "while i'm": 1, 
            "while the": 1, 
            "will excite": 1, 
            "with a": 1, 
            "with crowds": 1, 
            "with lyrics": 1, 
            "with the": 1, 
            "y'all feel": 1, 
            "y'all, i": 1, 
            "yellin', swayin'": 1, 
            "you be": 1, 
            "you feel": 1, 
            "you hate": 1, 
            "you like": 2, 
            "you try": 1, 
            "you when": 1, 
            "you're lame": 1, 
            "your body": 1, 
            "your're hard,": 1
        }, 
        "3": {
            "": 914, 
            "'cause above all": 1, 
            "a fake gold": 1, 
            "a fuss with": 1, 
            "a party night": 1, 
            "above all i": 1, 
            "above the rest": 1, 
            "act ill and": 1, 
            "all i arise,": 1, 
            "all of y'all,": 1, 
            "all right let": 1, 
            "all right on": 1, 
            "all right y'all": 1, 
            "all right you": 1, 
            "all the things": 1, 
            "and cause pandemonium": 1, 
            "and get on": 1, 
            "and i'll do": 1, 
            "and make a": 1, 
            "and say": 1, 
            "are in store,": 1, 
            "arise, so don't": 1, 
            "as i step": 1, 
            "auditoriums screamin', yellin',": 1, 
            "ball everybody in": 1, 
            "ball we make": 1, 
            "be surprised when": 1, 
            "best with lyrics": 1, 
            "body is what": 1, 
            "but that's all": 1, 
            "but that's not": 1, 
            "but we're on": 1, 
            "but you're lame": 1, 
            "can tell whether": 1, 
            "cause pandemonium with": 1, 
            "chain tryin' to": 1, 
            "change, but you're": 1, 
            "crowds of people,": 1, 
            "def it's above": 1, 
            "designed to make": 1, 
            "discuss and make": 1, 
            "do all the": 1, 
            "do best with": 1, 
            "doggin' my mood,": 1, 
            "don't you be": 1, 
            "dynamite they're doggin'": 1, 
            "everybody get hype": 1, 
            "everybody in the": 1, 
            "excite you when": 1, 
            "expression while the": 1, 
            "eye and i'll": 1, 
            "fake gold chain": 1, 
            "feel all right": 2, 
            "feel like dynamite": 1, 
            "feelin' all right": 1, 
            "for all of": 1, 
            "from the public": 1, 
            "frontin' like your're": 1, 
            "fuss with the": 1, 
            "game frontin' like": 1, 
            "get hype motivation": 1, 
            "get on the": 1, 
            "get recognition from": 1, 
            "gold chain tryin'": 1, 
            "good times are": 1, 
            "hard, with a": 1, 
            "hate or if": 1, 
            "he's on the": 1, 
            "hope you like": 1, 
            "hype motivation of": 1, 
            "i arise, so": 1, 
            "i can tell": 1, 
            "i get recognition": 1, 
            "i hope you": 1, 
            "i step to": 1, 
            "i'll do all": 1, 
            "i'm sayin' my": 1, 
            "ice will excite": 1, 
            "if you hate": 1, 
            "if you like": 1, 
            "ill and get": 1, 
            "in store, everybody": 1, 
            "in the place": 1, 
            "is designed to": 1, 
            "is for all": 1, 
            "is playin' this": 1, 
            "is what we": 1, 
            "it's above the": 1, 
            "it's time to": 1, 
            "jack's tryin' to": 1, 
            "kid ice will": 1, 
            "lame to the": 1, 
            "let me discuss": 1, 
            "like dynamite they're": 1, 
            "like kid ice": 1, 
            "like me 'cause": 1, 
            "like this is": 1, 
            "like your're hard,": 1, 
            "likely i can": 1, 
            "lyrics so def": 1, 
            "make a fuss": 1, 
            "make the people": 1, 
            "make you feel": 1, 
            "me 'cause above": 1, 
            "me discuss and": 1, 
            "me, but that's": 1, 
            "mike it's time": 1, 
            "mike so as": 1, 
            "mike, but we're": 1, 
            "mood, but that's": 1, 
            "motivation of your": 1, 
            "music is playin'": 1, 
            "my mood, but": 1, 
            "my verbal expression": 1, 
            "new jack's tryin'": 1, 
            "night good times": 1, 
            "not if you": 1, 
            "not likely i": 1, 
            "of people, rockin'": 1, 
            "of the mike": 1, 
            "of y'all, i": 1, 
            "of your body": 1, 
            "on a party": 1, 
            "on the ball": 2, 
            "on the mike": 1, 
            "or if you": 1, 
            "or not if": 1, 
            "out and say": 1, 
            "out-recite me, but": 1, 
            "pandemonium with crowds": 1, 
            "party night good": 1, 
            "people like kid": 1, 
            "people say feel": 1, 
            "people, rockin' auditoriums": 1, 
            "place scream out": 1, 
            "playin' this is": 1, 
            "podium and cause": 1, 
            "public eye and": 1, 
            "recognition from the": 1, 
            "rest new jack's": 1, 
            "right let me": 1, 
            "right on a": 1, 
            "right y'all feel": 1, 
            "right you try": 1, 
            "rock the mike,": 1, 
            "rockin' auditoriums screamin',": 1, 
            "say": 1, 
            "say feel all": 1, 
            "sayin' my verbal": 1, 
            "scream out and": 1, 
            "screamin', yellin', swayin'": 1, 
            "so as i": 1, 
            "so def it's": 1, 
            "so don't you": 1, 
            "step to the": 1, 
            "store, everybody get": 1, 
            "surprised when i": 1, 
            "swayin' while i'm": 1, 
            "tell whether or": 1, 
            "that the people": 1, 
            "that's all right": 1, 
            "that's not likely": 1, 
            "the ball everybody": 1, 
            "the ball we": 1, 
            "the game frontin'": 1, 
            "the mike it's": 1, 
            "the mike so": 1, 
            "the mike, but": 1, 
            "the music is": 1, 
            "the people like": 1, 
            "the people say": 1, 
            "the place scream": 1, 
            "the podium and": 1, 
            "the public eye": 1, 
            "the rest new": 1, 
            "the things that": 1, 
            "the use of": 1, 
            "they're doggin' my": 1, 
            "things that the": 1, 
            "this is designed": 1, 
            "this is for": 1, 
            "time to act": 1, 
            "times are in": 1, 
            "to act ill": 1, 
            "to change, but": 1, 
            "to make you": 1, 
            "to out-recite me,": 1, 
            "to rock the": 1, 
            "to the game": 1, 
            "to the podium": 1, 
            "try to out-recite": 1, 
            "tryin' to change,": 1, 
            "tryin' to rock": 1, 
            "use of the": 1, 
            "verbal expression while": 1, 
            "we do best": 1, 
            "we make the": 1, 
            "we're on the": 1, 
            "what we do": 1, 
            "when he's on": 1, 
            "when i get": 1, 
            "whether or not": 1, 
            "while i'm sayin'": 1, 
            "while the music": 1, 
            "will excite you": 1, 
            "with a fake": 1, 
            "with crowds of": 1, 
            "with lyrics so": 1, 
            "with the use": 1, 
            "y'all feel like": 1, 
            "y'all, i hope": 1, 
            "yellin', swayin' while": 1, 
            "you be surprised": 1, 
            "you feel all": 1, 
            "you hate or": 1, 
            "you like me": 1, 
            "you like this": 1, 
            "you try to": 1, 
            "you when he's": 1, 
            "you're lame to": 1, 
            "your body is": 1, 
            "your're hard, with": 1
        }, 
        "4": {
            "": 913, 
            "'cause above all i": 1, 
            "a fake gold chain": 1, 
            "a fuss with the": 1, 
            "a party night good": 1, 
            "above all i arise,": 1, 
            "above the rest new": 1, 
            "act ill and get": 1, 
            "all i arise, so": 1, 
            "all of y'all, i": 1, 
            "all right let me": 1, 
            "all right on a": 1, 
            "all right y'all feel": 1, 
            "all right you try": 1, 
            "all the things that": 1, 
            "and cause pandemonium with": 1, 
            "and get on the": 1, 
            "and i'll do all": 1, 
            "and make a fuss": 1, 
            "and say": 1, 
            "are in store, everybody": 1, 
            "arise, so don't you": 1, 
            "as i step to": 1, 
            "auditoriums screamin', yellin', swayin'": 1, 
            "ball everybody in the": 1, 
            "ball we make the": 1, 
            "be surprised when i": 1, 
            "best with lyrics so": 1, 
            "body is what we": 1, 
            "but that's all right": 1, 
            "but that's not likely": 1, 
            "but we're on the": 1, 
            "but you're lame to": 1, 
            "can tell whether or": 1, 
            "cause pandemonium with crowds": 1, 
            "chain tryin' to rock": 1, 
            "change, but you're lame": 1, 
            "crowds of people, rockin'": 1, 
            "def it's above the": 1, 
            "designed to make you": 1, 
            "discuss and make a": 1, 
            "do all the things": 1, 
            "do best with lyrics": 1, 
            "doggin' my mood, but": 1, 
            "don't you be surprised": 1, 
            "dynamite they're doggin' my": 1, 
            "everybody get hype motivation": 1, 
            "everybody in the place": 1, 
            "excite you when he's": 1, 
            "expression while the music": 1, 
            "eye and i'll do": 1, 
            "fake gold chain tryin'": 1, 
            "feel all right y'all": 1, 
            "feel all right you": 1, 
            "feel like dynamite they're": 1, 
            "feelin' all right on": 1, 
            "for all of y'all,": 1, 
            "from the public eye": 1, 
            "frontin' like your're hard,": 1, 
            "fuss with the use": 1, 
            "game frontin' like your're": 1, 
            "get hype motivation of": 1, 
            "get on the ball": 1, 
            "get recognition from the": 1, 
            "gold chain tryin' to": 1, 
            "good times are in": 1, 
            "hard, with a fake": 1, 
            "hate or if you": 1, 
            "he's on the mike": 1, 
            "hope you like this": 1, 
            "hype motivation of your": 1, 
            "i arise, so don't": 1, 
            "i can tell whether": 1, 
            "i get recognition from": 1, 
            "i hope you like": 1, 
            "i step to the": 1, 
            "i'll do all the": 1, 
            "i'm sayin' my verbal": 1, 
            "ice will excite you": 1, 
            "if you hate or": 1, 
            "if you like me": 1, 
            "ill and get on": 1, 
            "in store, everybody get": 1, 
            "in the place scream": 1, 
            "is designed to make": 1, 
            "is for all of": 1, 
            "is playin' this is": 1, 
            "is what we do": 1, 
            "it's above the rest": 1, 
            "it's time to act": 1, 
            "jack's tryin' to change,": 1, 
            "kid ice will excite": 1, 
            "lame to the game": 1, 
            "let me discuss and": 1, 
            "like dynamite they're doggin'": 1, 
            "like kid ice will": 1, 
            "like me 'cause above": 1, 
            "like this is designed": 1, 
            "like your're hard, with": 1, 
            "likely i can tell": 1, 
            "lyrics so def it's": 1, 
            "make a fuss with": 1, 
            "make the people say": 1, 
            "make you feel all": 1, 
            "me 'cause above all": 1, 
            "me discuss and make": 1, 
            "me, but that's not": 1, 
            "mike it's time to": 1, 
            "mike so as i": 1, 
            "mike, but we're on": 1, 
            "mood, but that's all": 1, 
            "motivation of your body": 1, 
            "music is playin' this": 1, 
            "my mood, but that's": 1, 
            "my verbal expression while": 1, 
            "new jack's tryin' to": 1, 
            "night good times are": 1, 
            "not if you hate": 1, 
            "not likely i can": 1, 
            "of people, rockin' auditoriums": 1, 
            "of the mike so": 1, 
            "of y'all, i hope": 1, 
            "of your body is": 1, 
            "on a party night": 1, 
            "on the ball everybody": 1, 
            "on the ball we": 1, 
            "on the mike it's": 1, 
            "or if you like": 1, 
            "or not if you": 1, 
            "out and say": 1, 
            "out-recite me, but that's": 1, 
            "pandemonium with crowds of": 1, 
            "party night good times": 1, 
            "people like kid ice": 1, 
            "people say feel all": 1, 
            "people, rockin' auditoriums screamin',": 1, 
            "place scream out and": 1, 
            "playin' this is for": 1, 
            "podium and cause pandemonium": 1, 
            "public eye and i'll": 1, 
            "recognition from the public": 1, 
            "rest new jack's tryin'": 1, 
            "right let me discuss": 1, 
            "right on a party": 1, 
            "right y'all feel like": 1, 
            "right you try to": 1, 
            "rock the mike, but": 1, 
            "rockin' auditoriums screamin', yellin',": 1, 
            "say": 1, 
            "say feel all right": 1, 
            "sayin' my verbal expression": 1, 
            "scream out and say": 1, 
            "screamin', yellin', swayin' while": 1, 
            "so as i step": 1, 
            "so def it's above": 1, 
            "so don't you be": 1, 
            "step to the podium": 1, 
            "store, everybody get hype": 1, 
            "surprised when i get": 1, 
            "swayin' while i'm sayin'": 1, 
            "tell whether or not": 1, 
            "that the people like": 1, 
            "that's all right let": 1, 
            "that's not likely i": 1, 
            "the ball everybody in": 1, 
            "the ball we make": 1, 
            "the game frontin' like": 1, 
            "the mike it's time": 1, 
            "the mike so as": 1, 
            "the mike, but we're": 1, 
            "the music is playin'": 1, 
            "the people like kid": 1, 
            "the people say feel": 1, 
            "the place scream out": 1, 
            "the podium and cause": 1, 
            "the public eye and": 1, 
            "the rest new jack's": 1, 
            "the things that the": 1, 
            "the use of the": 1, 
            "they're doggin' my mood,": 1, 
            "things that the people": 1, 
            "this is designed to": 1, 
            "this is for all": 1, 
            "time to act ill": 1, 
            "times are in store,": 1, 
            "to act ill and": 1, 
            "to change, but you're": 1, 
            "to make you feel": 1, 
            "to out-recite me, but": 1, 
            "to rock the mike,": 1, 
            "to the game frontin'": 1, 
            "to the podium and": 1, 
            "try to out-recite me,": 1, 
            "tryin' to change, but": 1, 
            "tryin' to rock the": 1, 
            "use of the mike": 1, 
            "verbal expression while the": 1, 
            "we do best with": 1, 
            "we make the people": 1, 
            "we're on the ball": 1, 
            "what we do best": 1, 
            "when he's on the": 1, 
            "when i get recognition": 1, 
            "whether or not if": 1, 
            "while i'm sayin' my": 1, 
            "while the music is": 1, 
            "will excite you when": 1, 
            "with a fake gold": 1, 
            "with crowds of people,": 1, 
            "with lyrics so def": 1, 
            "with the use of": 1, 
            "y'all feel like dynamite": 1, 
            "y'all, i hope you": 1, 
            "yellin', swayin' while i'm": 1, 
            "you be surprised when": 1, 
            "you feel all right": 1, 
            "you hate or if": 1, 
            "you like me 'cause": 1, 
            "you like this is": 1, 
            "you try to out-recite": 1, 
            "you when he's on": 1, 
            "you're lame to the": 1, 
            "your body is what": 1, 
            "your're hard, with a": 1
        }, 
        "5": {
            "": 912, 
            "'cause above all i arise,": 1, 
            "a fake gold chain tryin'": 1, 
            "a fuss with the use": 1, 
            "a party night good times": 1, 
            "above all i arise, so": 1, 
            "above the rest new jack's": 1, 
            "act ill and get on": 1, 
            "all i arise, so don't": 1, 
            "all of y'all, i hope": 1, 
            "all right let me discuss": 1, 
            "all right on a party": 1, 
            "all right y'all feel like": 1, 
            "all right you try to": 1, 
            "all the things that the": 1, 
            "and cause pandemonium with crowds": 1, 
            "and get on the ball": 1, 
            "and i'll do all the": 1, 
            "and make a fuss with": 1, 
            "and say": 1, 
            "are in store, everybody get": 1, 
            "arise, so don't you be": 1, 
            "as i step to the": 1, 
            "auditoriums screamin', yellin', swayin' while": 1, 
            "ball everybody in the place": 1, 
            "ball we make the people": 1, 
            "be surprised when i get": 1, 
            "best with lyrics so def": 1, 
            "body is what we do": 1, 
            "but that's all right let": 1, 
            "but that's not likely i": 1, 
            "but we're on the ball": 1, 
            "but you're lame to the": 1, 
            "can tell whether or not": 1, 
            "cause pandemonium with crowds of": 1, 
            "chain tryin' to rock the": 1, 
            "change, but you're lame to": 1, 
            "crowds of people, rockin' auditoriums": 1, 
            "def it's above the rest": 1, 
            "designed to make you feel": 1, 
            "discuss and make a fuss": 1, 
            "do all the things that": 1, 
            "do best with lyrics so": 1, 
            "doggin' my mood, but that's": 1, 
            "don't you be surprised when": 1, 
            "dynamite they're doggin' my mood,": 1, 
            "everybody get hype motivation of": 1, 
            "everybody in the place scream": 1, 
            "excite you when he's on": 1, 
            "expression while the music is": 1, 
            "eye and i'll do all": 1, 
            "fake gold chain tryin' to": 1, 
            "feel all right y'all feel": 1, 
            "feel all right you try": 1, 
            "feel like dynamite they're doggin'": 1, 
            "feelin' all right on a": 1, 
            "for all of y'all, i": 1, 
            "from the public eye and": 1, 
            "frontin' like your're hard, with": 1, 
            "fuss with the use of": 1, 
            "game frontin' like your're hard,": 1, 
            "get hype motivation of your": 1, 
            "get on the ball everybody": 1, 
            "get recognition from the public": 1, 
            "gold chain tryin' to rock": 1, 
            "good times are in store,": 1, 
            "hard, with a fake gold": 1, 
            "hate or if you like": 1, 
            "he's on the mike it's": 1, 
            "hope you like this is": 1, 
            "hype motivation of your body": 1, 
            "i arise, so don't you": 1, 
            "i can tell whether or": 1, 
            "i get recognition from the": 1, 
            "i hope you like this": 1, 
            "i step to the podium": 1, 
            "i'll do all the things": 1, 
            "i'm sayin' my verbal expression": 1, 
            "ice will excite you when": 1, 
            "if you hate or if": 1, 
            "if you like me 'cause": 1, 
            "ill and get on the": 1, 
            "in store, everybody get hype": 1, 
            "in the place scream out": 1, 
            "is designed to make you": 1, 
            "is for all of y'all,": 1, 
            "is playin' this is for": 1, 
            "is what we do best": 1, 
            "it's above the rest new": 1, 
            "it's time to act ill": 1, 
            "jack's tryin' to change, but": 1, 
            "kid ice will excite you": 1, 
            "lame to the game frontin'": 1, 
            "let me discuss and make": 1, 
            "like dynamite they're doggin' my": 1, 
            "like kid ice will excite": 1, 
            "like me 'cause above all": 1, 
            "like this is designed to": 1, 
            "like your're hard, with a": 1, 
            "likely i can tell whether": 1, 
            "lyrics so def it's above": 1, 
            "make a fuss with the": 1, 
            "make the people say feel": 1, 
            "make you feel all right": 1, 
            "me 'cause above all i": 1, 
            "me discuss and make a": 1, 
            "me, but that's not likely": 1, 
            "mike it's time to act": 1, 
            "mike so as i step": 1, 
            "mike, but we're on the": 1, 
            "mood, but that's all right": 1, 
            "motivation of your body is": 1, 
            "music is playin' this is": 1, 
            "my mood, but that's all": 1, 
            "my verbal expression while the": 1, 
            "new jack's tryin' to change,": 1, 
            "night good times are in": 1, 
            "not if you hate or": 1, 
            "not likely i can tell": 1, 
            "of people, rockin' auditoriums screamin',": 1, 
            "of the mike so as": 1, 
            "of y'all, i hope you": 1, 
            "of your body is what": 1, 
            "on a party night good": 1, 
            "on the ball everybody in": 1, 
            "on the ball we make": 1, 
            "on the mike it's time": 1, 
            "or if you like me": 1, 
            "or not if you hate": 1, 
            "out and say": 1, 
            "out-recite me, but that's not": 1, 
            "pandemonium with crowds of people,": 1, 
            "party night good times are": 1, 
            "people like kid ice will": 1, 
            "people say feel all right": 1, 
            "people, rockin' auditoriums screamin', yellin',": 1, 
            "place scream out and say": 1, 
            "playin' this is for all": 1, 
            "podium and cause pandemonium with": 1, 
            "public eye and i'll do": 1, 
            "recognition from the public eye": 1, 
            "rest new jack's tryin' to": 1, 
            "right let me discuss and": 1, 
            "right on a party night": 1, 
            "right y'all feel like dynamite": 1, 
            "right you try to out-recite": 1, 
            "rock the mike, but we're": 1, 
            "rockin' auditoriums screamin', yellin', swayin'": 1, 
            "say": 1, 
            "say feel all right y'all": 1, 
            "sayin' my verbal expression while": 1, 
            "scream out and say": 1, 
            "screamin', yellin', swayin' while i'm": 1, 
            "so as i step to": 1, 
            "so def it's above the": 1, 
            "so don't you be surprised": 1, 
            "step to the podium and": 1, 
            "store, everybody get hype motivation": 1, 
            "surprised when i get recognition": 1, 
            "swayin' while i'm sayin' my": 1, 
            "tell whether or not if": 1, 
            "that the people like kid": 1, 
            "that's all right let me": 1, 
            "that's not likely i can": 1, 
            "the ball everybody in the": 1, 
            "the ball we make the": 1, 
            "the game frontin' like your're": 1, 
            "the mike it's time to": 1, 
            "the mike so as i": 1, 
            "the mike, but we're on": 1, 
            "the music is playin' this": 1, 
            "the people like kid ice": 1, 
            "the people say feel all": 1, 
            "the place scream out and": 1, 
            "the podium and cause pandemonium": 1, 
            "the public eye and i'll": 1, 
            "the rest new jack's tryin'": 1, 
            "the things that the people": 1, 
            "the use of the mike": 1, 
            "they're doggin' my mood, but": 1, 
            "things that the people like": 1, 
            "this is designed to make": 1, 
            "this is for all of": 1, 
            "time to act ill and": 1, 
            "times are in store, everybody": 1, 
            "to act ill and get": 1, 
            "to change, but you're lame": 1, 
            "to make you feel all": 1, 
            "to out-recite me, but that's": 1, 
            "to rock the mike, but": 1, 
            "to the game frontin' like": 1, 
            "to the podium and cause": 1, 
            "try to out-recite me, but": 1, 
            "tryin' to change, but you're": 1, 
            "tryin' to rock the mike,": 1, 
            "use of the mike so": 1, 
            "verbal expression while the music": 1, 
            "we do best with lyrics": 1, 
            "we make the people say": 1, 
            "we're on the ball we": 1, 
            "what we do best with": 1, 
            "when he's on the mike": 1, 
            "when i get recognition from": 1, 
            "whether or not if you": 1, 
            "while i'm sayin' my verbal": 1, 
            "while the music is playin'": 1, 
            "will excite you when he's": 1, 
            "with a fake gold chain": 1, 
            "with crowds of people, rockin'": 1, 
            "with lyrics so def it's": 1, 
            "with the use of the": 1, 
            "y'all feel like dynamite they're": 1, 
            "y'all, i hope you like": 1, 
            "yellin', swayin' while i'm sayin'": 1, 
            "you be surprised when i": 1, 
            "you feel all right you": 1, 
            "you hate or if you": 1, 
            "you like me 'cause above": 1, 
            "you like this is designed": 1, 
            "you try to out-recite me,": 1, 
            "you when he's on the": 1, 
            "you're lame to the game": 1, 
            "your body is what we": 1, 
            "your're hard, with a fake": 1
        }, 
        "6": {
            "": 911, 
            "'cause above all i arise, so": 1, 
            "a fake gold chain tryin' to": 1, 
            "a fuss with the use of": 1, 
            "a party night good times are": 1, 
            "above all i arise, so don't": 1, 
            "above the rest new jack's tryin'": 1, 
            "act ill and get on the": 1, 
            "all i arise, so don't you": 1, 
            "all of y'all, i hope you": 1, 
            "all right let me discuss and": 1, 
            "all right on a party night": 1, 
            "all right y'all feel like dynamite": 1, 
            "all right you try to out-recite": 1, 
            "all the things that the people": 1, 
            "and cause pandemonium with crowds of": 1, 
            "and get on the ball everybody": 1, 
            "and i'll do all the things": 1, 
            "and make a fuss with the": 1, 
            "and say": 1, 
            "are in store, everybody get hype": 1, 
            "arise, so don't you be surprised": 1, 
            "as i step to the podium": 1, 
            "auditoriums screamin', yellin', swayin' while i'm": 1, 
            "ball everybody in the place scream": 1, 
            "ball we make the people say": 1, 
            "be surprised when i get recognition": 1, 
            "best with lyrics so def it's": 1, 
            "body is what we do best": 1, 
            "but that's all right let me": 1, 
            "but that's not likely i can": 1, 
            "but we're on the ball we": 1, 
            "but you're lame to the game": 1, 
            "can tell whether or not if": 1, 
            "cause pandemonium with crowds of people,": 1, 
            "chain tryin' to rock the mike,": 1, 
            "change, but you're lame to the": 1, 
            "crowds of people, rockin' auditoriums screamin',": 1, 
            "def it's above the rest new": 1, 
            "designed to make you feel all": 1, 
            "discuss and make a fuss with": 1, 
            "do all the things that the": 1, 
            "do best with lyrics so def": 1, 
            "doggin' my mood, but that's all": 1, 
            "don't you be surprised when i": 1, 
            "dynamite they're doggin' my mood, but": 1, 
            "everybody get hype motivation of your": 1, 
            "everybody in the place scream out": 1, 
            "excite you when he's on the": 1, 
            "expression while the music is playin'": 1, 
            "eye and i'll do all the": 1, 
            "fake gold chain tryin' to rock": 1, 
            "feel all right y'all feel like": 1, 
            "feel all right you try to": 1, 
            "feel like dynamite they're doggin' my": 1, 
            "feelin' all right on a party": 1, 
            "for all of y'all, i hope": 1, 
            "from the public eye and i'll": 1, 
            "frontin' like your're hard, with a": 1, 
            "fuss with the use of the": 1, 
            "game frontin' like your're hard, with": 1, 
            "get hype motivation of your body": 1, 
            "get on the ball everybody in": 1, 
            "get recognition from the public eye": 1, 
            "gold chain tryin' to rock the": 1, 
            "good times are in store, everybody": 1, 
            "hard, with a fake gold chain": 1, 
            "hate or if you like me": 1, 
            "he's on the mike it's time": 1, 
            "hope you like this is designed": 1, 
            "hype motivation of your body is": 1, 
            "i arise, so don't you be": 1, 
            "i can tell whether or not": 1, 
            "i get recognition from the public": 1, 
            "i hope you like this is": 1, 
            "i step to the podium and": 1, 
            "i'll do all the things that": 1, 
            "i'm sayin' my verbal expression while": 1, 
            "ice will excite you when he's": 1, 
            "if you hate or if you": 1, 
            "if you like me 'cause above": 1, 
            "ill and get on the ball": 1, 
            "in store, everybody get hype motivation": 1, 
            "in the place scream out and": 1, 
            "is designed to make you feel": 1, 
            "is for all of y'all, i": 1, 
            "is playin' this is for all": 1, 
            "is what we do best with": 1, 
            "it's above the rest new jack's": 1, 
            "it's time to act ill and": 1, 
            "jack's tryin' to change, but you're": 1, 
            "kid ice will excite you when": 1, 
            "lame to the game frontin' like": 1, 
            "let me discuss and make a": 1, 
            "like dynamite they're doggin' my mood,": 1, 
            "like kid ice will excite you": 1, 
            "like me 'cause above all i": 1, 
            "like this is designed to make": 1, 
            "like your're hard, with a fake": 1, 
            "likely i can tell whether or": 1, 
            "lyrics so def it's above the": 1, 
            "make a fuss with the use": 1, 
            "make the people say feel all": 1, 
            "make you feel all right you": 1, 
            "me 'cause above all i arise,": 1, 
            "me discuss and make a fuss": 1, 
            "me, but that's not likely i": 1, 
            "mike it's time to act ill": 1, 
            "mike so as i step to": 1, 
            "mike, but we're on the ball": 1, 
            "mood, but that's all right let": 1, 
            "motivation of your body is what": 1, 
            "music is playin' this is for": 1, 
            "my mood, but that's all right": 1, 
            "my verbal expression while the music": 1, 
            "new jack's tryin' to change, but": 1, 
            "night good times are in store,": 1, 
            "not if you hate or if": 1, 
            "not likely i can tell whether": 1, 
            "of people, rockin' auditoriums screamin', yellin',": 1, 
            "of the mike so as i": 1, 
            "of y'all, i hope you like": 1, 
            "of your body is what we": 1, 
            "on a party night good times": 1, 
            "on the ball everybody in the": 1, 
            "on the ball we make the": 1, 
            "on the mike it's time to": 1, 
            "or if you like me 'cause": 1, 
            "or not if you hate or": 1, 
            "out and say": 1, 
            "out-recite me, but that's not likely": 1, 
            "pandemonium with crowds of people, rockin'": 1, 
            "party night good times are in": 1, 
            "people like kid ice will excite": 1, 
            "people say feel all right y'all": 1, 
            "people, rockin' auditoriums screamin', yellin', swayin'": 1, 
            "place scream out and say": 1, 
            "playin' this is for all of": 1, 
            "podium and cause pandemonium with crowds": 1, 
            "public eye and i'll do all": 1, 
            "recognition from the public eye and": 1, 
            "rest new jack's tryin' to change,": 1, 
            "right let me discuss and make": 1, 
            "right on a party night good": 1, 
            "right y'all feel like dynamite they're": 1, 
            "right you try to out-recite me,": 1, 
            "rock the mike, but we're on": 1, 
            "rockin' auditoriums screamin', yellin', swayin' while": 1, 
            "say": 1, 
            "say feel all right y'all feel": 1, 
            "sayin' my verbal expression while the": 1, 
            "scream out and say": 1, 
            "screamin', yellin', swayin' while i'm sayin'": 1, 
            "so as i step to the": 1, 
            "so def it's above the rest": 1, 
            "so don't you be surprised when": 1, 
            "step to the podium and cause": 1, 
            "store, everybody get hype motivation of": 1, 
            "surprised when i get recognition from": 1, 
            "swayin' while i'm sayin' my verbal": 1, 
            "tell whether or not if you": 1, 
            "that the people like kid ice": 1, 
            "that's all right let me discuss": 1, 
            "that's not likely i can tell": 1, 
            "the ball everybody in the place": 1, 
            "the ball we make the people": 1, 
            "the game frontin' like your're hard,": 1, 
            "the mike it's time to act": 1, 
            "the mike so as i step": 1, 
            "the mike, but we're on the": 1, 
            "the music is playin' this is": 1, 
            "the people like kid ice will": 1, 
            "the people say feel all right": 1, 
            "the place scream out and say": 1, 
            "the podium and cause pandemonium with": 1, 
            "the public eye and i'll do": 1, 
            "the rest new jack's tryin' to": 1, 
            "the things that the people like": 1, 
            "the use of the mike so": 1, 
            "they're doggin' my mood, but that's": 1, 
            "things that the people like kid": 1, 
            "this is designed to make you": 1, 
            "this is for all of y'all,": 1, 
            "time to act ill and get": 1, 
            "times are in store, everybody get": 1, 
            "to act ill and get on": 1, 
            "to change, but you're lame to": 1, 
            "to make you feel all right": 1, 
            "to out-recite me, but that's not": 1, 
            "to rock the mike, but we're": 1, 
            "to the game frontin' like your're": 1, 
            "to the podium and cause pandemonium": 1, 
            "try to out-recite me, but that's": 1, 
            "tryin' to change, but you're lame": 1, 
            "tryin' to rock the mike, but": 1, 
            "use of the mike so as": 1, 
            "verbal expression while the music is": 1, 
            "we do best with lyrics so": 1, 
            "we make the people say feel": 1, 
            "we're on the ball we make": 1, 
            "what we do best with lyrics": 1, 
            "when he's on the mike it's": 1, 
            "when i get recognition from the": 1, 
            "whether or not if you hate": 1, 
            "while i'm sayin' my verbal expression": 1, 
            "while the music is playin' this": 1, 
            "will excite you when he's on": 1, 
            "with a fake gold chain tryin'": 1, 
            "with crowds of people, rockin' auditoriums": 1, 
            "with lyrics so def it's above": 1, 
            "with the use of the mike": 1, 
            "y'all feel like dynamite they're doggin'": 1, 
            "y'all, i hope you like this": 1, 
            "yellin', swayin' while i'm sayin' my": 1, 
            "you be surprised when i get": 1, 
            "you feel all right you try": 1, 
            "you hate or if you like": 1, 
            "you like me 'cause above all": 1, 
            "you like this is designed to": 1, 
            "you try to out-recite me, but": 1, 
            "you when he's on the mike": 1, 
            "you're lame to the game frontin'": 1, 
            "your body is what we do": 1, 
            "your're hard, with a fake gold": 1
        }, 
        "7": {
            "": 910, 
            "'cause above all i arise, so don't": 1, 
            "a fake gold chain tryin' to rock": 1, 
            "a fuss with the use of the": 1, 
            "a party night good times are in": 1, 
            "above all i arise, so don't you": 1, 
            "above the rest new jack's tryin' to": 1, 
            "act ill and get on the ball": 1, 
            "all i arise, so don't you be": 1, 
            "all of y'all, i hope you like": 1, 
            "all right let me discuss and make": 1, 
            "all right on a party night good": 1, 
            "all right y'all feel like dynamite they're": 1, 
            "all right you try to out-recite me,": 1, 
            "all the things that the people like": 1, 
            "and cause pandemonium with crowds of people,": 1, 
            "and get on the ball everybody in": 1, 
            "and i'll do all the things that": 1, 
            "and make a fuss with the use": 1, 
            "and say": 1, 
            "are in store, everybody get hype motivation": 1, 
            "arise, so don't you be surprised when": 1, 
            "as i step to the podium and": 1, 
            "auditoriums screamin', yellin', swayin' while i'm sayin'": 1, 
            "ball everybody in the place scream out": 1, 
            "ball we make the people say feel": 1, 
            "be surprised when i get recognition from": 1, 
            "best with lyrics so def it's above": 1, 
            "body is what we do best with": 1, 
            "but that's all right let me discuss": 1, 
            "but that's not likely i can tell": 1, 
            "but we're on the ball we make": 1, 
            "but you're lame to the game frontin'": 1, 
            "can tell whether or not if you": 1, 
            "cause pandemonium with crowds of people, rockin'": 1, 
            "chain tryin' to rock the mike, but": 1, 
            "change, but you're lame to the game": 1, 
            "crowds of people, rockin' auditoriums screamin', yellin',": 1, 
            "def it's above the rest new jack's": 1, 
            "designed to make you feel all right": 1, 
            "discuss and make a fuss with the": 1, 
            "do all the things that the people": 1, 
            "do best with lyrics so def it's": 1, 
            "doggin' my mood, but that's all right": 1, 
            "don't you be surprised when i get": 1, 
            "dynamite they're doggin' my mood, but that's": 1, 
            "everybody get hype motivation of your body": 1, 
            "everybody in the place scream out and": 1, 
            "excite you when he's on the mike": 1, 
            "expression while the music is playin' this": 1, 
            "eye and i'll do all the things": 1, 
            "fake gold chain tryin' to rock the": 1, 
            "feel all right y'all feel like dynamite": 1, 
            "feel all right you try to out-recite": 1, 
            "feel like dynamite they're doggin' my mood,": 1, 
            "feelin' all right on a party night": 1, 
            "for all of y'all, i hope you": 1, 
            "from the public eye and i'll do": 1, 
            "frontin' like your're hard, with a fake": 1, 
            "fuss with the use of the mike": 1, 
            "game frontin' like your're hard, with a": 1, 
            "get hype motivation of your body is": 1, 
            "get on the ball everybody in the": 1, 
            "get recognition from the public eye and": 1, 
            "gold chain tryin' to rock the mike,": 1, 
            "good times are in store, everybody get": 1, 
            "hard, with a fake gold chain tryin'": 1, 
            "hate or if you like me 'cause": 1, 
            "he's on the mike it's time to": 1, 
            "hope you like this is designed to": 1, 
            "hype motivation of your body is what": 1, 
            "i arise, so don't you be surprised": 1, 
            "i can tell whether or not if": 1, 
            "i get recognition from the public eye": 1, 
            "i hope you like this is designed": 1, 
            "i step to the podium and cause": 1, 
            "i'll do all the things that the": 1, 
            "i'm sayin' my verbal expression while the": 1, 
            "ice will excite you when he's on": 1, 
            "if you hate or if you like": 1, 
            "if you like me 'cause above all": 1, 
            "ill and get on the ball everybody": 1, 
            "in store, everybody get hype motivation of": 1, 
            "in the place scream out and say": 1, 
            "is designed to make you feel all": 1, 
            "is for all of y'all, i hope": 1, 
            "is playin' this is for all of": 1, 
            "is what we do best with lyrics": 1, 
            "it's above the rest new jack's tryin'": 1, 
            "it's time to act ill and get": 1, 
            "jack's tryin' to change, but you're lame": 1, 
            "kid ice will excite you when he's": 1, 
            "lame to the game frontin' like your're": 1, 
            "let me discuss and make a fuss": 1, 
            "like dynamite they're doggin' my mood, but": 1, 
            "like kid ice will excite you when": 1, 
            "like me 'cause above all i arise,": 1, 
            "like this is designed to make you": 1, 
            "like your're hard, with a fake gold": 1, 
            "likely i can tell whether or not": 1, 
            "lyrics so def it's above the rest": 1, 
            "make a fuss with the use of": 1, 
            "make the people say feel all right": 1, 
            "make you feel all right you try": 1, 
            "me 'cause above all i arise, so": 1, 
            "me discuss and make a fuss with": 1, 
            "me, but that's not likely i can": 1, 
            "mike it's time to act ill and": 1, 
            "mike so as i step to the": 1, 
            "mike, but we're on the ball we": 1, 
            "mood, but that's all right let me": 1, 
            "motivation of your body is what we": 1, 
            "music is playin' this is for all": 1, 
            "my mood, but that's all right let": 1, 
            "my verbal expression while the music is": 1, 
            "new jack's tryin' to change, but you're": 1, 
            "night good times are in store, everybody": 1, 
            "not if you hate or if you": 1, 
            "not likely i can tell whether or": 1, 
            "of people, rockin' auditoriums screamin', yellin', swayin'": 1, 
            "of the mike so as i step": 1, 
            "of y'all, i hope you like this": 1, 
            "of your body is what we do": 1, 
            "on a party night good times are": 1, 
            "on the ball everybody in the place": 1, 
            "on the ball we make the people": 1, 
            "on the mike it's time to act": 1, 
            "or if you like me 'cause above": 1, 
            "or not if you hate or if": 1, 
            "out and say": 1, 
            "out-recite me, but that's not likely i": 1, 
            "pandemonium with crowds of people, rockin' auditoriums": 1, 
            "party night good times are in store,": 1, 
            "people like kid ice will excite you": 1, 
            "people say feel all right y'all feel": 1, 
            "people, rockin' auditoriums screamin', yellin', swayin' while": 1, 
            "place scream out and say": 1, 
            "playin' this is for all of y'all,": 1, 
            "podium and cause pandemonium with crowds of": 1, 
            "public eye and i'll do all the": 1, 
            "recognition from the public eye and i'll": 1, 
            "rest new jack's tryin' to change, but": 1, 
            "right let me discuss and make a": 1, 
            "right on a party night good times": 1, 
            "right y'all feel like dynamite they're doggin'": 1, 
            "right you try to out-recite me, but": 1, 
            "rock the mike, but we're on the": 1, 
            "rockin' auditoriums screamin', yellin', swayin' while i'm": 1, 
            "say": 1, 
            "say feel all right y'all feel like": 1, 
            "sayin' my verbal expression while the music": 1, 
            "scream out and say": 1, 
            "screamin', yellin', swayin' while i'm sayin' my": 1, 
            "so as i step to the podium": 1, 
            "so def it's above the rest new": 1, 
            "so don't you be surprised when i": 1, 
            "step to the podium and cause pandemonium": 1, 
            "store, everybody get hype motivation of your": 1, 
            "surprised when i get recognition from the": 1, 
            "swayin' while i'm sayin' my verbal expression": 1, 
            "tell whether or not if you hate": 1, 
            "that the people like kid ice will": 1, 
            "that's all right let me discuss and": 1, 
            "that's not likely i can tell whether": 1, 
            "the ball everybody in the place scream": 1, 
            "the ball we make the people say": 1, 
            "the game frontin' like your're hard, with": 1, 
            "the mike it's time to act ill": 1, 
            "the mike so as i step to": 1, 
            "the mike, but we're on the ball": 1, 
            "the music is playin' this is for": 1, 
            "the people like kid ice will excite": 1, 
            "the people say feel all right y'all": 1, 
            "the place scream out and say": 1, 
            "the podium and cause pandemonium with crowds": 1, 
            "the public eye and i'll do all": 1, 
            "the rest new jack's tryin' to change,": 1, 
            "the things that the people like kid": 1, 
            "the use of the mike so as": 1, 
            "they're doggin' my mood, but that's all": 1, 
            "things that the people like kid ice": 1, 
            "this is designed to make you feel": 1, 
            "this is for all of y'all, i": 1, 
            "time to act ill and get on": 1, 
            "times are in store, everybody get hype": 1, 
            "to act ill and get on the": 1, 
            "to change, but you're lame to the": 1, 
            "to make you feel all right you": 1, 
            "to out-recite me, but that's not likely": 1, 
            "to rock the mike, but we're on": 1, 
            "to the game frontin' like your're hard,": 1, 
            "to the podium and cause pandemonium with": 1, 
            "try to out-recite me, but that's not": 1, 
            "tryin' to change, but you're lame to": 1, 
            "tryin' to rock the mike, but we're": 1, 
            "use of the mike so as i": 1, 
            "verbal expression while the music is playin'": 1, 
            "we do best with lyrics so def": 1, 
            "we make the people say feel all": 1, 
            "we're on the ball we make the": 1, 
            "what we do best with lyrics so": 1, 
            "when he's on the mike it's time": 1, 
            "when i get recognition from the public": 1, 
            "whether or not if you hate or": 1, 
            "while i'm sayin' my verbal expression while": 1, 
            "while the music is playin' this is": 1, 
            "will excite you when he's on the": 1, 
            "with a fake gold chain tryin' to": 1, 
            "with crowds of people, rockin' auditoriums screamin',": 1, 
            "with lyrics so def it's above the": 1, 
            "with the use of the mike so": 1, 
            "y'all feel like dynamite they're doggin' my": 1, 
            "y'all, i hope you like this is": 1, 
            "yellin', swayin' while i'm sayin' my verbal": 1, 
            "you be surprised when i get recognition": 1, 
            "you feel all right you try to": 1, 
            "you hate or if you like me": 1, 
            "you like me 'cause above all i": 1, 
            "you like this is designed to make": 1, 
            "you try to out-recite me, but that's": 1, 
            "you when he's on the mike it's": 1, 
            "you're lame to the game frontin' like": 1, 
            "your body is what we do best": 1, 
            "your're hard, with a fake gold chain": 1
        }, 
        "8": {
            "": 909, 
            "'cause above all i arise, so don't you": 1, 
            "a fake gold chain tryin' to rock the": 1, 
            "a fuss with the use of the mike": 1, 
            "a party night good times are in store,": 1, 
            "above all i arise, so don't you be": 1, 
            "above the rest new jack's tryin' to change,": 1, 
            "act ill and get on the ball everybody": 1, 
            "all i arise, so don't you be surprised": 1, 
            "all of y'all, i hope you like this": 1, 
            "all right let me discuss and make a": 1, 
            "all right on a party night good times": 1, 
            "all right y'all feel like dynamite they're doggin'": 1, 
            "all right you try to out-recite me, but": 1, 
            "all the things that the people like kid": 1, 
            "and cause pandemonium with crowds of people, rockin'": 1, 
            "and get on the ball everybody in the": 1, 
            "and i'll do all the things that the": 1, 
            "and make a fuss with the use of": 1, 
            "and say": 1, 
            "are in store, everybody get hype motivation of": 1, 
            "arise, so don't you be surprised when i": 1, 
            "as i step to the podium and cause": 1, 
            "auditoriums screamin', yellin', swayin' while i'm sayin' my": 1, 
            "ball everybody in the place scream out and": 1, 
            "ball we make the people say feel all": 1, 
            "be surprised when i get recognition from the": 1, 
            "best with lyrics so def it's above the": 1, 
            "body is what we do best with lyrics": 1, 
            "but that's all right let me discuss and": 1, 
            "but that's not likely i can tell whether": 1, 
            "but we're on the ball we make the": 1, 
            "but you're lame to the game frontin' like": 1, 
            "can tell whether or not if you hate": 1, 
            "cause pandemonium with crowds of people, rockin' auditoriums": 1, 
            "chain tryin' to rock the mike, but we're": 1, 
            "change, but you're lame to the game frontin'": 1, 
            "crowds of people, rockin' auditoriums screamin', yellin', swayin'": 1, 
            "def it's above the rest new jack's tryin'": 1, 
            "designed to make you feel all right you": 1, 
            "discuss and make a fuss with the use": 1, 
            "do all the things that the people like": 1, 
            "do best with lyrics so def it's above": 1, 
            "doggin' my mood, but that's all right let": 1, 
            "don't you be surprised when i get recognition": 1, 
            "dynamite they're doggin' my mood, but that's all": 1, 
            "everybody get hype motivation of your body is": 1, 
            "everybody in the place scream out and say": 1, 
            "excite you when he's on the mike it's": 1, 
            "expression while the music is playin' this is": 1, 
            "eye and i'll do all the things that": 1, 
            "fake gold chain tryin' to rock the mike,": 1, 
            "feel all right y'all feel like dynamite they're": 1, 
            "feel all right you try to out-recite me,": 1, 
            "feel like dynamite they're doggin' my mood, but": 1, 
            "feelin' all right on a party night good": 1, 
            "for all of y'all, i hope you like": 1, 
            "from the public eye and i'll do all": 1, 
            "frontin' like your're hard, with a fake gold": 1, 
            "fuss with the use of the mike so": 1, 
            "game frontin' like your're hard, with a fake": 1, 
            "get hype motivation of your body is what": 1, 
            "get on the ball everybody in the place": 1, 
            "get recognition from the public eye and i'll": 1, 
            "gold chain tryin' to rock the mike, but": 1, 
            "good times are in store, everybody get hype": 1, 
            "hard, with a fake gold chain tryin' to": 1, 
            "hate or if you like me 'cause above": 1, 
            "he's on the mike it's time to act": 1, 
            "hope you like this is designed to make": 1, 
            "hype motivation of your body is what we": 1, 
            "i arise, so don't you be surprised when": 1, 
            "i can tell whether or not if you": 1, 
            "i get recognition from the public eye and": 1, 
            "i hope you like this is designed to": 1, 
            "i step to the podium and cause pandemonium": 1, 
            "i'll do all the things that the people": 1, 
            "i'm sayin' my verbal expression while the music": 1, 
            "ice will excite you when he's on the": 1, 
            "if you hate or if you like me": 1, 
            "if you like me 'cause above all i": 1, 
            "ill and get on the ball everybody in": 1, 
            "in store, everybody get hype motivation of your": 1, 
            "in the place scream out and say": 1, 
            "is designed to make you feel all right": 1, 
            "is for all of y'all, i hope you": 1, 
            "is playin' this is for all of y'all,": 1, 
            "is what we do best with lyrics so": 1, 
            "it's above the rest new jack's tryin' to": 1, 
            "it's time to act ill and get on": 1, 
            "jack's tryin' to change, but you're lame to": 1, 
            "kid ice will excite you when he's on": 1, 
            "lame to the game frontin' like your're hard,": 1, 
            "let me discuss and make a fuss with": 1, 
            "like dynamite they're doggin' my mood, but that's": 1, 
            "like kid ice will excite you when he's": 1, 
            "like me 'cause above all i arise, so": 1, 
            "like this is designed to make you feel": 1, 
            "like your're hard, with a fake gold chain": 1, 
            "likely i can tell whether or not if": 1, 
            "lyrics so def it's above the rest new": 1, 
            "make a fuss with the use of the": 1, 
            "make the people say feel all right y'all": 1, 
            "make you feel all right you try to": 1, 
            "me 'cause above all i arise, so don't": 1, 
            "me discuss and make a fuss with the": 1, 
            "me, but that's not likely i can tell": 1, 
            "mike it's time to act ill and get": 1, 
            "mike so as i step to the podium": 1, 
            "mike, but we're on the ball we make": 1, 
            "mood, but that's all right let me discuss": 1, 
            "motivation of your body is what we do": 1, 
            "music is playin' this is for all of": 1, 
            "my mood, but that's all right let me": 1, 
            "my verbal expression while the music is playin'": 1, 
            "new jack's tryin' to change, but you're lame": 1, 
            "night good times are in store, everybody get": 1, 
            "not if you hate or if you like": 1, 
            "not likely i can tell whether or not": 1, 
            "of people, rockin' auditoriums screamin', yellin', swayin' while": 1, 
            "of the mike so as i step to": 1, 
            "of y'all, i hope you like this is": 1, 
            "of your body is what we do best": 1, 
            "on a party night good times are in": 1, 
            "on the ball everybody in the place scream": 1, 
            "on the ball we make the people say": 1, 
            "on the mike it's time to act ill": 1, 
            "or if you like me 'cause above all": 1, 
            "or not if you hate or if you": 1, 
            "out and say": 1, 
            "out-recite me, but that's not likely i can": 1, 
            "pandemonium with crowds of people, rockin' auditoriums screamin',": 1, 
            "party night good times are in store, everybody": 1, 
            "people like kid ice will excite you when": 1, 
            "people say feel all right y'all feel like": 1, 
            "people, rockin' auditoriums screamin', yellin', swayin' while i'm": 1, 
            "place scream out and say": 1, 
            "playin' this is for all of y'all, i": 1, 
            "podium and cause pandemonium with crowds of people,": 1, 
            "public eye and i'll do all the things": 1, 
            "recognition from the public eye and i'll do": 1, 
            "rest new jack's tryin' to change, but you're": 1, 
            "right let me discuss and make a fuss": 1, 
            "right on a party night good times are": 1, 
            "right y'all feel like dynamite they're doggin' my": 1, 
            "right you try to out-recite me, but that's": 1, 
            "rock the mike, but we're on the ball": 1, 
            "rockin' auditoriums screamin', yellin', swayin' while i'm sayin'": 1, 
            "say": 1, 
            "say feel all right y'all feel like dynamite": 1, 
            "sayin' my verbal expression while the music is": 1, 
            "scream out and say": 1, 
            "screamin', yellin', swayin' while i'm sayin' my verbal": 1, 
            "so as i step to the podium and": 1, 
            "so def it's above the rest new jack's": 1, 
            "so don't you be surprised when i get": 1, 
            "step to the podium and cause pandemonium with": 1, 
            "store, everybody get hype motivation of your body": 1, 
            "surprised when i get recognition from the public": 1, 
            "swayin' while i'm sayin' my verbal expression while": 1, 
            "tell whether or not if you hate or": 1, 
            "that the people like kid ice will excite": 1, 
            "that's all right let me discuss and make": 1, 
            "that's not likely i can tell whether or": 1, 
            "the ball everybody in the place scream out": 1, 
            "the ball we make the people say feel": 1, 
            "the game frontin' like your're hard, with a": 1, 
            "the mike it's time to act ill and": 1, 
            "the mike so as i step to the": 1, 
            "the mike, but we're on the ball we": 1, 
            "the music is playin' this is for all": 1, 
            "the people like kid ice will excite you": 1, 
            "the people say feel all right y'all feel": 1, 
            "the place scream out and say": 1, 
            "the podium and cause pandemonium with crowds of": 1, 
            "the public eye and i'll do all the": 1, 
            "the rest new jack's tryin' to change, but": 1, 
            "the things that the people like kid ice": 1, 
            "the use of the mike so as i": 1, 
            "they're doggin' my mood, but that's all right": 1, 
            "things that the people like kid ice will": 1, 
            "this is designed to make you feel all": 1, 
            "this is for all of y'all, i hope": 1, 
            "time to act ill and get on the": 1, 
            "times are in store, everybody get hype motivation": 1, 
            "to act ill and get on the ball": 1, 
            "to change, but you're lame to the game": 1, 
            "to make you feel all right you try": 1, 
            "to out-recite me, but that's not likely i": 1, 
            "to rock the mike, but we're on the": 1, 
            "to the game frontin' like your're hard, with": 1, 
            "to the podium and cause pandemonium with crowds": 1, 
            "try to out-recite me, but that's not likely": 1, 
            "tryin' to change, but you're lame to the": 1, 
            "tryin' to rock the mike, but we're on": 1, 
            "use of the mike so as i step": 1, 
            "verbal expression while the music is playin' this": 1, 
            "we do best with lyrics so def it's": 1, 
            "we make the people say feel all right": 1, 
            "we're on the ball we make the people": 1, 
            "what we do best with lyrics so def": 1, 
            "when he's on the mike it's time to": 1, 
            "when i get recognition from the public eye": 1, 
            "whether or not if you hate or if": 1, 
            "while i'm sayin' my verbal expression while the": 1, 
            "while the music is playin' this is for": 1, 
            "will excite you when he's on the mike": 1, 
            "with a fake gold chain tryin' to rock": 1, 
            "with crowds of people, rockin' auditoriums screamin', yellin',": 1, 
            "with lyrics so def it's above the rest": 1, 
            "with the use of the mike so as": 1, 
            "y'all feel like dynamite they're doggin' my mood,": 1, 
            "y'all, i hope you like this is designed": 1, 
            "yellin', swayin' while i'm sayin' my verbal expression": 1, 
            "you be surprised when i get recognition from": 1, 
            "you feel all right you try to out-recite": 1, 
            "you hate or if you like me 'cause": 1, 
            "you like me 'cause above all i arise,": 1, 
            "you like this is designed to make you": 1, 
            "you try to out-recite me, but that's not": 1, 
            "you when he's on the mike it's time": 1, 
            "you're lame to the game frontin' like your're": 1, 
            "your body is what we do best with": 1, 
            "your're hard, with a fake gold chain tryin'": 1
        }
    }, 
    "song_title": "Feel Alright Y'all", 
    "total_words": [
        223, 
        {
            "'cause": 1, 
            "a": 3, 
            "above": 2, 
            "act": 1, 
            "all": 7, 
            "and": 5, 
            "are": 1, 
            "arise,": 1, 
            "as": 1, 
            "auditoriums": 1, 
            "ball": 2, 
            "be": 1, 
            "best": 1, 
            "body": 1, 
            "but": 4, 
            "can": 1, 
            "cause": 1, 
            "chain": 1, 
            "change,": 1, 
            "crowds": 1, 
            "def": 1, 
            "designed": 1, 
            "discuss": 1, 
            "do": 2, 
            "doggin'": 1, 
            "don't": 1, 
            "dynamite": 1, 
            "everybody": 2, 
            "excite": 1, 
            "expression": 1, 
            "eye": 1, 
            "fake": 1, 
            "feel": 3, 
            "feelin'": 1, 
            "for": 1, 
            "from": 1, 
            "frontin'": 1, 
            "fuss": 1, 
            "game": 1, 
            "get": 3, 
            "gold": 1, 
            "good": 1, 
            "hard,": 1, 
            "hate": 1, 
            "he's": 1, 
            "hope": 1, 
            "hype": 1, 
            "i": 5, 
            "i'll": 1, 
            "i'm": 1, 
            "ice": 1, 
            "if": 2, 
            "ill": 1, 
            "in": 2, 
            "is": 4, 
            "it's": 2, 
            "jack's": 1, 
            "kid": 1, 
            "lame": 1, 
            "let": 1, 
            "like": 5, 
            "likely": 1, 
            "lyrics": 1, 
            "make": 3, 
            "me": 2, 
            "me,": 1, 
            "mike": 2, 
            "mike,": 1, 
            "mood,": 1, 
            "motivation": 1, 
            "music": 1, 
            "my": 2, 
            "new": 1, 
            "night": 1, 
            "not": 2, 
            "of": 4, 
            "on": 4, 
            "or": 2, 
            "out": 1, 
            "out-recite": 1, 
            "pandemonium": 1, 
            "party": 1, 
            "people": 2, 
            "people,": 1, 
            "place": 1, 
            "playin'": 1, 
            "podium": 1, 
            "public": 1, 
            "recognition": 1, 
            "rest": 1, 
            "right": 4, 
            "rock": 1, 
            "rockin'": 1, 
            "say": 2, 
            "sayin'": 1, 
            "scream": 1, 
            "screamin',": 1, 
            "so": 3, 
            "step": 1, 
            "store,": 1, 
            "surprised": 1, 
            "swayin'": 1, 
            "tell": 1, 
            "that": 1, 
            "that's": 2, 
            "the": 15, 
            "they're": 1, 
            "things": 1, 
            "this": 2, 
            "time": 1, 
            "times": 1, 
            "to": 7, 
            "try": 1, 
            "tryin'": 2, 
            "use": 1, 
            "verbal": 1, 
            "we": 2, 
            "we're": 1, 
            "what": 1, 
            "when": 2, 
            "whether": 1, 
            "while": 2, 
            "will": 1, 
            "with": 4, 
            "y'all": 1, 
            "y'all,": 1, 
            "yellin',": 1, 
            "you": 7, 
            "you're": 1, 
            "your": 1, 
            "your're": 1
        }
    ], 
    "unique_words": [
        131, 
        [
            "things", 
            "all", 
            "lyrics", 
            "don't", 
            "mood,", 
            "rest", 
            "hate", 
            "gold", 
            "swayin'", 
            "to", 
            "crowds", 
            "hope", 
            "do", 
            "yellin',", 
            "good", 
            "get", 
            "jack's", 
            "game", 
            "not", 
            "store,", 
            "discuss", 
            "like", 
            "try", 
            "this", 
            "night", 
            "hype", 
            "y'all", 
            "right", 
            "verbal", 
            "people", 
            "me,", 
            "i'll", 
            "doggin'", 
            "likely", 
            "are", 
            "best", 
            "out", 
            "what", 
            "change,", 
            "for", 
            "ice", 
            "above", 
            "new", 
            "cause", 
            "public", 
            "body", 
            "be", 
            "we", 
            "rock", 
            "chain", 
            "step", 
            "let", 
            "eye", 
            "on", 
            "y'all,", 
            "auditoriums", 
            "of", 
            "ill", 
            "he's", 
            "times", 
            "place", 
            "act", 
            "i'm", 
            "expression", 
            "or", 
            "your're", 
            "feel", 
            "fake", 
            "rockin'", 
            "tryin'", 
            "arise,", 
            "your", 
            "everybody", 
            "you're", 
            "use", 
            "from", 
            "it's", 
            "music", 
            "we're", 
            "dynamite", 
            "feelin'", 
            "tell", 
            "mike", 
            "hard,", 
            "that", 
            "excite", 
            "but", 
            "screamin',", 
            "with", 
            "me", 
            "they're", 
            "whether", 
            "say", 
            "pandemonium", 
            "will", 
            "people,", 
            "while", 
            "can", 
            "mike,", 
            "my", 
            "def", 
            "and", 
            "motivation", 
            "sayin'", 
            "is", 
            "as", 
            "in", 
            "if", 
            "lame", 
            "out-recite", 
            "make", 
            "when", 
            "recognition", 
            "party", 
            "you", 
            "playin'", 
            "ball", 
            "fuss", 
            "podium", 
            "frontin'", 
            "designed", 
            "'cause", 
            "kid", 
            "a", 
            "i", 
            "so", 
            "time", 
            "the", 
            "surprised", 
            "scream", 
            "that's"
        ]
    ], 
    "year": 1987
}