{
    "album": "Move Somethin'", 
    "artist": "2 Live Crew", 
    "lyrics": "Head, booty, and cock! What you like, fellas?\n(Head, booty, and cock) What you like, fellas?\n(Head, booty, and cock) Ghetto Style like!\n(Head, booty, and cock) What your sister like?\n(Head, sex, and welfare checks) What your mama like?\n(Head, sex, and welfare checks) Opa Locka like!\n(Head, booty, and cock) Overtown like!\n(Head, booty, and cock)\n\n\n\nNo ass, bitch, no backstage pass\n(No ass, bitch, no backstage pass)\nYou say, \"No ass, bitch, no backstage pass\"\n(No ass, bitch, no backstage pass)\n\n\n\nHead, booty, and cock! What you like, fellas?\n(Head, booty, and cock) Name of this record called\n(Head, booty, and cock) What you like, fellas?\n(Head, booty, and cock)\n\nNo ass, bitch, no backstage pass\n(No ass, bitch, no backstage pass)\nSay, \"Heyyy ho! Hey, hey, hey ho!\" You say it!\n(Heyyy ho! Hey, hey, hey ho!)\nY'all say, \"Heyyy ho! Hey, hey, hey ho!\"\n(Heyyy ho! Hey, hey, hey ho!)\nEverybody say \"Heyyy ho! Hey, hey, hey ho!\"\n(Heyyy ho! Hey, hey, hey ho!)\n\nHead, booty, and cock! What you like, fellas?\n(Head, booty, and cock) Michael J like?\n(Head, sex, and welfare checks) Even Prince like?\n(Head, sex, and welfare checks)\n\nWe don't need no music, 'cause all we wanna do,\nis sing and dance and party down and play with pussy too! You say it!\n(We don't need no music, 'cause all we wanna do,\nis sing and dance and party down and play with pussy too)\nWe don't need no music, 'cause all we wanna do,\nis sing and dance and party down and play with pussy too! You say it!\n(We don't need no music, 'cause all we wanna do,\nis sing and dance and party down and play with pussy too)\n\nSay \"BOOTYYYYYYYY BOOTY BOOTY!\" You say it, fellas!\n(BOOTYYYYYYYY BOOTY BOOTY!) Let me hear you say,\n\"BOOTYYYYYYYY BOOTY BOOTY!\" You say it, fellas!\n(BOOTYYYYYYYY BOOTY BOOTY!) We know Oakland like!\n(BOOTYYYYYYYY BOOTY BOOTY!) We know Compton like!\n(BOOTYYYYYYYY BOOTY BOOTY!) Carolinas like!\n(BOOTYYYYYYYY BOOTY BOOTY!)\n", 
    "ngrams": {
        "2": {
            "": 1455, 
            "'cause all": 4, 
            "all we": 4, 
            "and cock": 12, 
            "and dance": 4, 
            "and party": 4, 
            "and play": 4, 
            "and welfare": 4, 
            "ass, bitch,": 6, 
            "backstage pass": 6, 
            "bitch, no": 6, 
            "booty": 1, 
            "booty booty": 7, 
            "booty carolinas": 1, 
            "booty let": 1, 
            "booty we": 2, 
            "booty you": 2, 
            "booty, and": 12, 
            "bootyyyyyyyy booty": 7, 
            "called head,": 1, 
            "carolinas like": 1, 
            "checks even": 1, 
            "checks opa": 1, 
            "checks we": 1, 
            "checks what": 1, 
            "cock ghetto": 1, 
            "cock michael": 1, 
            "cock name": 1, 
            "cock no": 2, 
            "cock overtown": 1, 
            "cock what": 6, 
            "compton like": 1, 
            "dance and": 4, 
            "do, is": 4, 
            "don't need": 4, 
            "down and": 4, 
            "even prince": 1, 
            "everybody say": 1, 
            "fellas bootyyyyyyyy": 2, 
            "fellas head,": 5, 
            "ghetto style": 1, 
            "head, booty,": 12, 
            "head, sex,": 4, 
            "hear you": 1, 
            "hey ho": 6, 
            "hey, hey": 6, 
            "hey, hey,": 6, 
            "heyyy ho": 6, 
            "ho everybody": 1, 
            "ho head,": 1, 
            "ho hey,": 6, 
            "ho heyyy": 2, 
            "ho y'all": 1, 
            "ho you": 1, 
            "is sing": 4, 
            "it heyyy": 1, 
            "it we": 2, 
            "it, fellas": 2, 
            "j like": 1, 
            "know compton": 1, 
            "know oakland": 1, 
            "let me": 1, 
            "like bootyyyyyyyy": 3, 
            "like head,": 7, 
            "like, fellas": 5, 
            "locka like": 1, 
            "mama like": 1, 
            "me hear": 1, 
            "michael j": 1, 
            "music, 'cause": 4, 
            "name of": 1, 
            "need no": 4, 
            "no ass,": 6, 
            "no backstage": 6, 
            "no music,": 4, 
            "oakland like": 1, 
            "of this": 1, 
            "opa locka": 1, 
            "overtown like": 1, 
            "party down": 4, 
            "pass head,": 1, 
            "pass no": 3, 
            "pass say,": 1, 
            "pass you": 1, 
            "play with": 4, 
            "prince like": 1, 
            "pussy too": 4, 
            "record called": 1, 
            "say bootyyyyyyyy": 1, 
            "say heyyy": 1, 
            "say it": 3, 
            "say it,": 2, 
            "say, bootyyyyyyyy": 1, 
            "say, heyyy": 2, 
            "say, no": 1, 
            "sex, and": 4, 
            "sing and": 4, 
            "sister like": 1, 
            "style like": 1, 
            "this record": 1, 
            "too say": 1, 
            "too we": 1, 
            "too you": 2, 
            "wanna do,": 4, 
            "we don't": 4, 
            "we know": 2, 
            "we wanna": 4, 
            "welfare checks": 4, 
            "what you": 5, 
            "what your": 2, 
            "with pussy": 4, 
            "y'all say,": 1, 
            "you like,": 5, 
            "you say": 5, 
            "you say,": 2, 
            "your mama": 1, 
            "your sister": 1
        }, 
        "3": {
            "": 1454, 
            "'cause all we": 4, 
            "all we wanna": 4, 
            "and cock ghetto": 1, 
            "and cock michael": 1, 
            "and cock name": 1, 
            "and cock no": 2, 
            "and cock overtown": 1, 
            "and cock what": 6, 
            "and dance and": 4, 
            "and party down": 4, 
            "and play with": 4, 
            "and welfare checks": 4, 
            "ass, bitch, no": 6, 
            "backstage pass head,": 1, 
            "backstage pass no": 3, 
            "backstage pass say,": 1, 
            "backstage pass you": 1, 
            "bitch, no backstage": 6, 
            "booty": 1, 
            "booty booty": 1, 
            "booty booty carolinas": 1, 
            "booty booty let": 1, 
            "booty booty we": 2, 
            "booty booty you": 2, 
            "booty carolinas like": 1, 
            "booty let me": 1, 
            "booty we know": 2, 
            "booty you say": 2, 
            "booty, and cock": 12, 
            "bootyyyyyyyy booty booty": 7, 
            "called head, booty,": 1, 
            "carolinas like bootyyyyyyyy": 1, 
            "checks even prince": 1, 
            "checks opa locka": 1, 
            "checks we don't": 1, 
            "checks what your": 1, 
            "cock ghetto style": 1, 
            "cock michael j": 1, 
            "cock name of": 1, 
            "cock no ass,": 2, 
            "cock overtown like": 1, 
            "cock what you": 5, 
            "cock what your": 1, 
            "compton like bootyyyyyyyy": 1, 
            "dance and party": 4, 
            "do, is sing": 4, 
            "don't need no": 4, 
            "down and play": 4, 
            "even prince like": 1, 
            "everybody say heyyy": 1, 
            "fellas bootyyyyyyyy booty": 2, 
            "fellas head, booty,": 5, 
            "ghetto style like": 1, 
            "head, booty, and": 12, 
            "head, sex, and": 4, 
            "hear you say,": 1, 
            "hey ho everybody": 1, 
            "hey ho head,": 1, 
            "hey ho heyyy": 2, 
            "hey ho y'all": 1, 
            "hey ho you": 1, 
            "hey, hey ho": 6, 
            "hey, hey, hey": 6, 
            "heyyy ho hey,": 6, 
            "ho everybody say": 1, 
            "ho head, booty,": 1, 
            "ho hey, hey,": 6, 
            "ho heyyy ho": 2, 
            "ho y'all say,": 1, 
            "ho you say": 1, 
            "is sing and": 4, 
            "it heyyy ho": 1, 
            "it we don't": 2, 
            "it, fellas bootyyyyyyyy": 2, 
            "j like head,": 1, 
            "know compton like": 1, 
            "know oakland like": 1, 
            "let me hear": 1, 
            "like bootyyyyyyyy booty": 3, 
            "like head, booty,": 3, 
            "like head, sex,": 4, 
            "like, fellas head,": 5, 
            "locka like head,": 1, 
            "mama like head,": 1, 
            "me hear you": 1, 
            "michael j like": 1, 
            "music, 'cause all": 4, 
            "name of this": 1, 
            "need no music,": 4, 
            "no ass, bitch,": 6, 
            "no backstage pass": 6, 
            "no music, 'cause": 4, 
            "oakland like bootyyyyyyyy": 1, 
            "of this record": 1, 
            "opa locka like": 1, 
            "overtown like head,": 1, 
            "party down and": 4, 
            "pass head, booty,": 1, 
            "pass no ass,": 3, 
            "pass say, heyyy": 1, 
            "pass you say,": 1, 
            "play with pussy": 4, 
            "prince like head,": 1, 
            "pussy too say": 1, 
            "pussy too we": 1, 
            "pussy too you": 2, 
            "record called head,": 1, 
            "say bootyyyyyyyy booty": 1, 
            "say heyyy ho": 1, 
            "say it heyyy": 1, 
            "say it we": 2, 
            "say it, fellas": 2, 
            "say, bootyyyyyyyy booty": 1, 
            "say, heyyy ho": 2, 
            "say, no ass,": 1, 
            "sex, and welfare": 4, 
            "sing and dance": 4, 
            "sister like head,": 1, 
            "style like head,": 1, 
            "this record called": 1, 
            "too say bootyyyyyyyy": 1, 
            "too we don't": 1, 
            "too you say": 2, 
            "wanna do, is": 4, 
            "we don't need": 4, 
            "we know compton": 1, 
            "we know oakland": 1, 
            "we wanna do,": 4, 
            "welfare checks even": 1, 
            "welfare checks opa": 1, 
            "welfare checks we": 1, 
            "welfare checks what": 1, 
            "what you like,": 5, 
            "what your mama": 1, 
            "what your sister": 1, 
            "with pussy too": 4, 
            "y'all say, heyyy": 1, 
            "you like, fellas": 5, 
            "you say it": 3, 
            "you say it,": 2, 
            "you say, bootyyyyyyyy": 1, 
            "you say, no": 1, 
            "your mama like": 1, 
            "your sister like": 1
        }, 
        "4": {
            "": 1453, 
            "'cause all we wanna": 4, 
            "all we wanna do,": 4, 
            "and cock ghetto style": 1, 
            "and cock michael j": 1, 
            "and cock name of": 1, 
            "and cock no ass,": 2, 
            "and cock overtown like": 1, 
            "and cock what you": 5, 
            "and cock what your": 1, 
            "and dance and party": 4, 
            "and party down and": 4, 
            "and play with pussy": 4, 
            "and welfare checks even": 1, 
            "and welfare checks opa": 1, 
            "and welfare checks we": 1, 
            "and welfare checks what": 1, 
            "ass, bitch, no backstage": 6, 
            "backstage pass head, booty,": 1, 
            "backstage pass no ass,": 3, 
            "backstage pass say, heyyy": 1, 
            "backstage pass you say,": 1, 
            "bitch, no backstage pass": 6, 
            "booty": 1, 
            "booty booty": 1, 
            "booty booty carolinas like": 1, 
            "booty booty let me": 1, 
            "booty booty we know": 2, 
            "booty booty you say": 2, 
            "booty carolinas like bootyyyyyyyy": 1, 
            "booty let me hear": 1, 
            "booty we know compton": 1, 
            "booty we know oakland": 1, 
            "booty you say it,": 2, 
            "booty, and cock ghetto": 1, 
            "booty, and cock michael": 1, 
            "booty, and cock name": 1, 
            "booty, and cock no": 2, 
            "booty, and cock overtown": 1, 
            "booty, and cock what": 6, 
            "bootyyyyyyyy booty booty": 1, 
            "bootyyyyyyyy booty booty carolinas": 1, 
            "bootyyyyyyyy booty booty let": 1, 
            "bootyyyyyyyy booty booty we": 2, 
            "bootyyyyyyyy booty booty you": 2, 
            "called head, booty, and": 1, 
            "carolinas like bootyyyyyyyy booty": 1, 
            "checks even prince like": 1, 
            "checks opa locka like": 1, 
            "checks we don't need": 1, 
            "checks what your mama": 1, 
            "cock ghetto style like": 1, 
            "cock michael j like": 1, 
            "cock name of this": 1, 
            "cock no ass, bitch,": 2, 
            "cock overtown like head,": 1, 
            "cock what you like,": 5, 
            "cock what your sister": 1, 
            "compton like bootyyyyyyyy booty": 1, 
            "dance and party down": 4, 
            "do, is sing and": 4, 
            "don't need no music,": 4, 
            "down and play with": 4, 
            "even prince like head,": 1, 
            "everybody say heyyy ho": 1, 
            "fellas bootyyyyyyyy booty booty": 2, 
            "fellas head, booty, and": 5, 
            "ghetto style like head,": 1, 
            "head, booty, and cock": 12, 
            "head, sex, and welfare": 4, 
            "hear you say, bootyyyyyyyy": 1, 
            "hey ho everybody say": 1, 
            "hey ho head, booty,": 1, 
            "hey ho heyyy ho": 2, 
            "hey ho y'all say,": 1, 
            "hey ho you say": 1, 
            "hey, hey ho everybody": 1, 
            "hey, hey ho head,": 1, 
            "hey, hey ho heyyy": 2, 
            "hey, hey ho y'all": 1, 
            "hey, hey ho you": 1, 
            "hey, hey, hey ho": 6, 
            "heyyy ho hey, hey,": 6, 
            "ho everybody say heyyy": 1, 
            "ho head, booty, and": 1, 
            "ho hey, hey, hey": 6, 
            "ho heyyy ho hey,": 2, 
            "ho y'all say, heyyy": 1, 
            "ho you say it": 1, 
            "is sing and dance": 4, 
            "it heyyy ho hey,": 1, 
            "it we don't need": 2, 
            "it, fellas bootyyyyyyyy booty": 2, 
            "j like head, sex,": 1, 
            "know compton like bootyyyyyyyy": 1, 
            "know oakland like bootyyyyyyyy": 1, 
            "let me hear you": 1, 
            "like bootyyyyyyyy booty booty": 3, 
            "like head, booty, and": 3, 
            "like head, sex, and": 4, 
            "like, fellas head, booty,": 5, 
            "locka like head, booty,": 1, 
            "mama like head, sex,": 1, 
            "me hear you say,": 1, 
            "michael j like head,": 1, 
            "music, 'cause all we": 4, 
            "name of this record": 1, 
            "need no music, 'cause": 4, 
            "no ass, bitch, no": 6, 
            "no backstage pass head,": 1, 
            "no backstage pass no": 3, 
            "no backstage pass say,": 1, 
            "no backstage pass you": 1, 
            "no music, 'cause all": 4, 
            "oakland like bootyyyyyyyy booty": 1, 
            "of this record called": 1, 
            "opa locka like head,": 1, 
            "overtown like head, booty,": 1, 
            "party down and play": 4, 
            "pass head, booty, and": 1, 
            "pass no ass, bitch,": 3, 
            "pass say, heyyy ho": 1, 
            "pass you say, no": 1, 
            "play with pussy too": 4, 
            "prince like head, sex,": 1, 
            "pussy too say bootyyyyyyyy": 1, 
            "pussy too we don't": 1, 
            "pussy too you say": 2, 
            "record called head, booty,": 1, 
            "say bootyyyyyyyy booty booty": 1, 
            "say heyyy ho hey,": 1, 
            "say it heyyy ho": 1, 
            "say it we don't": 2, 
            "say it, fellas bootyyyyyyyy": 2, 
            "say, bootyyyyyyyy booty booty": 1, 
            "say, heyyy ho hey,": 2, 
            "say, no ass, bitch,": 1, 
            "sex, and welfare checks": 4, 
            "sing and dance and": 4, 
            "sister like head, sex,": 1, 
            "style like head, booty,": 1, 
            "this record called head,": 1, 
            "too say bootyyyyyyyy booty": 1, 
            "too we don't need": 1, 
            "too you say it": 2, 
            "wanna do, is sing": 4, 
            "we don't need no": 4, 
            "we know compton like": 1, 
            "we know oakland like": 1, 
            "we wanna do, is": 4, 
            "welfare checks even prince": 1, 
            "welfare checks opa locka": 1, 
            "welfare checks we don't": 1, 
            "welfare checks what your": 1, 
            "what you like, fellas": 5, 
            "what your mama like": 1, 
            "what your sister like": 1, 
            "with pussy too say": 1, 
            "with pussy too we": 1, 
            "with pussy too you": 2, 
            "y'all say, heyyy ho": 1, 
            "you like, fellas head,": 5, 
            "you say it heyyy": 1, 
            "you say it we": 2, 
            "you say it, fellas": 2, 
            "you say, bootyyyyyyyy booty": 1, 
            "you say, no ass,": 1, 
            "your mama like head,": 1, 
            "your sister like head,": 1
        }, 
        "5": {
            "": 1452, 
            "'cause all we wanna do,": 4, 
            "all we wanna do, is": 4, 
            "and cock ghetto style like": 1, 
            "and cock michael j like": 1, 
            "and cock name of this": 1, 
            "and cock no ass, bitch,": 2, 
            "and cock overtown like head,": 1, 
            "and cock what you like,": 5, 
            "and cock what your sister": 1, 
            "and dance and party down": 4, 
            "and party down and play": 4, 
            "and play with pussy too": 4, 
            "and welfare checks even prince": 1, 
            "and welfare checks opa locka": 1, 
            "and welfare checks we don't": 1, 
            "and welfare checks what your": 1, 
            "ass, bitch, no backstage pass": 6, 
            "backstage pass head, booty, and": 1, 
            "backstage pass no ass, bitch,": 3, 
            "backstage pass say, heyyy ho": 1, 
            "backstage pass you say, no": 1, 
            "bitch, no backstage pass head,": 1, 
            "bitch, no backstage pass no": 3, 
            "bitch, no backstage pass say,": 1, 
            "bitch, no backstage pass you": 1, 
            "booty": 1, 
            "booty booty": 1, 
            "booty booty carolinas like bootyyyyyyyy": 1, 
            "booty booty let me hear": 1, 
            "booty booty we know compton": 1, 
            "booty booty we know oakland": 1, 
            "booty booty you say it,": 2, 
            "booty carolinas like bootyyyyyyyy booty": 1, 
            "booty let me hear you": 1, 
            "booty we know compton like": 1, 
            "booty we know oakland like": 1, 
            "booty you say it, fellas": 2, 
            "booty, and cock ghetto style": 1, 
            "booty, and cock michael j": 1, 
            "booty, and cock name of": 1, 
            "booty, and cock no ass,": 2, 
            "booty, and cock overtown like": 1, 
            "booty, and cock what you": 5, 
            "booty, and cock what your": 1, 
            "bootyyyyyyyy booty booty": 1, 
            "bootyyyyyyyy booty booty carolinas like": 1, 
            "bootyyyyyyyy booty booty let me": 1, 
            "bootyyyyyyyy booty booty we know": 2, 
            "bootyyyyyyyy booty booty you say": 2, 
            "called head, booty, and cock": 1, 
            "carolinas like bootyyyyyyyy booty booty": 1, 
            "checks even prince like head,": 1, 
            "checks opa locka like head,": 1, 
            "checks we don't need no": 1, 
            "checks what your mama like": 1, 
            "cock ghetto style like head,": 1, 
            "cock michael j like head,": 1, 
            "cock name of this record": 1, 
            "cock no ass, bitch, no": 2, 
            "cock overtown like head, booty,": 1, 
            "cock what you like, fellas": 5, 
            "cock what your sister like": 1, 
            "compton like bootyyyyyyyy booty booty": 1, 
            "dance and party down and": 4, 
            "do, is sing and dance": 4, 
            "don't need no music, 'cause": 4, 
            "down and play with pussy": 4, 
            "even prince like head, sex,": 1, 
            "everybody say heyyy ho hey,": 1, 
            "fellas bootyyyyyyyy booty booty let": 1, 
            "fellas bootyyyyyyyy booty booty we": 1, 
            "fellas head, booty, and cock": 5, 
            "ghetto style like head, booty,": 1, 
            "head, booty, and cock ghetto": 1, 
            "head, booty, and cock michael": 1, 
            "head, booty, and cock name": 1, 
            "head, booty, and cock no": 2, 
            "head, booty, and cock overtown": 1, 
            "head, booty, and cock what": 6, 
            "head, sex, and welfare checks": 4, 
            "hear you say, bootyyyyyyyy booty": 1, 
            "hey ho everybody say heyyy": 1, 
            "hey ho head, booty, and": 1, 
            "hey ho heyyy ho hey,": 2, 
            "hey ho y'all say, heyyy": 1, 
            "hey ho you say it": 1, 
            "hey, hey ho everybody say": 1, 
            "hey, hey ho head, booty,": 1, 
            "hey, hey ho heyyy ho": 2, 
            "hey, hey ho y'all say,": 1, 
            "hey, hey ho you say": 1, 
            "hey, hey, hey ho everybody": 1, 
            "hey, hey, hey ho head,": 1, 
            "hey, hey, hey ho heyyy": 2, 
            "hey, hey, hey ho y'all": 1, 
            "hey, hey, hey ho you": 1, 
            "heyyy ho hey, hey, hey": 6, 
            "ho everybody say heyyy ho": 1, 
            "ho head, booty, and cock": 1, 
            "ho hey, hey, hey ho": 6, 
            "ho heyyy ho hey, hey,": 2, 
            "ho y'all say, heyyy ho": 1, 
            "ho you say it heyyy": 1, 
            "is sing and dance and": 4, 
            "it heyyy ho hey, hey,": 1, 
            "it we don't need no": 2, 
            "it, fellas bootyyyyyyyy booty booty": 2, 
            "j like head, sex, and": 1, 
            "know compton like bootyyyyyyyy booty": 1, 
            "know oakland like bootyyyyyyyy booty": 1, 
            "let me hear you say,": 1, 
            "like bootyyyyyyyy booty booty": 1, 
            "like bootyyyyyyyy booty booty carolinas": 1, 
            "like bootyyyyyyyy booty booty we": 1, 
            "like head, booty, and cock": 3, 
            "like head, sex, and welfare": 4, 
            "like, fellas head, booty, and": 5, 
            "locka like head, booty, and": 1, 
            "mama like head, sex, and": 1, 
            "me hear you say, bootyyyyyyyy": 1, 
            "michael j like head, sex,": 1, 
            "music, 'cause all we wanna": 4, 
            "name of this record called": 1, 
            "need no music, 'cause all": 4, 
            "no ass, bitch, no backstage": 6, 
            "no backstage pass head, booty,": 1, 
            "no backstage pass no ass,": 3, 
            "no backstage pass say, heyyy": 1, 
            "no backstage pass you say,": 1, 
            "no music, 'cause all we": 4, 
            "oakland like bootyyyyyyyy booty booty": 1, 
            "of this record called head,": 1, 
            "opa locka like head, booty,": 1, 
            "overtown like head, booty, and": 1, 
            "party down and play with": 4, 
            "pass head, booty, and cock": 1, 
            "pass no ass, bitch, no": 3, 
            "pass say, heyyy ho hey,": 1, 
            "pass you say, no ass,": 1, 
            "play with pussy too say": 1, 
            "play with pussy too we": 1, 
            "play with pussy too you": 2, 
            "prince like head, sex, and": 1, 
            "pussy too say bootyyyyyyyy booty": 1, 
            "pussy too we don't need": 1, 
            "pussy too you say it": 2, 
            "record called head, booty, and": 1, 
            "say bootyyyyyyyy booty booty you": 1, 
            "say heyyy ho hey, hey,": 1, 
            "say it heyyy ho hey,": 1, 
            "say it we don't need": 2, 
            "say it, fellas bootyyyyyyyy booty": 2, 
            "say, bootyyyyyyyy booty booty you": 1, 
            "say, heyyy ho hey, hey,": 2, 
            "say, no ass, bitch, no": 1, 
            "sex, and welfare checks even": 1, 
            "sex, and welfare checks opa": 1, 
            "sex, and welfare checks we": 1, 
            "sex, and welfare checks what": 1, 
            "sing and dance and party": 4, 
            "sister like head, sex, and": 1, 
            "style like head, booty, and": 1, 
            "this record called head, booty,": 1, 
            "too say bootyyyyyyyy booty booty": 1, 
            "too we don't need no": 1, 
            "too you say it we": 2, 
            "wanna do, is sing and": 4, 
            "we don't need no music,": 4, 
            "we know compton like bootyyyyyyyy": 1, 
            "we know oakland like bootyyyyyyyy": 1, 
            "we wanna do, is sing": 4, 
            "welfare checks even prince like": 1, 
            "welfare checks opa locka like": 1, 
            "welfare checks we don't need": 1, 
            "welfare checks what your mama": 1, 
            "what you like, fellas head,": 5, 
            "what your mama like head,": 1, 
            "what your sister like head,": 1, 
            "with pussy too say bootyyyyyyyy": 1, 
            "with pussy too we don't": 1, 
            "with pussy too you say": 2, 
            "y'all say, heyyy ho hey,": 1, 
            "you like, fellas head, booty,": 5, 
            "you say it heyyy ho": 1, 
            "you say it we don't": 2, 
            "you say it, fellas bootyyyyyyyy": 2, 
            "you say, bootyyyyyyyy booty booty": 1, 
            "you say, no ass, bitch,": 1, 
            "your mama like head, sex,": 1, 
            "your sister like head, sex,": 1
        }, 
        "6": {
            "": 1451, 
            "'cause all we wanna do, is": 4, 
            "all we wanna do, is sing": 4, 
            "and cock ghetto style like head,": 1, 
            "and cock michael j like head,": 1, 
            "and cock name of this record": 1, 
            "and cock no ass, bitch, no": 2, 
            "and cock overtown like head, booty,": 1, 
            "and cock what you like, fellas": 5, 
            "and cock what your sister like": 1, 
            "and dance and party down and": 4, 
            "and party down and play with": 4, 
            "and play with pussy too say": 1, 
            "and play with pussy too we": 1, 
            "and play with pussy too you": 2, 
            "and welfare checks even prince like": 1, 
            "and welfare checks opa locka like": 1, 
            "and welfare checks we don't need": 1, 
            "and welfare checks what your mama": 1, 
            "ass, bitch, no backstage pass head,": 1, 
            "ass, bitch, no backstage pass no": 3, 
            "ass, bitch, no backstage pass say,": 1, 
            "ass, bitch, no backstage pass you": 1, 
            "backstage pass head, booty, and cock": 1, 
            "backstage pass no ass, bitch, no": 3, 
            "backstage pass say, heyyy ho hey,": 1, 
            "backstage pass you say, no ass,": 1, 
            "bitch, no backstage pass head, booty,": 1, 
            "bitch, no backstage pass no ass,": 3, 
            "bitch, no backstage pass say, heyyy": 1, 
            "bitch, no backstage pass you say,": 1, 
            "booty": 1, 
            "booty booty": 1, 
            "booty booty carolinas like bootyyyyyyyy booty": 1, 
            "booty booty let me hear you": 1, 
            "booty booty we know compton like": 1, 
            "booty booty we know oakland like": 1, 
            "booty booty you say it, fellas": 2, 
            "booty carolinas like bootyyyyyyyy booty booty": 1, 
            "booty let me hear you say,": 1, 
            "booty we know compton like bootyyyyyyyy": 1, 
            "booty we know oakland like bootyyyyyyyy": 1, 
            "booty you say it, fellas bootyyyyyyyy": 2, 
            "booty, and cock ghetto style like": 1, 
            "booty, and cock michael j like": 1, 
            "booty, and cock name of this": 1, 
            "booty, and cock no ass, bitch,": 2, 
            "booty, and cock overtown like head,": 1, 
            "booty, and cock what you like,": 5, 
            "booty, and cock what your sister": 1, 
            "bootyyyyyyyy booty booty": 1, 
            "bootyyyyyyyy booty booty carolinas like bootyyyyyyyy": 1, 
            "bootyyyyyyyy booty booty let me hear": 1, 
            "bootyyyyyyyy booty booty we know compton": 1, 
            "bootyyyyyyyy booty booty we know oakland": 1, 
            "bootyyyyyyyy booty booty you say it,": 2, 
            "called head, booty, and cock what": 1, 
            "carolinas like bootyyyyyyyy booty booty": 1, 
            "checks even prince like head, sex,": 1, 
            "checks opa locka like head, booty,": 1, 
            "checks we don't need no music,": 1, 
            "checks what your mama like head,": 1, 
            "cock ghetto style like head, booty,": 1, 
            "cock michael j like head, sex,": 1, 
            "cock name of this record called": 1, 
            "cock no ass, bitch, no backstage": 2, 
            "cock overtown like head, booty, and": 1, 
            "cock what you like, fellas head,": 5, 
            "cock what your sister like head,": 1, 
            "compton like bootyyyyyyyy booty booty carolinas": 1, 
            "dance and party down and play": 4, 
            "do, is sing and dance and": 4, 
            "don't need no music, 'cause all": 4, 
            "down and play with pussy too": 4, 
            "even prince like head, sex, and": 1, 
            "everybody say heyyy ho hey, hey,": 1, 
            "fellas bootyyyyyyyy booty booty let me": 1, 
            "fellas bootyyyyyyyy booty booty we know": 1, 
            "fellas head, booty, and cock ghetto": 1, 
            "fellas head, booty, and cock michael": 1, 
            "fellas head, booty, and cock name": 1, 
            "fellas head, booty, and cock no": 1, 
            "fellas head, booty, and cock what": 1, 
            "ghetto style like head, booty, and": 1, 
            "head, booty, and cock ghetto style": 1, 
            "head, booty, and cock michael j": 1, 
            "head, booty, and cock name of": 1, 
            "head, booty, and cock no ass,": 2, 
            "head, booty, and cock overtown like": 1, 
            "head, booty, and cock what you": 5, 
            "head, booty, and cock what your": 1, 
            "head, sex, and welfare checks even": 1, 
            "head, sex, and welfare checks opa": 1, 
            "head, sex, and welfare checks we": 1, 
            "head, sex, and welfare checks what": 1, 
            "hear you say, bootyyyyyyyy booty booty": 1, 
            "hey ho everybody say heyyy ho": 1, 
            "hey ho head, booty, and cock": 1, 
            "hey ho heyyy ho hey, hey,": 2, 
            "hey ho y'all say, heyyy ho": 1, 
            "hey ho you say it heyyy": 1, 
            "hey, hey ho everybody say heyyy": 1, 
            "hey, hey ho head, booty, and": 1, 
            "hey, hey ho heyyy ho hey,": 2, 
            "hey, hey ho y'all say, heyyy": 1, 
            "hey, hey ho you say it": 1, 
            "hey, hey, hey ho everybody say": 1, 
            "hey, hey, hey ho head, booty,": 1, 
            "hey, hey, hey ho heyyy ho": 2, 
            "hey, hey, hey ho y'all say,": 1, 
            "hey, hey, hey ho you say": 1, 
            "heyyy ho hey, hey, hey ho": 6, 
            "ho everybody say heyyy ho hey,": 1, 
            "ho head, booty, and cock what": 1, 
            "ho hey, hey, hey ho everybody": 1, 
            "ho hey, hey, hey ho head,": 1, 
            "ho hey, hey, hey ho heyyy": 2, 
            "ho hey, hey, hey ho y'all": 1, 
            "ho hey, hey, hey ho you": 1, 
            "ho heyyy ho hey, hey, hey": 2, 
            "ho y'all say, heyyy ho hey,": 1, 
            "ho you say it heyyy ho": 1, 
            "is sing and dance and party": 4, 
            "it heyyy ho hey, hey, hey": 1, 
            "it we don't need no music,": 2, 
            "it, fellas bootyyyyyyyy booty booty let": 1, 
            "it, fellas bootyyyyyyyy booty booty we": 1, 
            "j like head, sex, and welfare": 1, 
            "know compton like bootyyyyyyyy booty booty": 1, 
            "know oakland like bootyyyyyyyy booty booty": 1, 
            "let me hear you say, bootyyyyyyyy": 1, 
            "like bootyyyyyyyy booty booty": 1, 
            "like bootyyyyyyyy booty booty carolinas like": 1, 
            "like bootyyyyyyyy booty booty we know": 1, 
            "like head, booty, and cock no": 1, 
            "like head, booty, and cock overtown": 1, 
            "like head, booty, and cock what": 1, 
            "like head, sex, and welfare checks": 4, 
            "like, fellas head, booty, and cock": 5, 
            "locka like head, booty, and cock": 1, 
            "mama like head, sex, and welfare": 1, 
            "me hear you say, bootyyyyyyyy booty": 1, 
            "michael j like head, sex, and": 1, 
            "music, 'cause all we wanna do,": 4, 
            "name of this record called head,": 1, 
            "need no music, 'cause all we": 4, 
            "no ass, bitch, no backstage pass": 6, 
            "no backstage pass head, booty, and": 1, 
            "no backstage pass no ass, bitch,": 3, 
            "no backstage pass say, heyyy ho": 1, 
            "no backstage pass you say, no": 1, 
            "no music, 'cause all we wanna": 4, 
            "oakland like bootyyyyyyyy booty booty we": 1, 
            "of this record called head, booty,": 1, 
            "opa locka like head, booty, and": 1, 
            "overtown like head, booty, and cock": 1, 
            "party down and play with pussy": 4, 
            "pass head, booty, and cock what": 1, 
            "pass no ass, bitch, no backstage": 3, 
            "pass say, heyyy ho hey, hey,": 1, 
            "pass you say, no ass, bitch,": 1, 
            "play with pussy too say bootyyyyyyyy": 1, 
            "play with pussy too we don't": 1, 
            "play with pussy too you say": 2, 
            "prince like head, sex, and welfare": 1, 
            "pussy too say bootyyyyyyyy booty booty": 1, 
            "pussy too we don't need no": 1, 
            "pussy too you say it we": 2, 
            "record called head, booty, and cock": 1, 
            "say bootyyyyyyyy booty booty you say": 1, 
            "say heyyy ho hey, hey, hey": 1, 
            "say it heyyy ho hey, hey,": 1, 
            "say it we don't need no": 2, 
            "say it, fellas bootyyyyyyyy booty booty": 2, 
            "say, bootyyyyyyyy booty booty you say": 1, 
            "say, heyyy ho hey, hey, hey": 2, 
            "say, no ass, bitch, no backstage": 1, 
            "sex, and welfare checks even prince": 1, 
            "sex, and welfare checks opa locka": 1, 
            "sex, and welfare checks we don't": 1, 
            "sex, and welfare checks what your": 1, 
            "sing and dance and party down": 4, 
            "sister like head, sex, and welfare": 1, 
            "style like head, booty, and cock": 1, 
            "this record called head, booty, and": 1, 
            "too say bootyyyyyyyy booty booty you": 1, 
            "too we don't need no music,": 1, 
            "too you say it we don't": 2, 
            "wanna do, is sing and dance": 4, 
            "we don't need no music, 'cause": 4, 
            "we know compton like bootyyyyyyyy booty": 1, 
            "we know oakland like bootyyyyyyyy booty": 1, 
            "we wanna do, is sing and": 4, 
            "welfare checks even prince like head,": 1, 
            "welfare checks opa locka like head,": 1, 
            "welfare checks we don't need no": 1, 
            "welfare checks what your mama like": 1, 
            "what you like, fellas head, booty,": 5, 
            "what your mama like head, sex,": 1, 
            "what your sister like head, sex,": 1, 
            "with pussy too say bootyyyyyyyy booty": 1, 
            "with pussy too we don't need": 1, 
            "with pussy too you say it": 2, 
            "y'all say, heyyy ho hey, hey,": 1, 
            "you like, fellas head, booty, and": 5, 
            "you say it heyyy ho hey,": 1, 
            "you say it we don't need": 2, 
            "you say it, fellas bootyyyyyyyy booty": 2, 
            "you say, bootyyyyyyyy booty booty you": 1, 
            "you say, no ass, bitch, no": 1, 
            "your mama like head, sex, and": 1, 
            "your sister like head, sex, and": 1
        }, 
        "7": {
            "": 1450, 
            "'cause all we wanna do, is sing": 4, 
            "all we wanna do, is sing and": 4, 
            "and cock ghetto style like head, booty,": 1, 
            "and cock michael j like head, sex,": 1, 
            "and cock name of this record called": 1, 
            "and cock no ass, bitch, no backstage": 2, 
            "and cock overtown like head, booty, and": 1, 
            "and cock what you like, fellas head,": 5, 
            "and cock what your sister like head,": 1, 
            "and dance and party down and play": 4, 
            "and party down and play with pussy": 4, 
            "and play with pussy too say bootyyyyyyyy": 1, 
            "and play with pussy too we don't": 1, 
            "and play with pussy too you say": 2, 
            "and welfare checks even prince like head,": 1, 
            "and welfare checks opa locka like head,": 1, 
            "and welfare checks we don't need no": 1, 
            "and welfare checks what your mama like": 1, 
            "ass, bitch, no backstage pass head, booty,": 1, 
            "ass, bitch, no backstage pass no ass,": 3, 
            "ass, bitch, no backstage pass say, heyyy": 1, 
            "ass, bitch, no backstage pass you say,": 1, 
            "backstage pass head, booty, and cock what": 1, 
            "backstage pass no ass, bitch, no backstage": 3, 
            "backstage pass say, heyyy ho hey, hey,": 1, 
            "backstage pass you say, no ass, bitch,": 1, 
            "bitch, no backstage pass head, booty, and": 1, 
            "bitch, no backstage pass no ass, bitch,": 3, 
            "bitch, no backstage pass say, heyyy ho": 1, 
            "bitch, no backstage pass you say, no": 1, 
            "booty": 1, 
            "booty booty": 1, 
            "booty booty carolinas like bootyyyyyyyy booty booty": 1, 
            "booty booty let me hear you say,": 1, 
            "booty booty we know compton like bootyyyyyyyy": 1, 
            "booty booty we know oakland like bootyyyyyyyy": 1, 
            "booty booty you say it, fellas bootyyyyyyyy": 2, 
            "booty carolinas like bootyyyyyyyy booty booty": 1, 
            "booty let me hear you say, bootyyyyyyyy": 1, 
            "booty we know compton like bootyyyyyyyy booty": 1, 
            "booty we know oakland like bootyyyyyyyy booty": 1, 
            "booty you say it, fellas bootyyyyyyyy booty": 2, 
            "booty, and cock ghetto style like head,": 1, 
            "booty, and cock michael j like head,": 1, 
            "booty, and cock name of this record": 1, 
            "booty, and cock no ass, bitch, no": 2, 
            "booty, and cock overtown like head, booty,": 1, 
            "booty, and cock what you like, fellas": 5, 
            "booty, and cock what your sister like": 1, 
            "bootyyyyyyyy booty booty": 1, 
            "bootyyyyyyyy booty booty carolinas like bootyyyyyyyy booty": 1, 
            "bootyyyyyyyy booty booty let me hear you": 1, 
            "bootyyyyyyyy booty booty we know compton like": 1, 
            "bootyyyyyyyy booty booty we know oakland like": 1, 
            "bootyyyyyyyy booty booty you say it, fellas": 2, 
            "called head, booty, and cock what you": 1, 
            "carolinas like bootyyyyyyyy booty booty": 1, 
            "checks even prince like head, sex, and": 1, 
            "checks opa locka like head, booty, and": 1, 
            "checks we don't need no music, 'cause": 1, 
            "checks what your mama like head, sex,": 1, 
            "cock ghetto style like head, booty, and": 1, 
            "cock michael j like head, sex, and": 1, 
            "cock name of this record called head,": 1, 
            "cock no ass, bitch, no backstage pass": 2, 
            "cock overtown like head, booty, and cock": 1, 
            "cock what you like, fellas head, booty,": 5, 
            "cock what your sister like head, sex,": 1, 
            "compton like bootyyyyyyyy booty booty carolinas like": 1, 
            "dance and party down and play with": 4, 
            "do, is sing and dance and party": 4, 
            "don't need no music, 'cause all we": 4, 
            "down and play with pussy too say": 1, 
            "down and play with pussy too we": 1, 
            "down and play with pussy too you": 2, 
            "even prince like head, sex, and welfare": 1, 
            "everybody say heyyy ho hey, hey, hey": 1, 
            "fellas bootyyyyyyyy booty booty let me hear": 1, 
            "fellas bootyyyyyyyy booty booty we know oakland": 1, 
            "fellas head, booty, and cock ghetto style": 1, 
            "fellas head, booty, and cock michael j": 1, 
            "fellas head, booty, and cock name of": 1, 
            "fellas head, booty, and cock no ass,": 1, 
            "fellas head, booty, and cock what you": 1, 
            "ghetto style like head, booty, and cock": 1, 
            "head, booty, and cock ghetto style like": 1, 
            "head, booty, and cock michael j like": 1, 
            "head, booty, and cock name of this": 1, 
            "head, booty, and cock no ass, bitch,": 2, 
            "head, booty, and cock overtown like head,": 1, 
            "head, booty, and cock what you like,": 5, 
            "head, booty, and cock what your sister": 1, 
            "head, sex, and welfare checks even prince": 1, 
            "head, sex, and welfare checks opa locka": 1, 
            "head, sex, and welfare checks we don't": 1, 
            "head, sex, and welfare checks what your": 1, 
            "hear you say, bootyyyyyyyy booty booty you": 1, 
            "hey ho everybody say heyyy ho hey,": 1, 
            "hey ho head, booty, and cock what": 1, 
            "hey ho heyyy ho hey, hey, hey": 2, 
            "hey ho y'all say, heyyy ho hey,": 1, 
            "hey ho you say it heyyy ho": 1, 
            "hey, hey ho everybody say heyyy ho": 1, 
            "hey, hey ho head, booty, and cock": 1, 
            "hey, hey ho heyyy ho hey, hey,": 2, 
            "hey, hey ho y'all say, heyyy ho": 1, 
            "hey, hey ho you say it heyyy": 1, 
            "hey, hey, hey ho everybody say heyyy": 1, 
            "hey, hey, hey ho head, booty, and": 1, 
            "hey, hey, hey ho heyyy ho hey,": 2, 
            "hey, hey, hey ho y'all say, heyyy": 1, 
            "hey, hey, hey ho you say it": 1, 
            "heyyy ho hey, hey, hey ho everybody": 1, 
            "heyyy ho hey, hey, hey ho head,": 1, 
            "heyyy ho hey, hey, hey ho heyyy": 2, 
            "heyyy ho hey, hey, hey ho y'all": 1, 
            "heyyy ho hey, hey, hey ho you": 1, 
            "ho everybody say heyyy ho hey, hey,": 1, 
            "ho head, booty, and cock what you": 1, 
            "ho hey, hey, hey ho everybody say": 1, 
            "ho hey, hey, hey ho head, booty,": 1, 
            "ho hey, hey, hey ho heyyy ho": 2, 
            "ho hey, hey, hey ho y'all say,": 1, 
            "ho hey, hey, hey ho you say": 1, 
            "ho heyyy ho hey, hey, hey ho": 2, 
            "ho y'all say, heyyy ho hey, hey,": 1, 
            "ho you say it heyyy ho hey,": 1, 
            "is sing and dance and party down": 4, 
            "it heyyy ho hey, hey, hey ho": 1, 
            "it we don't need no music, 'cause": 2, 
            "it, fellas bootyyyyyyyy booty booty let me": 1, 
            "it, fellas bootyyyyyyyy booty booty we know": 1, 
            "j like head, sex, and welfare checks": 1, 
            "know compton like bootyyyyyyyy booty booty carolinas": 1, 
            "know oakland like bootyyyyyyyy booty booty we": 1, 
            "let me hear you say, bootyyyyyyyy booty": 1, 
            "like bootyyyyyyyy booty booty": 1, 
            "like bootyyyyyyyy booty booty carolinas like bootyyyyyyyy": 1, 
            "like bootyyyyyyyy booty booty we know compton": 1, 
            "like head, booty, and cock no ass,": 1, 
            "like head, booty, and cock overtown like": 1, 
            "like head, booty, and cock what your": 1, 
            "like head, sex, and welfare checks even": 1, 
            "like head, sex, and welfare checks opa": 1, 
            "like head, sex, and welfare checks we": 1, 
            "like head, sex, and welfare checks what": 1, 
            "like, fellas head, booty, and cock ghetto": 1, 
            "like, fellas head, booty, and cock michael": 1, 
            "like, fellas head, booty, and cock name": 1, 
            "like, fellas head, booty, and cock no": 1, 
            "like, fellas head, booty, and cock what": 1, 
            "locka like head, booty, and cock overtown": 1, 
            "mama like head, sex, and welfare checks": 1, 
            "me hear you say, bootyyyyyyyy booty booty": 1, 
            "michael j like head, sex, and welfare": 1, 
            "music, 'cause all we wanna do, is": 4, 
            "name of this record called head, booty,": 1, 
            "need no music, 'cause all we wanna": 4, 
            "no ass, bitch, no backstage pass head,": 1, 
            "no ass, bitch, no backstage pass no": 3, 
            "no ass, bitch, no backstage pass say,": 1, 
            "no ass, bitch, no backstage pass you": 1, 
            "no backstage pass head, booty, and cock": 1, 
            "no backstage pass no ass, bitch, no": 3, 
            "no backstage pass say, heyyy ho hey,": 1, 
            "no backstage pass you say, no ass,": 1, 
            "no music, 'cause all we wanna do,": 4, 
            "oakland like bootyyyyyyyy booty booty we know": 1, 
            "of this record called head, booty, and": 1, 
            "opa locka like head, booty, and cock": 1, 
            "overtown like head, booty, and cock no": 1, 
            "party down and play with pussy too": 4, 
            "pass head, booty, and cock what you": 1, 
            "pass no ass, bitch, no backstage pass": 3, 
            "pass say, heyyy ho hey, hey, hey": 1, 
            "pass you say, no ass, bitch, no": 1, 
            "play with pussy too say bootyyyyyyyy booty": 1, 
            "play with pussy too we don't need": 1, 
            "play with pussy too you say it": 2, 
            "prince like head, sex, and welfare checks": 1, 
            "pussy too say bootyyyyyyyy booty booty you": 1, 
            "pussy too we don't need no music,": 1, 
            "pussy too you say it we don't": 2, 
            "record called head, booty, and cock what": 1, 
            "say bootyyyyyyyy booty booty you say it,": 1, 
            "say heyyy ho hey, hey, hey ho": 1, 
            "say it heyyy ho hey, hey, hey": 1, 
            "say it we don't need no music,": 2, 
            "say it, fellas bootyyyyyyyy booty booty let": 1, 
            "say it, fellas bootyyyyyyyy booty booty we": 1, 
            "say, bootyyyyyyyy booty booty you say it,": 1, 
            "say, heyyy ho hey, hey, hey ho": 2, 
            "say, no ass, bitch, no backstage pass": 1, 
            "sex, and welfare checks even prince like": 1, 
            "sex, and welfare checks opa locka like": 1, 
            "sex, and welfare checks we don't need": 1, 
            "sex, and welfare checks what your mama": 1, 
            "sing and dance and party down and": 4, 
            "sister like head, sex, and welfare checks": 1, 
            "style like head, booty, and cock what": 1, 
            "this record called head, booty, and cock": 1, 
            "too say bootyyyyyyyy booty booty you say": 1, 
            "too we don't need no music, 'cause": 1, 
            "too you say it we don't need": 2, 
            "wanna do, is sing and dance and": 4, 
            "we don't need no music, 'cause all": 4, 
            "we know compton like bootyyyyyyyy booty booty": 1, 
            "we know oakland like bootyyyyyyyy booty booty": 1, 
            "we wanna do, is sing and dance": 4, 
            "welfare checks even prince like head, sex,": 1, 
            "welfare checks opa locka like head, booty,": 1, 
            "welfare checks we don't need no music,": 1, 
            "welfare checks what your mama like head,": 1, 
            "what you like, fellas head, booty, and": 5, 
            "what your mama like head, sex, and": 1, 
            "what your sister like head, sex, and": 1, 
            "with pussy too say bootyyyyyyyy booty booty": 1, 
            "with pussy too we don't need no": 1, 
            "with pussy too you say it we": 2, 
            "y'all say, heyyy ho hey, hey, hey": 1, 
            "you like, fellas head, booty, and cock": 5, 
            "you say it heyyy ho hey, hey,": 1, 
            "you say it we don't need no": 2, 
            "you say it, fellas bootyyyyyyyy booty booty": 2, 
            "you say, bootyyyyyyyy booty booty you say": 1, 
            "you say, no ass, bitch, no backstage": 1, 
            "your mama like head, sex, and welfare": 1, 
            "your sister like head, sex, and welfare": 1
        }, 
        "8": {
            "": 1449, 
            "'cause all we wanna do, is sing and": 4, 
            "all we wanna do, is sing and dance": 4, 
            "and cock ghetto style like head, booty, and": 1, 
            "and cock michael j like head, sex, and": 1, 
            "and cock name of this record called head,": 1, 
            "and cock no ass, bitch, no backstage pass": 2, 
            "and cock overtown like head, booty, and cock": 1, 
            "and cock what you like, fellas head, booty,": 5, 
            "and cock what your sister like head, sex,": 1, 
            "and dance and party down and play with": 4, 
            "and party down and play with pussy too": 4, 
            "and play with pussy too say bootyyyyyyyy booty": 1, 
            "and play with pussy too we don't need": 1, 
            "and play with pussy too you say it": 2, 
            "and welfare checks even prince like head, sex,": 1, 
            "and welfare checks opa locka like head, booty,": 1, 
            "and welfare checks we don't need no music,": 1, 
            "and welfare checks what your mama like head,": 1, 
            "ass, bitch, no backstage pass head, booty, and": 1, 
            "ass, bitch, no backstage pass no ass, bitch,": 3, 
            "ass, bitch, no backstage pass say, heyyy ho": 1, 
            "ass, bitch, no backstage pass you say, no": 1, 
            "backstage pass head, booty, and cock what you": 1, 
            "backstage pass no ass, bitch, no backstage pass": 3, 
            "backstage pass say, heyyy ho hey, hey, hey": 1, 
            "backstage pass you say, no ass, bitch, no": 1, 
            "bitch, no backstage pass head, booty, and cock": 1, 
            "bitch, no backstage pass no ass, bitch, no": 3, 
            "bitch, no backstage pass say, heyyy ho hey,": 1, 
            "bitch, no backstage pass you say, no ass,": 1, 
            "booty": 1, 
            "booty booty": 1, 
            "booty booty carolinas like bootyyyyyyyy booty booty": 1, 
            "booty booty let me hear you say, bootyyyyyyyy": 1, 
            "booty booty we know compton like bootyyyyyyyy booty": 1, 
            "booty booty we know oakland like bootyyyyyyyy booty": 1, 
            "booty booty you say it, fellas bootyyyyyyyy booty": 2, 
            "booty carolinas like bootyyyyyyyy booty booty": 1, 
            "booty let me hear you say, bootyyyyyyyy booty": 1, 
            "booty we know compton like bootyyyyyyyy booty booty": 1, 
            "booty we know oakland like bootyyyyyyyy booty booty": 1, 
            "booty you say it, fellas bootyyyyyyyy booty booty": 2, 
            "booty, and cock ghetto style like head, booty,": 1, 
            "booty, and cock michael j like head, sex,": 1, 
            "booty, and cock name of this record called": 1, 
            "booty, and cock no ass, bitch, no backstage": 2, 
            "booty, and cock overtown like head, booty, and": 1, 
            "booty, and cock what you like, fellas head,": 5, 
            "booty, and cock what your sister like head,": 1, 
            "bootyyyyyyyy booty booty": 1, 
            "bootyyyyyyyy booty booty carolinas like bootyyyyyyyy booty booty": 1, 
            "bootyyyyyyyy booty booty let me hear you say,": 1, 
            "bootyyyyyyyy booty booty we know compton like bootyyyyyyyy": 1, 
            "bootyyyyyyyy booty booty we know oakland like bootyyyyyyyy": 1, 
            "bootyyyyyyyy booty booty you say it, fellas bootyyyyyyyy": 2, 
            "called head, booty, and cock what you like,": 1, 
            "carolinas like bootyyyyyyyy booty booty": 1, 
            "checks even prince like head, sex, and welfare": 1, 
            "checks opa locka like head, booty, and cock": 1, 
            "checks we don't need no music, 'cause all": 1, 
            "checks what your mama like head, sex, and": 1, 
            "cock ghetto style like head, booty, and cock": 1, 
            "cock michael j like head, sex, and welfare": 1, 
            "cock name of this record called head, booty,": 1, 
            "cock no ass, bitch, no backstage pass no": 2, 
            "cock overtown like head, booty, and cock no": 1, 
            "cock what you like, fellas head, booty, and": 5, 
            "cock what your sister like head, sex, and": 1, 
            "compton like bootyyyyyyyy booty booty carolinas like bootyyyyyyyy": 1, 
            "dance and party down and play with pussy": 4, 
            "do, is sing and dance and party down": 4, 
            "don't need no music, 'cause all we wanna": 4, 
            "down and play with pussy too say bootyyyyyyyy": 1, 
            "down and play with pussy too we don't": 1, 
            "down and play with pussy too you say": 2, 
            "even prince like head, sex, and welfare checks": 1, 
            "everybody say heyyy ho hey, hey, hey ho": 1, 
            "fellas bootyyyyyyyy booty booty let me hear you": 1, 
            "fellas bootyyyyyyyy booty booty we know oakland like": 1, 
            "fellas head, booty, and cock ghetto style like": 1, 
            "fellas head, booty, and cock michael j like": 1, 
            "fellas head, booty, and cock name of this": 1, 
            "fellas head, booty, and cock no ass, bitch,": 1, 
            "fellas head, booty, and cock what you like,": 1, 
            "ghetto style like head, booty, and cock what": 1, 
            "head, booty, and cock ghetto style like head,": 1, 
            "head, booty, and cock michael j like head,": 1, 
            "head, booty, and cock name of this record": 1, 
            "head, booty, and cock no ass, bitch, no": 2, 
            "head, booty, and cock overtown like head, booty,": 1, 
            "head, booty, and cock what you like, fellas": 5, 
            "head, booty, and cock what your sister like": 1, 
            "head, sex, and welfare checks even prince like": 1, 
            "head, sex, and welfare checks opa locka like": 1, 
            "head, sex, and welfare checks we don't need": 1, 
            "head, sex, and welfare checks what your mama": 1, 
            "hear you say, bootyyyyyyyy booty booty you say": 1, 
            "hey ho everybody say heyyy ho hey, hey,": 1, 
            "hey ho head, booty, and cock what you": 1, 
            "hey ho heyyy ho hey, hey, hey ho": 2, 
            "hey ho y'all say, heyyy ho hey, hey,": 1, 
            "hey ho you say it heyyy ho hey,": 1, 
            "hey, hey ho everybody say heyyy ho hey,": 1, 
            "hey, hey ho head, booty, and cock what": 1, 
            "hey, hey ho heyyy ho hey, hey, hey": 2, 
            "hey, hey ho y'all say, heyyy ho hey,": 1, 
            "hey, hey ho you say it heyyy ho": 1, 
            "hey, hey, hey ho everybody say heyyy ho": 1, 
            "hey, hey, hey ho head, booty, and cock": 1, 
            "hey, hey, hey ho heyyy ho hey, hey,": 2, 
            "hey, hey, hey ho y'all say, heyyy ho": 1, 
            "hey, hey, hey ho you say it heyyy": 1, 
            "heyyy ho hey, hey, hey ho everybody say": 1, 
            "heyyy ho hey, hey, hey ho head, booty,": 1, 
            "heyyy ho hey, hey, hey ho heyyy ho": 2, 
            "heyyy ho hey, hey, hey ho y'all say,": 1, 
            "heyyy ho hey, hey, hey ho you say": 1, 
            "ho everybody say heyyy ho hey, hey, hey": 1, 
            "ho head, booty, and cock what you like,": 1, 
            "ho hey, hey, hey ho everybody say heyyy": 1, 
            "ho hey, hey, hey ho head, booty, and": 1, 
            "ho hey, hey, hey ho heyyy ho hey,": 2, 
            "ho hey, hey, hey ho y'all say, heyyy": 1, 
            "ho hey, hey, hey ho you say it": 1, 
            "ho heyyy ho hey, hey, hey ho everybody": 1, 
            "ho heyyy ho hey, hey, hey ho head,": 1, 
            "ho y'all say, heyyy ho hey, hey, hey": 1, 
            "ho you say it heyyy ho hey, hey,": 1, 
            "is sing and dance and party down and": 4, 
            "it heyyy ho hey, hey, hey ho y'all": 1, 
            "it we don't need no music, 'cause all": 2, 
            "it, fellas bootyyyyyyyy booty booty let me hear": 1, 
            "it, fellas bootyyyyyyyy booty booty we know oakland": 1, 
            "j like head, sex, and welfare checks even": 1, 
            "know compton like bootyyyyyyyy booty booty carolinas like": 1, 
            "know oakland like bootyyyyyyyy booty booty we know": 1, 
            "let me hear you say, bootyyyyyyyy booty booty": 1, 
            "like bootyyyyyyyy booty booty": 1, 
            "like bootyyyyyyyy booty booty carolinas like bootyyyyyyyy booty": 1, 
            "like bootyyyyyyyy booty booty we know compton like": 1, 
            "like head, booty, and cock no ass, bitch,": 1, 
            "like head, booty, and cock overtown like head,": 1, 
            "like head, booty, and cock what your sister": 1, 
            "like head, sex, and welfare checks even prince": 1, 
            "like head, sex, and welfare checks opa locka": 1, 
            "like head, sex, and welfare checks we don't": 1, 
            "like head, sex, and welfare checks what your": 1, 
            "like, fellas head, booty, and cock ghetto style": 1, 
            "like, fellas head, booty, and cock michael j": 1, 
            "like, fellas head, booty, and cock name of": 1, 
            "like, fellas head, booty, and cock no ass,": 1, 
            "like, fellas head, booty, and cock what you": 1, 
            "locka like head, booty, and cock overtown like": 1, 
            "mama like head, sex, and welfare checks opa": 1, 
            "me hear you say, bootyyyyyyyy booty booty you": 1, 
            "michael j like head, sex, and welfare checks": 1, 
            "music, 'cause all we wanna do, is sing": 4, 
            "name of this record called head, booty, and": 1, 
            "need no music, 'cause all we wanna do,": 4, 
            "no ass, bitch, no backstage pass head, booty,": 1, 
            "no ass, bitch, no backstage pass no ass,": 3, 
            "no ass, bitch, no backstage pass say, heyyy": 1, 
            "no ass, bitch, no backstage pass you say,": 1, 
            "no backstage pass head, booty, and cock what": 1, 
            "no backstage pass no ass, bitch, no backstage": 3, 
            "no backstage pass say, heyyy ho hey, hey,": 1, 
            "no backstage pass you say, no ass, bitch,": 1, 
            "no music, 'cause all we wanna do, is": 4, 
            "oakland like bootyyyyyyyy booty booty we know compton": 1, 
            "of this record called head, booty, and cock": 1, 
            "opa locka like head, booty, and cock overtown": 1, 
            "overtown like head, booty, and cock no ass,": 1, 
            "party down and play with pussy too say": 1, 
            "party down and play with pussy too we": 1, 
            "party down and play with pussy too you": 2, 
            "pass head, booty, and cock what you like,": 1, 
            "pass no ass, bitch, no backstage pass head,": 1, 
            "pass no ass, bitch, no backstage pass say,": 1, 
            "pass no ass, bitch, no backstage pass you": 1, 
            "pass say, heyyy ho hey, hey, hey ho": 1, 
            "pass you say, no ass, bitch, no backstage": 1, 
            "play with pussy too say bootyyyyyyyy booty booty": 1, 
            "play with pussy too we don't need no": 1, 
            "play with pussy too you say it we": 2, 
            "prince like head, sex, and welfare checks we": 1, 
            "pussy too say bootyyyyyyyy booty booty you say": 1, 
            "pussy too we don't need no music, 'cause": 1, 
            "pussy too you say it we don't need": 2, 
            "record called head, booty, and cock what you": 1, 
            "say bootyyyyyyyy booty booty you say it, fellas": 1, 
            "say heyyy ho hey, hey, hey ho heyyy": 1, 
            "say it heyyy ho hey, hey, hey ho": 1, 
            "say it we don't need no music, 'cause": 2, 
            "say it, fellas bootyyyyyyyy booty booty let me": 1, 
            "say it, fellas bootyyyyyyyy booty booty we know": 1, 
            "say, bootyyyyyyyy booty booty you say it, fellas": 1, 
            "say, heyyy ho hey, hey, hey ho heyyy": 1, 
            "say, heyyy ho hey, hey, hey ho you": 1, 
            "say, no ass, bitch, no backstage pass no": 1, 
            "sex, and welfare checks even prince like head,": 1, 
            "sex, and welfare checks opa locka like head,": 1, 
            "sex, and welfare checks we don't need no": 1, 
            "sex, and welfare checks what your mama like": 1, 
            "sing and dance and party down and play": 4, 
            "sister like head, sex, and welfare checks what": 1, 
            "style like head, booty, and cock what your": 1, 
            "this record called head, booty, and cock what": 1, 
            "too say bootyyyyyyyy booty booty you say it,": 1, 
            "too we don't need no music, 'cause all": 1, 
            "too you say it we don't need no": 2, 
            "wanna do, is sing and dance and party": 4, 
            "we don't need no music, 'cause all we": 4, 
            "we know compton like bootyyyyyyyy booty booty carolinas": 1, 
            "we know oakland like bootyyyyyyyy booty booty we": 1, 
            "we wanna do, is sing and dance and": 4, 
            "welfare checks even prince like head, sex, and": 1, 
            "welfare checks opa locka like head, booty, and": 1, 
            "welfare checks we don't need no music, 'cause": 1, 
            "welfare checks what your mama like head, sex,": 1, 
            "what you like, fellas head, booty, and cock": 5, 
            "what your mama like head, sex, and welfare": 1, 
            "what your sister like head, sex, and welfare": 1, 
            "with pussy too say bootyyyyyyyy booty booty you": 1, 
            "with pussy too we don't need no music,": 1, 
            "with pussy too you say it we don't": 2, 
            "y'all say, heyyy ho hey, hey, hey ho": 1, 
            "you like, fellas head, booty, and cock ghetto": 1, 
            "you like, fellas head, booty, and cock michael": 1, 
            "you like, fellas head, booty, and cock name": 1, 
            "you like, fellas head, booty, and cock no": 1, 
            "you like, fellas head, booty, and cock what": 1, 
            "you say it heyyy ho hey, hey, hey": 1, 
            "you say it we don't need no music,": 2, 
            "you say it, fellas bootyyyyyyyy booty booty let": 1, 
            "you say it, fellas bootyyyyyyyy booty booty we": 1, 
            "you say, bootyyyyyyyy booty booty you say it,": 1, 
            "you say, no ass, bitch, no backstage pass": 1, 
            "your mama like head, sex, and welfare checks": 1, 
            "your sister like head, sex, and welfare checks": 1
        }
    }, 
    "song_title": "H-B-C (Head, Booty, and Cock)", 
    "total_words": [
        336, 
        {
            "'cause": 4, 
            "all": 4, 
            "and": 28, 
            "ass,": 6, 
            "backstage": 6, 
            "bitch,": 6, 
            "booty": 14, 
            "booty,": 12, 
            "bootyyyyyyyy": 7, 
            "called": 1, 
            "carolinas": 1, 
            "checks": 4, 
            "cock": 12, 
            "compton": 1, 
            "dance": 4, 
            "do,": 4, 
            "don't": 4, 
            "down": 4, 
            "even": 1, 
            "everybody": 1, 
            "fellas": 7, 
            "ghetto": 1, 
            "head,": 16, 
            "hear": 1, 
            "hey": 6, 
            "hey,": 12, 
            "heyyy": 6, 
            "ho": 12, 
            "is": 4, 
            "it": 3, 
            "it,": 2, 
            "j": 1, 
            "know": 2, 
            "let": 1, 
            "like": 10, 
            "like,": 5, 
            "locka": 1, 
            "mama": 1, 
            "me": 1, 
            "michael": 1, 
            "music,": 4, 
            "name": 1, 
            "need": 4, 
            "no": 16, 
            "oakland": 1, 
            "of": 1, 
            "opa": 1, 
            "overtown": 1, 
            "party": 4, 
            "pass": 6, 
            "play": 4, 
            "prince": 1, 
            "pussy": 4, 
            "record": 1, 
            "say": 7, 
            "say,": 4, 
            "sex,": 4, 
            "sing": 4, 
            "sister": 1, 
            "style": 1, 
            "this": 1, 
            "too": 4, 
            "wanna": 4, 
            "we": 10, 
            "welfare": 4, 
            "what": 7, 
            "with": 4, 
            "y'all": 1, 
            "you": 12, 
            "your": 2
        }
    ], 
    "unique_words": [
        70, 
        [
            "y'all", 
            "all", 
            "don't", 
            "dance", 
            "pussy", 
            "down", 
            "welfare", 
            "fellas", 
            "bitch,", 
            "oakland", 
            "prince", 
            "carolinas", 
            "everybody", 
            "ass,", 
            "style", 
            "hey", 
            "too", 
            "mama", 
            "it,", 
            "like,", 
            "hear", 
            "opa", 
            "with", 
            "ghetto", 
            "me", 
            "name", 
            "this", 
            "j", 
            "michael", 
            "record", 
            "booty,", 
            "head,", 
            "cock", 
            "called", 
            "and", 
            "locka", 
            "booty", 
            "is", 
            "sex,", 
            "it", 
            "say", 
            "pass", 
            "need", 
            "bootyyyyyyyy", 
            "even", 
            "what", 
            "do,", 
            "no", 
            "your", 
            "party", 
            "you", 
            "checks", 
            "play", 
            "hey,", 
            "like", 
            "let", 
            "'cause", 
            "music,", 
            "sing", 
            "say,", 
            "overtown", 
            "sister", 
            "we", 
            "of", 
            "compton", 
            "ho", 
            "heyyy", 
            "backstage", 
            "wanna", 
            "know"
        ]
    ], 
    "year": 1987
}