{
    "album": "Move Somethin'", 
    "artist": "2 Live Crew", 
    "lyrics": "I've been wanting to tell you this for a while\nI like your fake blue eyes and your hoey style\nSo let's go for a walk through the park\nYou can suck my dick in the dark\nAnd just do what I ask; bitch, bend over\nLet me ride your backside like dogs do each other\nI know that you're with it, so don't start frontin'\nI don't wanna be your man; I wanna MOVE SOMETHIN'!\n\n\n\n\nListen up, baby, you look real pretty\nLet me pull up your shirt and suck your titties\nYes, pretty lady, I love you so\nSince the time we met, my dick has grown\nYou had other men; now it's my chance\nGive me some time to take off my pants\nThe time has come; don't be frontin'\nJust drop them draws, and let's MOVE SOMETHIN'!\n\n\n\n\nLet's rent a room at a fuck-motel\nThen play this game called \"Ring the Sleigh Bells\"\nPut the \"Do not disturb\" sign on the door\nAnd ride this dick 'till it gets sore\nThen open your legs, put 'em in the buck\n'Cause that's the way I like to fuck\nIt's real simple; it's not really nothin'\nAll you have to do is MOVE SOMETHIN'!\n\n\n\n\nLook, baby doll, don't lie or front\nYou know what I need and I know what you want\nLet's go to the beach, we'll lay in the sand\nAnd I'll prove to you that I'm a real man\nAnd the way it felt, it was real tight\nIt chilled my body and the feeling was right\nIt's all for love; it's you I've been wantin'\nJust roll those hips and let's MOVE SOMETHIN'!\n", 
    "ngrams": {
        "2": {
            "": 1068, 
            "'cause that's": 1, 
            "'em in": 1, 
            "'till it": 1, 
            "a fuck-motel": 1, 
            "a real": 1, 
            "a room": 1, 
            "a walk": 1, 
            "a while": 1, 
            "all for": 1, 
            "all you": 1, 
            "and i": 1, 
            "and i'll": 1, 
            "and just": 1, 
            "and let's": 2, 
            "and ride": 1, 
            "and suck": 1, 
            "and the": 2, 
            "and your": 1, 
            "ask bitch,": 1, 
            "at a": 1, 
            "baby doll,": 1, 
            "baby, you": 1, 
            "backside like": 1, 
            "be frontin'": 1, 
            "be your": 1, 
            "beach, we'll": 1, 
            "been wantin'": 1, 
            "been wanting": 1, 
            "bells put": 1, 
            "bend over": 1, 
            "bitch, bend": 1, 
            "blue eyes": 1, 
            "body and": 1, 
            "buck 'cause": 1, 
            "called ring": 1, 
            "can suck": 1, 
            "chance give": 1, 
            "chilled my": 1, 
            "come don't": 1, 
            "dark and": 1, 
            "dick 'till": 1, 
            "dick has": 1, 
            "dick in": 1, 
            "disturb sign": 1, 
            "do each": 1, 
            "do is": 1, 
            "do not": 1, 
            "do what": 1, 
            "dogs do": 1, 
            "doll, don't": 1, 
            "don't be": 1, 
            "don't lie": 1, 
            "don't start": 1, 
            "don't wanna": 1, 
            "door and": 1, 
            "draws, and": 1, 
            "drop them": 1, 
            "each other": 1, 
            "eyes and": 1, 
            "fake blue": 1, 
            "feeling was": 1, 
            "felt, it": 1, 
            "for a": 2, 
            "for love": 1, 
            "front you": 1, 
            "frontin' i": 1, 
            "frontin' just": 1, 
            "fuck it's": 1, 
            "fuck-motel then": 1, 
            "game called": 1, 
            "gets sore": 1, 
            "give me": 1, 
            "go for": 1, 
            "go to": 1, 
            "grown you": 1, 
            "had other": 1, 
            "has come": 1, 
            "has grown": 1, 
            "have to": 1, 
            "hips and": 1, 
            "hoey style": 1, 
            "i ask": 1, 
            "i don't": 1, 
            "i know": 2, 
            "i like": 2, 
            "i love": 1, 
            "i need": 1, 
            "i wanna": 1, 
            "i'll prove": 1, 
            "i'm a": 1, 
            "i've been": 2, 
            "in the": 3, 
            "is move": 1, 
            "it chilled": 1, 
            "it felt,": 1, 
            "it gets": 1, 
            "it was": 1, 
            "it's all": 1, 
            "it's my": 1, 
            "it's not": 1, 
            "it's real": 1, 
            "it's you": 1, 
            "it, so": 1, 
            "just do": 1, 
            "just drop": 1, 
            "just roll": 1, 
            "know that": 1, 
            "know what": 2, 
            "lady, i": 1, 
            "lay in": 1, 
            "legs, put": 1, 
            "let me": 2, 
            "let's go": 2, 
            "let's move": 2, 
            "let's rent": 1, 
            "lie or": 1, 
            "like dogs": 1, 
            "like to": 1, 
            "like your": 1, 
            "listen up,": 1, 
            "look real": 1, 
            "look, baby": 1, 
            "love it's": 1, 
            "love you": 1, 
            "man and": 1, 
            "man i": 1, 
            "me pull": 1, 
            "me ride": 1, 
            "me some": 1, 
            "men now": 1, 
            "met, my": 1, 
            "move somethin'": 4, 
            "my body": 1, 
            "my chance": 1, 
            "my dick": 2, 
            "my pants": 1, 
            "need and": 1, 
            "not disturb": 1, 
            "not really": 1, 
            "nothin' all": 1, 
            "now it's": 1, 
            "off my": 1, 
            "on the": 1, 
            "open your": 1, 
            "or front": 1, 
            "other i": 1, 
            "other men": 1, 
            "over let": 1, 
            "pants the": 1, 
            "park you": 1, 
            "play this": 1, 
            "pretty lady,": 1, 
            "pretty let": 1, 
            "prove to": 1, 
            "pull up": 1, 
            "put 'em": 1, 
            "put the": 1, 
            "real man": 1, 
            "real pretty": 1, 
            "real simple": 1, 
            "real tight": 1, 
            "really nothin'": 1, 
            "rent a": 1, 
            "ride this": 1, 
            "ride your": 1, 
            "right it's": 1, 
            "ring the": 1, 
            "roll those": 1, 
            "room at": 1, 
            "sand and": 1, 
            "shirt and": 1, 
            "sign on": 1, 
            "simple it's": 1, 
            "since the": 1, 
            "sleigh bells": 1, 
            "so don't": 1, 
            "so let's": 1, 
            "so since": 1, 
            "some time": 1, 
            "somethin'": 1, 
            "somethin' let's": 1, 
            "somethin' listen": 1, 
            "somethin' look,": 1, 
            "sore then": 1, 
            "start frontin'": 1, 
            "style so": 1, 
            "suck my": 1, 
            "suck your": 1, 
            "take off": 1, 
            "tell you": 1, 
            "that i'm": 1, 
            "that you're": 1, 
            "that's the": 1, 
            "the beach,": 1, 
            "the buck": 1, 
            "the dark": 1, 
            "the do": 1, 
            "the door": 1, 
            "the feeling": 1, 
            "the park": 1, 
            "the sand": 1, 
            "the sleigh": 1, 
            "the time": 2, 
            "the way": 2, 
            "them draws,": 1, 
            "then open": 1, 
            "then play": 1, 
            "this dick": 1, 
            "this for": 1, 
            "this game": 1, 
            "those hips": 1, 
            "through the": 1, 
            "tight it": 1, 
            "time has": 1, 
            "time to": 1, 
            "time we": 1, 
            "titties yes,": 1, 
            "to do": 1, 
            "to fuck": 1, 
            "to take": 1, 
            "to tell": 1, 
            "to the": 1, 
            "to you": 1, 
            "up your": 1, 
            "up, baby,": 1, 
            "walk through": 1, 
            "wanna be": 1, 
            "wanna move": 1, 
            "want let's": 1, 
            "wantin' just": 1, 
            "wanting to": 1, 
            "was real": 1, 
            "was right": 1, 
            "way i": 1, 
            "way it": 1, 
            "we met,": 1, 
            "we'll lay": 1, 
            "what i": 2, 
            "what you": 1, 
            "while i": 1, 
            "with it,": 1, 
            "yes, pretty": 1, 
            "you can": 1, 
            "you had": 1, 
            "you have": 1, 
            "you i've": 1, 
            "you know": 1, 
            "you look": 1, 
            "you so": 1, 
            "you that": 1, 
            "you this": 1, 
            "you want": 1, 
            "you're with": 1, 
            "your backside": 1, 
            "your fake": 1, 
            "your hoey": 1, 
            "your legs,": 1, 
            "your man": 1, 
            "your shirt": 1, 
            "your titties": 1
        }, 
        "3": {
            "": 1067, 
            "'cause that's the": 1, 
            "'em in the": 1, 
            "'till it gets": 1, 
            "a fuck-motel then": 1, 
            "a real man": 1, 
            "a room at": 1, 
            "a walk through": 1, 
            "a while i": 1, 
            "all for love": 1, 
            "all you have": 1, 
            "and i know": 1, 
            "and i'll prove": 1, 
            "and just do": 1, 
            "and let's move": 2, 
            "and ride this": 1, 
            "and suck your": 1, 
            "and the feeling": 1, 
            "and the way": 1, 
            "and your hoey": 1, 
            "ask bitch, bend": 1, 
            "at a fuck-motel": 1, 
            "baby doll, don't": 1, 
            "baby, you look": 1, 
            "backside like dogs": 1, 
            "be frontin' just": 1, 
            "be your man": 1, 
            "beach, we'll lay": 1, 
            "been wantin' just": 1, 
            "been wanting to": 1, 
            "bells put the": 1, 
            "bend over let": 1, 
            "bitch, bend over": 1, 
            "blue eyes and": 1, 
            "body and the": 1, 
            "buck 'cause that's": 1, 
            "called ring the": 1, 
            "can suck my": 1, 
            "chance give me": 1, 
            "chilled my body": 1, 
            "come don't be": 1, 
            "dark and just": 1, 
            "dick 'till it": 1, 
            "dick has grown": 1, 
            "dick in the": 1, 
            "disturb sign on": 1, 
            "do each other": 1, 
            "do is move": 1, 
            "do not disturb": 1, 
            "do what i": 1, 
            "dogs do each": 1, 
            "doll, don't lie": 1, 
            "don't be frontin'": 1, 
            "don't lie or": 1, 
            "don't start frontin'": 1, 
            "don't wanna be": 1, 
            "door and ride": 1, 
            "draws, and let's": 1, 
            "drop them draws,": 1, 
            "each other i": 1, 
            "eyes and your": 1, 
            "fake blue eyes": 1, 
            "feeling was right": 1, 
            "felt, it was": 1, 
            "for a walk": 1, 
            "for a while": 1, 
            "for love it's": 1, 
            "front you know": 1, 
            "frontin' i don't": 1, 
            "frontin' just drop": 1, 
            "fuck it's real": 1, 
            "fuck-motel then play": 1, 
            "game called ring": 1, 
            "gets sore then": 1, 
            "give me some": 1, 
            "go for a": 1, 
            "go to the": 1, 
            "grown you had": 1, 
            "had other men": 1, 
            "has come don't": 1, 
            "has grown you": 1, 
            "have to do": 1, 
            "hips and let's": 1, 
            "hoey style so": 1, 
            "i ask bitch,": 1, 
            "i don't wanna": 1, 
            "i know that": 1, 
            "i know what": 1, 
            "i like to": 1, 
            "i like your": 1, 
            "i love you": 1, 
            "i need and": 1, 
            "i wanna move": 1, 
            "i'll prove to": 1, 
            "i'm a real": 1, 
            "i've been wantin'": 1, 
            "i've been wanting": 1, 
            "in the buck": 1, 
            "in the dark": 1, 
            "in the sand": 1, 
            "is move somethin'": 1, 
            "it chilled my": 1, 
            "it felt, it": 1, 
            "it gets sore": 1, 
            "it was real": 1, 
            "it's all for": 1, 
            "it's my chance": 1, 
            "it's not really": 1, 
            "it's real simple": 1, 
            "it's you i've": 1, 
            "it, so don't": 1, 
            "just do what": 1, 
            "just drop them": 1, 
            "just roll those": 1, 
            "know that you're": 1, 
            "know what i": 1, 
            "know what you": 1, 
            "lady, i love": 1, 
            "lay in the": 1, 
            "legs, put 'em": 1, 
            "let me pull": 1, 
            "let me ride": 1, 
            "let's go for": 1, 
            "let's go to": 1, 
            "let's move somethin'": 2, 
            "let's rent a": 1, 
            "lie or front": 1, 
            "like dogs do": 1, 
            "like to fuck": 1, 
            "like your fake": 1, 
            "listen up, baby,": 1, 
            "look real pretty": 1, 
            "look, baby doll,": 1, 
            "love it's you": 1, 
            "love you so": 1, 
            "man and the": 1, 
            "man i wanna": 1, 
            "me pull up": 1, 
            "me ride your": 1, 
            "me some time": 1, 
            "men now it's": 1, 
            "met, my dick": 1, 
            "move somethin'": 1, 
            "move somethin' let's": 1, 
            "move somethin' listen": 1, 
            "move somethin' look,": 1, 
            "my body and": 1, 
            "my chance give": 1, 
            "my dick has": 1, 
            "my dick in": 1, 
            "my pants the": 1, 
            "need and i": 1, 
            "not disturb sign": 1, 
            "not really nothin'": 1, 
            "nothin' all you": 1, 
            "now it's my": 1, 
            "off my pants": 1, 
            "on the door": 1, 
            "open your legs,": 1, 
            "or front you": 1, 
            "other i know": 1, 
            "other men now": 1, 
            "over let me": 1, 
            "pants the time": 1, 
            "park you can": 1, 
            "play this game": 1, 
            "pretty lady, i": 1, 
            "pretty let me": 1, 
            "prove to you": 1, 
            "pull up your": 1, 
            "put 'em in": 1, 
            "put the do": 1, 
            "real man and": 1, 
            "real pretty let": 1, 
            "real simple it's": 1, 
            "real tight it": 1, 
            "really nothin' all": 1, 
            "rent a room": 1, 
            "ride this dick": 1, 
            "ride your backside": 1, 
            "right it's all": 1, 
            "ring the sleigh": 1, 
            "roll those hips": 1, 
            "room at a": 1, 
            "sand and i'll": 1, 
            "shirt and suck": 1, 
            "sign on the": 1, 
            "simple it's not": 1, 
            "since the time": 1, 
            "sleigh bells put": 1, 
            "so don't start": 1, 
            "so let's go": 1, 
            "so since the": 1, 
            "some time to": 1, 
            "somethin'": 1, 
            "somethin' let's rent": 1, 
            "somethin' listen up,": 1, 
            "somethin' look, baby": 1, 
            "sore then open": 1, 
            "start frontin' i": 1, 
            "style so let's": 1, 
            "suck my dick": 1, 
            "suck your titties": 1, 
            "take off my": 1, 
            "tell you this": 1, 
            "that i'm a": 1, 
            "that you're with": 1, 
            "that's the way": 1, 
            "the beach, we'll": 1, 
            "the buck 'cause": 1, 
            "the dark and": 1, 
            "the do not": 1, 
            "the door and": 1, 
            "the feeling was": 1, 
            "the park you": 1, 
            "the sand and": 1, 
            "the sleigh bells": 1, 
            "the time has": 1, 
            "the time we": 1, 
            "the way i": 1, 
            "the way it": 1, 
            "them draws, and": 1, 
            "then open your": 1, 
            "then play this": 1, 
            "this dick 'till": 1, 
            "this for a": 1, 
            "this game called": 1, 
            "those hips and": 1, 
            "through the park": 1, 
            "tight it chilled": 1, 
            "time has come": 1, 
            "time to take": 1, 
            "time we met,": 1, 
            "titties yes, pretty": 1, 
            "to do is": 1, 
            "to fuck it's": 1, 
            "to take off": 1, 
            "to tell you": 1, 
            "to the beach,": 1, 
            "to you that": 1, 
            "up your shirt": 1, 
            "up, baby, you": 1, 
            "walk through the": 1, 
            "wanna be your": 1, 
            "wanna move somethin'": 1, 
            "want let's go": 1, 
            "wantin' just roll": 1, 
            "wanting to tell": 1, 
            "was real tight": 1, 
            "was right it's": 1, 
            "way i like": 1, 
            "way it felt,": 1, 
            "we met, my": 1, 
            "we'll lay in": 1, 
            "what i ask": 1, 
            "what i need": 1, 
            "what you want": 1, 
            "while i like": 1, 
            "with it, so": 1, 
            "yes, pretty lady,": 1, 
            "you can suck": 1, 
            "you had other": 1, 
            "you have to": 1, 
            "you i've been": 1, 
            "you know what": 1, 
            "you look real": 1, 
            "you so since": 1, 
            "you that i'm": 1, 
            "you this for": 1, 
            "you want let's": 1, 
            "you're with it,": 1, 
            "your backside like": 1, 
            "your fake blue": 1, 
            "your hoey style": 1, 
            "your legs, put": 1, 
            "your man i": 1, 
            "your shirt and": 1, 
            "your titties yes,": 1
        }, 
        "4": {
            "": 1066, 
            "'cause that's the way": 1, 
            "'em in the buck": 1, 
            "'till it gets sore": 1, 
            "a fuck-motel then play": 1, 
            "a real man and": 1, 
            "a room at a": 1, 
            "a walk through the": 1, 
            "a while i like": 1, 
            "all for love it's": 1, 
            "all you have to": 1, 
            "and i know what": 1, 
            "and i'll prove to": 1, 
            "and just do what": 1, 
            "and let's move somethin'": 2, 
            "and ride this dick": 1, 
            "and suck your titties": 1, 
            "and the feeling was": 1, 
            "and the way it": 1, 
            "and your hoey style": 1, 
            "ask bitch, bend over": 1, 
            "at a fuck-motel then": 1, 
            "baby doll, don't lie": 1, 
            "baby, you look real": 1, 
            "backside like dogs do": 1, 
            "be frontin' just drop": 1, 
            "be your man i": 1, 
            "beach, we'll lay in": 1, 
            "been wantin' just roll": 1, 
            "been wanting to tell": 1, 
            "bells put the do": 1, 
            "bend over let me": 1, 
            "bitch, bend over let": 1, 
            "blue eyes and your": 1, 
            "body and the feeling": 1, 
            "buck 'cause that's the": 1, 
            "called ring the sleigh": 1, 
            "can suck my dick": 1, 
            "chance give me some": 1, 
            "chilled my body and": 1, 
            "come don't be frontin'": 1, 
            "dark and just do": 1, 
            "dick 'till it gets": 1, 
            "dick has grown you": 1, 
            "dick in the dark": 1, 
            "disturb sign on the": 1, 
            "do each other i": 1, 
            "do is move somethin'": 1, 
            "do not disturb sign": 1, 
            "do what i ask": 1, 
            "dogs do each other": 1, 
            "doll, don't lie or": 1, 
            "don't be frontin' just": 1, 
            "don't lie or front": 1, 
            "don't start frontin' i": 1, 
            "don't wanna be your": 1, 
            "door and ride this": 1, 
            "draws, and let's move": 1, 
            "drop them draws, and": 1, 
            "each other i know": 1, 
            "eyes and your hoey": 1, 
            "fake blue eyes and": 1, 
            "feeling was right it's": 1, 
            "felt, it was real": 1, 
            "for a walk through": 1, 
            "for a while i": 1, 
            "for love it's you": 1, 
            "front you know what": 1, 
            "frontin' i don't wanna": 1, 
            "frontin' just drop them": 1, 
            "fuck it's real simple": 1, 
            "fuck-motel then play this": 1, 
            "game called ring the": 1, 
            "gets sore then open": 1, 
            "give me some time": 1, 
            "go for a walk": 1, 
            "go to the beach,": 1, 
            "grown you had other": 1, 
            "had other men now": 1, 
            "has come don't be": 1, 
            "has grown you had": 1, 
            "have to do is": 1, 
            "hips and let's move": 1, 
            "hoey style so let's": 1, 
            "i ask bitch, bend": 1, 
            "i don't wanna be": 1, 
            "i know that you're": 1, 
            "i know what you": 1, 
            "i like to fuck": 1, 
            "i like your fake": 1, 
            "i love you so": 1, 
            "i need and i": 1, 
            "i wanna move somethin'": 1, 
            "i'll prove to you": 1, 
            "i'm a real man": 1, 
            "i've been wantin' just": 1, 
            "i've been wanting to": 1, 
            "in the buck 'cause": 1, 
            "in the dark and": 1, 
            "in the sand and": 1, 
            "is move somethin' look,": 1, 
            "it chilled my body": 1, 
            "it felt, it was": 1, 
            "it gets sore then": 1, 
            "it was real tight": 1, 
            "it's all for love": 1, 
            "it's my chance give": 1, 
            "it's not really nothin'": 1, 
            "it's real simple it's": 1, 
            "it's you i've been": 1, 
            "it, so don't start": 1, 
            "just do what i": 1, 
            "just drop them draws,": 1, 
            "just roll those hips": 1, 
            "know that you're with": 1, 
            "know what i need": 1, 
            "know what you want": 1, 
            "lady, i love you": 1, 
            "lay in the sand": 1, 
            "legs, put 'em in": 1, 
            "let me pull up": 1, 
            "let me ride your": 1, 
            "let's go for a": 1, 
            "let's go to the": 1, 
            "let's move somethin'": 1, 
            "let's move somethin' let's": 1, 
            "let's rent a room": 1, 
            "lie or front you": 1, 
            "like dogs do each": 1, 
            "like to fuck it's": 1, 
            "like your fake blue": 1, 
            "listen up, baby, you": 1, 
            "look real pretty let": 1, 
            "look, baby doll, don't": 1, 
            "love it's you i've": 1, 
            "love you so since": 1, 
            "man and the way": 1, 
            "man i wanna move": 1, 
            "me pull up your": 1, 
            "me ride your backside": 1, 
            "me some time to": 1, 
            "men now it's my": 1, 
            "met, my dick has": 1, 
            "move somethin'": 1, 
            "move somethin' let's rent": 1, 
            "move somethin' listen up,": 1, 
            "move somethin' look, baby": 1, 
            "my body and the": 1, 
            "my chance give me": 1, 
            "my dick has grown": 1, 
            "my dick in the": 1, 
            "my pants the time": 1, 
            "need and i know": 1, 
            "not disturb sign on": 1, 
            "not really nothin' all": 1, 
            "nothin' all you have": 1, 
            "now it's my chance": 1, 
            "off my pants the": 1, 
            "on the door and": 1, 
            "open your legs, put": 1, 
            "or front you know": 1, 
            "other i know that": 1, 
            "other men now it's": 1, 
            "over let me ride": 1, 
            "pants the time has": 1, 
            "park you can suck": 1, 
            "play this game called": 1, 
            "pretty lady, i love": 1, 
            "pretty let me pull": 1, 
            "prove to you that": 1, 
            "pull up your shirt": 1, 
            "put 'em in the": 1, 
            "put the do not": 1, 
            "real man and the": 1, 
            "real pretty let me": 1, 
            "real simple it's not": 1, 
            "real tight it chilled": 1, 
            "really nothin' all you": 1, 
            "rent a room at": 1, 
            "ride this dick 'till": 1, 
            "ride your backside like": 1, 
            "right it's all for": 1, 
            "ring the sleigh bells": 1, 
            "roll those hips and": 1, 
            "room at a fuck-motel": 1, 
            "sand and i'll prove": 1, 
            "shirt and suck your": 1, 
            "sign on the door": 1, 
            "simple it's not really": 1, 
            "since the time we": 1, 
            "sleigh bells put the": 1, 
            "so don't start frontin'": 1, 
            "so let's go for": 1, 
            "so since the time": 1, 
            "some time to take": 1, 
            "somethin'": 1, 
            "somethin' let's rent a": 1, 
            "somethin' listen up, baby,": 1, 
            "somethin' look, baby doll,": 1, 
            "sore then open your": 1, 
            "start frontin' i don't": 1, 
            "style so let's go": 1, 
            "suck my dick in": 1, 
            "suck your titties yes,": 1, 
            "take off my pants": 1, 
            "tell you this for": 1, 
            "that i'm a real": 1, 
            "that you're with it,": 1, 
            "that's the way i": 1, 
            "the beach, we'll lay": 1, 
            "the buck 'cause that's": 1, 
            "the dark and just": 1, 
            "the do not disturb": 1, 
            "the door and ride": 1, 
            "the feeling was right": 1, 
            "the park you can": 1, 
            "the sand and i'll": 1, 
            "the sleigh bells put": 1, 
            "the time has come": 1, 
            "the time we met,": 1, 
            "the way i like": 1, 
            "the way it felt,": 1, 
            "them draws, and let's": 1, 
            "then open your legs,": 1, 
            "then play this game": 1, 
            "this dick 'till it": 1, 
            "this for a while": 1, 
            "this game called ring": 1, 
            "those hips and let's": 1, 
            "through the park you": 1, 
            "tight it chilled my": 1, 
            "time has come don't": 1, 
            "time to take off": 1, 
            "time we met, my": 1, 
            "titties yes, pretty lady,": 1, 
            "to do is move": 1, 
            "to fuck it's real": 1, 
            "to take off my": 1, 
            "to tell you this": 1, 
            "to the beach, we'll": 1, 
            "to you that i'm": 1, 
            "up your shirt and": 1, 
            "up, baby, you look": 1, 
            "walk through the park": 1, 
            "wanna be your man": 1, 
            "wanna move somethin' listen": 1, 
            "want let's go to": 1, 
            "wantin' just roll those": 1, 
            "wanting to tell you": 1, 
            "was real tight it": 1, 
            "was right it's all": 1, 
            "way i like to": 1, 
            "way it felt, it": 1, 
            "we met, my dick": 1, 
            "we'll lay in the": 1, 
            "what i ask bitch,": 1, 
            "what i need and": 1, 
            "what you want let's": 1, 
            "while i like your": 1, 
            "with it, so don't": 1, 
            "yes, pretty lady, i": 1, 
            "you can suck my": 1, 
            "you had other men": 1, 
            "you have to do": 1, 
            "you i've been wantin'": 1, 
            "you know what i": 1, 
            "you look real pretty": 1, 
            "you so since the": 1, 
            "you that i'm a": 1, 
            "you this for a": 1, 
            "you want let's go": 1, 
            "you're with it, so": 1, 
            "your backside like dogs": 1, 
            "your fake blue eyes": 1, 
            "your hoey style so": 1, 
            "your legs, put 'em": 1, 
            "your man i wanna": 1, 
            "your shirt and suck": 1, 
            "your titties yes, pretty": 1
        }, 
        "5": {
            "": 1065, 
            "'cause that's the way i": 1, 
            "'em in the buck 'cause": 1, 
            "'till it gets sore then": 1, 
            "a fuck-motel then play this": 1, 
            "a real man and the": 1, 
            "a room at a fuck-motel": 1, 
            "a walk through the park": 1, 
            "a while i like your": 1, 
            "all for love it's you": 1, 
            "all you have to do": 1, 
            "and i know what you": 1, 
            "and i'll prove to you": 1, 
            "and just do what i": 1, 
            "and let's move somethin'": 1, 
            "and let's move somethin' let's": 1, 
            "and ride this dick 'till": 1, 
            "and suck your titties yes,": 1, 
            "and the feeling was right": 1, 
            "and the way it felt,": 1, 
            "and your hoey style so": 1, 
            "ask bitch, bend over let": 1, 
            "at a fuck-motel then play": 1, 
            "baby doll, don't lie or": 1, 
            "baby, you look real pretty": 1, 
            "backside like dogs do each": 1, 
            "be frontin' just drop them": 1, 
            "be your man i wanna": 1, 
            "beach, we'll lay in the": 1, 
            "been wantin' just roll those": 1, 
            "been wanting to tell you": 1, 
            "bells put the do not": 1, 
            "bend over let me ride": 1, 
            "bitch, bend over let me": 1, 
            "blue eyes and your hoey": 1, 
            "body and the feeling was": 1, 
            "buck 'cause that's the way": 1, 
            "called ring the sleigh bells": 1, 
            "can suck my dick in": 1, 
            "chance give me some time": 1, 
            "chilled my body and the": 1, 
            "come don't be frontin' just": 1, 
            "dark and just do what": 1, 
            "dick 'till it gets sore": 1, 
            "dick has grown you had": 1, 
            "dick in the dark and": 1, 
            "disturb sign on the door": 1, 
            "do each other i know": 1, 
            "do is move somethin' look,": 1, 
            "do not disturb sign on": 1, 
            "do what i ask bitch,": 1, 
            "dogs do each other i": 1, 
            "doll, don't lie or front": 1, 
            "don't be frontin' just drop": 1, 
            "don't lie or front you": 1, 
            "don't start frontin' i don't": 1, 
            "don't wanna be your man": 1, 
            "door and ride this dick": 1, 
            "draws, and let's move somethin'": 1, 
            "drop them draws, and let's": 1, 
            "each other i know that": 1, 
            "eyes and your hoey style": 1, 
            "fake blue eyes and your": 1, 
            "feeling was right it's all": 1, 
            "felt, it was real tight": 1, 
            "for a walk through the": 1, 
            "for a while i like": 1, 
            "for love it's you i've": 1, 
            "front you know what i": 1, 
            "frontin' i don't wanna be": 1, 
            "frontin' just drop them draws,": 1, 
            "fuck it's real simple it's": 1, 
            "fuck-motel then play this game": 1, 
            "game called ring the sleigh": 1, 
            "gets sore then open your": 1, 
            "give me some time to": 1, 
            "go for a walk through": 1, 
            "go to the beach, we'll": 1, 
            "grown you had other men": 1, 
            "had other men now it's": 1, 
            "has come don't be frontin'": 1, 
            "has grown you had other": 1, 
            "have to do is move": 1, 
            "hips and let's move somethin'": 1, 
            "hoey style so let's go": 1, 
            "i ask bitch, bend over": 1, 
            "i don't wanna be your": 1, 
            "i know that you're with": 1, 
            "i know what you want": 1, 
            "i like to fuck it's": 1, 
            "i like your fake blue": 1, 
            "i love you so since": 1, 
            "i need and i know": 1, 
            "i wanna move somethin' listen": 1, 
            "i'll prove to you that": 1, 
            "i'm a real man and": 1, 
            "i've been wantin' just roll": 1, 
            "i've been wanting to tell": 1, 
            "in the buck 'cause that's": 1, 
            "in the dark and just": 1, 
            "in the sand and i'll": 1, 
            "is move somethin' look, baby": 1, 
            "it chilled my body and": 1, 
            "it felt, it was real": 1, 
            "it gets sore then open": 1, 
            "it was real tight it": 1, 
            "it's all for love it's": 1, 
            "it's my chance give me": 1, 
            "it's not really nothin' all": 1, 
            "it's real simple it's not": 1, 
            "it's you i've been wantin'": 1, 
            "it, so don't start frontin'": 1, 
            "just do what i ask": 1, 
            "just drop them draws, and": 1, 
            "just roll those hips and": 1, 
            "know that you're with it,": 1, 
            "know what i need and": 1, 
            "know what you want let's": 1, 
            "lady, i love you so": 1, 
            "lay in the sand and": 1, 
            "legs, put 'em in the": 1, 
            "let me pull up your": 1, 
            "let me ride your backside": 1, 
            "let's go for a walk": 1, 
            "let's go to the beach,": 1, 
            "let's move somethin'": 1, 
            "let's move somethin' let's rent": 1, 
            "let's rent a room at": 1, 
            "lie or front you know": 1, 
            "like dogs do each other": 1, 
            "like to fuck it's real": 1, 
            "like your fake blue eyes": 1, 
            "listen up, baby, you look": 1, 
            "look real pretty let me": 1, 
            "look, baby doll, don't lie": 1, 
            "love it's you i've been": 1, 
            "love you so since the": 1, 
            "man and the way it": 1, 
            "man i wanna move somethin'": 1, 
            "me pull up your shirt": 1, 
            "me ride your backside like": 1, 
            "me some time to take": 1, 
            "men now it's my chance": 1, 
            "met, my dick has grown": 1, 
            "move somethin'": 1, 
            "move somethin' let's rent a": 1, 
            "move somethin' listen up, baby,": 1, 
            "move somethin' look, baby doll,": 1, 
            "my body and the feeling": 1, 
            "my chance give me some": 1, 
            "my dick has grown you": 1, 
            "my dick in the dark": 1, 
            "my pants the time has": 1, 
            "need and i know what": 1, 
            "not disturb sign on the": 1, 
            "not really nothin' all you": 1, 
            "nothin' all you have to": 1, 
            "now it's my chance give": 1, 
            "off my pants the time": 1, 
            "on the door and ride": 1, 
            "open your legs, put 'em": 1, 
            "or front you know what": 1, 
            "other i know that you're": 1, 
            "other men now it's my": 1, 
            "over let me ride your": 1, 
            "pants the time has come": 1, 
            "park you can suck my": 1, 
            "play this game called ring": 1, 
            "pretty lady, i love you": 1, 
            "pretty let me pull up": 1, 
            "prove to you that i'm": 1, 
            "pull up your shirt and": 1, 
            "put 'em in the buck": 1, 
            "put the do not disturb": 1, 
            "real man and the way": 1, 
            "real pretty let me pull": 1, 
            "real simple it's not really": 1, 
            "real tight it chilled my": 1, 
            "really nothin' all you have": 1, 
            "rent a room at a": 1, 
            "ride this dick 'till it": 1, 
            "ride your backside like dogs": 1, 
            "right it's all for love": 1, 
            "ring the sleigh bells put": 1, 
            "roll those hips and let's": 1, 
            "room at a fuck-motel then": 1, 
            "sand and i'll prove to": 1, 
            "shirt and suck your titties": 1, 
            "sign on the door and": 1, 
            "simple it's not really nothin'": 1, 
            "since the time we met,": 1, 
            "sleigh bells put the do": 1, 
            "so don't start frontin' i": 1, 
            "so let's go for a": 1, 
            "so since the time we": 1, 
            "some time to take off": 1, 
            "somethin'": 1, 
            "somethin' let's rent a room": 1, 
            "somethin' listen up, baby, you": 1, 
            "somethin' look, baby doll, don't": 1, 
            "sore then open your legs,": 1, 
            "start frontin' i don't wanna": 1, 
            "style so let's go for": 1, 
            "suck my dick in the": 1, 
            "suck your titties yes, pretty": 1, 
            "take off my pants the": 1, 
            "tell you this for a": 1, 
            "that i'm a real man": 1, 
            "that you're with it, so": 1, 
            "that's the way i like": 1, 
            "the beach, we'll lay in": 1, 
            "the buck 'cause that's the": 1, 
            "the dark and just do": 1, 
            "the do not disturb sign": 1, 
            "the door and ride this": 1, 
            "the feeling was right it's": 1, 
            "the park you can suck": 1, 
            "the sand and i'll prove": 1, 
            "the sleigh bells put the": 1, 
            "the time has come don't": 1, 
            "the time we met, my": 1, 
            "the way i like to": 1, 
            "the way it felt, it": 1, 
            "them draws, and let's move": 1, 
            "then open your legs, put": 1, 
            "then play this game called": 1, 
            "this dick 'till it gets": 1, 
            "this for a while i": 1, 
            "this game called ring the": 1, 
            "those hips and let's move": 1, 
            "through the park you can": 1, 
            "tight it chilled my body": 1, 
            "time has come don't be": 1, 
            "time to take off my": 1, 
            "time we met, my dick": 1, 
            "titties yes, pretty lady, i": 1, 
            "to do is move somethin'": 1, 
            "to fuck it's real simple": 1, 
            "to take off my pants": 1, 
            "to tell you this for": 1, 
            "to the beach, we'll lay": 1, 
            "to you that i'm a": 1, 
            "up your shirt and suck": 1, 
            "up, baby, you look real": 1, 
            "walk through the park you": 1, 
            "wanna be your man i": 1, 
            "wanna move somethin' listen up,": 1, 
            "want let's go to the": 1, 
            "wantin' just roll those hips": 1, 
            "wanting to tell you this": 1, 
            "was real tight it chilled": 1, 
            "was right it's all for": 1, 
            "way i like to fuck": 1, 
            "way it felt, it was": 1, 
            "we met, my dick has": 1, 
            "we'll lay in the sand": 1, 
            "what i ask bitch, bend": 1, 
            "what i need and i": 1, 
            "what you want let's go": 1, 
            "while i like your fake": 1, 
            "with it, so don't start": 1, 
            "yes, pretty lady, i love": 1, 
            "you can suck my dick": 1, 
            "you had other men now": 1, 
            "you have to do is": 1, 
            "you i've been wantin' just": 1, 
            "you know what i need": 1, 
            "you look real pretty let": 1, 
            "you so since the time": 1, 
            "you that i'm a real": 1, 
            "you this for a while": 1, 
            "you want let's go to": 1, 
            "you're with it, so don't": 1, 
            "your backside like dogs do": 1, 
            "your fake blue eyes and": 1, 
            "your hoey style so let's": 1, 
            "your legs, put 'em in": 1, 
            "your man i wanna move": 1, 
            "your shirt and suck your": 1, 
            "your titties yes, pretty lady,": 1
        }, 
        "6": {
            "": 1064, 
            "'cause that's the way i like": 1, 
            "'em in the buck 'cause that's": 1, 
            "'till it gets sore then open": 1, 
            "a fuck-motel then play this game": 1, 
            "a real man and the way": 1, 
            "a room at a fuck-motel then": 1, 
            "a walk through the park you": 1, 
            "a while i like your fake": 1, 
            "all for love it's you i've": 1, 
            "all you have to do is": 1, 
            "and i know what you want": 1, 
            "and i'll prove to you that": 1, 
            "and just do what i ask": 1, 
            "and let's move somethin'": 1, 
            "and let's move somethin' let's rent": 1, 
            "and ride this dick 'till it": 1, 
            "and suck your titties yes, pretty": 1, 
            "and the feeling was right it's": 1, 
            "and the way it felt, it": 1, 
            "and your hoey style so let's": 1, 
            "ask bitch, bend over let me": 1, 
            "at a fuck-motel then play this": 1, 
            "baby doll, don't lie or front": 1, 
            "baby, you look real pretty let": 1, 
            "backside like dogs do each other": 1, 
            "be frontin' just drop them draws,": 1, 
            "be your man i wanna move": 1, 
            "beach, we'll lay in the sand": 1, 
            "been wantin' just roll those hips": 1, 
            "been wanting to tell you this": 1, 
            "bells put the do not disturb": 1, 
            "bend over let me ride your": 1, 
            "bitch, bend over let me ride": 1, 
            "blue eyes and your hoey style": 1, 
            "body and the feeling was right": 1, 
            "buck 'cause that's the way i": 1, 
            "called ring the sleigh bells put": 1, 
            "can suck my dick in the": 1, 
            "chance give me some time to": 1, 
            "chilled my body and the feeling": 1, 
            "come don't be frontin' just drop": 1, 
            "dark and just do what i": 1, 
            "dick 'till it gets sore then": 1, 
            "dick has grown you had other": 1, 
            "dick in the dark and just": 1, 
            "disturb sign on the door and": 1, 
            "do each other i know that": 1, 
            "do is move somethin' look, baby": 1, 
            "do not disturb sign on the": 1, 
            "do what i ask bitch, bend": 1, 
            "dogs do each other i know": 1, 
            "doll, don't lie or front you": 1, 
            "don't be frontin' just drop them": 1, 
            "don't lie or front you know": 1, 
            "don't start frontin' i don't wanna": 1, 
            "don't wanna be your man i": 1, 
            "door and ride this dick 'till": 1, 
            "draws, and let's move somethin' let's": 1, 
            "drop them draws, and let's move": 1, 
            "each other i know that you're": 1, 
            "eyes and your hoey style so": 1, 
            "fake blue eyes and your hoey": 1, 
            "feeling was right it's all for": 1, 
            "felt, it was real tight it": 1, 
            "for a walk through the park": 1, 
            "for a while i like your": 1, 
            "for love it's you i've been": 1, 
            "front you know what i need": 1, 
            "frontin' i don't wanna be your": 1, 
            "frontin' just drop them draws, and": 1, 
            "fuck it's real simple it's not": 1, 
            "fuck-motel then play this game called": 1, 
            "game called ring the sleigh bells": 1, 
            "gets sore then open your legs,": 1, 
            "give me some time to take": 1, 
            "go for a walk through the": 1, 
            "go to the beach, we'll lay": 1, 
            "grown you had other men now": 1, 
            "had other men now it's my": 1, 
            "has come don't be frontin' just": 1, 
            "has grown you had other men": 1, 
            "have to do is move somethin'": 1, 
            "hips and let's move somethin'": 1, 
            "hoey style so let's go for": 1, 
            "i ask bitch, bend over let": 1, 
            "i don't wanna be your man": 1, 
            "i know that you're with it,": 1, 
            "i know what you want let's": 1, 
            "i like to fuck it's real": 1, 
            "i like your fake blue eyes": 1, 
            "i love you so since the": 1, 
            "i need and i know what": 1, 
            "i wanna move somethin' listen up,": 1, 
            "i'll prove to you that i'm": 1, 
            "i'm a real man and the": 1, 
            "i've been wantin' just roll those": 1, 
            "i've been wanting to tell you": 1, 
            "in the buck 'cause that's the": 1, 
            "in the dark and just do": 1, 
            "in the sand and i'll prove": 1, 
            "is move somethin' look, baby doll,": 1, 
            "it chilled my body and the": 1, 
            "it felt, it was real tight": 1, 
            "it gets sore then open your": 1, 
            "it was real tight it chilled": 1, 
            "it's all for love it's you": 1, 
            "it's my chance give me some": 1, 
            "it's not really nothin' all you": 1, 
            "it's real simple it's not really": 1, 
            "it's you i've been wantin' just": 1, 
            "it, so don't start frontin' i": 1, 
            "just do what i ask bitch,": 1, 
            "just drop them draws, and let's": 1, 
            "just roll those hips and let's": 1, 
            "know that you're with it, so": 1, 
            "know what i need and i": 1, 
            "know what you want let's go": 1, 
            "lady, i love you so since": 1, 
            "lay in the sand and i'll": 1, 
            "legs, put 'em in the buck": 1, 
            "let me pull up your shirt": 1, 
            "let me ride your backside like": 1, 
            "let's go for a walk through": 1, 
            "let's go to the beach, we'll": 1, 
            "let's move somethin'": 1, 
            "let's move somethin' let's rent a": 1, 
            "let's rent a room at a": 1, 
            "lie or front you know what": 1, 
            "like dogs do each other i": 1, 
            "like to fuck it's real simple": 1, 
            "like your fake blue eyes and": 1, 
            "listen up, baby, you look real": 1, 
            "look real pretty let me pull": 1, 
            "look, baby doll, don't lie or": 1, 
            "love it's you i've been wantin'": 1, 
            "love you so since the time": 1, 
            "man and the way it felt,": 1, 
            "man i wanna move somethin' listen": 1, 
            "me pull up your shirt and": 1, 
            "me ride your backside like dogs": 1, 
            "me some time to take off": 1, 
            "men now it's my chance give": 1, 
            "met, my dick has grown you": 1, 
            "move somethin'": 1, 
            "move somethin' let's rent a room": 1, 
            "move somethin' listen up, baby, you": 1, 
            "move somethin' look, baby doll, don't": 1, 
            "my body and the feeling was": 1, 
            "my chance give me some time": 1, 
            "my dick has grown you had": 1, 
            "my dick in the dark and": 1, 
            "my pants the time has come": 1, 
            "need and i know what you": 1, 
            "not disturb sign on the door": 1, 
            "not really nothin' all you have": 1, 
            "nothin' all you have to do": 1, 
            "now it's my chance give me": 1, 
            "off my pants the time has": 1, 
            "on the door and ride this": 1, 
            "open your legs, put 'em in": 1, 
            "or front you know what i": 1, 
            "other i know that you're with": 1, 
            "other men now it's my chance": 1, 
            "over let me ride your backside": 1, 
            "pants the time has come don't": 1, 
            "park you can suck my dick": 1, 
            "play this game called ring the": 1, 
            "pretty lady, i love you so": 1, 
            "pretty let me pull up your": 1, 
            "prove to you that i'm a": 1, 
            "pull up your shirt and suck": 1, 
            "put 'em in the buck 'cause": 1, 
            "put the do not disturb sign": 1, 
            "real man and the way it": 1, 
            "real pretty let me pull up": 1, 
            "real simple it's not really nothin'": 1, 
            "real tight it chilled my body": 1, 
            "really nothin' all you have to": 1, 
            "rent a room at a fuck-motel": 1, 
            "ride this dick 'till it gets": 1, 
            "ride your backside like dogs do": 1, 
            "right it's all for love it's": 1, 
            "ring the sleigh bells put the": 1, 
            "roll those hips and let's move": 1, 
            "room at a fuck-motel then play": 1, 
            "sand and i'll prove to you": 1, 
            "shirt and suck your titties yes,": 1, 
            "sign on the door and ride": 1, 
            "simple it's not really nothin' all": 1, 
            "since the time we met, my": 1, 
            "sleigh bells put the do not": 1, 
            "so don't start frontin' i don't": 1, 
            "so let's go for a walk": 1, 
            "so since the time we met,": 1, 
            "some time to take off my": 1, 
            "somethin'": 1, 
            "somethin' let's rent a room at": 1, 
            "somethin' listen up, baby, you look": 1, 
            "somethin' look, baby doll, don't lie": 1, 
            "sore then open your legs, put": 1, 
            "start frontin' i don't wanna be": 1, 
            "style so let's go for a": 1, 
            "suck my dick in the dark": 1, 
            "suck your titties yes, pretty lady,": 1, 
            "take off my pants the time": 1, 
            "tell you this for a while": 1, 
            "that i'm a real man and": 1, 
            "that you're with it, so don't": 1, 
            "that's the way i like to": 1, 
            "the beach, we'll lay in the": 1, 
            "the buck 'cause that's the way": 1, 
            "the dark and just do what": 1, 
            "the do not disturb sign on": 1, 
            "the door and ride this dick": 1, 
            "the feeling was right it's all": 1, 
            "the park you can suck my": 1, 
            "the sand and i'll prove to": 1, 
            "the sleigh bells put the do": 1, 
            "the time has come don't be": 1, 
            "the time we met, my dick": 1, 
            "the way i like to fuck": 1, 
            "the way it felt, it was": 1, 
            "them draws, and let's move somethin'": 1, 
            "then open your legs, put 'em": 1, 
            "then play this game called ring": 1, 
            "this dick 'till it gets sore": 1, 
            "this for a while i like": 1, 
            "this game called ring the sleigh": 1, 
            "those hips and let's move somethin'": 1, 
            "through the park you can suck": 1, 
            "tight it chilled my body and": 1, 
            "time has come don't be frontin'": 1, 
            "time to take off my pants": 1, 
            "time we met, my dick has": 1, 
            "titties yes, pretty lady, i love": 1, 
            "to do is move somethin' look,": 1, 
            "to fuck it's real simple it's": 1, 
            "to take off my pants the": 1, 
            "to tell you this for a": 1, 
            "to the beach, we'll lay in": 1, 
            "to you that i'm a real": 1, 
            "up your shirt and suck your": 1, 
            "up, baby, you look real pretty": 1, 
            "walk through the park you can": 1, 
            "wanna be your man i wanna": 1, 
            "wanna move somethin' listen up, baby,": 1, 
            "want let's go to the beach,": 1, 
            "wantin' just roll those hips and": 1, 
            "wanting to tell you this for": 1, 
            "was real tight it chilled my": 1, 
            "was right it's all for love": 1, 
            "way i like to fuck it's": 1, 
            "way it felt, it was real": 1, 
            "we met, my dick has grown": 1, 
            "we'll lay in the sand and": 1, 
            "what i ask bitch, bend over": 1, 
            "what i need and i know": 1, 
            "what you want let's go to": 1, 
            "while i like your fake blue": 1, 
            "with it, so don't start frontin'": 1, 
            "yes, pretty lady, i love you": 1, 
            "you can suck my dick in": 1, 
            "you had other men now it's": 1, 
            "you have to do is move": 1, 
            "you i've been wantin' just roll": 1, 
            "you know what i need and": 1, 
            "you look real pretty let me": 1, 
            "you so since the time we": 1, 
            "you that i'm a real man": 1, 
            "you this for a while i": 1, 
            "you want let's go to the": 1, 
            "you're with it, so don't start": 1, 
            "your backside like dogs do each": 1, 
            "your fake blue eyes and your": 1, 
            "your hoey style so let's go": 1, 
            "your legs, put 'em in the": 1, 
            "your man i wanna move somethin'": 1, 
            "your shirt and suck your titties": 1, 
            "your titties yes, pretty lady, i": 1
        }, 
        "7": {
            "": 1063, 
            "'cause that's the way i like to": 1, 
            "'em in the buck 'cause that's the": 1, 
            "'till it gets sore then open your": 1, 
            "a fuck-motel then play this game called": 1, 
            "a real man and the way it": 1, 
            "a room at a fuck-motel then play": 1, 
            "a walk through the park you can": 1, 
            "a while i like your fake blue": 1, 
            "all for love it's you i've been": 1, 
            "all you have to do is move": 1, 
            "and i know what you want let's": 1, 
            "and i'll prove to you that i'm": 1, 
            "and just do what i ask bitch,": 1, 
            "and let's move somethin'": 1, 
            "and let's move somethin' let's rent a": 1, 
            "and ride this dick 'till it gets": 1, 
            "and suck your titties yes, pretty lady,": 1, 
            "and the feeling was right it's all": 1, 
            "and the way it felt, it was": 1, 
            "and your hoey style so let's go": 1, 
            "ask bitch, bend over let me ride": 1, 
            "at a fuck-motel then play this game": 1, 
            "baby doll, don't lie or front you": 1, 
            "baby, you look real pretty let me": 1, 
            "backside like dogs do each other i": 1, 
            "be frontin' just drop them draws, and": 1, 
            "be your man i wanna move somethin'": 1, 
            "beach, we'll lay in the sand and": 1, 
            "been wantin' just roll those hips and": 1, 
            "been wanting to tell you this for": 1, 
            "bells put the do not disturb sign": 1, 
            "bend over let me ride your backside": 1, 
            "bitch, bend over let me ride your": 1, 
            "blue eyes and your hoey style so": 1, 
            "body and the feeling was right it's": 1, 
            "buck 'cause that's the way i like": 1, 
            "called ring the sleigh bells put the": 1, 
            "can suck my dick in the dark": 1, 
            "chance give me some time to take": 1, 
            "chilled my body and the feeling was": 1, 
            "come don't be frontin' just drop them": 1, 
            "dark and just do what i ask": 1, 
            "dick 'till it gets sore then open": 1, 
            "dick has grown you had other men": 1, 
            "dick in the dark and just do": 1, 
            "disturb sign on the door and ride": 1, 
            "do each other i know that you're": 1, 
            "do is move somethin' look, baby doll,": 1, 
            "do not disturb sign on the door": 1, 
            "do what i ask bitch, bend over": 1, 
            "dogs do each other i know that": 1, 
            "doll, don't lie or front you know": 1, 
            "don't be frontin' just drop them draws,": 1, 
            "don't lie or front you know what": 1, 
            "don't start frontin' i don't wanna be": 1, 
            "don't wanna be your man i wanna": 1, 
            "door and ride this dick 'till it": 1, 
            "draws, and let's move somethin' let's rent": 1, 
            "drop them draws, and let's move somethin'": 1, 
            "each other i know that you're with": 1, 
            "eyes and your hoey style so let's": 1, 
            "fake blue eyes and your hoey style": 1, 
            "feeling was right it's all for love": 1, 
            "felt, it was real tight it chilled": 1, 
            "for a walk through the park you": 1, 
            "for a while i like your fake": 1, 
            "for love it's you i've been wantin'": 1, 
            "front you know what i need and": 1, 
            "frontin' i don't wanna be your man": 1, 
            "frontin' just drop them draws, and let's": 1, 
            "fuck it's real simple it's not really": 1, 
            "fuck-motel then play this game called ring": 1, 
            "game called ring the sleigh bells put": 1, 
            "gets sore then open your legs, put": 1, 
            "give me some time to take off": 1, 
            "go for a walk through the park": 1, 
            "go to the beach, we'll lay in": 1, 
            "grown you had other men now it's": 1, 
            "had other men now it's my chance": 1, 
            "has come don't be frontin' just drop": 1, 
            "has grown you had other men now": 1, 
            "have to do is move somethin' look,": 1, 
            "hips and let's move somethin'": 1, 
            "hoey style so let's go for a": 1, 
            "i ask bitch, bend over let me": 1, 
            "i don't wanna be your man i": 1, 
            "i know that you're with it, so": 1, 
            "i know what you want let's go": 1, 
            "i like to fuck it's real simple": 1, 
            "i like your fake blue eyes and": 1, 
            "i love you so since the time": 1, 
            "i need and i know what you": 1, 
            "i wanna move somethin' listen up, baby,": 1, 
            "i'll prove to you that i'm a": 1, 
            "i'm a real man and the way": 1, 
            "i've been wantin' just roll those hips": 1, 
            "i've been wanting to tell you this": 1, 
            "in the buck 'cause that's the way": 1, 
            "in the dark and just do what": 1, 
            "in the sand and i'll prove to": 1, 
            "is move somethin' look, baby doll, don't": 1, 
            "it chilled my body and the feeling": 1, 
            "it felt, it was real tight it": 1, 
            "it gets sore then open your legs,": 1, 
            "it was real tight it chilled my": 1, 
            "it's all for love it's you i've": 1, 
            "it's my chance give me some time": 1, 
            "it's not really nothin' all you have": 1, 
            "it's real simple it's not really nothin'": 1, 
            "it's you i've been wantin' just roll": 1, 
            "it, so don't start frontin' i don't": 1, 
            "just do what i ask bitch, bend": 1, 
            "just drop them draws, and let's move": 1, 
            "just roll those hips and let's move": 1, 
            "know that you're with it, so don't": 1, 
            "know what i need and i know": 1, 
            "know what you want let's go to": 1, 
            "lady, i love you so since the": 1, 
            "lay in the sand and i'll prove": 1, 
            "legs, put 'em in the buck 'cause": 1, 
            "let me pull up your shirt and": 1, 
            "let me ride your backside like dogs": 1, 
            "let's go for a walk through the": 1, 
            "let's go to the beach, we'll lay": 1, 
            "let's move somethin'": 1, 
            "let's move somethin' let's rent a room": 1, 
            "let's rent a room at a fuck-motel": 1, 
            "lie or front you know what i": 1, 
            "like dogs do each other i know": 1, 
            "like to fuck it's real simple it's": 1, 
            "like your fake blue eyes and your": 1, 
            "listen up, baby, you look real pretty": 1, 
            "look real pretty let me pull up": 1, 
            "look, baby doll, don't lie or front": 1, 
            "love it's you i've been wantin' just": 1, 
            "love you so since the time we": 1, 
            "man and the way it felt, it": 1, 
            "man i wanna move somethin' listen up,": 1, 
            "me pull up your shirt and suck": 1, 
            "me ride your backside like dogs do": 1, 
            "me some time to take off my": 1, 
            "men now it's my chance give me": 1, 
            "met, my dick has grown you had": 1, 
            "move somethin'": 1, 
            "move somethin' let's rent a room at": 1, 
            "move somethin' listen up, baby, you look": 1, 
            "move somethin' look, baby doll, don't lie": 1, 
            "my body and the feeling was right": 1, 
            "my chance give me some time to": 1, 
            "my dick has grown you had other": 1, 
            "my dick in the dark and just": 1, 
            "my pants the time has come don't": 1, 
            "need and i know what you want": 1, 
            "not disturb sign on the door and": 1, 
            "not really nothin' all you have to": 1, 
            "nothin' all you have to do is": 1, 
            "now it's my chance give me some": 1, 
            "off my pants the time has come": 1, 
            "on the door and ride this dick": 1, 
            "open your legs, put 'em in the": 1, 
            "or front you know what i need": 1, 
            "other i know that you're with it,": 1, 
            "other men now it's my chance give": 1, 
            "over let me ride your backside like": 1, 
            "pants the time has come don't be": 1, 
            "park you can suck my dick in": 1, 
            "play this game called ring the sleigh": 1, 
            "pretty lady, i love you so since": 1, 
            "pretty let me pull up your shirt": 1, 
            "prove to you that i'm a real": 1, 
            "pull up your shirt and suck your": 1, 
            "put 'em in the buck 'cause that's": 1, 
            "put the do not disturb sign on": 1, 
            "real man and the way it felt,": 1, 
            "real pretty let me pull up your": 1, 
            "real simple it's not really nothin' all": 1, 
            "real tight it chilled my body and": 1, 
            "really nothin' all you have to do": 1, 
            "rent a room at a fuck-motel then": 1, 
            "ride this dick 'till it gets sore": 1, 
            "ride your backside like dogs do each": 1, 
            "right it's all for love it's you": 1, 
            "ring the sleigh bells put the do": 1, 
            "roll those hips and let's move somethin'": 1, 
            "room at a fuck-motel then play this": 1, 
            "sand and i'll prove to you that": 1, 
            "shirt and suck your titties yes, pretty": 1, 
            "sign on the door and ride this": 1, 
            "simple it's not really nothin' all you": 1, 
            "since the time we met, my dick": 1, 
            "sleigh bells put the do not disturb": 1, 
            "so don't start frontin' i don't wanna": 1, 
            "so let's go for a walk through": 1, 
            "so since the time we met, my": 1, 
            "some time to take off my pants": 1, 
            "somethin'": 1, 
            "somethin' let's rent a room at a": 1, 
            "somethin' listen up, baby, you look real": 1, 
            "somethin' look, baby doll, don't lie or": 1, 
            "sore then open your legs, put 'em": 1, 
            "start frontin' i don't wanna be your": 1, 
            "style so let's go for a walk": 1, 
            "suck my dick in the dark and": 1, 
            "suck your titties yes, pretty lady, i": 1, 
            "take off my pants the time has": 1, 
            "tell you this for a while i": 1, 
            "that i'm a real man and the": 1, 
            "that you're with it, so don't start": 1, 
            "that's the way i like to fuck": 1, 
            "the beach, we'll lay in the sand": 1, 
            "the buck 'cause that's the way i": 1, 
            "the dark and just do what i": 1, 
            "the do not disturb sign on the": 1, 
            "the door and ride this dick 'till": 1, 
            "the feeling was right it's all for": 1, 
            "the park you can suck my dick": 1, 
            "the sand and i'll prove to you": 1, 
            "the sleigh bells put the do not": 1, 
            "the time has come don't be frontin'": 1, 
            "the time we met, my dick has": 1, 
            "the way i like to fuck it's": 1, 
            "the way it felt, it was real": 1, 
            "them draws, and let's move somethin' let's": 1, 
            "then open your legs, put 'em in": 1, 
            "then play this game called ring the": 1, 
            "this dick 'till it gets sore then": 1, 
            "this for a while i like your": 1, 
            "this game called ring the sleigh bells": 1, 
            "those hips and let's move somethin'": 1, 
            "through the park you can suck my": 1, 
            "tight it chilled my body and the": 1, 
            "time has come don't be frontin' just": 1, 
            "time to take off my pants the": 1, 
            "time we met, my dick has grown": 1, 
            "titties yes, pretty lady, i love you": 1, 
            "to do is move somethin' look, baby": 1, 
            "to fuck it's real simple it's not": 1, 
            "to take off my pants the time": 1, 
            "to tell you this for a while": 1, 
            "to the beach, we'll lay in the": 1, 
            "to you that i'm a real man": 1, 
            "up your shirt and suck your titties": 1, 
            "up, baby, you look real pretty let": 1, 
            "walk through the park you can suck": 1, 
            "wanna be your man i wanna move": 1, 
            "wanna move somethin' listen up, baby, you": 1, 
            "want let's go to the beach, we'll": 1, 
            "wantin' just roll those hips and let's": 1, 
            "wanting to tell you this for a": 1, 
            "was real tight it chilled my body": 1, 
            "was right it's all for love it's": 1, 
            "way i like to fuck it's real": 1, 
            "way it felt, it was real tight": 1, 
            "we met, my dick has grown you": 1, 
            "we'll lay in the sand and i'll": 1, 
            "what i ask bitch, bend over let": 1, 
            "what i need and i know what": 1, 
            "what you want let's go to the": 1, 
            "while i like your fake blue eyes": 1, 
            "with it, so don't start frontin' i": 1, 
            "yes, pretty lady, i love you so": 1, 
            "you can suck my dick in the": 1, 
            "you had other men now it's my": 1, 
            "you have to do is move somethin'": 1, 
            "you i've been wantin' just roll those": 1, 
            "you know what i need and i": 1, 
            "you look real pretty let me pull": 1, 
            "you so since the time we met,": 1, 
            "you that i'm a real man and": 1, 
            "you this for a while i like": 1, 
            "you want let's go to the beach,": 1, 
            "you're with it, so don't start frontin'": 1, 
            "your backside like dogs do each other": 1, 
            "your fake blue eyes and your hoey": 1, 
            "your hoey style so let's go for": 1, 
            "your legs, put 'em in the buck": 1, 
            "your man i wanna move somethin' listen": 1, 
            "your shirt and suck your titties yes,": 1, 
            "your titties yes, pretty lady, i love": 1
        }, 
        "8": {
            "": 1062, 
            "'cause that's the way i like to fuck": 1, 
            "'em in the buck 'cause that's the way": 1, 
            "'till it gets sore then open your legs,": 1, 
            "a fuck-motel then play this game called ring": 1, 
            "a real man and the way it felt,": 1, 
            "a room at a fuck-motel then play this": 1, 
            "a walk through the park you can suck": 1, 
            "a while i like your fake blue eyes": 1, 
            "all for love it's you i've been wantin'": 1, 
            "all you have to do is move somethin'": 1, 
            "and i know what you want let's go": 1, 
            "and i'll prove to you that i'm a": 1, 
            "and just do what i ask bitch, bend": 1, 
            "and let's move somethin'": 1, 
            "and let's move somethin' let's rent a room": 1, 
            "and ride this dick 'till it gets sore": 1, 
            "and suck your titties yes, pretty lady, i": 1, 
            "and the feeling was right it's all for": 1, 
            "and the way it felt, it was real": 1, 
            "and your hoey style so let's go for": 1, 
            "ask bitch, bend over let me ride your": 1, 
            "at a fuck-motel then play this game called": 1, 
            "baby doll, don't lie or front you know": 1, 
            "baby, you look real pretty let me pull": 1, 
            "backside like dogs do each other i know": 1, 
            "be frontin' just drop them draws, and let's": 1, 
            "be your man i wanna move somethin' listen": 1, 
            "beach, we'll lay in the sand and i'll": 1, 
            "been wantin' just roll those hips and let's": 1, 
            "been wanting to tell you this for a": 1, 
            "bells put the do not disturb sign on": 1, 
            "bend over let me ride your backside like": 1, 
            "bitch, bend over let me ride your backside": 1, 
            "blue eyes and your hoey style so let's": 1, 
            "body and the feeling was right it's all": 1, 
            "buck 'cause that's the way i like to": 1, 
            "called ring the sleigh bells put the do": 1, 
            "can suck my dick in the dark and": 1, 
            "chance give me some time to take off": 1, 
            "chilled my body and the feeling was right": 1, 
            "come don't be frontin' just drop them draws,": 1, 
            "dark and just do what i ask bitch,": 1, 
            "dick 'till it gets sore then open your": 1, 
            "dick has grown you had other men now": 1, 
            "dick in the dark and just do what": 1, 
            "disturb sign on the door and ride this": 1, 
            "do each other i know that you're with": 1, 
            "do is move somethin' look, baby doll, don't": 1, 
            "do not disturb sign on the door and": 1, 
            "do what i ask bitch, bend over let": 1, 
            "dogs do each other i know that you're": 1, 
            "doll, don't lie or front you know what": 1, 
            "don't be frontin' just drop them draws, and": 1, 
            "don't lie or front you know what i": 1, 
            "don't start frontin' i don't wanna be your": 1, 
            "don't wanna be your man i wanna move": 1, 
            "door and ride this dick 'till it gets": 1, 
            "draws, and let's move somethin' let's rent a": 1, 
            "drop them draws, and let's move somethin' let's": 1, 
            "each other i know that you're with it,": 1, 
            "eyes and your hoey style so let's go": 1, 
            "fake blue eyes and your hoey style so": 1, 
            "feeling was right it's all for love it's": 1, 
            "felt, it was real tight it chilled my": 1, 
            "for a walk through the park you can": 1, 
            "for a while i like your fake blue": 1, 
            "for love it's you i've been wantin' just": 1, 
            "front you know what i need and i": 1, 
            "frontin' i don't wanna be your man i": 1, 
            "frontin' just drop them draws, and let's move": 1, 
            "fuck it's real simple it's not really nothin'": 1, 
            "fuck-motel then play this game called ring the": 1, 
            "game called ring the sleigh bells put the": 1, 
            "gets sore then open your legs, put 'em": 1, 
            "give me some time to take off my": 1, 
            "go for a walk through the park you": 1, 
            "go to the beach, we'll lay in the": 1, 
            "grown you had other men now it's my": 1, 
            "had other men now it's my chance give": 1, 
            "has come don't be frontin' just drop them": 1, 
            "has grown you had other men now it's": 1, 
            "have to do is move somethin' look, baby": 1, 
            "hips and let's move somethin'": 1, 
            "hoey style so let's go for a walk": 1, 
            "i ask bitch, bend over let me ride": 1, 
            "i don't wanna be your man i wanna": 1, 
            "i know that you're with it, so don't": 1, 
            "i know what you want let's go to": 1, 
            "i like to fuck it's real simple it's": 1, 
            "i like your fake blue eyes and your": 1, 
            "i love you so since the time we": 1, 
            "i need and i know what you want": 1, 
            "i wanna move somethin' listen up, baby, you": 1, 
            "i'll prove to you that i'm a real": 1, 
            "i'm a real man and the way it": 1, 
            "i've been wantin' just roll those hips and": 1, 
            "i've been wanting to tell you this for": 1, 
            "in the buck 'cause that's the way i": 1, 
            "in the dark and just do what i": 1, 
            "in the sand and i'll prove to you": 1, 
            "is move somethin' look, baby doll, don't lie": 1, 
            "it chilled my body and the feeling was": 1, 
            "it felt, it was real tight it chilled": 1, 
            "it gets sore then open your legs, put": 1, 
            "it was real tight it chilled my body": 1, 
            "it's all for love it's you i've been": 1, 
            "it's my chance give me some time to": 1, 
            "it's not really nothin' all you have to": 1, 
            "it's real simple it's not really nothin' all": 1, 
            "it's you i've been wantin' just roll those": 1, 
            "it, so don't start frontin' i don't wanna": 1, 
            "just do what i ask bitch, bend over": 1, 
            "just drop them draws, and let's move somethin'": 1, 
            "just roll those hips and let's move somethin'": 1, 
            "know that you're with it, so don't start": 1, 
            "know what i need and i know what": 1, 
            "know what you want let's go to the": 1, 
            "lady, i love you so since the time": 1, 
            "lay in the sand and i'll prove to": 1, 
            "legs, put 'em in the buck 'cause that's": 1, 
            "let me pull up your shirt and suck": 1, 
            "let me ride your backside like dogs do": 1, 
            "let's go for a walk through the park": 1, 
            "let's go to the beach, we'll lay in": 1, 
            "let's move somethin'": 1, 
            "let's move somethin' let's rent a room at": 1, 
            "let's rent a room at a fuck-motel then": 1, 
            "lie or front you know what i need": 1, 
            "like dogs do each other i know that": 1, 
            "like to fuck it's real simple it's not": 1, 
            "like your fake blue eyes and your hoey": 1, 
            "listen up, baby, you look real pretty let": 1, 
            "look real pretty let me pull up your": 1, 
            "look, baby doll, don't lie or front you": 1, 
            "love it's you i've been wantin' just roll": 1, 
            "love you so since the time we met,": 1, 
            "man and the way it felt, it was": 1, 
            "man i wanna move somethin' listen up, baby,": 1, 
            "me pull up your shirt and suck your": 1, 
            "me ride your backside like dogs do each": 1, 
            "me some time to take off my pants": 1, 
            "men now it's my chance give me some": 1, 
            "met, my dick has grown you had other": 1, 
            "move somethin'": 1, 
            "move somethin' let's rent a room at a": 1, 
            "move somethin' listen up, baby, you look real": 1, 
            "move somethin' look, baby doll, don't lie or": 1, 
            "my body and the feeling was right it's": 1, 
            "my chance give me some time to take": 1, 
            "my dick has grown you had other men": 1, 
            "my dick in the dark and just do": 1, 
            "my pants the time has come don't be": 1, 
            "need and i know what you want let's": 1, 
            "not disturb sign on the door and ride": 1, 
            "not really nothin' all you have to do": 1, 
            "nothin' all you have to do is move": 1, 
            "now it's my chance give me some time": 1, 
            "off my pants the time has come don't": 1, 
            "on the door and ride this dick 'till": 1, 
            "open your legs, put 'em in the buck": 1, 
            "or front you know what i need and": 1, 
            "other i know that you're with it, so": 1, 
            "other men now it's my chance give me": 1, 
            "over let me ride your backside like dogs": 1, 
            "pants the time has come don't be frontin'": 1, 
            "park you can suck my dick in the": 1, 
            "play this game called ring the sleigh bells": 1, 
            "pretty lady, i love you so since the": 1, 
            "pretty let me pull up your shirt and": 1, 
            "prove to you that i'm a real man": 1, 
            "pull up your shirt and suck your titties": 1, 
            "put 'em in the buck 'cause that's the": 1, 
            "put the do not disturb sign on the": 1, 
            "real man and the way it felt, it": 1, 
            "real pretty let me pull up your shirt": 1, 
            "real simple it's not really nothin' all you": 1, 
            "real tight it chilled my body and the": 1, 
            "really nothin' all you have to do is": 1, 
            "rent a room at a fuck-motel then play": 1, 
            "ride this dick 'till it gets sore then": 1, 
            "ride your backside like dogs do each other": 1, 
            "right it's all for love it's you i've": 1, 
            "ring the sleigh bells put the do not": 1, 
            "roll those hips and let's move somethin'": 1, 
            "room at a fuck-motel then play this game": 1, 
            "sand and i'll prove to you that i'm": 1, 
            "shirt and suck your titties yes, pretty lady,": 1, 
            "sign on the door and ride this dick": 1, 
            "simple it's not really nothin' all you have": 1, 
            "since the time we met, my dick has": 1, 
            "sleigh bells put the do not disturb sign": 1, 
            "so don't start frontin' i don't wanna be": 1, 
            "so let's go for a walk through the": 1, 
            "so since the time we met, my dick": 1, 
            "some time to take off my pants the": 1, 
            "somethin'": 1, 
            "somethin' let's rent a room at a fuck-motel": 1, 
            "somethin' listen up, baby, you look real pretty": 1, 
            "somethin' look, baby doll, don't lie or front": 1, 
            "sore then open your legs, put 'em in": 1, 
            "start frontin' i don't wanna be your man": 1, 
            "style so let's go for a walk through": 1, 
            "suck my dick in the dark and just": 1, 
            "suck your titties yes, pretty lady, i love": 1, 
            "take off my pants the time has come": 1, 
            "tell you this for a while i like": 1, 
            "that i'm a real man and the way": 1, 
            "that you're with it, so don't start frontin'": 1, 
            "that's the way i like to fuck it's": 1, 
            "the beach, we'll lay in the sand and": 1, 
            "the buck 'cause that's the way i like": 1, 
            "the dark and just do what i ask": 1, 
            "the do not disturb sign on the door": 1, 
            "the door and ride this dick 'till it": 1, 
            "the feeling was right it's all for love": 1, 
            "the park you can suck my dick in": 1, 
            "the sand and i'll prove to you that": 1, 
            "the sleigh bells put the do not disturb": 1, 
            "the time has come don't be frontin' just": 1, 
            "the time we met, my dick has grown": 1, 
            "the way i like to fuck it's real": 1, 
            "the way it felt, it was real tight": 1, 
            "them draws, and let's move somethin' let's rent": 1, 
            "then open your legs, put 'em in the": 1, 
            "then play this game called ring the sleigh": 1, 
            "this dick 'till it gets sore then open": 1, 
            "this for a while i like your fake": 1, 
            "this game called ring the sleigh bells put": 1, 
            "those hips and let's move somethin'": 1, 
            "through the park you can suck my dick": 1, 
            "tight it chilled my body and the feeling": 1, 
            "time has come don't be frontin' just drop": 1, 
            "time to take off my pants the time": 1, 
            "time we met, my dick has grown you": 1, 
            "titties yes, pretty lady, i love you so": 1, 
            "to do is move somethin' look, baby doll,": 1, 
            "to fuck it's real simple it's not really": 1, 
            "to take off my pants the time has": 1, 
            "to tell you this for a while i": 1, 
            "to the beach, we'll lay in the sand": 1, 
            "to you that i'm a real man and": 1, 
            "up your shirt and suck your titties yes,": 1, 
            "up, baby, you look real pretty let me": 1, 
            "walk through the park you can suck my": 1, 
            "wanna be your man i wanna move somethin'": 1, 
            "wanna move somethin' listen up, baby, you look": 1, 
            "want let's go to the beach, we'll lay": 1, 
            "wantin' just roll those hips and let's move": 1, 
            "wanting to tell you this for a while": 1, 
            "was real tight it chilled my body and": 1, 
            "was right it's all for love it's you": 1, 
            "way i like to fuck it's real simple": 1, 
            "way it felt, it was real tight it": 1, 
            "we met, my dick has grown you had": 1, 
            "we'll lay in the sand and i'll prove": 1, 
            "what i ask bitch, bend over let me": 1, 
            "what i need and i know what you": 1, 
            "what you want let's go to the beach,": 1, 
            "while i like your fake blue eyes and": 1, 
            "with it, so don't start frontin' i don't": 1, 
            "yes, pretty lady, i love you so since": 1, 
            "you can suck my dick in the dark": 1, 
            "you had other men now it's my chance": 1, 
            "you have to do is move somethin' look,": 1, 
            "you i've been wantin' just roll those hips": 1, 
            "you know what i need and i know": 1, 
            "you look real pretty let me pull up": 1, 
            "you so since the time we met, my": 1, 
            "you that i'm a real man and the": 1, 
            "you this for a while i like your": 1, 
            "you want let's go to the beach, we'll": 1, 
            "you're with it, so don't start frontin' i": 1, 
            "your backside like dogs do each other i": 1, 
            "your fake blue eyes and your hoey style": 1, 
            "your hoey style so let's go for a": 1, 
            "your legs, put 'em in the buck 'cause": 1, 
            "your man i wanna move somethin' listen up,": 1, 
            "your shirt and suck your titties yes, pretty": 1, 
            "your titties yes, pretty lady, i love you": 1
        }
    }, 
    "song_title": "Move Somethin'", 
    "total_words": [
        279, 
        {
            "'cause": 1, 
            "'em": 1, 
            "'till": 1, 
            "a": 5, 
            "all": 2, 
            "and": 10, 
            "ask": 1, 
            "at": 1, 
            "baby": 1, 
            "baby,": 1, 
            "backside": 1, 
            "be": 2, 
            "beach,": 1, 
            "been": 2, 
            "bells": 1, 
            "bend": 1, 
            "bitch,": 1, 
            "blue": 1, 
            "body": 1, 
            "buck": 1, 
            "called": 1, 
            "can": 1, 
            "chance": 1, 
            "chilled": 1, 
            "come": 1, 
            "dark": 1, 
            "dick": 3, 
            "disturb": 1, 
            "do": 4, 
            "dogs": 1, 
            "doll,": 1, 
            "don't": 4, 
            "door": 1, 
            "draws,": 1, 
            "drop": 1, 
            "each": 1, 
            "eyes": 1, 
            "fake": 1, 
            "feeling": 1, 
            "felt,": 1, 
            "for": 3, 
            "front": 1, 
            "frontin'": 2, 
            "fuck": 1, 
            "fuck-motel": 1, 
            "game": 1, 
            "gets": 1, 
            "give": 1, 
            "go": 2, 
            "grown": 1, 
            "had": 1, 
            "has": 2, 
            "have": 1, 
            "hips": 1, 
            "hoey": 1, 
            "i": 9, 
            "i'll": 1, 
            "i'm": 1, 
            "i've": 2, 
            "in": 3, 
            "is": 1, 
            "it": 4, 
            "it's": 5, 
            "it,": 1, 
            "just": 3, 
            "know": 3, 
            "lady,": 1, 
            "lay": 1, 
            "legs,": 1, 
            "let": 2, 
            "let's": 5, 
            "lie": 1, 
            "like": 3, 
            "listen": 1, 
            "look": 1, 
            "look,": 1, 
            "love": 2, 
            "man": 2, 
            "me": 3, 
            "men": 1, 
            "met,": 1, 
            "move": 4, 
            "my": 5, 
            "need": 1, 
            "not": 2, 
            "nothin'": 1, 
            "now": 1, 
            "off": 1, 
            "on": 1, 
            "open": 1, 
            "or": 1, 
            "other": 2, 
            "over": 1, 
            "pants": 1, 
            "park": 1, 
            "play": 1, 
            "pretty": 2, 
            "prove": 1, 
            "pull": 1, 
            "put": 2, 
            "real": 4, 
            "really": 1, 
            "rent": 1, 
            "ride": 2, 
            "right": 1, 
            "ring": 1, 
            "roll": 1, 
            "room": 1, 
            "sand": 1, 
            "shirt": 1, 
            "sign": 1, 
            "simple": 1, 
            "since": 1, 
            "sleigh": 1, 
            "so": 3, 
            "some": 1, 
            "somethin'": 4, 
            "sore": 1, 
            "start": 1, 
            "style": 1, 
            "suck": 2, 
            "take": 1, 
            "tell": 1, 
            "that": 2, 
            "that's": 1, 
            "the": 13, 
            "them": 1, 
            "then": 2, 
            "this": 3, 
            "those": 1, 
            "through": 1, 
            "tight": 1, 
            "time": 3, 
            "titties": 1, 
            "to": 6, 
            "up": 1, 
            "up,": 1, 
            "walk": 1, 
            "wanna": 2, 
            "want": 1, 
            "wantin'": 1, 
            "wanting": 1, 
            "was": 2, 
            "way": 2, 
            "we": 1, 
            "we'll": 1, 
            "what": 3, 
            "while": 1, 
            "with": 1, 
            "yes,": 1, 
            "you": 10, 
            "you're": 1, 
            "your": 7
        }
    ], 
    "unique_words": [
        153, 
        [
            "all", 
            "just", 
            "don't", 
            "draws,", 
            "over", 
            "move", 
            "not", 
            "through", 
            "go", 
            "love", 
            "up,", 
            "dick", 
            "had", 
            "to", 
            "pretty", 
            "has", 
            "real", 
            "do", 
            "it,", 
            "dogs", 
            "look,", 
            "disturb", 
            "dark", 
            "game", 
            "know", 
            "front", 
            "now", 
            "room", 
            "doll,", 
            "we'll", 
            "like", 
            "drop", 
            "sand", 
            "each", 
            "sleigh", 
            "pants", 
            "i'll", 
            "right", 
            "some", 
            "sign", 
            "ring", 
            "really", 
            "blue", 
            "what", 
            "yes,", 
            "for", 
            "since", 
            "then", 
            "fuck-motel", 
            "body", 
            "be", 
            "we", 
            "lady,", 
            "men", 
            "style", 
            "let", 
            "put", 
            "come", 
            "met,", 
            "titties", 
            "backside", 
            "i'm", 
            "wanna", 
            "or", 
            "somethin'", 
            "felt,", 
            "simple", 
            "walk", 
            "ask", 
            "fake", 
            "bitch,", 
            "open", 
            "your", 
            "'em", 
            "'till", 
            "you're", 
            "prove", 
            "it's", 
            "been", 
            "start", 
            "way", 
            "was", 
            "tell", 
            "listen", 
            "beach,", 
            "eyes", 
            "door", 
            "buck", 
            "park", 
            "fuck", 
            "sore", 
            "legs,", 
            "baby", 
            "with", 
            "those", 
            "me", 
            "pull", 
            "look", 
            "this", 
            "ride", 
            "up", 
            "baby,", 
            "while", 
            "can", 
            "feeling", 
            "my", 
            "called", 
            "bend", 
            "and", 
            "want", 
            "give", 
            "is", 
            "it", 
            "need", 
            "rent", 
            "have", 
            "in", 
            "nothin'", 
            "grown", 
            "lie", 
            "shirt", 
            "i've", 
            "hoey", 
            "tight", 
            "that", 
            "other", 
            "take", 
            "wanting", 
            "you", 
            "gets", 
            "roll", 
            "bells", 
            "play", 
            "them", 
            "let's", 
            "chance", 
            "frontin'", 
            "lay", 
            "'cause", 
            "suck", 
            "on", 
            "man", 
            "a", 
            "chilled", 
            "off", 
            "i", 
            "so", 
            "time", 
            "at", 
            "wantin'", 
            "the", 
            "hips", 
            "that's"
        ]
    ], 
    "year": 1987
}