{
    "album": "Move Somethin'", 
    "artist": "2 Live Crew", 
    "lyrics": "One and one, we`re having some fun,\nIn the bedroom, all day, and all of the night.\n\nTwo and two, I took of my shoes,\nIn the bedroom, all day, and all of the night.\n\nThree and three, she undressed me,\nIn the bedroom, all day, and all of the night.\n\nFour and four, we fucked on the floor,\nIn the bedroom, all day, and all of the night.\n\nFive and five, I put up her thights,\nIn the bedroom, all day, and all of the night.\n\nSix and six, the bitch sucked my dick,\nIn the bedroom, all day, and all of the night.\n\nSeven and seven, we went to heaven,\nIn the bedroom, all day, and all of the night.\n\nEight and eight, she masturbated,\nIn the bedroom, all day, and all of the night.\n\nNine and nine, she licked my ass,\nIn the bedroom, all day, and all of the night.\n\nTen and ten, the bitch did it again,\nIn the bedroom, all day, and all of the night.\n\nGet off my ass, bitch\nGet your face out of my ass, motherfucker\n\nGet off my ass bitch!\nGET YOUR FACE OUT MY ASS MOTHERFUCKER!!\n\"Haaa\"\n\"But it hurts so good\"\n\"Haaa\"\nGet laid, get FUCKED!\n\"Haaa\"\n\"But it hurts so good\"\n", 
    "ngrams": {
        "2": {
            "": 816, 
            "again, in": 1, 
            "all day,": 10, 
            "all of": 10, 
            "and all": 10, 
            "and eight,": 1, 
            "and five,": 1, 
            "and four,": 1, 
            "and nine,": 1, 
            "and one,": 1, 
            "and seven,": 1, 
            "and six,": 1, 
            "and ten,": 1, 
            "and three,": 1, 
            "and two,": 1, 
            "ass bitch": 1, 
            "ass motherfucker": 1, 
            "ass, bitch": 1, 
            "ass, in": 1, 
            "ass, motherfucker": 1, 
            "bedroom, all": 10, 
            "bitch did": 1, 
            "bitch get": 2, 
            "bitch sucked": 1, 
            "but it": 2, 
            "day, and": 10, 
            "dick, in": 1, 
            "did it": 1, 
            "eight and": 1, 
            "eight, she": 1, 
            "face out": 2, 
            "five and": 1, 
            "five, i": 1, 
            "floor, in": 1, 
            "four and": 1, 
            "four, we": 1, 
            "fucked haaa": 1, 
            "fucked on": 1, 
            "fun, in": 1, 
            "get fucked": 1, 
            "get laid,": 1, 
            "get off": 2, 
            "get your": 2, 
            "good": 1, 
            "good haaa": 1, 
            "haaa but": 2, 
            "haaa get": 1, 
            "having some": 1, 
            "heaven, in": 1, 
            "her thights,": 1, 
            "hurts so": 2, 
            "i put": 1, 
            "i took": 1, 
            "in the": 10, 
            "it again,": 1, 
            "it hurts": 2, 
            "laid, get": 1, 
            "licked my": 1, 
            "masturbated, in": 1, 
            "me, in": 1, 
            "motherfucker get": 1, 
            "motherfucker haaa": 1, 
            "my ass": 2, 
            "my ass,": 3, 
            "my dick,": 1, 
            "my shoes,": 1, 
            "night eight": 1, 
            "night five": 1, 
            "night four": 1, 
            "night get": 1, 
            "night nine": 1, 
            "night seven": 1, 
            "night six": 1, 
            "night ten": 1, 
            "night three": 1, 
            "night two": 1, 
            "nine and": 1, 
            "nine, she": 1, 
            "of my": 2, 
            "of the": 10, 
            "off my": 2, 
            "on the": 1, 
            "one and": 1, 
            "one, we`re": 1, 
            "out my": 1, 
            "out of": 1, 
            "put up": 1, 
            "seven and": 1, 
            "seven, we": 1, 
            "she licked": 1, 
            "she masturbated,": 1, 
            "she undressed": 1, 
            "shoes, in": 1, 
            "six and": 1, 
            "six, the": 1, 
            "so good": 2, 
            "some fun,": 1, 
            "sucked my": 1, 
            "ten and": 1, 
            "ten, the": 1, 
            "the bedroom,": 10, 
            "the bitch": 2, 
            "the floor,": 1, 
            "the night": 10, 
            "thights, in": 1, 
            "three and": 1, 
            "three, she": 1, 
            "to heaven,": 1, 
            "took of": 1, 
            "two and": 1, 
            "two, i": 1, 
            "undressed me,": 1, 
            "up her": 1, 
            "we fucked": 1, 
            "we went": 1, 
            "we`re having": 1, 
            "went to": 1, 
            "your face": 2
        }, 
        "3": {
            "": 815, 
            "again, in the": 1, 
            "all day, and": 10, 
            "all of the": 10, 
            "and all of": 10, 
            "and eight, she": 1, 
            "and five, i": 1, 
            "and four, we": 1, 
            "and nine, she": 1, 
            "and one, we`re": 1, 
            "and seven, we": 1, 
            "and six, the": 1, 
            "and ten, the": 1, 
            "and three, she": 1, 
            "and two, i": 1, 
            "ass bitch get": 1, 
            "ass motherfucker haaa": 1, 
            "ass, bitch get": 1, 
            "ass, in the": 1, 
            "ass, motherfucker get": 1, 
            "bedroom, all day,": 10, 
            "bitch did it": 1, 
            "bitch get your": 2, 
            "bitch sucked my": 1, 
            "but it hurts": 2, 
            "day, and all": 10, 
            "dick, in the": 1, 
            "did it again,": 1, 
            "eight and eight,": 1, 
            "eight, she masturbated,": 1, 
            "face out my": 1, 
            "face out of": 1, 
            "five and five,": 1, 
            "five, i put": 1, 
            "floor, in the": 1, 
            "four and four,": 1, 
            "four, we fucked": 1, 
            "fucked haaa but": 1, 
            "fucked on the": 1, 
            "fun, in the": 1, 
            "get fucked haaa": 1, 
            "get laid, get": 1, 
            "get off my": 2, 
            "get your face": 2, 
            "good": 1, 
            "good haaa get": 1, 
            "haaa but it": 2, 
            "haaa get laid,": 1, 
            "having some fun,": 1, 
            "heaven, in the": 1, 
            "her thights, in": 1, 
            "hurts so good": 2, 
            "i put up": 1, 
            "i took of": 1, 
            "in the bedroom,": 10, 
            "it again, in": 1, 
            "it hurts so": 2, 
            "laid, get fucked": 1, 
            "licked my ass,": 1, 
            "masturbated, in the": 1, 
            "me, in the": 1, 
            "motherfucker get off": 1, 
            "motherfucker haaa but": 1, 
            "my ass bitch": 1, 
            "my ass motherfucker": 1, 
            "my ass, bitch": 1, 
            "my ass, in": 1, 
            "my ass, motherfucker": 1, 
            "my dick, in": 1, 
            "my shoes, in": 1, 
            "night eight and": 1, 
            "night five and": 1, 
            "night four and": 1, 
            "night get off": 1, 
            "night nine and": 1, 
            "night seven and": 1, 
            "night six and": 1, 
            "night ten and": 1, 
            "night three and": 1, 
            "night two and": 1, 
            "nine and nine,": 1, 
            "nine, she licked": 1, 
            "of my ass,": 1, 
            "of my shoes,": 1, 
            "of the night": 10, 
            "off my ass": 1, 
            "off my ass,": 1, 
            "on the floor,": 1, 
            "one and one,": 1, 
            "one, we`re having": 1, 
            "out my ass": 1, 
            "out of my": 1, 
            "put up her": 1, 
            "seven and seven,": 1, 
            "seven, we went": 1, 
            "she licked my": 1, 
            "she masturbated, in": 1, 
            "she undressed me,": 1, 
            "shoes, in the": 1, 
            "six and six,": 1, 
            "six, the bitch": 1, 
            "so good": 1, 
            "so good haaa": 1, 
            "some fun, in": 1, 
            "sucked my dick,": 1, 
            "ten and ten,": 1, 
            "ten, the bitch": 1, 
            "the bedroom, all": 10, 
            "the bitch did": 1, 
            "the bitch sucked": 1, 
            "the floor, in": 1, 
            "the night eight": 1, 
            "the night five": 1, 
            "the night four": 1, 
            "the night get": 1, 
            "the night nine": 1, 
            "the night seven": 1, 
            "the night six": 1, 
            "the night ten": 1, 
            "the night three": 1, 
            "the night two": 1, 
            "thights, in the": 1, 
            "three and three,": 1, 
            "three, she undressed": 1, 
            "to heaven, in": 1, 
            "took of my": 1, 
            "two and two,": 1, 
            "two, i took": 1, 
            "undressed me, in": 1, 
            "up her thights,": 1, 
            "we fucked on": 1, 
            "we went to": 1, 
            "we`re having some": 1, 
            "went to heaven,": 1, 
            "your face out": 2
        }, 
        "4": {
            "": 814, 
            "again, in the bedroom,": 1, 
            "all day, and all": 10, 
            "all of the night": 10, 
            "and all of the": 10, 
            "and eight, she masturbated,": 1, 
            "and five, i put": 1, 
            "and four, we fucked": 1, 
            "and nine, she licked": 1, 
            "and one, we`re having": 1, 
            "and seven, we went": 1, 
            "and six, the bitch": 1, 
            "and ten, the bitch": 1, 
            "and three, she undressed": 1, 
            "and two, i took": 1, 
            "ass bitch get your": 1, 
            "ass motherfucker haaa but": 1, 
            "ass, bitch get your": 1, 
            "ass, in the bedroom,": 1, 
            "ass, motherfucker get off": 1, 
            "bedroom, all day, and": 10, 
            "bitch did it again,": 1, 
            "bitch get your face": 2, 
            "bitch sucked my dick,": 1, 
            "but it hurts so": 2, 
            "day, and all of": 10, 
            "dick, in the bedroom,": 1, 
            "did it again, in": 1, 
            "eight and eight, she": 1, 
            "eight, she masturbated, in": 1, 
            "face out my ass": 1, 
            "face out of my": 1, 
            "five and five, i": 1, 
            "five, i put up": 1, 
            "floor, in the bedroom,": 1, 
            "four and four, we": 1, 
            "four, we fucked on": 1, 
            "fucked haaa but it": 1, 
            "fucked on the floor,": 1, 
            "fun, in the bedroom,": 1, 
            "get fucked haaa but": 1, 
            "get laid, get fucked": 1, 
            "get off my ass": 1, 
            "get off my ass,": 1, 
            "get your face out": 2, 
            "good": 1, 
            "good haaa get laid,": 1, 
            "haaa but it hurts": 2, 
            "haaa get laid, get": 1, 
            "having some fun, in": 1, 
            "heaven, in the bedroom,": 1, 
            "her thights, in the": 1, 
            "hurts so good": 1, 
            "hurts so good haaa": 1, 
            "i put up her": 1, 
            "i took of my": 1, 
            "in the bedroom, all": 10, 
            "it again, in the": 1, 
            "it hurts so good": 2, 
            "laid, get fucked haaa": 1, 
            "licked my ass, in": 1, 
            "masturbated, in the bedroom,": 1, 
            "me, in the bedroom,": 1, 
            "motherfucker get off my": 1, 
            "motherfucker haaa but it": 1, 
            "my ass bitch get": 1, 
            "my ass motherfucker haaa": 1, 
            "my ass, bitch get": 1, 
            "my ass, in the": 1, 
            "my ass, motherfucker get": 1, 
            "my dick, in the": 1, 
            "my shoes, in the": 1, 
            "night eight and eight,": 1, 
            "night five and five,": 1, 
            "night four and four,": 1, 
            "night get off my": 1, 
            "night nine and nine,": 1, 
            "night seven and seven,": 1, 
            "night six and six,": 1, 
            "night ten and ten,": 1, 
            "night three and three,": 1, 
            "night two and two,": 1, 
            "nine and nine, she": 1, 
            "nine, she licked my": 1, 
            "of my ass, motherfucker": 1, 
            "of my shoes, in": 1, 
            "of the night eight": 1, 
            "of the night five": 1, 
            "of the night four": 1, 
            "of the night get": 1, 
            "of the night nine": 1, 
            "of the night seven": 1, 
            "of the night six": 1, 
            "of the night ten": 1, 
            "of the night three": 1, 
            "of the night two": 1, 
            "off my ass bitch": 1, 
            "off my ass, bitch": 1, 
            "on the floor, in": 1, 
            "one and one, we`re": 1, 
            "one, we`re having some": 1, 
            "out my ass motherfucker": 1, 
            "out of my ass,": 1, 
            "put up her thights,": 1, 
            "seven and seven, we": 1, 
            "seven, we went to": 1, 
            "she licked my ass,": 1, 
            "she masturbated, in the": 1, 
            "she undressed me, in": 1, 
            "shoes, in the bedroom,": 1, 
            "six and six, the": 1, 
            "six, the bitch sucked": 1, 
            "so good": 1, 
            "so good haaa get": 1, 
            "some fun, in the": 1, 
            "sucked my dick, in": 1, 
            "ten and ten, the": 1, 
            "ten, the bitch did": 1, 
            "the bedroom, all day,": 10, 
            "the bitch did it": 1, 
            "the bitch sucked my": 1, 
            "the floor, in the": 1, 
            "the night eight and": 1, 
            "the night five and": 1, 
            "the night four and": 1, 
            "the night get off": 1, 
            "the night nine and": 1, 
            "the night seven and": 1, 
            "the night six and": 1, 
            "the night ten and": 1, 
            "the night three and": 1, 
            "the night two and": 1, 
            "thights, in the bedroom,": 1, 
            "three and three, she": 1, 
            "three, she undressed me,": 1, 
            "to heaven, in the": 1, 
            "took of my shoes,": 1, 
            "two and two, i": 1, 
            "two, i took of": 1, 
            "undressed me, in the": 1, 
            "up her thights, in": 1, 
            "we fucked on the": 1, 
            "we went to heaven,": 1, 
            "we`re having some fun,": 1, 
            "went to heaven, in": 1, 
            "your face out my": 1, 
            "your face out of": 1
        }, 
        "5": {
            "": 813, 
            "again, in the bedroom, all": 1, 
            "all day, and all of": 10, 
            "all of the night eight": 1, 
            "all of the night five": 1, 
            "all of the night four": 1, 
            "all of the night get": 1, 
            "all of the night nine": 1, 
            "all of the night seven": 1, 
            "all of the night six": 1, 
            "all of the night ten": 1, 
            "all of the night three": 1, 
            "all of the night two": 1, 
            "and all of the night": 10, 
            "and eight, she masturbated, in": 1, 
            "and five, i put up": 1, 
            "and four, we fucked on": 1, 
            "and nine, she licked my": 1, 
            "and one, we`re having some": 1, 
            "and seven, we went to": 1, 
            "and six, the bitch sucked": 1, 
            "and ten, the bitch did": 1, 
            "and three, she undressed me,": 1, 
            "and two, i took of": 1, 
            "ass bitch get your face": 1, 
            "ass motherfucker haaa but it": 1, 
            "ass, bitch get your face": 1, 
            "ass, in the bedroom, all": 1, 
            "ass, motherfucker get off my": 1, 
            "bedroom, all day, and all": 10, 
            "bitch did it again, in": 1, 
            "bitch get your face out": 2, 
            "bitch sucked my dick, in": 1, 
            "but it hurts so good": 2, 
            "day, and all of the": 10, 
            "dick, in the bedroom, all": 1, 
            "did it again, in the": 1, 
            "eight and eight, she masturbated,": 1, 
            "eight, she masturbated, in the": 1, 
            "face out my ass motherfucker": 1, 
            "face out of my ass,": 1, 
            "five and five, i put": 1, 
            "five, i put up her": 1, 
            "floor, in the bedroom, all": 1, 
            "four and four, we fucked": 1, 
            "four, we fucked on the": 1, 
            "fucked haaa but it hurts": 1, 
            "fucked on the floor, in": 1, 
            "fun, in the bedroom, all": 1, 
            "get fucked haaa but it": 1, 
            "get laid, get fucked haaa": 1, 
            "get off my ass bitch": 1, 
            "get off my ass, bitch": 1, 
            "get your face out my": 1, 
            "get your face out of": 1, 
            "good": 1, 
            "good haaa get laid, get": 1, 
            "haaa but it hurts so": 2, 
            "haaa get laid, get fucked": 1, 
            "having some fun, in the": 1, 
            "heaven, in the bedroom, all": 1, 
            "her thights, in the bedroom,": 1, 
            "hurts so good": 1, 
            "hurts so good haaa get": 1, 
            "i put up her thights,": 1, 
            "i took of my shoes,": 1, 
            "in the bedroom, all day,": 10, 
            "it again, in the bedroom,": 1, 
            "it hurts so good": 1, 
            "it hurts so good haaa": 1, 
            "laid, get fucked haaa but": 1, 
            "licked my ass, in the": 1, 
            "masturbated, in the bedroom, all": 1, 
            "me, in the bedroom, all": 1, 
            "motherfucker get off my ass": 1, 
            "motherfucker haaa but it hurts": 1, 
            "my ass bitch get your": 1, 
            "my ass motherfucker haaa but": 1, 
            "my ass, bitch get your": 1, 
            "my ass, in the bedroom,": 1, 
            "my ass, motherfucker get off": 1, 
            "my dick, in the bedroom,": 1, 
            "my shoes, in the bedroom,": 1, 
            "night eight and eight, she": 1, 
            "night five and five, i": 1, 
            "night four and four, we": 1, 
            "night get off my ass,": 1, 
            "night nine and nine, she": 1, 
            "night seven and seven, we": 1, 
            "night six and six, the": 1, 
            "night ten and ten, the": 1, 
            "night three and three, she": 1, 
            "night two and two, i": 1, 
            "nine and nine, she licked": 1, 
            "nine, she licked my ass,": 1, 
            "of my ass, motherfucker get": 1, 
            "of my shoes, in the": 1, 
            "of the night eight and": 1, 
            "of the night five and": 1, 
            "of the night four and": 1, 
            "of the night get off": 1, 
            "of the night nine and": 1, 
            "of the night seven and": 1, 
            "of the night six and": 1, 
            "of the night ten and": 1, 
            "of the night three and": 1, 
            "of the night two and": 1, 
            "off my ass bitch get": 1, 
            "off my ass, bitch get": 1, 
            "on the floor, in the": 1, 
            "one and one, we`re having": 1, 
            "one, we`re having some fun,": 1, 
            "out my ass motherfucker haaa": 1, 
            "out of my ass, motherfucker": 1, 
            "put up her thights, in": 1, 
            "seven and seven, we went": 1, 
            "seven, we went to heaven,": 1, 
            "she licked my ass, in": 1, 
            "she masturbated, in the bedroom,": 1, 
            "she undressed me, in the": 1, 
            "shoes, in the bedroom, all": 1, 
            "six and six, the bitch": 1, 
            "six, the bitch sucked my": 1, 
            "so good": 1, 
            "so good haaa get laid,": 1, 
            "some fun, in the bedroom,": 1, 
            "sucked my dick, in the": 1, 
            "ten and ten, the bitch": 1, 
            "ten, the bitch did it": 1, 
            "the bedroom, all day, and": 10, 
            "the bitch did it again,": 1, 
            "the bitch sucked my dick,": 1, 
            "the floor, in the bedroom,": 1, 
            "the night eight and eight,": 1, 
            "the night five and five,": 1, 
            "the night four and four,": 1, 
            "the night get off my": 1, 
            "the night nine and nine,": 1, 
            "the night seven and seven,": 1, 
            "the night six and six,": 1, 
            "the night ten and ten,": 1, 
            "the night three and three,": 1, 
            "the night two and two,": 1, 
            "thights, in the bedroom, all": 1, 
            "three and three, she undressed": 1, 
            "three, she undressed me, in": 1, 
            "to heaven, in the bedroom,": 1, 
            "took of my shoes, in": 1, 
            "two and two, i took": 1, 
            "two, i took of my": 1, 
            "undressed me, in the bedroom,": 1, 
            "up her thights, in the": 1, 
            "we fucked on the floor,": 1, 
            "we went to heaven, in": 1, 
            "we`re having some fun, in": 1, 
            "went to heaven, in the": 1, 
            "your face out my ass": 1, 
            "your face out of my": 1
        }, 
        "6": {
            "": 812, 
            "again, in the bedroom, all day,": 1, 
            "all day, and all of the": 10, 
            "all of the night eight and": 1, 
            "all of the night five and": 1, 
            "all of the night four and": 1, 
            "all of the night get off": 1, 
            "all of the night nine and": 1, 
            "all of the night seven and": 1, 
            "all of the night six and": 1, 
            "all of the night ten and": 1, 
            "all of the night three and": 1, 
            "all of the night two and": 1, 
            "and all of the night eight": 1, 
            "and all of the night five": 1, 
            "and all of the night four": 1, 
            "and all of the night get": 1, 
            "and all of the night nine": 1, 
            "and all of the night seven": 1, 
            "and all of the night six": 1, 
            "and all of the night ten": 1, 
            "and all of the night three": 1, 
            "and all of the night two": 1, 
            "and eight, she masturbated, in the": 1, 
            "and five, i put up her": 1, 
            "and four, we fucked on the": 1, 
            "and nine, she licked my ass,": 1, 
            "and one, we`re having some fun,": 1, 
            "and seven, we went to heaven,": 1, 
            "and six, the bitch sucked my": 1, 
            "and ten, the bitch did it": 1, 
            "and three, she undressed me, in": 1, 
            "and two, i took of my": 1, 
            "ass bitch get your face out": 1, 
            "ass motherfucker haaa but it hurts": 1, 
            "ass, bitch get your face out": 1, 
            "ass, in the bedroom, all day,": 1, 
            "ass, motherfucker get off my ass": 1, 
            "bedroom, all day, and all of": 10, 
            "bitch did it again, in the": 1, 
            "bitch get your face out my": 1, 
            "bitch get your face out of": 1, 
            "bitch sucked my dick, in the": 1, 
            "but it hurts so good": 1, 
            "but it hurts so good haaa": 1, 
            "day, and all of the night": 10, 
            "dick, in the bedroom, all day,": 1, 
            "did it again, in the bedroom,": 1, 
            "eight and eight, she masturbated, in": 1, 
            "eight, she masturbated, in the bedroom,": 1, 
            "face out my ass motherfucker haaa": 1, 
            "face out of my ass, motherfucker": 1, 
            "five and five, i put up": 1, 
            "five, i put up her thights,": 1, 
            "floor, in the bedroom, all day,": 1, 
            "four and four, we fucked on": 1, 
            "four, we fucked on the floor,": 1, 
            "fucked haaa but it hurts so": 1, 
            "fucked on the floor, in the": 1, 
            "fun, in the bedroom, all day,": 1, 
            "get fucked haaa but it hurts": 1, 
            "get laid, get fucked haaa but": 1, 
            "get off my ass bitch get": 1, 
            "get off my ass, bitch get": 1, 
            "get your face out my ass": 1, 
            "get your face out of my": 1, 
            "good": 1, 
            "good haaa get laid, get fucked": 1, 
            "haaa but it hurts so good": 2, 
            "haaa get laid, get fucked haaa": 1, 
            "having some fun, in the bedroom,": 1, 
            "heaven, in the bedroom, all day,": 1, 
            "her thights, in the bedroom, all": 1, 
            "hurts so good": 1, 
            "hurts so good haaa get laid,": 1, 
            "i put up her thights, in": 1, 
            "i took of my shoes, in": 1, 
            "in the bedroom, all day, and": 10, 
            "it again, in the bedroom, all": 1, 
            "it hurts so good": 1, 
            "it hurts so good haaa get": 1, 
            "laid, get fucked haaa but it": 1, 
            "licked my ass, in the bedroom,": 1, 
            "masturbated, in the bedroom, all day,": 1, 
            "me, in the bedroom, all day,": 1, 
            "motherfucker get off my ass bitch": 1, 
            "motherfucker haaa but it hurts so": 1, 
            "my ass bitch get your face": 1, 
            "my ass motherfucker haaa but it": 1, 
            "my ass, bitch get your face": 1, 
            "my ass, in the bedroom, all": 1, 
            "my ass, motherfucker get off my": 1, 
            "my dick, in the bedroom, all": 1, 
            "my shoes, in the bedroom, all": 1, 
            "night eight and eight, she masturbated,": 1, 
            "night five and five, i put": 1, 
            "night four and four, we fucked": 1, 
            "night get off my ass, bitch": 1, 
            "night nine and nine, she licked": 1, 
            "night seven and seven, we went": 1, 
            "night six and six, the bitch": 1, 
            "night ten and ten, the bitch": 1, 
            "night three and three, she undressed": 1, 
            "night two and two, i took": 1, 
            "nine and nine, she licked my": 1, 
            "nine, she licked my ass, in": 1, 
            "of my ass, motherfucker get off": 1, 
            "of my shoes, in the bedroom,": 1, 
            "of the night eight and eight,": 1, 
            "of the night five and five,": 1, 
            "of the night four and four,": 1, 
            "of the night get off my": 1, 
            "of the night nine and nine,": 1, 
            "of the night seven and seven,": 1, 
            "of the night six and six,": 1, 
            "of the night ten and ten,": 1, 
            "of the night three and three,": 1, 
            "of the night two and two,": 1, 
            "off my ass bitch get your": 1, 
            "off my ass, bitch get your": 1, 
            "on the floor, in the bedroom,": 1, 
            "one and one, we`re having some": 1, 
            "one, we`re having some fun, in": 1, 
            "out my ass motherfucker haaa but": 1, 
            "out of my ass, motherfucker get": 1, 
            "put up her thights, in the": 1, 
            "seven and seven, we went to": 1, 
            "seven, we went to heaven, in": 1, 
            "she licked my ass, in the": 1, 
            "she masturbated, in the bedroom, all": 1, 
            "she undressed me, in the bedroom,": 1, 
            "shoes, in the bedroom, all day,": 1, 
            "six and six, the bitch sucked": 1, 
            "six, the bitch sucked my dick,": 1, 
            "so good": 1, 
            "so good haaa get laid, get": 1, 
            "some fun, in the bedroom, all": 1, 
            "sucked my dick, in the bedroom,": 1, 
            "ten and ten, the bitch did": 1, 
            "ten, the bitch did it again,": 1, 
            "the bedroom, all day, and all": 10, 
            "the bitch did it again, in": 1, 
            "the bitch sucked my dick, in": 1, 
            "the floor, in the bedroom, all": 1, 
            "the night eight and eight, she": 1, 
            "the night five and five, i": 1, 
            "the night four and four, we": 1, 
            "the night get off my ass,": 1, 
            "the night nine and nine, she": 1, 
            "the night seven and seven, we": 1, 
            "the night six and six, the": 1, 
            "the night ten and ten, the": 1, 
            "the night three and three, she": 1, 
            "the night two and two, i": 1, 
            "thights, in the bedroom, all day,": 1, 
            "three and three, she undressed me,": 1, 
            "three, she undressed me, in the": 1, 
            "to heaven, in the bedroom, all": 1, 
            "took of my shoes, in the": 1, 
            "two and two, i took of": 1, 
            "two, i took of my shoes,": 1, 
            "undressed me, in the bedroom, all": 1, 
            "up her thights, in the bedroom,": 1, 
            "we fucked on the floor, in": 1, 
            "we went to heaven, in the": 1, 
            "we`re having some fun, in the": 1, 
            "went to heaven, in the bedroom,": 1, 
            "your face out my ass motherfucker": 1, 
            "your face out of my ass,": 1
        }, 
        "7": {
            "": 811, 
            "again, in the bedroom, all day, and": 1, 
            "all day, and all of the night": 10, 
            "all of the night eight and eight,": 1, 
            "all of the night five and five,": 1, 
            "all of the night four and four,": 1, 
            "all of the night get off my": 1, 
            "all of the night nine and nine,": 1, 
            "all of the night seven and seven,": 1, 
            "all of the night six and six,": 1, 
            "all of the night ten and ten,": 1, 
            "all of the night three and three,": 1, 
            "all of the night two and two,": 1, 
            "and all of the night eight and": 1, 
            "and all of the night five and": 1, 
            "and all of the night four and": 1, 
            "and all of the night get off": 1, 
            "and all of the night nine and": 1, 
            "and all of the night seven and": 1, 
            "and all of the night six and": 1, 
            "and all of the night ten and": 1, 
            "and all of the night three and": 1, 
            "and all of the night two and": 1, 
            "and eight, she masturbated, in the bedroom,": 1, 
            "and five, i put up her thights,": 1, 
            "and four, we fucked on the floor,": 1, 
            "and nine, she licked my ass, in": 1, 
            "and one, we`re having some fun, in": 1, 
            "and seven, we went to heaven, in": 1, 
            "and six, the bitch sucked my dick,": 1, 
            "and ten, the bitch did it again,": 1, 
            "and three, she undressed me, in the": 1, 
            "and two, i took of my shoes,": 1, 
            "ass bitch get your face out my": 1, 
            "ass motherfucker haaa but it hurts so": 1, 
            "ass, bitch get your face out of": 1, 
            "ass, in the bedroom, all day, and": 1, 
            "ass, motherfucker get off my ass bitch": 1, 
            "bedroom, all day, and all of the": 10, 
            "bitch did it again, in the bedroom,": 1, 
            "bitch get your face out my ass": 1, 
            "bitch get your face out of my": 1, 
            "bitch sucked my dick, in the bedroom,": 1, 
            "but it hurts so good": 1, 
            "but it hurts so good haaa get": 1, 
            "day, and all of the night eight": 1, 
            "day, and all of the night five": 1, 
            "day, and all of the night four": 1, 
            "day, and all of the night get": 1, 
            "day, and all of the night nine": 1, 
            "day, and all of the night seven": 1, 
            "day, and all of the night six": 1, 
            "day, and all of the night ten": 1, 
            "day, and all of the night three": 1, 
            "day, and all of the night two": 1, 
            "dick, in the bedroom, all day, and": 1, 
            "did it again, in the bedroom, all": 1, 
            "eight and eight, she masturbated, in the": 1, 
            "eight, she masturbated, in the bedroom, all": 1, 
            "face out my ass motherfucker haaa but": 1, 
            "face out of my ass, motherfucker get": 1, 
            "five and five, i put up her": 1, 
            "five, i put up her thights, in": 1, 
            "floor, in the bedroom, all day, and": 1, 
            "four and four, we fucked on the": 1, 
            "four, we fucked on the floor, in": 1, 
            "fucked haaa but it hurts so good": 1, 
            "fucked on the floor, in the bedroom,": 1, 
            "fun, in the bedroom, all day, and": 1, 
            "get fucked haaa but it hurts so": 1, 
            "get laid, get fucked haaa but it": 1, 
            "get off my ass bitch get your": 1, 
            "get off my ass, bitch get your": 1, 
            "get your face out my ass motherfucker": 1, 
            "get your face out of my ass,": 1, 
            "good": 1, 
            "good haaa get laid, get fucked haaa": 1, 
            "haaa but it hurts so good": 1, 
            "haaa but it hurts so good haaa": 1, 
            "haaa get laid, get fucked haaa but": 1, 
            "having some fun, in the bedroom, all": 1, 
            "heaven, in the bedroom, all day, and": 1, 
            "her thights, in the bedroom, all day,": 1, 
            "hurts so good": 1, 
            "hurts so good haaa get laid, get": 1, 
            "i put up her thights, in the": 1, 
            "i took of my shoes, in the": 1, 
            "in the bedroom, all day, and all": 10, 
            "it again, in the bedroom, all day,": 1, 
            "it hurts so good": 1, 
            "it hurts so good haaa get laid,": 1, 
            "laid, get fucked haaa but it hurts": 1, 
            "licked my ass, in the bedroom, all": 1, 
            "masturbated, in the bedroom, all day, and": 1, 
            "me, in the bedroom, all day, and": 1, 
            "motherfucker get off my ass bitch get": 1, 
            "motherfucker haaa but it hurts so good": 1, 
            "my ass bitch get your face out": 1, 
            "my ass motherfucker haaa but it hurts": 1, 
            "my ass, bitch get your face out": 1, 
            "my ass, in the bedroom, all day,": 1, 
            "my ass, motherfucker get off my ass": 1, 
            "my dick, in the bedroom, all day,": 1, 
            "my shoes, in the bedroom, all day,": 1, 
            "night eight and eight, she masturbated, in": 1, 
            "night five and five, i put up": 1, 
            "night four and four, we fucked on": 1, 
            "night get off my ass, bitch get": 1, 
            "night nine and nine, she licked my": 1, 
            "night seven and seven, we went to": 1, 
            "night six and six, the bitch sucked": 1, 
            "night ten and ten, the bitch did": 1, 
            "night three and three, she undressed me,": 1, 
            "night two and two, i took of": 1, 
            "nine and nine, she licked my ass,": 1, 
            "nine, she licked my ass, in the": 1, 
            "of my ass, motherfucker get off my": 1, 
            "of my shoes, in the bedroom, all": 1, 
            "of the night eight and eight, she": 1, 
            "of the night five and five, i": 1, 
            "of the night four and four, we": 1, 
            "of the night get off my ass,": 1, 
            "of the night nine and nine, she": 1, 
            "of the night seven and seven, we": 1, 
            "of the night six and six, the": 1, 
            "of the night ten and ten, the": 1, 
            "of the night three and three, she": 1, 
            "of the night two and two, i": 1, 
            "off my ass bitch get your face": 1, 
            "off my ass, bitch get your face": 1, 
            "on the floor, in the bedroom, all": 1, 
            "one and one, we`re having some fun,": 1, 
            "one, we`re having some fun, in the": 1, 
            "out my ass motherfucker haaa but it": 1, 
            "out of my ass, motherfucker get off": 1, 
            "put up her thights, in the bedroom,": 1, 
            "seven and seven, we went to heaven,": 1, 
            "seven, we went to heaven, in the": 1, 
            "she licked my ass, in the bedroom,": 1, 
            "she masturbated, in the bedroom, all day,": 1, 
            "she undressed me, in the bedroom, all": 1, 
            "shoes, in the bedroom, all day, and": 1, 
            "six and six, the bitch sucked my": 1, 
            "six, the bitch sucked my dick, in": 1, 
            "so good": 1, 
            "so good haaa get laid, get fucked": 1, 
            "some fun, in the bedroom, all day,": 1, 
            "sucked my dick, in the bedroom, all": 1, 
            "ten and ten, the bitch did it": 1, 
            "ten, the bitch did it again, in": 1, 
            "the bedroom, all day, and all of": 10, 
            "the bitch did it again, in the": 1, 
            "the bitch sucked my dick, in the": 1, 
            "the floor, in the bedroom, all day,": 1, 
            "the night eight and eight, she masturbated,": 1, 
            "the night five and five, i put": 1, 
            "the night four and four, we fucked": 1, 
            "the night get off my ass, bitch": 1, 
            "the night nine and nine, she licked": 1, 
            "the night seven and seven, we went": 1, 
            "the night six and six, the bitch": 1, 
            "the night ten and ten, the bitch": 1, 
            "the night three and three, she undressed": 1, 
            "the night two and two, i took": 1, 
            "thights, in the bedroom, all day, and": 1, 
            "three and three, she undressed me, in": 1, 
            "three, she undressed me, in the bedroom,": 1, 
            "to heaven, in the bedroom, all day,": 1, 
            "took of my shoes, in the bedroom,": 1, 
            "two and two, i took of my": 1, 
            "two, i took of my shoes, in": 1, 
            "undressed me, in the bedroom, all day,": 1, 
            "up her thights, in the bedroom, all": 1, 
            "we fucked on the floor, in the": 1, 
            "we went to heaven, in the bedroom,": 1, 
            "we`re having some fun, in the bedroom,": 1, 
            "went to heaven, in the bedroom, all": 1, 
            "your face out my ass motherfucker haaa": 1, 
            "your face out of my ass, motherfucker": 1
        }, 
        "8": {
            "": 810, 
            "again, in the bedroom, all day, and all": 1, 
            "all day, and all of the night eight": 1, 
            "all day, and all of the night five": 1, 
            "all day, and all of the night four": 1, 
            "all day, and all of the night get": 1, 
            "all day, and all of the night nine": 1, 
            "all day, and all of the night seven": 1, 
            "all day, and all of the night six": 1, 
            "all day, and all of the night ten": 1, 
            "all day, and all of the night three": 1, 
            "all day, and all of the night two": 1, 
            "all of the night eight and eight, she": 1, 
            "all of the night five and five, i": 1, 
            "all of the night four and four, we": 1, 
            "all of the night get off my ass,": 1, 
            "all of the night nine and nine, she": 1, 
            "all of the night seven and seven, we": 1, 
            "all of the night six and six, the": 1, 
            "all of the night ten and ten, the": 1, 
            "all of the night three and three, she": 1, 
            "all of the night two and two, i": 1, 
            "and all of the night eight and eight,": 1, 
            "and all of the night five and five,": 1, 
            "and all of the night four and four,": 1, 
            "and all of the night get off my": 1, 
            "and all of the night nine and nine,": 1, 
            "and all of the night seven and seven,": 1, 
            "and all of the night six and six,": 1, 
            "and all of the night ten and ten,": 1, 
            "and all of the night three and three,": 1, 
            "and all of the night two and two,": 1, 
            "and eight, she masturbated, in the bedroom, all": 1, 
            "and five, i put up her thights, in": 1, 
            "and four, we fucked on the floor, in": 1, 
            "and nine, she licked my ass, in the": 1, 
            "and one, we`re having some fun, in the": 1, 
            "and seven, we went to heaven, in the": 1, 
            "and six, the bitch sucked my dick, in": 1, 
            "and ten, the bitch did it again, in": 1, 
            "and three, she undressed me, in the bedroom,": 1, 
            "and two, i took of my shoes, in": 1, 
            "ass bitch get your face out my ass": 1, 
            "ass motherfucker haaa but it hurts so good": 1, 
            "ass, bitch get your face out of my": 1, 
            "ass, in the bedroom, all day, and all": 1, 
            "ass, motherfucker get off my ass bitch get": 1, 
            "bedroom, all day, and all of the night": 10, 
            "bitch did it again, in the bedroom, all": 1, 
            "bitch get your face out my ass motherfucker": 1, 
            "bitch get your face out of my ass,": 1, 
            "bitch sucked my dick, in the bedroom, all": 1, 
            "but it hurts so good": 1, 
            "but it hurts so good haaa get laid,": 1, 
            "day, and all of the night eight and": 1, 
            "day, and all of the night five and": 1, 
            "day, and all of the night four and": 1, 
            "day, and all of the night get off": 1, 
            "day, and all of the night nine and": 1, 
            "day, and all of the night seven and": 1, 
            "day, and all of the night six and": 1, 
            "day, and all of the night ten and": 1, 
            "day, and all of the night three and": 1, 
            "day, and all of the night two and": 1, 
            "dick, in the bedroom, all day, and all": 1, 
            "did it again, in the bedroom, all day,": 1, 
            "eight and eight, she masturbated, in the bedroom,": 1, 
            "eight, she masturbated, in the bedroom, all day,": 1, 
            "face out my ass motherfucker haaa but it": 1, 
            "face out of my ass, motherfucker get off": 1, 
            "five and five, i put up her thights,": 1, 
            "five, i put up her thights, in the": 1, 
            "floor, in the bedroom, all day, and all": 1, 
            "four and four, we fucked on the floor,": 1, 
            "four, we fucked on the floor, in the": 1, 
            "fucked haaa but it hurts so good": 1, 
            "fucked on the floor, in the bedroom, all": 1, 
            "fun, in the bedroom, all day, and all": 1, 
            "get fucked haaa but it hurts so good": 1, 
            "get laid, get fucked haaa but it hurts": 1, 
            "get off my ass bitch get your face": 1, 
            "get off my ass, bitch get your face": 1, 
            "get your face out my ass motherfucker haaa": 1, 
            "get your face out of my ass, motherfucker": 1, 
            "good": 1, 
            "good haaa get laid, get fucked haaa but": 1, 
            "haaa but it hurts so good": 1, 
            "haaa but it hurts so good haaa get": 1, 
            "haaa get laid, get fucked haaa but it": 1, 
            "having some fun, in the bedroom, all day,": 1, 
            "heaven, in the bedroom, all day, and all": 1, 
            "her thights, in the bedroom, all day, and": 1, 
            "hurts so good": 1, 
            "hurts so good haaa get laid, get fucked": 1, 
            "i put up her thights, in the bedroom,": 1, 
            "i took of my shoes, in the bedroom,": 1, 
            "in the bedroom, all day, and all of": 10, 
            "it again, in the bedroom, all day, and": 1, 
            "it hurts so good": 1, 
            "it hurts so good haaa get laid, get": 1, 
            "laid, get fucked haaa but it hurts so": 1, 
            "licked my ass, in the bedroom, all day,": 1, 
            "masturbated, in the bedroom, all day, and all": 1, 
            "me, in the bedroom, all day, and all": 1, 
            "motherfucker get off my ass bitch get your": 1, 
            "motherfucker haaa but it hurts so good haaa": 1, 
            "my ass bitch get your face out my": 1, 
            "my ass motherfucker haaa but it hurts so": 1, 
            "my ass, bitch get your face out of": 1, 
            "my ass, in the bedroom, all day, and": 1, 
            "my ass, motherfucker get off my ass bitch": 1, 
            "my dick, in the bedroom, all day, and": 1, 
            "my shoes, in the bedroom, all day, and": 1, 
            "night eight and eight, she masturbated, in the": 1, 
            "night five and five, i put up her": 1, 
            "night four and four, we fucked on the": 1, 
            "night get off my ass, bitch get your": 1, 
            "night nine and nine, she licked my ass,": 1, 
            "night seven and seven, we went to heaven,": 1, 
            "night six and six, the bitch sucked my": 1, 
            "night ten and ten, the bitch did it": 1, 
            "night three and three, she undressed me, in": 1, 
            "night two and two, i took of my": 1, 
            "nine and nine, she licked my ass, in": 1, 
            "nine, she licked my ass, in the bedroom,": 1, 
            "of my ass, motherfucker get off my ass": 1, 
            "of my shoes, in the bedroom, all day,": 1, 
            "of the night eight and eight, she masturbated,": 1, 
            "of the night five and five, i put": 1, 
            "of the night four and four, we fucked": 1, 
            "of the night get off my ass, bitch": 1, 
            "of the night nine and nine, she licked": 1, 
            "of the night seven and seven, we went": 1, 
            "of the night six and six, the bitch": 1, 
            "of the night ten and ten, the bitch": 1, 
            "of the night three and three, she undressed": 1, 
            "of the night two and two, i took": 1, 
            "off my ass bitch get your face out": 1, 
            "off my ass, bitch get your face out": 1, 
            "on the floor, in the bedroom, all day,": 1, 
            "one and one, we`re having some fun, in": 1, 
            "one, we`re having some fun, in the bedroom,": 1, 
            "out my ass motherfucker haaa but it hurts": 1, 
            "out of my ass, motherfucker get off my": 1, 
            "put up her thights, in the bedroom, all": 1, 
            "seven and seven, we went to heaven, in": 1, 
            "seven, we went to heaven, in the bedroom,": 1, 
            "she licked my ass, in the bedroom, all": 1, 
            "she masturbated, in the bedroom, all day, and": 1, 
            "she undressed me, in the bedroom, all day,": 1, 
            "shoes, in the bedroom, all day, and all": 1, 
            "six and six, the bitch sucked my dick,": 1, 
            "six, the bitch sucked my dick, in the": 1, 
            "so good": 1, 
            "so good haaa get laid, get fucked haaa": 1, 
            "some fun, in the bedroom, all day, and": 1, 
            "sucked my dick, in the bedroom, all day,": 1, 
            "ten and ten, the bitch did it again,": 1, 
            "ten, the bitch did it again, in the": 1, 
            "the bedroom, all day, and all of the": 10, 
            "the bitch did it again, in the bedroom,": 1, 
            "the bitch sucked my dick, in the bedroom,": 1, 
            "the floor, in the bedroom, all day, and": 1, 
            "the night eight and eight, she masturbated, in": 1, 
            "the night five and five, i put up": 1, 
            "the night four and four, we fucked on": 1, 
            "the night get off my ass, bitch get": 1, 
            "the night nine and nine, she licked my": 1, 
            "the night seven and seven, we went to": 1, 
            "the night six and six, the bitch sucked": 1, 
            "the night ten and ten, the bitch did": 1, 
            "the night three and three, she undressed me,": 1, 
            "the night two and two, i took of": 1, 
            "thights, in the bedroom, all day, and all": 1, 
            "three and three, she undressed me, in the": 1, 
            "three, she undressed me, in the bedroom, all": 1, 
            "to heaven, in the bedroom, all day, and": 1, 
            "took of my shoes, in the bedroom, all": 1, 
            "two and two, i took of my shoes,": 1, 
            "two, i took of my shoes, in the": 1, 
            "undressed me, in the bedroom, all day, and": 1, 
            "up her thights, in the bedroom, all day,": 1, 
            "we fucked on the floor, in the bedroom,": 1, 
            "we went to heaven, in the bedroom, all": 1, 
            "we`re having some fun, in the bedroom, all": 1, 
            "went to heaven, in the bedroom, all day,": 1, 
            "your face out my ass motherfucker haaa but": 1, 
            "your face out of my ass, motherfucker get": 1
        }
    }, 
    "song_title": "One &amp; One", 
    "total_words": [
        214, 
        {
            "again,": 1, 
            "all": 20, 
            "and": 20, 
            "ass": 2, 
            "ass,": 3, 
            "bedroom,": 10, 
            "bitch": 4, 
            "but": 2, 
            "day,": 10, 
            "dick,": 1, 
            "did": 1, 
            "eight": 1, 
            "eight,": 1, 
            "face": 2, 
            "five": 1, 
            "five,": 1, 
            "floor,": 1, 
            "four": 1, 
            "four,": 1, 
            "fucked": 2, 
            "fun,": 1, 
            "get": 6, 
            "good": 2, 
            "haaa": 3, 
            "having": 1, 
            "heaven,": 1, 
            "her": 1, 
            "hurts": 2, 
            "i": 2, 
            "in": 10, 
            "it": 3, 
            "laid,": 1, 
            "licked": 1, 
            "masturbated,": 1, 
            "me,": 1, 
            "motherfucker": 2, 
            "my": 7, 
            "night": 10, 
            "nine": 1, 
            "nine,": 1, 
            "of": 12, 
            "off": 2, 
            "on": 1, 
            "one": 1, 
            "one,": 1, 
            "out": 2, 
            "put": 1, 
            "seven": 1, 
            "seven,": 1, 
            "she": 3, 
            "shoes,": 1, 
            "six": 1, 
            "six,": 1, 
            "so": 2, 
            "some": 1, 
            "sucked": 1, 
            "ten": 1, 
            "ten,": 1, 
            "the": 23, 
            "thights,": 1, 
            "three": 1, 
            "three,": 1, 
            "to": 1, 
            "took": 1, 
            "two": 1, 
            "two,": 1, 
            "undressed": 1, 
            "up": 1, 
            "we": 2, 
            "we`re": 1, 
            "went": 1, 
            "your": 2
        }
    ], 
    "unique_words": [
        72, 
        [
            "all", 
            "one,", 
            "one", 
            "four", 
            "put", 
            "bedroom,", 
            "four,", 
            "fun,", 
            "your", 
            "ass,", 
            "two,", 
            "her", 
            "shoes,", 
            "two", 
            "to", 
            "good", 
            "heaven,", 
            "get", 
            "floor,", 
            "took", 
            "but", 
            "three,", 
            "five", 
            "undressed", 
            "sucked", 
            "dick,", 
            "did", 
            "thights,", 
            "up", 
            "masturbated,", 
            "nine", 
            "she", 
            "night", 
            "nine,", 
            "went", 
            "my", 
            "bitch", 
            "and", 
            "seven", 
            "ten", 
            "me,", 
            "laid,", 
            "some", 
            "it", 
            "in", 
            "eight,", 
            "haaa", 
            "out", 
            "six", 
            "day,", 
            "three", 
            "ass", 
            "we", 
            "again,", 
            "motherfucker", 
            "six,", 
            "eight", 
            "we`re", 
            "hurts", 
            "fucked", 
            "five,", 
            "on", 
            "off", 
            "ten,", 
            "i", 
            "of", 
            "face", 
            "licked", 
            "so", 
            "the", 
            "seven,", 
            "having"
        ]
    ], 
    "year": 1987
}