{
    "album": "Move Somethin'", 
    "artist": "2 Live Crew", 
    "lyrics": "You tried to play hard, but we pulled your cord\nYou're just a do-boy 'cause your boss is in charge\nTryin' to play big money, ain't it sad, ain't it funny\nYou're so blind you can't see that you're really playin' dummy\nGucci rags and Bronze, shinin' grills of chrome\nFrontin' in a caddy you don't even own\nYou're soft, and you know that we know it\nYou try to hide it, but can't help but show it\nNow the trues and vogues pull the hoes with nice figures\nBut on the 'ave, you're a pussy-ass nigga!\n\n\nPussy-ass nigga with pistol in hand\nComin' out of my room to the next man\nIt's a problem you had since you were a child\nAlways tryin' to be down but actin' stupid and wild\nI remember way back just to be exact\nWe laughed at your ass when you got jacked\nSo, fuck-ass nigga, here's something to remember:\nNo matter what you try, you're a pussy-ass nigga!\n\n\nYou fix up your hoes like you fix your cars\nGive 'em rag-top heads, make 'em project stars\nYou buy 'em Gucci bags, even Louie Baton\nSpendin' all your money just to get some\n\n\nAnd when you go out of town and stand on stage\nGettin' jerked by the man instead of paid\nNow put a gun to your head, then pull the trigger,\nNow rest in peace, pussy-ass nigga!\n", 
    "ngrams": {
        "2": {
            "": 959, 
            "'ave, you're": 1, 
            "'cause your": 1, 
            "'em gucci": 1, 
            "'em project": 1, 
            "'em rag-top": 1, 
            "a caddy": 1, 
            "a child": 1, 
            "a do-boy": 1, 
            "a gun": 1, 
            "a problem": 1, 
            "a pussy-ass": 2, 
            "actin' stupid": 1, 
            "ain't it": 2, 
            "all your": 1, 
            "always tryin'": 1, 
            "and bronze,": 1, 
            "and stand": 1, 
            "and vogues": 1, 
            "and when": 1, 
            "and wild": 1, 
            "and you": 1, 
            "ass when": 1, 
            "at your": 1, 
            "back just": 1, 
            "bags, even": 1, 
            "baton spendin'": 1, 
            "be down": 1, 
            "be exact": 1, 
            "big money,": 1, 
            "blind you": 1, 
            "boss is": 1, 
            "bronze, shinin'": 1, 
            "but actin'": 1, 
            "but can't": 1, 
            "but on": 1, 
            "but show": 1, 
            "but we": 1, 
            "buy 'em": 1, 
            "by the": 1, 
            "caddy you": 1, 
            "can't help": 1, 
            "can't see": 1, 
            "cars give": 1, 
            "charge tryin'": 1, 
            "child always": 1, 
            "chrome frontin'": 1, 
            "comin' out": 1, 
            "cord you're": 1, 
            "do-boy 'cause": 1, 
            "don't even": 1, 
            "down but": 1, 
            "dummy gucci": 1, 
            "even louie": 1, 
            "even own": 1, 
            "exact we": 1, 
            "figures but": 1, 
            "fix up": 1, 
            "fix your": 1, 
            "frontin' in": 1, 
            "fuck-ass nigga,": 1, 
            "funny you're": 1, 
            "get some": 1, 
            "gettin' jerked": 1, 
            "give 'em": 1, 
            "go out": 1, 
            "got jacked": 1, 
            "grills of": 1, 
            "gucci bags,": 1, 
            "gucci rags": 1, 
            "gun to": 1, 
            "had since": 1, 
            "hand comin'": 1, 
            "hard, but": 1, 
            "head, then": 1, 
            "heads, make": 1, 
            "help but": 1, 
            "here's something": 1, 
            "hide it,": 1, 
            "hoes like": 1, 
            "hoes with": 1, 
            "i remember": 1, 
            "in a": 1, 
            "in charge": 1, 
            "in hand": 1, 
            "in peace,": 1, 
            "instead of": 1, 
            "is in": 1, 
            "it funny": 1, 
            "it now": 1, 
            "it sad,": 1, 
            "it you": 1, 
            "it's a": 1, 
            "it, but": 1, 
            "jacked so,": 1, 
            "jerked by": 1, 
            "just a": 1, 
            "just to": 2, 
            "know it": 1, 
            "know that": 1, 
            "laughed at": 1, 
            "like you": 1, 
            "louie baton": 1, 
            "make 'em": 1, 
            "man instead": 1, 
            "man it's": 1, 
            "matter what": 1, 
            "money just": 1, 
            "money, ain't": 1, 
            "my room": 1, 
            "next man": 1, 
            "nice figures": 1, 
            "nigga": 1, 
            "nigga pussy-ass": 1, 
            "nigga with": 1, 
            "nigga you": 1, 
            "nigga, here's": 1, 
            "no matter": 1, 
            "now put": 1, 
            "now rest": 1, 
            "now the": 1, 
            "of chrome": 1, 
            "of my": 1, 
            "of paid": 1, 
            "of town": 1, 
            "on stage": 1, 
            "on the": 1, 
            "out of": 2, 
            "own you're": 1, 
            "paid now": 1, 
            "peace, pussy-ass": 1, 
            "pistol in": 1, 
            "play big": 1, 
            "play hard,": 1, 
            "playin' dummy": 1, 
            "problem you": 1, 
            "project stars": 1, 
            "pull the": 2, 
            "pulled your": 1, 
            "pussy-ass nigga": 4, 
            "put a": 1, 
            "rag-top heads,": 1, 
            "rags and": 1, 
            "really playin'": 1, 
            "remember no": 1, 
            "remember way": 1, 
            "rest in": 1, 
            "room to": 1, 
            "sad, ain't": 1, 
            "see that": 1, 
            "shinin' grills": 1, 
            "show it": 1, 
            "since you": 1, 
            "so blind": 1, 
            "so, fuck-ass": 1, 
            "soft, and": 1, 
            "some and": 1, 
            "something to": 1, 
            "spendin' all": 1, 
            "stage gettin'": 1, 
            "stand on": 1, 
            "stars you": 1, 
            "stupid and": 1, 
            "that we": 1, 
            "that you're": 1, 
            "the 'ave,": 1, 
            "the hoes": 1, 
            "the man": 1, 
            "the next": 1, 
            "the trigger,": 1, 
            "the trues": 1, 
            "then pull": 1, 
            "to be": 2, 
            "to get": 1, 
            "to hide": 1, 
            "to play": 2, 
            "to remember": 1, 
            "to the": 1, 
            "to your": 1, 
            "town and": 1, 
            "tried to": 1, 
            "trigger, now": 1, 
            "trues and": 1, 
            "try to": 1, 
            "try, you're": 1, 
            "tryin' to": 2, 
            "up your": 1, 
            "vogues pull": 1, 
            "way back": 1, 
            "we know": 1, 
            "we laughed": 1, 
            "we pulled": 1, 
            "were a": 1, 
            "what you": 1, 
            "when you": 2, 
            "wild i": 1, 
            "with nice": 1, 
            "with pistol": 1, 
            "you buy": 1, 
            "you can't": 1, 
            "you don't": 1, 
            "you fix": 2, 
            "you go": 1, 
            "you got": 1, 
            "you had": 1, 
            "you know": 1, 
            "you tried": 1, 
            "you try": 1, 
            "you try,": 1, 
            "you were": 1, 
            "you're a": 2, 
            "you're just": 1, 
            "you're really": 1, 
            "you're so": 1, 
            "you're soft,": 1, 
            "your ass": 1, 
            "your boss": 1, 
            "your cars": 1, 
            "your cord": 1, 
            "your head,": 1, 
            "your hoes": 1, 
            "your money": 1
        }, 
        "3": {
            "": 958, 
            "'ave, you're a": 1, 
            "'cause your boss": 1, 
            "'em gucci bags,": 1, 
            "'em project stars": 1, 
            "'em rag-top heads,": 1, 
            "a caddy you": 1, 
            "a child always": 1, 
            "a do-boy 'cause": 1, 
            "a gun to": 1, 
            "a problem you": 1, 
            "a pussy-ass nigga": 2, 
            "actin' stupid and": 1, 
            "ain't it funny": 1, 
            "ain't it sad,": 1, 
            "all your money": 1, 
            "always tryin' to": 1, 
            "and bronze, shinin'": 1, 
            "and stand on": 1, 
            "and vogues pull": 1, 
            "and when you": 1, 
            "and wild i": 1, 
            "and you know": 1, 
            "ass when you": 1, 
            "at your ass": 1, 
            "back just to": 1, 
            "bags, even louie": 1, 
            "baton spendin' all": 1, 
            "be down but": 1, 
            "be exact we": 1, 
            "big money, ain't": 1, 
            "blind you can't": 1, 
            "boss is in": 1, 
            "bronze, shinin' grills": 1, 
            "but actin' stupid": 1, 
            "but can't help": 1, 
            "but on the": 1, 
            "but show it": 1, 
            "but we pulled": 1, 
            "buy 'em gucci": 1, 
            "by the man": 1, 
            "caddy you don't": 1, 
            "can't help but": 1, 
            "can't see that": 1, 
            "cars give 'em": 1, 
            "charge tryin' to": 1, 
            "child always tryin'": 1, 
            "chrome frontin' in": 1, 
            "comin' out of": 1, 
            "cord you're just": 1, 
            "do-boy 'cause your": 1, 
            "don't even own": 1, 
            "down but actin'": 1, 
            "dummy gucci rags": 1, 
            "even louie baton": 1, 
            "even own you're": 1, 
            "exact we laughed": 1, 
            "figures but on": 1, 
            "fix up your": 1, 
            "fix your cars": 1, 
            "frontin' in a": 1, 
            "fuck-ass nigga, here's": 1, 
            "funny you're so": 1, 
            "get some and": 1, 
            "gettin' jerked by": 1, 
            "give 'em rag-top": 1, 
            "go out of": 1, 
            "got jacked so,": 1, 
            "grills of chrome": 1, 
            "gucci bags, even": 1, 
            "gucci rags and": 1, 
            "gun to your": 1, 
            "had since you": 1, 
            "hand comin' out": 1, 
            "hard, but we": 1, 
            "head, then pull": 1, 
            "heads, make 'em": 1, 
            "help but show": 1, 
            "here's something to": 1, 
            "hide it, but": 1, 
            "hoes like you": 1, 
            "hoes with nice": 1, 
            "i remember way": 1, 
            "in a caddy": 1, 
            "in charge tryin'": 1, 
            "in hand comin'": 1, 
            "in peace, pussy-ass": 1, 
            "instead of paid": 1, 
            "is in charge": 1, 
            "it funny you're": 1, 
            "it now the": 1, 
            "it sad, ain't": 1, 
            "it you try": 1, 
            "it's a problem": 1, 
            "it, but can't": 1, 
            "jacked so, fuck-ass": 1, 
            "jerked by the": 1, 
            "just a do-boy": 1, 
            "just to be": 1, 
            "just to get": 1, 
            "know it you": 1, 
            "know that we": 1, 
            "laughed at your": 1, 
            "like you fix": 1, 
            "louie baton spendin'": 1, 
            "make 'em project": 1, 
            "man instead of": 1, 
            "man it's a": 1, 
            "matter what you": 1, 
            "money just to": 1, 
            "money, ain't it": 1, 
            "my room to": 1, 
            "next man it's": 1, 
            "nice figures but": 1, 
            "nigga": 1, 
            "nigga pussy-ass nigga": 1, 
            "nigga with pistol": 1, 
            "nigga you fix": 1, 
            "nigga, here's something": 1, 
            "no matter what": 1, 
            "now put a": 1, 
            "now rest in": 1, 
            "now the trues": 1, 
            "of chrome frontin'": 1, 
            "of my room": 1, 
            "of paid now": 1, 
            "of town and": 1, 
            "on stage gettin'": 1, 
            "on the 'ave,": 1, 
            "out of my": 1, 
            "out of town": 1, 
            "own you're soft,": 1, 
            "paid now put": 1, 
            "peace, pussy-ass nigga": 1, 
            "pistol in hand": 1, 
            "play big money,": 1, 
            "play hard, but": 1, 
            "playin' dummy gucci": 1, 
            "problem you had": 1, 
            "project stars you": 1, 
            "pull the hoes": 1, 
            "pull the trigger,": 1, 
            "pulled your cord": 1, 
            "pussy-ass nigga": 1, 
            "pussy-ass nigga pussy-ass": 1, 
            "pussy-ass nigga with": 1, 
            "pussy-ass nigga you": 1, 
            "put a gun": 1, 
            "rag-top heads, make": 1, 
            "rags and bronze,": 1, 
            "really playin' dummy": 1, 
            "remember no matter": 1, 
            "remember way back": 1, 
            "rest in peace,": 1, 
            "room to the": 1, 
            "sad, ain't it": 1, 
            "see that you're": 1, 
            "shinin' grills of": 1, 
            "show it now": 1, 
            "since you were": 1, 
            "so blind you": 1, 
            "so, fuck-ass nigga,": 1, 
            "soft, and you": 1, 
            "some and when": 1, 
            "something to remember": 1, 
            "spendin' all your": 1, 
            "stage gettin' jerked": 1, 
            "stand on stage": 1, 
            "stars you buy": 1, 
            "stupid and wild": 1, 
            "that we know": 1, 
            "that you're really": 1, 
            "the 'ave, you're": 1, 
            "the hoes with": 1, 
            "the man instead": 1, 
            "the next man": 1, 
            "the trigger, now": 1, 
            "the trues and": 1, 
            "then pull the": 1, 
            "to be down": 1, 
            "to be exact": 1, 
            "to get some": 1, 
            "to hide it,": 1, 
            "to play big": 1, 
            "to play hard,": 1, 
            "to remember no": 1, 
            "to the next": 1, 
            "to your head,": 1, 
            "town and stand": 1, 
            "tried to play": 1, 
            "trigger, now rest": 1, 
            "trues and vogues": 1, 
            "try to hide": 1, 
            "try, you're a": 1, 
            "tryin' to be": 1, 
            "tryin' to play": 1, 
            "up your hoes": 1, 
            "vogues pull the": 1, 
            "way back just": 1, 
            "we know it": 1, 
            "we laughed at": 1, 
            "we pulled your": 1, 
            "were a child": 1, 
            "what you try,": 1, 
            "when you go": 1, 
            "when you got": 1, 
            "wild i remember": 1, 
            "with nice figures": 1, 
            "with pistol in": 1, 
            "you buy 'em": 1, 
            "you can't see": 1, 
            "you don't even": 1, 
            "you fix up": 1, 
            "you fix your": 1, 
            "you go out": 1, 
            "you got jacked": 1, 
            "you had since": 1, 
            "you know that": 1, 
            "you tried to": 1, 
            "you try to": 1, 
            "you try, you're": 1, 
            "you were a": 1, 
            "you're a pussy-ass": 2, 
            "you're just a": 1, 
            "you're really playin'": 1, 
            "you're so blind": 1, 
            "you're soft, and": 1, 
            "your ass when": 1, 
            "your boss is": 1, 
            "your cars give": 1, 
            "your cord you're": 1, 
            "your head, then": 1, 
            "your hoes like": 1, 
            "your money just": 1
        }, 
        "4": {
            "": 957, 
            "'ave, you're a pussy-ass": 1, 
            "'cause your boss is": 1, 
            "'em gucci bags, even": 1, 
            "'em project stars you": 1, 
            "'em rag-top heads, make": 1, 
            "a caddy you don't": 1, 
            "a child always tryin'": 1, 
            "a do-boy 'cause your": 1, 
            "a gun to your": 1, 
            "a problem you had": 1, 
            "a pussy-ass nigga pussy-ass": 1, 
            "a pussy-ass nigga you": 1, 
            "actin' stupid and wild": 1, 
            "ain't it funny you're": 1, 
            "ain't it sad, ain't": 1, 
            "all your money just": 1, 
            "always tryin' to be": 1, 
            "and bronze, shinin' grills": 1, 
            "and stand on stage": 1, 
            "and vogues pull the": 1, 
            "and when you go": 1, 
            "and wild i remember": 1, 
            "and you know that": 1, 
            "ass when you got": 1, 
            "at your ass when": 1, 
            "back just to be": 1, 
            "bags, even louie baton": 1, 
            "baton spendin' all your": 1, 
            "be down but actin'": 1, 
            "be exact we laughed": 1, 
            "big money, ain't it": 1, 
            "blind you can't see": 1, 
            "boss is in charge": 1, 
            "bronze, shinin' grills of": 1, 
            "but actin' stupid and": 1, 
            "but can't help but": 1, 
            "but on the 'ave,": 1, 
            "but show it now": 1, 
            "but we pulled your": 1, 
            "buy 'em gucci bags,": 1, 
            "by the man instead": 1, 
            "caddy you don't even": 1, 
            "can't help but show": 1, 
            "can't see that you're": 1, 
            "cars give 'em rag-top": 1, 
            "charge tryin' to play": 1, 
            "child always tryin' to": 1, 
            "chrome frontin' in a": 1, 
            "comin' out of my": 1, 
            "cord you're just a": 1, 
            "do-boy 'cause your boss": 1, 
            "don't even own you're": 1, 
            "down but actin' stupid": 1, 
            "dummy gucci rags and": 1, 
            "even louie baton spendin'": 1, 
            "even own you're soft,": 1, 
            "exact we laughed at": 1, 
            "figures but on the": 1, 
            "fix up your hoes": 1, 
            "fix your cars give": 1, 
            "frontin' in a caddy": 1, 
            "fuck-ass nigga, here's something": 1, 
            "funny you're so blind": 1, 
            "get some and when": 1, 
            "gettin' jerked by the": 1, 
            "give 'em rag-top heads,": 1, 
            "go out of town": 1, 
            "got jacked so, fuck-ass": 1, 
            "grills of chrome frontin'": 1, 
            "gucci bags, even louie": 1, 
            "gucci rags and bronze,": 1, 
            "gun to your head,": 1, 
            "had since you were": 1, 
            "hand comin' out of": 1, 
            "hard, but we pulled": 1, 
            "head, then pull the": 1, 
            "heads, make 'em project": 1, 
            "help but show it": 1, 
            "here's something to remember": 1, 
            "hide it, but can't": 1, 
            "hoes like you fix": 1, 
            "hoes with nice figures": 1, 
            "i remember way back": 1, 
            "in a caddy you": 1, 
            "in charge tryin' to": 1, 
            "in hand comin' out": 1, 
            "in peace, pussy-ass nigga": 1, 
            "instead of paid now": 1, 
            "is in charge tryin'": 1, 
            "it funny you're so": 1, 
            "it now the trues": 1, 
            "it sad, ain't it": 1, 
            "it you try to": 1, 
            "it's a problem you": 1, 
            "it, but can't help": 1, 
            "jacked so, fuck-ass nigga,": 1, 
            "jerked by the man": 1, 
            "just a do-boy 'cause": 1, 
            "just to be exact": 1, 
            "just to get some": 1, 
            "know it you try": 1, 
            "know that we know": 1, 
            "laughed at your ass": 1, 
            "like you fix your": 1, 
            "louie baton spendin' all": 1, 
            "make 'em project stars": 1, 
            "man instead of paid": 1, 
            "man it's a problem": 1, 
            "matter what you try,": 1, 
            "money just to get": 1, 
            "money, ain't it sad,": 1, 
            "my room to the": 1, 
            "next man it's a": 1, 
            "nice figures but on": 1, 
            "nigga": 1, 
            "nigga pussy-ass nigga with": 1, 
            "nigga with pistol in": 1, 
            "nigga you fix up": 1, 
            "nigga, here's something to": 1, 
            "no matter what you": 1, 
            "now put a gun": 1, 
            "now rest in peace,": 1, 
            "now the trues and": 1, 
            "of chrome frontin' in": 1, 
            "of my room to": 1, 
            "of paid now put": 1, 
            "of town and stand": 1, 
            "on stage gettin' jerked": 1, 
            "on the 'ave, you're": 1, 
            "out of my room": 1, 
            "out of town and": 1, 
            "own you're soft, and": 1, 
            "paid now put a": 1, 
            "peace, pussy-ass nigga": 1, 
            "pistol in hand comin'": 1, 
            "play big money, ain't": 1, 
            "play hard, but we": 1, 
            "playin' dummy gucci rags": 1, 
            "problem you had since": 1, 
            "project stars you buy": 1, 
            "pull the hoes with": 1, 
            "pull the trigger, now": 1, 
            "pulled your cord you're": 1, 
            "pussy-ass nigga": 1, 
            "pussy-ass nigga pussy-ass nigga": 1, 
            "pussy-ass nigga with pistol": 1, 
            "pussy-ass nigga you fix": 1, 
            "put a gun to": 1, 
            "rag-top heads, make 'em": 1, 
            "rags and bronze, shinin'": 1, 
            "really playin' dummy gucci": 1, 
            "remember no matter what": 1, 
            "remember way back just": 1, 
            "rest in peace, pussy-ass": 1, 
            "room to the next": 1, 
            "sad, ain't it funny": 1, 
            "see that you're really": 1, 
            "shinin' grills of chrome": 1, 
            "show it now the": 1, 
            "since you were a": 1, 
            "so blind you can't": 1, 
            "so, fuck-ass nigga, here's": 1, 
            "soft, and you know": 1, 
            "some and when you": 1, 
            "something to remember no": 1, 
            "spendin' all your money": 1, 
            "stage gettin' jerked by": 1, 
            "stand on stage gettin'": 1, 
            "stars you buy 'em": 1, 
            "stupid and wild i": 1, 
            "that we know it": 1, 
            "that you're really playin'": 1, 
            "the 'ave, you're a": 1, 
            "the hoes with nice": 1, 
            "the man instead of": 1, 
            "the next man it's": 1, 
            "the trigger, now rest": 1, 
            "the trues and vogues": 1, 
            "then pull the trigger,": 1, 
            "to be down but": 1, 
            "to be exact we": 1, 
            "to get some and": 1, 
            "to hide it, but": 1, 
            "to play big money,": 1, 
            "to play hard, but": 1, 
            "to remember no matter": 1, 
            "to the next man": 1, 
            "to your head, then": 1, 
            "town and stand on": 1, 
            "tried to play hard,": 1, 
            "trigger, now rest in": 1, 
            "trues and vogues pull": 1, 
            "try to hide it,": 1, 
            "try, you're a pussy-ass": 1, 
            "tryin' to be down": 1, 
            "tryin' to play big": 1, 
            "up your hoes like": 1, 
            "vogues pull the hoes": 1, 
            "way back just to": 1, 
            "we know it you": 1, 
            "we laughed at your": 1, 
            "we pulled your cord": 1, 
            "were a child always": 1, 
            "what you try, you're": 1, 
            "when you go out": 1, 
            "when you got jacked": 1, 
            "wild i remember way": 1, 
            "with nice figures but": 1, 
            "with pistol in hand": 1, 
            "you buy 'em gucci": 1, 
            "you can't see that": 1, 
            "you don't even own": 1, 
            "you fix up your": 1, 
            "you fix your cars": 1, 
            "you go out of": 1, 
            "you got jacked so,": 1, 
            "you had since you": 1, 
            "you know that we": 1, 
            "you tried to play": 1, 
            "you try to hide": 1, 
            "you try, you're a": 1, 
            "you were a child": 1, 
            "you're a pussy-ass nigga": 2, 
            "you're just a do-boy": 1, 
            "you're really playin' dummy": 1, 
            "you're so blind you": 1, 
            "you're soft, and you": 1, 
            "your ass when you": 1, 
            "your boss is in": 1, 
            "your cars give 'em": 1, 
            "your cord you're just": 1, 
            "your head, then pull": 1, 
            "your hoes like you": 1, 
            "your money just to": 1
        }, 
        "5": {
            "": 956, 
            "'ave, you're a pussy-ass nigga": 1, 
            "'cause your boss is in": 1, 
            "'em gucci bags, even louie": 1, 
            "'em project stars you buy": 1, 
            "'em rag-top heads, make 'em": 1, 
            "a caddy you don't even": 1, 
            "a child always tryin' to": 1, 
            "a do-boy 'cause your boss": 1, 
            "a gun to your head,": 1, 
            "a problem you had since": 1, 
            "a pussy-ass nigga pussy-ass nigga": 1, 
            "a pussy-ass nigga you fix": 1, 
            "actin' stupid and wild i": 1, 
            "ain't it funny you're so": 1, 
            "ain't it sad, ain't it": 1, 
            "all your money just to": 1, 
            "always tryin' to be down": 1, 
            "and bronze, shinin' grills of": 1, 
            "and stand on stage gettin'": 1, 
            "and vogues pull the hoes": 1, 
            "and when you go out": 1, 
            "and wild i remember way": 1, 
            "and you know that we": 1, 
            "ass when you got jacked": 1, 
            "at your ass when you": 1, 
            "back just to be exact": 1, 
            "bags, even louie baton spendin'": 1, 
            "baton spendin' all your money": 1, 
            "be down but actin' stupid": 1, 
            "be exact we laughed at": 1, 
            "big money, ain't it sad,": 1, 
            "blind you can't see that": 1, 
            "boss is in charge tryin'": 1, 
            "bronze, shinin' grills of chrome": 1, 
            "but actin' stupid and wild": 1, 
            "but can't help but show": 1, 
            "but on the 'ave, you're": 1, 
            "but show it now the": 1, 
            "but we pulled your cord": 1, 
            "buy 'em gucci bags, even": 1, 
            "by the man instead of": 1, 
            "caddy you don't even own": 1, 
            "can't help but show it": 1, 
            "can't see that you're really": 1, 
            "cars give 'em rag-top heads,": 1, 
            "charge tryin' to play big": 1, 
            "child always tryin' to be": 1, 
            "chrome frontin' in a caddy": 1, 
            "comin' out of my room": 1, 
            "cord you're just a do-boy": 1, 
            "do-boy 'cause your boss is": 1, 
            "don't even own you're soft,": 1, 
            "down but actin' stupid and": 1, 
            "dummy gucci rags and bronze,": 1, 
            "even louie baton spendin' all": 1, 
            "even own you're soft, and": 1, 
            "exact we laughed at your": 1, 
            "figures but on the 'ave,": 1, 
            "fix up your hoes like": 1, 
            "fix your cars give 'em": 1, 
            "frontin' in a caddy you": 1, 
            "fuck-ass nigga, here's something to": 1, 
            "funny you're so blind you": 1, 
            "get some and when you": 1, 
            "gettin' jerked by the man": 1, 
            "give 'em rag-top heads, make": 1, 
            "go out of town and": 1, 
            "got jacked so, fuck-ass nigga,": 1, 
            "grills of chrome frontin' in": 1, 
            "gucci bags, even louie baton": 1, 
            "gucci rags and bronze, shinin'": 1, 
            "gun to your head, then": 1, 
            "had since you were a": 1, 
            "hand comin' out of my": 1, 
            "hard, but we pulled your": 1, 
            "head, then pull the trigger,": 1, 
            "heads, make 'em project stars": 1, 
            "help but show it now": 1, 
            "here's something to remember no": 1, 
            "hide it, but can't help": 1, 
            "hoes like you fix your": 1, 
            "hoes with nice figures but": 1, 
            "i remember way back just": 1, 
            "in a caddy you don't": 1, 
            "in charge tryin' to play": 1, 
            "in hand comin' out of": 1, 
            "in peace, pussy-ass nigga": 1, 
            "instead of paid now put": 1, 
            "is in charge tryin' to": 1, 
            "it funny you're so blind": 1, 
            "it now the trues and": 1, 
            "it sad, ain't it funny": 1, 
            "it you try to hide": 1, 
            "it's a problem you had": 1, 
            "it, but can't help but": 1, 
            "jacked so, fuck-ass nigga, here's": 1, 
            "jerked by the man instead": 1, 
            "just a do-boy 'cause your": 1, 
            "just to be exact we": 1, 
            "just to get some and": 1, 
            "know it you try to": 1, 
            "know that we know it": 1, 
            "laughed at your ass when": 1, 
            "like you fix your cars": 1, 
            "louie baton spendin' all your": 1, 
            "make 'em project stars you": 1, 
            "man instead of paid now": 1, 
            "man it's a problem you": 1, 
            "matter what you try, you're": 1, 
            "money just to get some": 1, 
            "money, ain't it sad, ain't": 1, 
            "my room to the next": 1, 
            "next man it's a problem": 1, 
            "nice figures but on the": 1, 
            "nigga": 1, 
            "nigga pussy-ass nigga with pistol": 1, 
            "nigga with pistol in hand": 1, 
            "nigga you fix up your": 1, 
            "nigga, here's something to remember": 1, 
            "no matter what you try,": 1, 
            "now put a gun to": 1, 
            "now rest in peace, pussy-ass": 1, 
            "now the trues and vogues": 1, 
            "of chrome frontin' in a": 1, 
            "of my room to the": 1, 
            "of paid now put a": 1, 
            "of town and stand on": 1, 
            "on stage gettin' jerked by": 1, 
            "on the 'ave, you're a": 1, 
            "out of my room to": 1, 
            "out of town and stand": 1, 
            "own you're soft, and you": 1, 
            "paid now put a gun": 1, 
            "peace, pussy-ass nigga": 1, 
            "pistol in hand comin' out": 1, 
            "play big money, ain't it": 1, 
            "play hard, but we pulled": 1, 
            "playin' dummy gucci rags and": 1, 
            "problem you had since you": 1, 
            "project stars you buy 'em": 1, 
            "pull the hoes with nice": 1, 
            "pull the trigger, now rest": 1, 
            "pulled your cord you're just": 1, 
            "pussy-ass nigga": 1, 
            "pussy-ass nigga pussy-ass nigga with": 1, 
            "pussy-ass nigga with pistol in": 1, 
            "pussy-ass nigga you fix up": 1, 
            "put a gun to your": 1, 
            "rag-top heads, make 'em project": 1, 
            "rags and bronze, shinin' grills": 1, 
            "really playin' dummy gucci rags": 1, 
            "remember no matter what you": 1, 
            "remember way back just to": 1, 
            "rest in peace, pussy-ass nigga": 1, 
            "room to the next man": 1, 
            "sad, ain't it funny you're": 1, 
            "see that you're really playin'": 1, 
            "shinin' grills of chrome frontin'": 1, 
            "show it now the trues": 1, 
            "since you were a child": 1, 
            "so blind you can't see": 1, 
            "so, fuck-ass nigga, here's something": 1, 
            "soft, and you know that": 1, 
            "some and when you go": 1, 
            "something to remember no matter": 1, 
            "spendin' all your money just": 1, 
            "stage gettin' jerked by the": 1, 
            "stand on stage gettin' jerked": 1, 
            "stars you buy 'em gucci": 1, 
            "stupid and wild i remember": 1, 
            "that we know it you": 1, 
            "that you're really playin' dummy": 1, 
            "the 'ave, you're a pussy-ass": 1, 
            "the hoes with nice figures": 1, 
            "the man instead of paid": 1, 
            "the next man it's a": 1, 
            "the trigger, now rest in": 1, 
            "the trues and vogues pull": 1, 
            "then pull the trigger, now": 1, 
            "to be down but actin'": 1, 
            "to be exact we laughed": 1, 
            "to get some and when": 1, 
            "to hide it, but can't": 1, 
            "to play big money, ain't": 1, 
            "to play hard, but we": 1, 
            "to remember no matter what": 1, 
            "to the next man it's": 1, 
            "to your head, then pull": 1, 
            "town and stand on stage": 1, 
            "tried to play hard, but": 1, 
            "trigger, now rest in peace,": 1, 
            "trues and vogues pull the": 1, 
            "try to hide it, but": 1, 
            "try, you're a pussy-ass nigga": 1, 
            "tryin' to be down but": 1, 
            "tryin' to play big money,": 1, 
            "up your hoes like you": 1, 
            "vogues pull the hoes with": 1, 
            "way back just to be": 1, 
            "we know it you try": 1, 
            "we laughed at your ass": 1, 
            "we pulled your cord you're": 1, 
            "were a child always tryin'": 1, 
            "what you try, you're a": 1, 
            "when you go out of": 1, 
            "when you got jacked so,": 1, 
            "wild i remember way back": 1, 
            "with nice figures but on": 1, 
            "with pistol in hand comin'": 1, 
            "you buy 'em gucci bags,": 1, 
            "you can't see that you're": 1, 
            "you don't even own you're": 1, 
            "you fix up your hoes": 1, 
            "you fix your cars give": 1, 
            "you go out of town": 1, 
            "you got jacked so, fuck-ass": 1, 
            "you had since you were": 1, 
            "you know that we know": 1, 
            "you tried to play hard,": 1, 
            "you try to hide it,": 1, 
            "you try, you're a pussy-ass": 1, 
            "you were a child always": 1, 
            "you're a pussy-ass nigga pussy-ass": 1, 
            "you're a pussy-ass nigga you": 1, 
            "you're just a do-boy 'cause": 1, 
            "you're really playin' dummy gucci": 1, 
            "you're so blind you can't": 1, 
            "you're soft, and you know": 1, 
            "your ass when you got": 1, 
            "your boss is in charge": 1, 
            "your cars give 'em rag-top": 1, 
            "your cord you're just a": 1, 
            "your head, then pull the": 1, 
            "your hoes like you fix": 1, 
            "your money just to get": 1
        }, 
        "6": {
            "": 955, 
            "'ave, you're a pussy-ass nigga pussy-ass": 1, 
            "'cause your boss is in charge": 1, 
            "'em gucci bags, even louie baton": 1, 
            "'em project stars you buy 'em": 1, 
            "'em rag-top heads, make 'em project": 1, 
            "a caddy you don't even own": 1, 
            "a child always tryin' to be": 1, 
            "a do-boy 'cause your boss is": 1, 
            "a gun to your head, then": 1, 
            "a problem you had since you": 1, 
            "a pussy-ass nigga pussy-ass nigga with": 1, 
            "a pussy-ass nigga you fix up": 1, 
            "actin' stupid and wild i remember": 1, 
            "ain't it funny you're so blind": 1, 
            "ain't it sad, ain't it funny": 1, 
            "all your money just to get": 1, 
            "always tryin' to be down but": 1, 
            "and bronze, shinin' grills of chrome": 1, 
            "and stand on stage gettin' jerked": 1, 
            "and vogues pull the hoes with": 1, 
            "and when you go out of": 1, 
            "and wild i remember way back": 1, 
            "and you know that we know": 1, 
            "ass when you got jacked so,": 1, 
            "at your ass when you got": 1, 
            "back just to be exact we": 1, 
            "bags, even louie baton spendin' all": 1, 
            "baton spendin' all your money just": 1, 
            "be down but actin' stupid and": 1, 
            "be exact we laughed at your": 1, 
            "big money, ain't it sad, ain't": 1, 
            "blind you can't see that you're": 1, 
            "boss is in charge tryin' to": 1, 
            "bronze, shinin' grills of chrome frontin'": 1, 
            "but actin' stupid and wild i": 1, 
            "but can't help but show it": 1, 
            "but on the 'ave, you're a": 1, 
            "but show it now the trues": 1, 
            "but we pulled your cord you're": 1, 
            "buy 'em gucci bags, even louie": 1, 
            "by the man instead of paid": 1, 
            "caddy you don't even own you're": 1, 
            "can't help but show it now": 1, 
            "can't see that you're really playin'": 1, 
            "cars give 'em rag-top heads, make": 1, 
            "charge tryin' to play big money,": 1, 
            "child always tryin' to be down": 1, 
            "chrome frontin' in a caddy you": 1, 
            "comin' out of my room to": 1, 
            "cord you're just a do-boy 'cause": 1, 
            "do-boy 'cause your boss is in": 1, 
            "don't even own you're soft, and": 1, 
            "down but actin' stupid and wild": 1, 
            "dummy gucci rags and bronze, shinin'": 1, 
            "even louie baton spendin' all your": 1, 
            "even own you're soft, and you": 1, 
            "exact we laughed at your ass": 1, 
            "figures but on the 'ave, you're": 1, 
            "fix up your hoes like you": 1, 
            "fix your cars give 'em rag-top": 1, 
            "frontin' in a caddy you don't": 1, 
            "fuck-ass nigga, here's something to remember": 1, 
            "funny you're so blind you can't": 1, 
            "get some and when you go": 1, 
            "gettin' jerked by the man instead": 1, 
            "give 'em rag-top heads, make 'em": 1, 
            "go out of town and stand": 1, 
            "got jacked so, fuck-ass nigga, here's": 1, 
            "grills of chrome frontin' in a": 1, 
            "gucci bags, even louie baton spendin'": 1, 
            "gucci rags and bronze, shinin' grills": 1, 
            "gun to your head, then pull": 1, 
            "had since you were a child": 1, 
            "hand comin' out of my room": 1, 
            "hard, but we pulled your cord": 1, 
            "head, then pull the trigger, now": 1, 
            "heads, make 'em project stars you": 1, 
            "help but show it now the": 1, 
            "here's something to remember no matter": 1, 
            "hide it, but can't help but": 1, 
            "hoes like you fix your cars": 1, 
            "hoes with nice figures but on": 1, 
            "i remember way back just to": 1, 
            "in a caddy you don't even": 1, 
            "in charge tryin' to play big": 1, 
            "in hand comin' out of my": 1, 
            "in peace, pussy-ass nigga": 1, 
            "instead of paid now put a": 1, 
            "is in charge tryin' to play": 1, 
            "it funny you're so blind you": 1, 
            "it now the trues and vogues": 1, 
            "it sad, ain't it funny you're": 1, 
            "it you try to hide it,": 1, 
            "it's a problem you had since": 1, 
            "it, but can't help but show": 1, 
            "jacked so, fuck-ass nigga, here's something": 1, 
            "jerked by the man instead of": 1, 
            "just a do-boy 'cause your boss": 1, 
            "just to be exact we laughed": 1, 
            "just to get some and when": 1, 
            "know it you try to hide": 1, 
            "know that we know it you": 1, 
            "laughed at your ass when you": 1, 
            "like you fix your cars give": 1, 
            "louie baton spendin' all your money": 1, 
            "make 'em project stars you buy": 1, 
            "man instead of paid now put": 1, 
            "man it's a problem you had": 1, 
            "matter what you try, you're a": 1, 
            "money just to get some and": 1, 
            "money, ain't it sad, ain't it": 1, 
            "my room to the next man": 1, 
            "next man it's a problem you": 1, 
            "nice figures but on the 'ave,": 1, 
            "nigga": 1, 
            "nigga pussy-ass nigga with pistol in": 1, 
            "nigga with pistol in hand comin'": 1, 
            "nigga you fix up your hoes": 1, 
            "nigga, here's something to remember no": 1, 
            "no matter what you try, you're": 1, 
            "now put a gun to your": 1, 
            "now rest in peace, pussy-ass nigga": 1, 
            "now the trues and vogues pull": 1, 
            "of chrome frontin' in a caddy": 1, 
            "of my room to the next": 1, 
            "of paid now put a gun": 1, 
            "of town and stand on stage": 1, 
            "on stage gettin' jerked by the": 1, 
            "on the 'ave, you're a pussy-ass": 1, 
            "out of my room to the": 1, 
            "out of town and stand on": 1, 
            "own you're soft, and you know": 1, 
            "paid now put a gun to": 1, 
            "peace, pussy-ass nigga": 1, 
            "pistol in hand comin' out of": 1, 
            "play big money, ain't it sad,": 1, 
            "play hard, but we pulled your": 1, 
            "playin' dummy gucci rags and bronze,": 1, 
            "problem you had since you were": 1, 
            "project stars you buy 'em gucci": 1, 
            "pull the hoes with nice figures": 1, 
            "pull the trigger, now rest in": 1, 
            "pulled your cord you're just a": 1, 
            "pussy-ass nigga": 1, 
            "pussy-ass nigga pussy-ass nigga with pistol": 1, 
            "pussy-ass nigga with pistol in hand": 1, 
            "pussy-ass nigga you fix up your": 1, 
            "put a gun to your head,": 1, 
            "rag-top heads, make 'em project stars": 1, 
            "rags and bronze, shinin' grills of": 1, 
            "really playin' dummy gucci rags and": 1, 
            "remember no matter what you try,": 1, 
            "remember way back just to be": 1, 
            "rest in peace, pussy-ass nigga": 1, 
            "room to the next man it's": 1, 
            "sad, ain't it funny you're so": 1, 
            "see that you're really playin' dummy": 1, 
            "shinin' grills of chrome frontin' in": 1, 
            "show it now the trues and": 1, 
            "since you were a child always": 1, 
            "so blind you can't see that": 1, 
            "so, fuck-ass nigga, here's something to": 1, 
            "soft, and you know that we": 1, 
            "some and when you go out": 1, 
            "something to remember no matter what": 1, 
            "spendin' all your money just to": 1, 
            "stage gettin' jerked by the man": 1, 
            "stand on stage gettin' jerked by": 1, 
            "stars you buy 'em gucci bags,": 1, 
            "stupid and wild i remember way": 1, 
            "that we know it you try": 1, 
            "that you're really playin' dummy gucci": 1, 
            "the 'ave, you're a pussy-ass nigga": 1, 
            "the hoes with nice figures but": 1, 
            "the man instead of paid now": 1, 
            "the next man it's a problem": 1, 
            "the trigger, now rest in peace,": 1, 
            "the trues and vogues pull the": 1, 
            "then pull the trigger, now rest": 1, 
            "to be down but actin' stupid": 1, 
            "to be exact we laughed at": 1, 
            "to get some and when you": 1, 
            "to hide it, but can't help": 1, 
            "to play big money, ain't it": 1, 
            "to play hard, but we pulled": 1, 
            "to remember no matter what you": 1, 
            "to the next man it's a": 1, 
            "to your head, then pull the": 1, 
            "town and stand on stage gettin'": 1, 
            "tried to play hard, but we": 1, 
            "trigger, now rest in peace, pussy-ass": 1, 
            "trues and vogues pull the hoes": 1, 
            "try to hide it, but can't": 1, 
            "try, you're a pussy-ass nigga you": 1, 
            "tryin' to be down but actin'": 1, 
            "tryin' to play big money, ain't": 1, 
            "up your hoes like you fix": 1, 
            "vogues pull the hoes with nice": 1, 
            "way back just to be exact": 1, 
            "we know it you try to": 1, 
            "we laughed at your ass when": 1, 
            "we pulled your cord you're just": 1, 
            "were a child always tryin' to": 1, 
            "what you try, you're a pussy-ass": 1, 
            "when you go out of town": 1, 
            "when you got jacked so, fuck-ass": 1, 
            "wild i remember way back just": 1, 
            "with nice figures but on the": 1, 
            "with pistol in hand comin' out": 1, 
            "you buy 'em gucci bags, even": 1, 
            "you can't see that you're really": 1, 
            "you don't even own you're soft,": 1, 
            "you fix up your hoes like": 1, 
            "you fix your cars give 'em": 1, 
            "you go out of town and": 1, 
            "you got jacked so, fuck-ass nigga,": 1, 
            "you had since you were a": 1, 
            "you know that we know it": 1, 
            "you tried to play hard, but": 1, 
            "you try to hide it, but": 1, 
            "you try, you're a pussy-ass nigga": 1, 
            "you were a child always tryin'": 1, 
            "you're a pussy-ass nigga pussy-ass nigga": 1, 
            "you're a pussy-ass nigga you fix": 1, 
            "you're just a do-boy 'cause your": 1, 
            "you're really playin' dummy gucci rags": 1, 
            "you're so blind you can't see": 1, 
            "you're soft, and you know that": 1, 
            "your ass when you got jacked": 1, 
            "your boss is in charge tryin'": 1, 
            "your cars give 'em rag-top heads,": 1, 
            "your cord you're just a do-boy": 1, 
            "your head, then pull the trigger,": 1, 
            "your hoes like you fix your": 1, 
            "your money just to get some": 1
        }, 
        "7": {
            "": 954, 
            "'ave, you're a pussy-ass nigga pussy-ass nigga": 1, 
            "'cause your boss is in charge tryin'": 1, 
            "'em gucci bags, even louie baton spendin'": 1, 
            "'em project stars you buy 'em gucci": 1, 
            "'em rag-top heads, make 'em project stars": 1, 
            "a caddy you don't even own you're": 1, 
            "a child always tryin' to be down": 1, 
            "a do-boy 'cause your boss is in": 1, 
            "a gun to your head, then pull": 1, 
            "a problem you had since you were": 1, 
            "a pussy-ass nigga pussy-ass nigga with pistol": 1, 
            "a pussy-ass nigga you fix up your": 1, 
            "actin' stupid and wild i remember way": 1, 
            "ain't it funny you're so blind you": 1, 
            "ain't it sad, ain't it funny you're": 1, 
            "all your money just to get some": 1, 
            "always tryin' to be down but actin'": 1, 
            "and bronze, shinin' grills of chrome frontin'": 1, 
            "and stand on stage gettin' jerked by": 1, 
            "and vogues pull the hoes with nice": 1, 
            "and when you go out of town": 1, 
            "and wild i remember way back just": 1, 
            "and you know that we know it": 1, 
            "ass when you got jacked so, fuck-ass": 1, 
            "at your ass when you got jacked": 1, 
            "back just to be exact we laughed": 1, 
            "bags, even louie baton spendin' all your": 1, 
            "baton spendin' all your money just to": 1, 
            "be down but actin' stupid and wild": 1, 
            "be exact we laughed at your ass": 1, 
            "big money, ain't it sad, ain't it": 1, 
            "blind you can't see that you're really": 1, 
            "boss is in charge tryin' to play": 1, 
            "bronze, shinin' grills of chrome frontin' in": 1, 
            "but actin' stupid and wild i remember": 1, 
            "but can't help but show it now": 1, 
            "but on the 'ave, you're a pussy-ass": 1, 
            "but show it now the trues and": 1, 
            "but we pulled your cord you're just": 1, 
            "buy 'em gucci bags, even louie baton": 1, 
            "by the man instead of paid now": 1, 
            "caddy you don't even own you're soft,": 1, 
            "can't help but show it now the": 1, 
            "can't see that you're really playin' dummy": 1, 
            "cars give 'em rag-top heads, make 'em": 1, 
            "charge tryin' to play big money, ain't": 1, 
            "child always tryin' to be down but": 1, 
            "chrome frontin' in a caddy you don't": 1, 
            "comin' out of my room to the": 1, 
            "cord you're just a do-boy 'cause your": 1, 
            "do-boy 'cause your boss is in charge": 1, 
            "don't even own you're soft, and you": 1, 
            "down but actin' stupid and wild i": 1, 
            "dummy gucci rags and bronze, shinin' grills": 1, 
            "even louie baton spendin' all your money": 1, 
            "even own you're soft, and you know": 1, 
            "exact we laughed at your ass when": 1, 
            "figures but on the 'ave, you're a": 1, 
            "fix up your hoes like you fix": 1, 
            "fix your cars give 'em rag-top heads,": 1, 
            "frontin' in a caddy you don't even": 1, 
            "fuck-ass nigga, here's something to remember no": 1, 
            "funny you're so blind you can't see": 1, 
            "get some and when you go out": 1, 
            "gettin' jerked by the man instead of": 1, 
            "give 'em rag-top heads, make 'em project": 1, 
            "go out of town and stand on": 1, 
            "got jacked so, fuck-ass nigga, here's something": 1, 
            "grills of chrome frontin' in a caddy": 1, 
            "gucci bags, even louie baton spendin' all": 1, 
            "gucci rags and bronze, shinin' grills of": 1, 
            "gun to your head, then pull the": 1, 
            "had since you were a child always": 1, 
            "hand comin' out of my room to": 1, 
            "hard, but we pulled your cord you're": 1, 
            "head, then pull the trigger, now rest": 1, 
            "heads, make 'em project stars you buy": 1, 
            "help but show it now the trues": 1, 
            "here's something to remember no matter what": 1, 
            "hide it, but can't help but show": 1, 
            "hoes like you fix your cars give": 1, 
            "hoes with nice figures but on the": 1, 
            "i remember way back just to be": 1, 
            "in a caddy you don't even own": 1, 
            "in charge tryin' to play big money,": 1, 
            "in hand comin' out of my room": 1, 
            "in peace, pussy-ass nigga": 1, 
            "instead of paid now put a gun": 1, 
            "is in charge tryin' to play big": 1, 
            "it funny you're so blind you can't": 1, 
            "it now the trues and vogues pull": 1, 
            "it sad, ain't it funny you're so": 1, 
            "it you try to hide it, but": 1, 
            "it's a problem you had since you": 1, 
            "it, but can't help but show it": 1, 
            "jacked so, fuck-ass nigga, here's something to": 1, 
            "jerked by the man instead of paid": 1, 
            "just a do-boy 'cause your boss is": 1, 
            "just to be exact we laughed at": 1, 
            "just to get some and when you": 1, 
            "know it you try to hide it,": 1, 
            "know that we know it you try": 1, 
            "laughed at your ass when you got": 1, 
            "like you fix your cars give 'em": 1, 
            "louie baton spendin' all your money just": 1, 
            "make 'em project stars you buy 'em": 1, 
            "man instead of paid now put a": 1, 
            "man it's a problem you had since": 1, 
            "matter what you try, you're a pussy-ass": 1, 
            "money just to get some and when": 1, 
            "money, ain't it sad, ain't it funny": 1, 
            "my room to the next man it's": 1, 
            "next man it's a problem you had": 1, 
            "nice figures but on the 'ave, you're": 1, 
            "nigga": 1, 
            "nigga pussy-ass nigga with pistol in hand": 1, 
            "nigga with pistol in hand comin' out": 1, 
            "nigga you fix up your hoes like": 1, 
            "nigga, here's something to remember no matter": 1, 
            "no matter what you try, you're a": 1, 
            "now put a gun to your head,": 1, 
            "now rest in peace, pussy-ass nigga": 1, 
            "now the trues and vogues pull the": 1, 
            "of chrome frontin' in a caddy you": 1, 
            "of my room to the next man": 1, 
            "of paid now put a gun to": 1, 
            "of town and stand on stage gettin'": 1, 
            "on stage gettin' jerked by the man": 1, 
            "on the 'ave, you're a pussy-ass nigga": 1, 
            "out of my room to the next": 1, 
            "out of town and stand on stage": 1, 
            "own you're soft, and you know that": 1, 
            "paid now put a gun to your": 1, 
            "peace, pussy-ass nigga": 1, 
            "pistol in hand comin' out of my": 1, 
            "play big money, ain't it sad, ain't": 1, 
            "play hard, but we pulled your cord": 1, 
            "playin' dummy gucci rags and bronze, shinin'": 1, 
            "problem you had since you were a": 1, 
            "project stars you buy 'em gucci bags,": 1, 
            "pull the hoes with nice figures but": 1, 
            "pull the trigger, now rest in peace,": 1, 
            "pulled your cord you're just a do-boy": 1, 
            "pussy-ass nigga": 1, 
            "pussy-ass nigga pussy-ass nigga with pistol in": 1, 
            "pussy-ass nigga with pistol in hand comin'": 1, 
            "pussy-ass nigga you fix up your hoes": 1, 
            "put a gun to your head, then": 1, 
            "rag-top heads, make 'em project stars you": 1, 
            "rags and bronze, shinin' grills of chrome": 1, 
            "really playin' dummy gucci rags and bronze,": 1, 
            "remember no matter what you try, you're": 1, 
            "remember way back just to be exact": 1, 
            "rest in peace, pussy-ass nigga": 1, 
            "room to the next man it's a": 1, 
            "sad, ain't it funny you're so blind": 1, 
            "see that you're really playin' dummy gucci": 1, 
            "shinin' grills of chrome frontin' in a": 1, 
            "show it now the trues and vogues": 1, 
            "since you were a child always tryin'": 1, 
            "so blind you can't see that you're": 1, 
            "so, fuck-ass nigga, here's something to remember": 1, 
            "soft, and you know that we know": 1, 
            "some and when you go out of": 1, 
            "something to remember no matter what you": 1, 
            "spendin' all your money just to get": 1, 
            "stage gettin' jerked by the man instead": 1, 
            "stand on stage gettin' jerked by the": 1, 
            "stars you buy 'em gucci bags, even": 1, 
            "stupid and wild i remember way back": 1, 
            "that we know it you try to": 1, 
            "that you're really playin' dummy gucci rags": 1, 
            "the 'ave, you're a pussy-ass nigga pussy-ass": 1, 
            "the hoes with nice figures but on": 1, 
            "the man instead of paid now put": 1, 
            "the next man it's a problem you": 1, 
            "the trigger, now rest in peace, pussy-ass": 1, 
            "the trues and vogues pull the hoes": 1, 
            "then pull the trigger, now rest in": 1, 
            "to be down but actin' stupid and": 1, 
            "to be exact we laughed at your": 1, 
            "to get some and when you go": 1, 
            "to hide it, but can't help but": 1, 
            "to play big money, ain't it sad,": 1, 
            "to play hard, but we pulled your": 1, 
            "to remember no matter what you try,": 1, 
            "to the next man it's a problem": 1, 
            "to your head, then pull the trigger,": 1, 
            "town and stand on stage gettin' jerked": 1, 
            "tried to play hard, but we pulled": 1, 
            "trigger, now rest in peace, pussy-ass nigga": 1, 
            "trues and vogues pull the hoes with": 1, 
            "try to hide it, but can't help": 1, 
            "try, you're a pussy-ass nigga you fix": 1, 
            "tryin' to be down but actin' stupid": 1, 
            "tryin' to play big money, ain't it": 1, 
            "up your hoes like you fix your": 1, 
            "vogues pull the hoes with nice figures": 1, 
            "way back just to be exact we": 1, 
            "we know it you try to hide": 1, 
            "we laughed at your ass when you": 1, 
            "we pulled your cord you're just a": 1, 
            "were a child always tryin' to be": 1, 
            "what you try, you're a pussy-ass nigga": 1, 
            "when you go out of town and": 1, 
            "when you got jacked so, fuck-ass nigga,": 1, 
            "wild i remember way back just to": 1, 
            "with nice figures but on the 'ave,": 1, 
            "with pistol in hand comin' out of": 1, 
            "you buy 'em gucci bags, even louie": 1, 
            "you can't see that you're really playin'": 1, 
            "you don't even own you're soft, and": 1, 
            "you fix up your hoes like you": 1, 
            "you fix your cars give 'em rag-top": 1, 
            "you go out of town and stand": 1, 
            "you got jacked so, fuck-ass nigga, here's": 1, 
            "you had since you were a child": 1, 
            "you know that we know it you": 1, 
            "you tried to play hard, but we": 1, 
            "you try to hide it, but can't": 1, 
            "you try, you're a pussy-ass nigga you": 1, 
            "you were a child always tryin' to": 1, 
            "you're a pussy-ass nigga pussy-ass nigga with": 1, 
            "you're a pussy-ass nigga you fix up": 1, 
            "you're just a do-boy 'cause your boss": 1, 
            "you're really playin' dummy gucci rags and": 1, 
            "you're so blind you can't see that": 1, 
            "you're soft, and you know that we": 1, 
            "your ass when you got jacked so,": 1, 
            "your boss is in charge tryin' to": 1, 
            "your cars give 'em rag-top heads, make": 1, 
            "your cord you're just a do-boy 'cause": 1, 
            "your head, then pull the trigger, now": 1, 
            "your hoes like you fix your cars": 1, 
            "your money just to get some and": 1
        }, 
        "8": {
            "": 953, 
            "'ave, you're a pussy-ass nigga pussy-ass nigga with": 1, 
            "'cause your boss is in charge tryin' to": 1, 
            "'em gucci bags, even louie baton spendin' all": 1, 
            "'em project stars you buy 'em gucci bags,": 1, 
            "'em rag-top heads, make 'em project stars you": 1, 
            "a caddy you don't even own you're soft,": 1, 
            "a child always tryin' to be down but": 1, 
            "a do-boy 'cause your boss is in charge": 1, 
            "a gun to your head, then pull the": 1, 
            "a problem you had since you were a": 1, 
            "a pussy-ass nigga pussy-ass nigga with pistol in": 1, 
            "a pussy-ass nigga you fix up your hoes": 1, 
            "actin' stupid and wild i remember way back": 1, 
            "ain't it funny you're so blind you can't": 1, 
            "ain't it sad, ain't it funny you're so": 1, 
            "all your money just to get some and": 1, 
            "always tryin' to be down but actin' stupid": 1, 
            "and bronze, shinin' grills of chrome frontin' in": 1, 
            "and stand on stage gettin' jerked by the": 1, 
            "and vogues pull the hoes with nice figures": 1, 
            "and when you go out of town and": 1, 
            "and wild i remember way back just to": 1, 
            "and you know that we know it you": 1, 
            "ass when you got jacked so, fuck-ass nigga,": 1, 
            "at your ass when you got jacked so,": 1, 
            "back just to be exact we laughed at": 1, 
            "bags, even louie baton spendin' all your money": 1, 
            "baton spendin' all your money just to get": 1, 
            "be down but actin' stupid and wild i": 1, 
            "be exact we laughed at your ass when": 1, 
            "big money, ain't it sad, ain't it funny": 1, 
            "blind you can't see that you're really playin'": 1, 
            "boss is in charge tryin' to play big": 1, 
            "bronze, shinin' grills of chrome frontin' in a": 1, 
            "but actin' stupid and wild i remember way": 1, 
            "but can't help but show it now the": 1, 
            "but on the 'ave, you're a pussy-ass nigga": 1, 
            "but show it now the trues and vogues": 1, 
            "but we pulled your cord you're just a": 1, 
            "buy 'em gucci bags, even louie baton spendin'": 1, 
            "by the man instead of paid now put": 1, 
            "caddy you don't even own you're soft, and": 1, 
            "can't help but show it now the trues": 1, 
            "can't see that you're really playin' dummy gucci": 1, 
            "cars give 'em rag-top heads, make 'em project": 1, 
            "charge tryin' to play big money, ain't it": 1, 
            "child always tryin' to be down but actin'": 1, 
            "chrome frontin' in a caddy you don't even": 1, 
            "comin' out of my room to the next": 1, 
            "cord you're just a do-boy 'cause your boss": 1, 
            "do-boy 'cause your boss is in charge tryin'": 1, 
            "don't even own you're soft, and you know": 1, 
            "down but actin' stupid and wild i remember": 1, 
            "dummy gucci rags and bronze, shinin' grills of": 1, 
            "even louie baton spendin' all your money just": 1, 
            "even own you're soft, and you know that": 1, 
            "exact we laughed at your ass when you": 1, 
            "figures but on the 'ave, you're a pussy-ass": 1, 
            "fix up your hoes like you fix your": 1, 
            "fix your cars give 'em rag-top heads, make": 1, 
            "frontin' in a caddy you don't even own": 1, 
            "fuck-ass nigga, here's something to remember no matter": 1, 
            "funny you're so blind you can't see that": 1, 
            "get some and when you go out of": 1, 
            "gettin' jerked by the man instead of paid": 1, 
            "give 'em rag-top heads, make 'em project stars": 1, 
            "go out of town and stand on stage": 1, 
            "got jacked so, fuck-ass nigga, here's something to": 1, 
            "grills of chrome frontin' in a caddy you": 1, 
            "gucci bags, even louie baton spendin' all your": 1, 
            "gucci rags and bronze, shinin' grills of chrome": 1, 
            "gun to your head, then pull the trigger,": 1, 
            "had since you were a child always tryin'": 1, 
            "hand comin' out of my room to the": 1, 
            "hard, but we pulled your cord you're just": 1, 
            "head, then pull the trigger, now rest in": 1, 
            "heads, make 'em project stars you buy 'em": 1, 
            "help but show it now the trues and": 1, 
            "here's something to remember no matter what you": 1, 
            "hide it, but can't help but show it": 1, 
            "hoes like you fix your cars give 'em": 1, 
            "hoes with nice figures but on the 'ave,": 1, 
            "i remember way back just to be exact": 1, 
            "in a caddy you don't even own you're": 1, 
            "in charge tryin' to play big money, ain't": 1, 
            "in hand comin' out of my room to": 1, 
            "in peace, pussy-ass nigga": 1, 
            "instead of paid now put a gun to": 1, 
            "is in charge tryin' to play big money,": 1, 
            "it funny you're so blind you can't see": 1, 
            "it now the trues and vogues pull the": 1, 
            "it sad, ain't it funny you're so blind": 1, 
            "it you try to hide it, but can't": 1, 
            "it's a problem you had since you were": 1, 
            "it, but can't help but show it now": 1, 
            "jacked so, fuck-ass nigga, here's something to remember": 1, 
            "jerked by the man instead of paid now": 1, 
            "just a do-boy 'cause your boss is in": 1, 
            "just to be exact we laughed at your": 1, 
            "just to get some and when you go": 1, 
            "know it you try to hide it, but": 1, 
            "know that we know it you try to": 1, 
            "laughed at your ass when you got jacked": 1, 
            "like you fix your cars give 'em rag-top": 1, 
            "louie baton spendin' all your money just to": 1, 
            "make 'em project stars you buy 'em gucci": 1, 
            "man instead of paid now put a gun": 1, 
            "man it's a problem you had since you": 1, 
            "matter what you try, you're a pussy-ass nigga": 1, 
            "money just to get some and when you": 1, 
            "money, ain't it sad, ain't it funny you're": 1, 
            "my room to the next man it's a": 1, 
            "next man it's a problem you had since": 1, 
            "nice figures but on the 'ave, you're a": 1, 
            "nigga": 1, 
            "nigga pussy-ass nigga with pistol in hand comin'": 1, 
            "nigga with pistol in hand comin' out of": 1, 
            "nigga you fix up your hoes like you": 1, 
            "nigga, here's something to remember no matter what": 1, 
            "no matter what you try, you're a pussy-ass": 1, 
            "now put a gun to your head, then": 1, 
            "now rest in peace, pussy-ass nigga": 1, 
            "now the trues and vogues pull the hoes": 1, 
            "of chrome frontin' in a caddy you don't": 1, 
            "of my room to the next man it's": 1, 
            "of paid now put a gun to your": 1, 
            "of town and stand on stage gettin' jerked": 1, 
            "on stage gettin' jerked by the man instead": 1, 
            "on the 'ave, you're a pussy-ass nigga pussy-ass": 1, 
            "out of my room to the next man": 1, 
            "out of town and stand on stage gettin'": 1, 
            "own you're soft, and you know that we": 1, 
            "paid now put a gun to your head,": 1, 
            "peace, pussy-ass nigga": 1, 
            "pistol in hand comin' out of my room": 1, 
            "play big money, ain't it sad, ain't it": 1, 
            "play hard, but we pulled your cord you're": 1, 
            "playin' dummy gucci rags and bronze, shinin' grills": 1, 
            "problem you had since you were a child": 1, 
            "project stars you buy 'em gucci bags, even": 1, 
            "pull the hoes with nice figures but on": 1, 
            "pull the trigger, now rest in peace, pussy-ass": 1, 
            "pulled your cord you're just a do-boy 'cause": 1, 
            "pussy-ass nigga": 1, 
            "pussy-ass nigga pussy-ass nigga with pistol in hand": 1, 
            "pussy-ass nigga with pistol in hand comin' out": 1, 
            "pussy-ass nigga you fix up your hoes like": 1, 
            "put a gun to your head, then pull": 1, 
            "rag-top heads, make 'em project stars you buy": 1, 
            "rags and bronze, shinin' grills of chrome frontin'": 1, 
            "really playin' dummy gucci rags and bronze, shinin'": 1, 
            "remember no matter what you try, you're a": 1, 
            "remember way back just to be exact we": 1, 
            "rest in peace, pussy-ass nigga": 1, 
            "room to the next man it's a problem": 1, 
            "sad, ain't it funny you're so blind you": 1, 
            "see that you're really playin' dummy gucci rags": 1, 
            "shinin' grills of chrome frontin' in a caddy": 1, 
            "show it now the trues and vogues pull": 1, 
            "since you were a child always tryin' to": 1, 
            "so blind you can't see that you're really": 1, 
            "so, fuck-ass nigga, here's something to remember no": 1, 
            "soft, and you know that we know it": 1, 
            "some and when you go out of town": 1, 
            "something to remember no matter what you try,": 1, 
            "spendin' all your money just to get some": 1, 
            "stage gettin' jerked by the man instead of": 1, 
            "stand on stage gettin' jerked by the man": 1, 
            "stars you buy 'em gucci bags, even louie": 1, 
            "stupid and wild i remember way back just": 1, 
            "that we know it you try to hide": 1, 
            "that you're really playin' dummy gucci rags and": 1, 
            "the 'ave, you're a pussy-ass nigga pussy-ass nigga": 1, 
            "the hoes with nice figures but on the": 1, 
            "the man instead of paid now put a": 1, 
            "the next man it's a problem you had": 1, 
            "the trigger, now rest in peace, pussy-ass nigga": 1, 
            "the trues and vogues pull the hoes with": 1, 
            "then pull the trigger, now rest in peace,": 1, 
            "to be down but actin' stupid and wild": 1, 
            "to be exact we laughed at your ass": 1, 
            "to get some and when you go out": 1, 
            "to hide it, but can't help but show": 1, 
            "to play big money, ain't it sad, ain't": 1, 
            "to play hard, but we pulled your cord": 1, 
            "to remember no matter what you try, you're": 1, 
            "to the next man it's a problem you": 1, 
            "to your head, then pull the trigger, now": 1, 
            "town and stand on stage gettin' jerked by": 1, 
            "tried to play hard, but we pulled your": 1, 
            "trigger, now rest in peace, pussy-ass nigga": 1, 
            "trues and vogues pull the hoes with nice": 1, 
            "try to hide it, but can't help but": 1, 
            "try, you're a pussy-ass nigga you fix up": 1, 
            "tryin' to be down but actin' stupid and": 1, 
            "tryin' to play big money, ain't it sad,": 1, 
            "up your hoes like you fix your cars": 1, 
            "vogues pull the hoes with nice figures but": 1, 
            "way back just to be exact we laughed": 1, 
            "we know it you try to hide it,": 1, 
            "we laughed at your ass when you got": 1, 
            "we pulled your cord you're just a do-boy": 1, 
            "were a child always tryin' to be down": 1, 
            "what you try, you're a pussy-ass nigga you": 1, 
            "when you go out of town and stand": 1, 
            "when you got jacked so, fuck-ass nigga, here's": 1, 
            "wild i remember way back just to be": 1, 
            "with nice figures but on the 'ave, you're": 1, 
            "with pistol in hand comin' out of my": 1, 
            "you buy 'em gucci bags, even louie baton": 1, 
            "you can't see that you're really playin' dummy": 1, 
            "you don't even own you're soft, and you": 1, 
            "you fix up your hoes like you fix": 1, 
            "you fix your cars give 'em rag-top heads,": 1, 
            "you go out of town and stand on": 1, 
            "you got jacked so, fuck-ass nigga, here's something": 1, 
            "you had since you were a child always": 1, 
            "you know that we know it you try": 1, 
            "you tried to play hard, but we pulled": 1, 
            "you try to hide it, but can't help": 1, 
            "you try, you're a pussy-ass nigga you fix": 1, 
            "you were a child always tryin' to be": 1, 
            "you're a pussy-ass nigga pussy-ass nigga with pistol": 1, 
            "you're a pussy-ass nigga you fix up your": 1, 
            "you're just a do-boy 'cause your boss is": 1, 
            "you're really playin' dummy gucci rags and bronze,": 1, 
            "you're so blind you can't see that you're": 1, 
            "you're soft, and you know that we know": 1, 
            "your ass when you got jacked so, fuck-ass": 1, 
            "your boss is in charge tryin' to play": 1, 
            "your cars give 'em rag-top heads, make 'em": 1, 
            "your cord you're just a do-boy 'cause your": 1, 
            "your head, then pull the trigger, now rest": 1, 
            "your hoes like you fix your cars give": 1, 
            "your money just to get some and when": 1
        }
    }, 
    "song_title": "P-A-N (Pussy Ass Nigga)", 
    "total_words": [
        235, 
        {
            "'ave,": 1, 
            "'cause": 1, 
            "'em": 3, 
            "a": 7, 
            "actin'": 1, 
            "ain't": 2, 
            "all": 1, 
            "always": 1, 
            "and": 6, 
            "ass": 1, 
            "at": 1, 
            "back": 1, 
            "bags,": 1, 
            "baton": 1, 
            "be": 2, 
            "big": 1, 
            "blind": 1, 
            "boss": 1, 
            "bronze,": 1, 
            "but": 5, 
            "buy": 1, 
            "by": 1, 
            "caddy": 1, 
            "can't": 2, 
            "cars": 1, 
            "charge": 1, 
            "child": 1, 
            "chrome": 1, 
            "comin'": 1, 
            "cord": 1, 
            "do-boy": 1, 
            "don't": 1, 
            "down": 1, 
            "dummy": 1, 
            "even": 2, 
            "exact": 1, 
            "figures": 1, 
            "fix": 2, 
            "frontin'": 1, 
            "fuck-ass": 1, 
            "funny": 1, 
            "get": 1, 
            "gettin'": 1, 
            "give": 1, 
            "go": 1, 
            "got": 1, 
            "grills": 1, 
            "gucci": 2, 
            "gun": 1, 
            "had": 1, 
            "hand": 1, 
            "hard,": 1, 
            "head,": 1, 
            "heads,": 1, 
            "help": 1, 
            "here's": 1, 
            "hide": 1, 
            "hoes": 2, 
            "i": 1, 
            "in": 4, 
            "instead": 1, 
            "is": 1, 
            "it": 4, 
            "it's": 1, 
            "it,": 1, 
            "jacked": 1, 
            "jerked": 1, 
            "just": 3, 
            "know": 2, 
            "laughed": 1, 
            "like": 1, 
            "louie": 1, 
            "make": 1, 
            "man": 2, 
            "matter": 1, 
            "money": 1, 
            "money,": 1, 
            "my": 1, 
            "next": 1, 
            "nice": 1, 
            "nigga": 4, 
            "nigga,": 1, 
            "no": 1, 
            "now": 3, 
            "of": 4, 
            "on": 2, 
            "out": 2, 
            "own": 1, 
            "paid": 1, 
            "peace,": 1, 
            "pistol": 1, 
            "play": 2, 
            "playin'": 1, 
            "problem": 1, 
            "project": 1, 
            "pull": 2, 
            "pulled": 1, 
            "pussy-ass": 4, 
            "put": 1, 
            "rag-top": 1, 
            "rags": 1, 
            "really": 1, 
            "remember": 2, 
            "rest": 1, 
            "room": 1, 
            "sad,": 1, 
            "see": 1, 
            "shinin'": 1, 
            "show": 1, 
            "since": 1, 
            "so": 1, 
            "so,": 1, 
            "soft,": 1, 
            "some": 1, 
            "something": 1, 
            "spendin'": 1, 
            "stage": 1, 
            "stand": 1, 
            "stars": 1, 
            "stupid": 1, 
            "that": 2, 
            "the": 6, 
            "then": 1, 
            "to": 9, 
            "town": 1, 
            "tried": 1, 
            "trigger,": 1, 
            "trues": 1, 
            "try": 1, 
            "try,": 1, 
            "tryin'": 2, 
            "up": 1, 
            "vogues": 1, 
            "way": 1, 
            "we": 3, 
            "were": 1, 
            "what": 1, 
            "when": 2, 
            "wild": 1, 
            "with": 2, 
            "you": 13, 
            "you're": 6, 
            "your": 7
        }
    ], 
    "unique_words": [
        143, 
        [
            "all", 
            "help", 
            "just", 
            "don't", 
            "money", 
            "rest", 
            "go", 
            "bags,", 
            "fix", 
            "show", 
            "had", 
            "to", 
            "charge", 
            "then", 
            "it,", 
            "get", 
            "big", 
            "jerked", 
            "baton", 
            "know", 
            "now", 
            "exact", 
            "like", 
            "always", 
            "gun", 
            "try", 
            "stupid", 
            "trues", 
            "louie", 
            "ass", 
            "nigga", 
            "jacked", 
            "some", 
            "back", 
            "see", 
            "hoes", 
            "really", 
            "even", 
            "do-boy", 
            "what", 
            "bronze,", 
            "hide", 
            "rags", 
            "since", 
            "trigger,", 
            "got", 
            "pistol", 
            "cord", 
            "be", 
            "we", 
            "cars", 
            "boss", 
            "fuck-ass", 
            "put", 
            "by", 
            "shinin'", 
            "on", 
            "of", 
            "actin'", 
            "figures", 
            "stand", 
            "can't", 
            "blind", 
            "own", 
            "money,", 
            "down", 
            "tryin'", 
            "your", 
            "'em", 
            "you're", 
            "try,", 
            "chrome", 
            "it's", 
            "pussy-ass", 
            "next", 
            "way", 
            "nigga,", 
            "stage", 
            "soft,", 
            "buy", 
            "hard,", 
            "stars", 
            "that", 
            "caddy", 
            "so,", 
            "but", 
            "ain't", 
            "child", 
            "grills", 
            "with", 
            "here's", 
            "town", 
            "pull", 
            "room", 
            "rag-top", 
            "spendin'", 
            "up", 
            "project", 
            "matter", 
            "gucci", 
            "were", 
            "wild", 
            "problem", 
            "head,", 
            "my", 
            "at", 
            "and", 
            "give", 
            "heads,", 
            "is", 
            "comin'", 
            "sad,", 
            "it", 
            "something", 
            "in", 
            "'ave,", 
            "vogues", 
            "funny", 
            "no", 
            "make", 
            "when", 
            "laughed", 
            "instead", 
            "you", 
            "out", 
            "playin'", 
            "nice", 
            "peace,", 
            "play", 
            "tried", 
            "paid", 
            "hand", 
            "frontin'", 
            "'cause", 
            "man", 
            "a", 
            "dummy", 
            "remember", 
            "i", 
            "gettin'", 
            "so", 
            "the", 
            "pulled"
        ]
    ], 
    "year": 1987
}