{
    "album": "Move Somethin'", 
    "artist": "2 Live Crew", 
    "lyrics": "Badself!\n\n\nHey pretty lady, what's your name and number?\nWhenever I see you, my heart's like thunder\nI'd like to know you better, and that's no lie\nJust give me a chance and let me try\nYou're an angel from heaven, a blessing in disguise\nTime stood still when I saw your eyes\nLet me show you the things I one day felt\nSo go on!!\n\nBadself!\n\n\nYou got a body that's stickin'; some men die for less\nYou got a face of a queen in a beauty contest\nYou're a lady in the 80s, never wild or crazy\nJust takin' your time, not having any babies\nNot depending on others to get what you need\nA modern-day woman with the will to succeed\nTryin' harder every day to increase your wealth,\nSo go on!\n\nBadself!\n\n\nAll the girls don't like her because she's independent\nThey're so envious because she's not with it\nShe's a real lady; her mind's on other things\nShe can't be bought with gold or diamond rings!\n\n\nShe's the one I want to be in my life\nThe lady I need to be my wife\nNever in a crowd, she keeps to herself\nSo go on!\n\nBadself!\n", 
    "ngrams": {
        "2": {
            "": 799, 
            "80s, never": 1, 
            "a beauty": 1, 
            "a blessing": 1, 
            "a body": 1, 
            "a chance": 1, 
            "a crowd,": 1, 
            "a face": 1, 
            "a lady": 1, 
            "a modern-day": 1, 
            "a queen": 1, 
            "a real": 1, 
            "all the": 1, 
            "an angel": 1, 
            "and let": 1, 
            "and number": 1, 
            "and that's": 1, 
            "angel from": 1, 
            "any babies": 1, 
            "babies not": 1, 
            "badself": 1, 
            "badself all": 1, 
            "badself hey": 1, 
            "badself you": 1, 
            "be bought": 1, 
            "be in": 1, 
            "be my": 1, 
            "beauty contest": 1, 
            "because she's": 2, 
            "better, and": 1, 
            "blessing in": 1, 
            "body that's": 1, 
            "bought with": 1, 
            "can't be": 1, 
            "chance and": 1, 
            "contest you're": 1, 
            "crazy just": 1, 
            "crowd, she": 1, 
            "day felt": 1, 
            "day to": 1, 
            "depending on": 1, 
            "diamond rings": 1, 
            "die for": 1, 
            "disguise time": 1, 
            "don't like": 1, 
            "envious because": 1, 
            "every day": 1, 
            "eyes let": 1, 
            "face of": 1, 
            "felt so": 1, 
            "for less": 1, 
            "from heaven,": 1, 
            "get what": 1, 
            "girls don't": 1, 
            "give me": 1, 
            "go on": 3, 
            "gold or": 1, 
            "got a": 2, 
            "harder every": 1, 
            "having any": 1, 
            "heart's like": 1, 
            "heaven, a": 1, 
            "her because": 1, 
            "her mind's": 1, 
            "herself so": 1, 
            "hey pretty": 1, 
            "i need": 1, 
            "i one": 1, 
            "i saw": 1, 
            "i see": 1, 
            "i want": 1, 
            "i'd like": 1, 
            "in a": 2, 
            "in disguise": 1, 
            "in my": 1, 
            "in the": 1, 
            "increase your": 1, 
            "independent they're": 1, 
            "it she's": 1, 
            "just give": 1, 
            "just takin'": 1, 
            "keeps to": 1, 
            "know you": 1, 
            "lady her": 1, 
            "lady i": 1, 
            "lady in": 1, 
            "lady, what's": 1, 
            "less you": 1, 
            "let me": 2, 
            "lie just": 1, 
            "life the": 1, 
            "like her": 1, 
            "like thunder": 1, 
            "like to": 1, 
            "me a": 1, 
            "me show": 1, 
            "me try": 1, 
            "men die": 1, 
            "mind's on": 1, 
            "modern-day woman": 1, 
            "my heart's": 1, 
            "my life": 1, 
            "my wife": 1, 
            "name and": 1, 
            "need a": 1, 
            "need to": 1, 
            "never in": 1, 
            "never wild": 1, 
            "no lie": 1, 
            "not depending": 1, 
            "not having": 1, 
            "not with": 1, 
            "number whenever": 1, 
            "of a": 1, 
            "on badself": 3, 
            "on other": 1, 
            "on others": 1, 
            "one day": 1, 
            "one i": 1, 
            "or crazy": 1, 
            "or diamond": 1, 
            "other things": 1, 
            "others to": 1, 
            "pretty lady,": 1, 
            "queen in": 1, 
            "real lady": 1, 
            "rings she's": 1, 
            "saw your": 1, 
            "see you,": 1, 
            "she can't": 1, 
            "she keeps": 1, 
            "she's a": 1, 
            "she's independent": 1, 
            "she's not": 1, 
            "she's the": 1, 
            "show you": 1, 
            "so envious": 1, 
            "so go": 3, 
            "some men": 1, 
            "stickin' some": 1, 
            "still when": 1, 
            "stood still": 1, 
            "succeed tryin'": 1, 
            "takin' your": 1, 
            "that's no": 1, 
            "that's stickin'": 1, 
            "the 80s,": 1, 
            "the girls": 1, 
            "the lady": 1, 
            "the one": 1, 
            "the things": 1, 
            "the will": 1, 
            "they're so": 1, 
            "things i": 1, 
            "things she": 1, 
            "thunder i'd": 1, 
            "time stood": 1, 
            "time, not": 1, 
            "to be": 2, 
            "to get": 1, 
            "to herself": 1, 
            "to increase": 1, 
            "to know": 1, 
            "to succeed": 1, 
            "try you're": 1, 
            "tryin' harder": 1, 
            "want to": 1, 
            "wealth, so": 1, 
            "what you": 1, 
            "what's your": 1, 
            "when i": 1, 
            "whenever i": 1, 
            "wife never": 1, 
            "wild or": 1, 
            "will to": 1, 
            "with gold": 1, 
            "with it": 1, 
            "with the": 1, 
            "woman with": 1, 
            "you better,": 1, 
            "you got": 2, 
            "you need": 1, 
            "you the": 1, 
            "you're a": 1, 
            "you're an": 1, 
            "you, my": 1, 
            "your eyes": 1, 
            "your name": 1, 
            "your time,": 1, 
            "your wealth,": 1
        }, 
        "3": {
            "": 798, 
            "80s, never wild": 1, 
            "a beauty contest": 1, 
            "a blessing in": 1, 
            "a body that's": 1, 
            "a chance and": 1, 
            "a crowd, she": 1, 
            "a face of": 1, 
            "a lady in": 1, 
            "a modern-day woman": 1, 
            "a queen in": 1, 
            "a real lady": 1, 
            "all the girls": 1, 
            "an angel from": 1, 
            "and let me": 1, 
            "and number whenever": 1, 
            "and that's no": 1, 
            "angel from heaven,": 1, 
            "any babies not": 1, 
            "babies not depending": 1, 
            "badself": 1, 
            "badself all the": 1, 
            "badself hey pretty": 1, 
            "badself you got": 1, 
            "be bought with": 1, 
            "be in my": 1, 
            "be my wife": 1, 
            "beauty contest you're": 1, 
            "because she's independent": 1, 
            "because she's not": 1, 
            "better, and that's": 1, 
            "blessing in disguise": 1, 
            "body that's stickin'": 1, 
            "bought with gold": 1, 
            "can't be bought": 1, 
            "chance and let": 1, 
            "contest you're a": 1, 
            "crazy just takin'": 1, 
            "crowd, she keeps": 1, 
            "day felt so": 1, 
            "day to increase": 1, 
            "depending on others": 1, 
            "diamond rings she's": 1, 
            "die for less": 1, 
            "disguise time stood": 1, 
            "don't like her": 1, 
            "envious because she's": 1, 
            "every day to": 1, 
            "eyes let me": 1, 
            "face of a": 1, 
            "felt so go": 1, 
            "for less you": 1, 
            "from heaven, a": 1, 
            "get what you": 1, 
            "girls don't like": 1, 
            "give me a": 1, 
            "go on badself": 3, 
            "gold or diamond": 1, 
            "got a body": 1, 
            "got a face": 1, 
            "harder every day": 1, 
            "having any babies": 1, 
            "heart's like thunder": 1, 
            "heaven, a blessing": 1, 
            "her because she's": 1, 
            "her mind's on": 1, 
            "herself so go": 1, 
            "hey pretty lady,": 1, 
            "i need to": 1, 
            "i one day": 1, 
            "i saw your": 1, 
            "i see you,": 1, 
            "i want to": 1, 
            "i'd like to": 1, 
            "in a beauty": 1, 
            "in a crowd,": 1, 
            "in disguise time": 1, 
            "in my life": 1, 
            "in the 80s,": 1, 
            "increase your wealth,": 1, 
            "independent they're so": 1, 
            "it she's a": 1, 
            "just give me": 1, 
            "just takin' your": 1, 
            "keeps to herself": 1, 
            "know you better,": 1, 
            "lady her mind's": 1, 
            "lady i need": 1, 
            "lady in the": 1, 
            "lady, what's your": 1, 
            "less you got": 1, 
            "let me show": 1, 
            "let me try": 1, 
            "lie just give": 1, 
            "life the lady": 1, 
            "like her because": 1, 
            "like thunder i'd": 1, 
            "like to know": 1, 
            "me a chance": 1, 
            "me show you": 1, 
            "me try you're": 1, 
            "men die for": 1, 
            "mind's on other": 1, 
            "modern-day woman with": 1, 
            "my heart's like": 1, 
            "my life the": 1, 
            "my wife never": 1, 
            "name and number": 1, 
            "need a modern-day": 1, 
            "need to be": 1, 
            "never in a": 1, 
            "never wild or": 1, 
            "no lie just": 1, 
            "not depending on": 1, 
            "not having any": 1, 
            "not with it": 1, 
            "number whenever i": 1, 
            "of a queen": 1, 
            "on badself": 1, 
            "on badself all": 1, 
            "on badself you": 1, 
            "on other things": 1, 
            "on others to": 1, 
            "one day felt": 1, 
            "one i want": 1, 
            "or crazy just": 1, 
            "or diamond rings": 1, 
            "other things she": 1, 
            "others to get": 1, 
            "pretty lady, what's": 1, 
            "queen in a": 1, 
            "real lady her": 1, 
            "rings she's the": 1, 
            "saw your eyes": 1, 
            "see you, my": 1, 
            "she can't be": 1, 
            "she keeps to": 1, 
            "she's a real": 1, 
            "she's independent they're": 1, 
            "she's not with": 1, 
            "she's the one": 1, 
            "show you the": 1, 
            "so envious because": 1, 
            "so go on": 3, 
            "some men die": 1, 
            "stickin' some men": 1, 
            "still when i": 1, 
            "stood still when": 1, 
            "succeed tryin' harder": 1, 
            "takin' your time,": 1, 
            "that's no lie": 1, 
            "that's stickin' some": 1, 
            "the 80s, never": 1, 
            "the girls don't": 1, 
            "the lady i": 1, 
            "the one i": 1, 
            "the things i": 1, 
            "the will to": 1, 
            "they're so envious": 1, 
            "things i one": 1, 
            "things she can't": 1, 
            "thunder i'd like": 1, 
            "time stood still": 1, 
            "time, not having": 1, 
            "to be in": 1, 
            "to be my": 1, 
            "to get what": 1, 
            "to herself so": 1, 
            "to increase your": 1, 
            "to know you": 1, 
            "to succeed tryin'": 1, 
            "try you're an": 1, 
            "tryin' harder every": 1, 
            "want to be": 1, 
            "wealth, so go": 1, 
            "what you need": 1, 
            "what's your name": 1, 
            "when i saw": 1, 
            "whenever i see": 1, 
            "wife never in": 1, 
            "wild or crazy": 1, 
            "will to succeed": 1, 
            "with gold or": 1, 
            "with it she's": 1, 
            "with the will": 1, 
            "woman with the": 1, 
            "you better, and": 1, 
            "you got a": 2, 
            "you need a": 1, 
            "you the things": 1, 
            "you're a lady": 1, 
            "you're an angel": 1, 
            "you, my heart's": 1, 
            "your eyes let": 1, 
            "your name and": 1, 
            "your time, not": 1, 
            "your wealth, so": 1
        }, 
        "4": {
            "": 797, 
            "80s, never wild or": 1, 
            "a beauty contest you're": 1, 
            "a blessing in disguise": 1, 
            "a body that's stickin'": 1, 
            "a chance and let": 1, 
            "a crowd, she keeps": 1, 
            "a face of a": 1, 
            "a lady in the": 1, 
            "a modern-day woman with": 1, 
            "a queen in a": 1, 
            "a real lady her": 1, 
            "all the girls don't": 1, 
            "an angel from heaven,": 1, 
            "and let me try": 1, 
            "and number whenever i": 1, 
            "and that's no lie": 1, 
            "angel from heaven, a": 1, 
            "any babies not depending": 1, 
            "babies not depending on": 1, 
            "badself": 1, 
            "badself all the girls": 1, 
            "badself hey pretty lady,": 1, 
            "badself you got a": 1, 
            "be bought with gold": 1, 
            "be in my life": 1, 
            "be my wife never": 1, 
            "beauty contest you're a": 1, 
            "because she's independent they're": 1, 
            "because she's not with": 1, 
            "better, and that's no": 1, 
            "blessing in disguise time": 1, 
            "body that's stickin' some": 1, 
            "bought with gold or": 1, 
            "can't be bought with": 1, 
            "chance and let me": 1, 
            "contest you're a lady": 1, 
            "crazy just takin' your": 1, 
            "crowd, she keeps to": 1, 
            "day felt so go": 1, 
            "day to increase your": 1, 
            "depending on others to": 1, 
            "diamond rings she's the": 1, 
            "die for less you": 1, 
            "disguise time stood still": 1, 
            "don't like her because": 1, 
            "envious because she's not": 1, 
            "every day to increase": 1, 
            "eyes let me show": 1, 
            "face of a queen": 1, 
            "felt so go on": 1, 
            "for less you got": 1, 
            "from heaven, a blessing": 1, 
            "get what you need": 1, 
            "girls don't like her": 1, 
            "give me a chance": 1, 
            "go on badself": 1, 
            "go on badself all": 1, 
            "go on badself you": 1, 
            "gold or diamond rings": 1, 
            "got a body that's": 1, 
            "got a face of": 1, 
            "harder every day to": 1, 
            "having any babies not": 1, 
            "heart's like thunder i'd": 1, 
            "heaven, a blessing in": 1, 
            "her because she's independent": 1, 
            "her mind's on other": 1, 
            "herself so go on": 1, 
            "hey pretty lady, what's": 1, 
            "i need to be": 1, 
            "i one day felt": 1, 
            "i saw your eyes": 1, 
            "i see you, my": 1, 
            "i want to be": 1, 
            "i'd like to know": 1, 
            "in a beauty contest": 1, 
            "in a crowd, she": 1, 
            "in disguise time stood": 1, 
            "in my life the": 1, 
            "in the 80s, never": 1, 
            "increase your wealth, so": 1, 
            "independent they're so envious": 1, 
            "it she's a real": 1, 
            "just give me a": 1, 
            "just takin' your time,": 1, 
            "keeps to herself so": 1, 
            "know you better, and": 1, 
            "lady her mind's on": 1, 
            "lady i need to": 1, 
            "lady in the 80s,": 1, 
            "lady, what's your name": 1, 
            "less you got a": 1, 
            "let me show you": 1, 
            "let me try you're": 1, 
            "lie just give me": 1, 
            "life the lady i": 1, 
            "like her because she's": 1, 
            "like thunder i'd like": 1, 
            "like to know you": 1, 
            "me a chance and": 1, 
            "me show you the": 1, 
            "me try you're an": 1, 
            "men die for less": 1, 
            "mind's on other things": 1, 
            "modern-day woman with the": 1, 
            "my heart's like thunder": 1, 
            "my life the lady": 1, 
            "my wife never in": 1, 
            "name and number whenever": 1, 
            "need a modern-day woman": 1, 
            "need to be my": 1, 
            "never in a crowd,": 1, 
            "never wild or crazy": 1, 
            "no lie just give": 1, 
            "not depending on others": 1, 
            "not having any babies": 1, 
            "not with it she's": 1, 
            "number whenever i see": 1, 
            "of a queen in": 1, 
            "on badself": 1, 
            "on badself all the": 1, 
            "on badself you got": 1, 
            "on other things she": 1, 
            "on others to get": 1, 
            "one day felt so": 1, 
            "one i want to": 1, 
            "or crazy just takin'": 1, 
            "or diamond rings she's": 1, 
            "other things she can't": 1, 
            "others to get what": 1, 
            "pretty lady, what's your": 1, 
            "queen in a beauty": 1, 
            "real lady her mind's": 1, 
            "rings she's the one": 1, 
            "saw your eyes let": 1, 
            "see you, my heart's": 1, 
            "she can't be bought": 1, 
            "she keeps to herself": 1, 
            "she's a real lady": 1, 
            "she's independent they're so": 1, 
            "she's not with it": 1, 
            "she's the one i": 1, 
            "show you the things": 1, 
            "so envious because she's": 1, 
            "so go on badself": 3, 
            "some men die for": 1, 
            "stickin' some men die": 1, 
            "still when i saw": 1, 
            "stood still when i": 1, 
            "succeed tryin' harder every": 1, 
            "takin' your time, not": 1, 
            "that's no lie just": 1, 
            "that's stickin' some men": 1, 
            "the 80s, never wild": 1, 
            "the girls don't like": 1, 
            "the lady i need": 1, 
            "the one i want": 1, 
            "the things i one": 1, 
            "the will to succeed": 1, 
            "they're so envious because": 1, 
            "things i one day": 1, 
            "things she can't be": 1, 
            "thunder i'd like to": 1, 
            "time stood still when": 1, 
            "time, not having any": 1, 
            "to be in my": 1, 
            "to be my wife": 1, 
            "to get what you": 1, 
            "to herself so go": 1, 
            "to increase your wealth,": 1, 
            "to know you better,": 1, 
            "to succeed tryin' harder": 1, 
            "try you're an angel": 1, 
            "tryin' harder every day": 1, 
            "want to be in": 1, 
            "wealth, so go on": 1, 
            "what you need a": 1, 
            "what's your name and": 1, 
            "when i saw your": 1, 
            "whenever i see you,": 1, 
            "wife never in a": 1, 
            "wild or crazy just": 1, 
            "will to succeed tryin'": 1, 
            "with gold or diamond": 1, 
            "with it she's a": 1, 
            "with the will to": 1, 
            "woman with the will": 1, 
            "you better, and that's": 1, 
            "you got a body": 1, 
            "you got a face": 1, 
            "you need a modern-day": 1, 
            "you the things i": 1, 
            "you're a lady in": 1, 
            "you're an angel from": 1, 
            "you, my heart's like": 1, 
            "your eyes let me": 1, 
            "your name and number": 1, 
            "your time, not having": 1, 
            "your wealth, so go": 1
        }, 
        "5": {
            "": 796, 
            "80s, never wild or crazy": 1, 
            "a beauty contest you're a": 1, 
            "a blessing in disguise time": 1, 
            "a body that's stickin' some": 1, 
            "a chance and let me": 1, 
            "a crowd, she keeps to": 1, 
            "a face of a queen": 1, 
            "a lady in the 80s,": 1, 
            "a modern-day woman with the": 1, 
            "a queen in a beauty": 1, 
            "a real lady her mind's": 1, 
            "all the girls don't like": 1, 
            "an angel from heaven, a": 1, 
            "and let me try you're": 1, 
            "and number whenever i see": 1, 
            "and that's no lie just": 1, 
            "angel from heaven, a blessing": 1, 
            "any babies not depending on": 1, 
            "babies not depending on others": 1, 
            "badself": 1, 
            "badself all the girls don't": 1, 
            "badself hey pretty lady, what's": 1, 
            "badself you got a body": 1, 
            "be bought with gold or": 1, 
            "be in my life the": 1, 
            "be my wife never in": 1, 
            "beauty contest you're a lady": 1, 
            "because she's independent they're so": 1, 
            "because she's not with it": 1, 
            "better, and that's no lie": 1, 
            "blessing in disguise time stood": 1, 
            "body that's stickin' some men": 1, 
            "bought with gold or diamond": 1, 
            "can't be bought with gold": 1, 
            "chance and let me try": 1, 
            "contest you're a lady in": 1, 
            "crazy just takin' your time,": 1, 
            "crowd, she keeps to herself": 1, 
            "day felt so go on": 1, 
            "day to increase your wealth,": 1, 
            "depending on others to get": 1, 
            "diamond rings she's the one": 1, 
            "die for less you got": 1, 
            "disguise time stood still when": 1, 
            "don't like her because she's": 1, 
            "envious because she's not with": 1, 
            "every day to increase your": 1, 
            "eyes let me show you": 1, 
            "face of a queen in": 1, 
            "felt so go on badself": 1, 
            "for less you got a": 1, 
            "from heaven, a blessing in": 1, 
            "get what you need a": 1, 
            "girls don't like her because": 1, 
            "give me a chance and": 1, 
            "go on badself": 1, 
            "go on badself all the": 1, 
            "go on badself you got": 1, 
            "gold or diamond rings she's": 1, 
            "got a body that's stickin'": 1, 
            "got a face of a": 1, 
            "harder every day to increase": 1, 
            "having any babies not depending": 1, 
            "heart's like thunder i'd like": 1, 
            "heaven, a blessing in disguise": 1, 
            "her because she's independent they're": 1, 
            "her mind's on other things": 1, 
            "herself so go on badself": 1, 
            "hey pretty lady, what's your": 1, 
            "i need to be my": 1, 
            "i one day felt so": 1, 
            "i saw your eyes let": 1, 
            "i see you, my heart's": 1, 
            "i want to be in": 1, 
            "i'd like to know you": 1, 
            "in a beauty contest you're": 1, 
            "in a crowd, she keeps": 1, 
            "in disguise time stood still": 1, 
            "in my life the lady": 1, 
            "in the 80s, never wild": 1, 
            "increase your wealth, so go": 1, 
            "independent they're so envious because": 1, 
            "it she's a real lady": 1, 
            "just give me a chance": 1, 
            "just takin' your time, not": 1, 
            "keeps to herself so go": 1, 
            "know you better, and that's": 1, 
            "lady her mind's on other": 1, 
            "lady i need to be": 1, 
            "lady in the 80s, never": 1, 
            "lady, what's your name and": 1, 
            "less you got a face": 1, 
            "let me show you the": 1, 
            "let me try you're an": 1, 
            "lie just give me a": 1, 
            "life the lady i need": 1, 
            "like her because she's independent": 1, 
            "like thunder i'd like to": 1, 
            "like to know you better,": 1, 
            "me a chance and let": 1, 
            "me show you the things": 1, 
            "me try you're an angel": 1, 
            "men die for less you": 1, 
            "mind's on other things she": 1, 
            "modern-day woman with the will": 1, 
            "my heart's like thunder i'd": 1, 
            "my life the lady i": 1, 
            "my wife never in a": 1, 
            "name and number whenever i": 1, 
            "need a modern-day woman with": 1, 
            "need to be my wife": 1, 
            "never in a crowd, she": 1, 
            "never wild or crazy just": 1, 
            "no lie just give me": 1, 
            "not depending on others to": 1, 
            "not having any babies not": 1, 
            "not with it she's a": 1, 
            "number whenever i see you,": 1, 
            "of a queen in a": 1, 
            "on badself": 1, 
            "on badself all the girls": 1, 
            "on badself you got a": 1, 
            "on other things she can't": 1, 
            "on others to get what": 1, 
            "one day felt so go": 1, 
            "one i want to be": 1, 
            "or crazy just takin' your": 1, 
            "or diamond rings she's the": 1, 
            "other things she can't be": 1, 
            "others to get what you": 1, 
            "pretty lady, what's your name": 1, 
            "queen in a beauty contest": 1, 
            "real lady her mind's on": 1, 
            "rings she's the one i": 1, 
            "saw your eyes let me": 1, 
            "see you, my heart's like": 1, 
            "she can't be bought with": 1, 
            "she keeps to herself so": 1, 
            "she's a real lady her": 1, 
            "she's independent they're so envious": 1, 
            "she's not with it she's": 1, 
            "she's the one i want": 1, 
            "show you the things i": 1, 
            "so envious because she's not": 1, 
            "so go on badself": 1, 
            "so go on badself all": 1, 
            "so go on badself you": 1, 
            "some men die for less": 1, 
            "stickin' some men die for": 1, 
            "still when i saw your": 1, 
            "stood still when i saw": 1, 
            "succeed tryin' harder every day": 1, 
            "takin' your time, not having": 1, 
            "that's no lie just give": 1, 
            "that's stickin' some men die": 1, 
            "the 80s, never wild or": 1, 
            "the girls don't like her": 1, 
            "the lady i need to": 1, 
            "the one i want to": 1, 
            "the things i one day": 1, 
            "the will to succeed tryin'": 1, 
            "they're so envious because she's": 1, 
            "things i one day felt": 1, 
            "things she can't be bought": 1, 
            "thunder i'd like to know": 1, 
            "time stood still when i": 1, 
            "time, not having any babies": 1, 
            "to be in my life": 1, 
            "to be my wife never": 1, 
            "to get what you need": 1, 
            "to herself so go on": 1, 
            "to increase your wealth, so": 1, 
            "to know you better, and": 1, 
            "to succeed tryin' harder every": 1, 
            "try you're an angel from": 1, 
            "tryin' harder every day to": 1, 
            "want to be in my": 1, 
            "wealth, so go on badself": 1, 
            "what you need a modern-day": 1, 
            "what's your name and number": 1, 
            "when i saw your eyes": 1, 
            "whenever i see you, my": 1, 
            "wife never in a crowd,": 1, 
            "wild or crazy just takin'": 1, 
            "will to succeed tryin' harder": 1, 
            "with gold or diamond rings": 1, 
            "with it she's a real": 1, 
            "with the will to succeed": 1, 
            "woman with the will to": 1, 
            "you better, and that's no": 1, 
            "you got a body that's": 1, 
            "you got a face of": 1, 
            "you need a modern-day woman": 1, 
            "you the things i one": 1, 
            "you're a lady in the": 1, 
            "you're an angel from heaven,": 1, 
            "you, my heart's like thunder": 1, 
            "your eyes let me show": 1, 
            "your name and number whenever": 1, 
            "your time, not having any": 1, 
            "your wealth, so go on": 1
        }, 
        "6": {
            "": 795, 
            "80s, never wild or crazy just": 1, 
            "a beauty contest you're a lady": 1, 
            "a blessing in disguise time stood": 1, 
            "a body that's stickin' some men": 1, 
            "a chance and let me try": 1, 
            "a crowd, she keeps to herself": 1, 
            "a face of a queen in": 1, 
            "a lady in the 80s, never": 1, 
            "a modern-day woman with the will": 1, 
            "a queen in a beauty contest": 1, 
            "a real lady her mind's on": 1, 
            "all the girls don't like her": 1, 
            "an angel from heaven, a blessing": 1, 
            "and let me try you're an": 1, 
            "and number whenever i see you,": 1, 
            "and that's no lie just give": 1, 
            "angel from heaven, a blessing in": 1, 
            "any babies not depending on others": 1, 
            "babies not depending on others to": 1, 
            "badself": 1, 
            "badself all the girls don't like": 1, 
            "badself hey pretty lady, what's your": 1, 
            "badself you got a body that's": 1, 
            "be bought with gold or diamond": 1, 
            "be in my life the lady": 1, 
            "be my wife never in a": 1, 
            "beauty contest you're a lady in": 1, 
            "because she's independent they're so envious": 1, 
            "because she's not with it she's": 1, 
            "better, and that's no lie just": 1, 
            "blessing in disguise time stood still": 1, 
            "body that's stickin' some men die": 1, 
            "bought with gold or diamond rings": 1, 
            "can't be bought with gold or": 1, 
            "chance and let me try you're": 1, 
            "contest you're a lady in the": 1, 
            "crazy just takin' your time, not": 1, 
            "crowd, she keeps to herself so": 1, 
            "day felt so go on badself": 1, 
            "day to increase your wealth, so": 1, 
            "depending on others to get what": 1, 
            "diamond rings she's the one i": 1, 
            "die for less you got a": 1, 
            "disguise time stood still when i": 1, 
            "don't like her because she's independent": 1, 
            "envious because she's not with it": 1, 
            "every day to increase your wealth,": 1, 
            "eyes let me show you the": 1, 
            "face of a queen in a": 1, 
            "felt so go on badself you": 1, 
            "for less you got a face": 1, 
            "from heaven, a blessing in disguise": 1, 
            "get what you need a modern-day": 1, 
            "girls don't like her because she's": 1, 
            "give me a chance and let": 1, 
            "go on badself": 1, 
            "go on badself all the girls": 1, 
            "go on badself you got a": 1, 
            "gold or diamond rings she's the": 1, 
            "got a body that's stickin' some": 1, 
            "got a face of a queen": 1, 
            "harder every day to increase your": 1, 
            "having any babies not depending on": 1, 
            "heart's like thunder i'd like to": 1, 
            "heaven, a blessing in disguise time": 1, 
            "her because she's independent they're so": 1, 
            "her mind's on other things she": 1, 
            "herself so go on badself": 1, 
            "hey pretty lady, what's your name": 1, 
            "i need to be my wife": 1, 
            "i one day felt so go": 1, 
            "i saw your eyes let me": 1, 
            "i see you, my heart's like": 1, 
            "i want to be in my": 1, 
            "i'd like to know you better,": 1, 
            "in a beauty contest you're a": 1, 
            "in a crowd, she keeps to": 1, 
            "in disguise time stood still when": 1, 
            "in my life the lady i": 1, 
            "in the 80s, never wild or": 1, 
            "increase your wealth, so go on": 1, 
            "independent they're so envious because she's": 1, 
            "it she's a real lady her": 1, 
            "just give me a chance and": 1, 
            "just takin' your time, not having": 1, 
            "keeps to herself so go on": 1, 
            "know you better, and that's no": 1, 
            "lady her mind's on other things": 1, 
            "lady i need to be my": 1, 
            "lady in the 80s, never wild": 1, 
            "lady, what's your name and number": 1, 
            "less you got a face of": 1, 
            "let me show you the things": 1, 
            "let me try you're an angel": 1, 
            "lie just give me a chance": 1, 
            "life the lady i need to": 1, 
            "like her because she's independent they're": 1, 
            "like thunder i'd like to know": 1, 
            "like to know you better, and": 1, 
            "me a chance and let me": 1, 
            "me show you the things i": 1, 
            "me try you're an angel from": 1, 
            "men die for less you got": 1, 
            "mind's on other things she can't": 1, 
            "modern-day woman with the will to": 1, 
            "my heart's like thunder i'd like": 1, 
            "my life the lady i need": 1, 
            "my wife never in a crowd,": 1, 
            "name and number whenever i see": 1, 
            "need a modern-day woman with the": 1, 
            "need to be my wife never": 1, 
            "never in a crowd, she keeps": 1, 
            "never wild or crazy just takin'": 1, 
            "no lie just give me a": 1, 
            "not depending on others to get": 1, 
            "not having any babies not depending": 1, 
            "not with it she's a real": 1, 
            "number whenever i see you, my": 1, 
            "of a queen in a beauty": 1, 
            "on badself": 1, 
            "on badself all the girls don't": 1, 
            "on badself you got a body": 1, 
            "on other things she can't be": 1, 
            "on others to get what you": 1, 
            "one day felt so go on": 1, 
            "one i want to be in": 1, 
            "or crazy just takin' your time,": 1, 
            "or diamond rings she's the one": 1, 
            "other things she can't be bought": 1, 
            "others to get what you need": 1, 
            "pretty lady, what's your name and": 1, 
            "queen in a beauty contest you're": 1, 
            "real lady her mind's on other": 1, 
            "rings she's the one i want": 1, 
            "saw your eyes let me show": 1, 
            "see you, my heart's like thunder": 1, 
            "she can't be bought with gold": 1, 
            "she keeps to herself so go": 1, 
            "she's a real lady her mind's": 1, 
            "she's independent they're so envious because": 1, 
            "she's not with it she's a": 1, 
            "she's the one i want to": 1, 
            "show you the things i one": 1, 
            "so envious because she's not with": 1, 
            "so go on badself": 1, 
            "so go on badself all the": 1, 
            "so go on badself you got": 1, 
            "some men die for less you": 1, 
            "stickin' some men die for less": 1, 
            "still when i saw your eyes": 1, 
            "stood still when i saw your": 1, 
            "succeed tryin' harder every day to": 1, 
            "takin' your time, not having any": 1, 
            "that's no lie just give me": 1, 
            "that's stickin' some men die for": 1, 
            "the 80s, never wild or crazy": 1, 
            "the girls don't like her because": 1, 
            "the lady i need to be": 1, 
            "the one i want to be": 1, 
            "the things i one day felt": 1, 
            "the will to succeed tryin' harder": 1, 
            "they're so envious because she's not": 1, 
            "things i one day felt so": 1, 
            "things she can't be bought with": 1, 
            "thunder i'd like to know you": 1, 
            "time stood still when i saw": 1, 
            "time, not having any babies not": 1, 
            "to be in my life the": 1, 
            "to be my wife never in": 1, 
            "to get what you need a": 1, 
            "to herself so go on badself": 1, 
            "to increase your wealth, so go": 1, 
            "to know you better, and that's": 1, 
            "to succeed tryin' harder every day": 1, 
            "try you're an angel from heaven,": 1, 
            "tryin' harder every day to increase": 1, 
            "want to be in my life": 1, 
            "wealth, so go on badself all": 1, 
            "what you need a modern-day woman": 1, 
            "what's your name and number whenever": 1, 
            "when i saw your eyes let": 1, 
            "whenever i see you, my heart's": 1, 
            "wife never in a crowd, she": 1, 
            "wild or crazy just takin' your": 1, 
            "will to succeed tryin' harder every": 1, 
            "with gold or diamond rings she's": 1, 
            "with it she's a real lady": 1, 
            "with the will to succeed tryin'": 1, 
            "woman with the will to succeed": 1, 
            "you better, and that's no lie": 1, 
            "you got a body that's stickin'": 1, 
            "you got a face of a": 1, 
            "you need a modern-day woman with": 1, 
            "you the things i one day": 1, 
            "you're a lady in the 80s,": 1, 
            "you're an angel from heaven, a": 1, 
            "you, my heart's like thunder i'd": 1, 
            "your eyes let me show you": 1, 
            "your name and number whenever i": 1, 
            "your time, not having any babies": 1, 
            "your wealth, so go on badself": 1
        }, 
        "7": {
            "": 794, 
            "80s, never wild or crazy just takin'": 1, 
            "a beauty contest you're a lady in": 1, 
            "a blessing in disguise time stood still": 1, 
            "a body that's stickin' some men die": 1, 
            "a chance and let me try you're": 1, 
            "a crowd, she keeps to herself so": 1, 
            "a face of a queen in a": 1, 
            "a lady in the 80s, never wild": 1, 
            "a modern-day woman with the will to": 1, 
            "a queen in a beauty contest you're": 1, 
            "a real lady her mind's on other": 1, 
            "all the girls don't like her because": 1, 
            "an angel from heaven, a blessing in": 1, 
            "and let me try you're an angel": 1, 
            "and number whenever i see you, my": 1, 
            "and that's no lie just give me": 1, 
            "angel from heaven, a blessing in disguise": 1, 
            "any babies not depending on others to": 1, 
            "babies not depending on others to get": 1, 
            "badself": 1, 
            "badself all the girls don't like her": 1, 
            "badself hey pretty lady, what's your name": 1, 
            "badself you got a body that's stickin'": 1, 
            "be bought with gold or diamond rings": 1, 
            "be in my life the lady i": 1, 
            "be my wife never in a crowd,": 1, 
            "beauty contest you're a lady in the": 1, 
            "because she's independent they're so envious because": 1, 
            "because she's not with it she's a": 1, 
            "better, and that's no lie just give": 1, 
            "blessing in disguise time stood still when": 1, 
            "body that's stickin' some men die for": 1, 
            "bought with gold or diamond rings she's": 1, 
            "can't be bought with gold or diamond": 1, 
            "chance and let me try you're an": 1, 
            "contest you're a lady in the 80s,": 1, 
            "crazy just takin' your time, not having": 1, 
            "crowd, she keeps to herself so go": 1, 
            "day felt so go on badself you": 1, 
            "day to increase your wealth, so go": 1, 
            "depending on others to get what you": 1, 
            "diamond rings she's the one i want": 1, 
            "die for less you got a face": 1, 
            "disguise time stood still when i saw": 1, 
            "don't like her because she's independent they're": 1, 
            "envious because she's not with it she's": 1, 
            "every day to increase your wealth, so": 1, 
            "eyes let me show you the things": 1, 
            "face of a queen in a beauty": 1, 
            "felt so go on badself you got": 1, 
            "for less you got a face of": 1, 
            "from heaven, a blessing in disguise time": 1, 
            "get what you need a modern-day woman": 1, 
            "girls don't like her because she's independent": 1, 
            "give me a chance and let me": 1, 
            "go on badself": 1, 
            "go on badself all the girls don't": 1, 
            "go on badself you got a body": 1, 
            "gold or diamond rings she's the one": 1, 
            "got a body that's stickin' some men": 1, 
            "got a face of a queen in": 1, 
            "harder every day to increase your wealth,": 1, 
            "having any babies not depending on others": 1, 
            "heart's like thunder i'd like to know": 1, 
            "heaven, a blessing in disguise time stood": 1, 
            "her because she's independent they're so envious": 1, 
            "her mind's on other things she can't": 1, 
            "herself so go on badself": 1, 
            "hey pretty lady, what's your name and": 1, 
            "i need to be my wife never": 1, 
            "i one day felt so go on": 1, 
            "i saw your eyes let me show": 1, 
            "i see you, my heart's like thunder": 1, 
            "i want to be in my life": 1, 
            "i'd like to know you better, and": 1, 
            "in a beauty contest you're a lady": 1, 
            "in a crowd, she keeps to herself": 1, 
            "in disguise time stood still when i": 1, 
            "in my life the lady i need": 1, 
            "in the 80s, never wild or crazy": 1, 
            "increase your wealth, so go on badself": 1, 
            "independent they're so envious because she's not": 1, 
            "it she's a real lady her mind's": 1, 
            "just give me a chance and let": 1, 
            "just takin' your time, not having any": 1, 
            "keeps to herself so go on badself": 1, 
            "know you better, and that's no lie": 1, 
            "lady her mind's on other things she": 1, 
            "lady i need to be my wife": 1, 
            "lady in the 80s, never wild or": 1, 
            "lady, what's your name and number whenever": 1, 
            "less you got a face of a": 1, 
            "let me show you the things i": 1, 
            "let me try you're an angel from": 1, 
            "lie just give me a chance and": 1, 
            "life the lady i need to be": 1, 
            "like her because she's independent they're so": 1, 
            "like thunder i'd like to know you": 1, 
            "like to know you better, and that's": 1, 
            "me a chance and let me try": 1, 
            "me show you the things i one": 1, 
            "me try you're an angel from heaven,": 1, 
            "men die for less you got a": 1, 
            "mind's on other things she can't be": 1, 
            "modern-day woman with the will to succeed": 1, 
            "my heart's like thunder i'd like to": 1, 
            "my life the lady i need to": 1, 
            "my wife never in a crowd, she": 1, 
            "name and number whenever i see you,": 1, 
            "need a modern-day woman with the will": 1, 
            "need to be my wife never in": 1, 
            "never in a crowd, she keeps to": 1, 
            "never wild or crazy just takin' your": 1, 
            "no lie just give me a chance": 1, 
            "not depending on others to get what": 1, 
            "not having any babies not depending on": 1, 
            "not with it she's a real lady": 1, 
            "number whenever i see you, my heart's": 1, 
            "of a queen in a beauty contest": 1, 
            "on badself": 1, 
            "on badself all the girls don't like": 1, 
            "on badself you got a body that's": 1, 
            "on other things she can't be bought": 1, 
            "on others to get what you need": 1, 
            "one day felt so go on badself": 1, 
            "one i want to be in my": 1, 
            "or crazy just takin' your time, not": 1, 
            "or diamond rings she's the one i": 1, 
            "other things she can't be bought with": 1, 
            "others to get what you need a": 1, 
            "pretty lady, what's your name and number": 1, 
            "queen in a beauty contest you're a": 1, 
            "real lady her mind's on other things": 1, 
            "rings she's the one i want to": 1, 
            "saw your eyes let me show you": 1, 
            "see you, my heart's like thunder i'd": 1, 
            "she can't be bought with gold or": 1, 
            "she keeps to herself so go on": 1, 
            "she's a real lady her mind's on": 1, 
            "she's independent they're so envious because she's": 1, 
            "she's not with it she's a real": 1, 
            "she's the one i want to be": 1, 
            "show you the things i one day": 1, 
            "so envious because she's not with it": 1, 
            "so go on badself": 1, 
            "so go on badself all the girls": 1, 
            "so go on badself you got a": 1, 
            "some men die for less you got": 1, 
            "stickin' some men die for less you": 1, 
            "still when i saw your eyes let": 1, 
            "stood still when i saw your eyes": 1, 
            "succeed tryin' harder every day to increase": 1, 
            "takin' your time, not having any babies": 1, 
            "that's no lie just give me a": 1, 
            "that's stickin' some men die for less": 1, 
            "the 80s, never wild or crazy just": 1, 
            "the girls don't like her because she's": 1, 
            "the lady i need to be my": 1, 
            "the one i want to be in": 1, 
            "the things i one day felt so": 1, 
            "the will to succeed tryin' harder every": 1, 
            "they're so envious because she's not with": 1, 
            "things i one day felt so go": 1, 
            "things she can't be bought with gold": 1, 
            "thunder i'd like to know you better,": 1, 
            "time stood still when i saw your": 1, 
            "time, not having any babies not depending": 1, 
            "to be in my life the lady": 1, 
            "to be my wife never in a": 1, 
            "to get what you need a modern-day": 1, 
            "to herself so go on badself": 1, 
            "to increase your wealth, so go on": 1, 
            "to know you better, and that's no": 1, 
            "to succeed tryin' harder every day to": 1, 
            "try you're an angel from heaven, a": 1, 
            "tryin' harder every day to increase your": 1, 
            "want to be in my life the": 1, 
            "wealth, so go on badself all the": 1, 
            "what you need a modern-day woman with": 1, 
            "what's your name and number whenever i": 1, 
            "when i saw your eyes let me": 1, 
            "whenever i see you, my heart's like": 1, 
            "wife never in a crowd, she keeps": 1, 
            "wild or crazy just takin' your time,": 1, 
            "will to succeed tryin' harder every day": 1, 
            "with gold or diamond rings she's the": 1, 
            "with it she's a real lady her": 1, 
            "with the will to succeed tryin' harder": 1, 
            "woman with the will to succeed tryin'": 1, 
            "you better, and that's no lie just": 1, 
            "you got a body that's stickin' some": 1, 
            "you got a face of a queen": 1, 
            "you need a modern-day woman with the": 1, 
            "you the things i one day felt": 1, 
            "you're a lady in the 80s, never": 1, 
            "you're an angel from heaven, a blessing": 1, 
            "you, my heart's like thunder i'd like": 1, 
            "your eyes let me show you the": 1, 
            "your name and number whenever i see": 1, 
            "your time, not having any babies not": 1, 
            "your wealth, so go on badself all": 1
        }, 
        "8": {
            "": 793, 
            "80s, never wild or crazy just takin' your": 1, 
            "a beauty contest you're a lady in the": 1, 
            "a blessing in disguise time stood still when": 1, 
            "a body that's stickin' some men die for": 1, 
            "a chance and let me try you're an": 1, 
            "a crowd, she keeps to herself so go": 1, 
            "a face of a queen in a beauty": 1, 
            "a lady in the 80s, never wild or": 1, 
            "a modern-day woman with the will to succeed": 1, 
            "a queen in a beauty contest you're a": 1, 
            "a real lady her mind's on other things": 1, 
            "all the girls don't like her because she's": 1, 
            "an angel from heaven, a blessing in disguise": 1, 
            "and let me try you're an angel from": 1, 
            "and number whenever i see you, my heart's": 1, 
            "and that's no lie just give me a": 1, 
            "angel from heaven, a blessing in disguise time": 1, 
            "any babies not depending on others to get": 1, 
            "babies not depending on others to get what": 1, 
            "badself": 1, 
            "badself all the girls don't like her because": 1, 
            "badself hey pretty lady, what's your name and": 1, 
            "badself you got a body that's stickin' some": 1, 
            "be bought with gold or diamond rings she's": 1, 
            "be in my life the lady i need": 1, 
            "be my wife never in a crowd, she": 1, 
            "beauty contest you're a lady in the 80s,": 1, 
            "because she's independent they're so envious because she's": 1, 
            "because she's not with it she's a real": 1, 
            "better, and that's no lie just give me": 1, 
            "blessing in disguise time stood still when i": 1, 
            "body that's stickin' some men die for less": 1, 
            "bought with gold or diamond rings she's the": 1, 
            "can't be bought with gold or diamond rings": 1, 
            "chance and let me try you're an angel": 1, 
            "contest you're a lady in the 80s, never": 1, 
            "crazy just takin' your time, not having any": 1, 
            "crowd, she keeps to herself so go on": 1, 
            "day felt so go on badself you got": 1, 
            "day to increase your wealth, so go on": 1, 
            "depending on others to get what you need": 1, 
            "diamond rings she's the one i want to": 1, 
            "die for less you got a face of": 1, 
            "disguise time stood still when i saw your": 1, 
            "don't like her because she's independent they're so": 1, 
            "envious because she's not with it she's a": 1, 
            "every day to increase your wealth, so go": 1, 
            "eyes let me show you the things i": 1, 
            "face of a queen in a beauty contest": 1, 
            "felt so go on badself you got a": 1, 
            "for less you got a face of a": 1, 
            "from heaven, a blessing in disguise time stood": 1, 
            "get what you need a modern-day woman with": 1, 
            "girls don't like her because she's independent they're": 1, 
            "give me a chance and let me try": 1, 
            "go on badself": 1, 
            "go on badself all the girls don't like": 1, 
            "go on badself you got a body that's": 1, 
            "gold or diamond rings she's the one i": 1, 
            "got a body that's stickin' some men die": 1, 
            "got a face of a queen in a": 1, 
            "harder every day to increase your wealth, so": 1, 
            "having any babies not depending on others to": 1, 
            "heart's like thunder i'd like to know you": 1, 
            "heaven, a blessing in disguise time stood still": 1, 
            "her because she's independent they're so envious because": 1, 
            "her mind's on other things she can't be": 1, 
            "herself so go on badself": 1, 
            "hey pretty lady, what's your name and number": 1, 
            "i need to be my wife never in": 1, 
            "i one day felt so go on badself": 1, 
            "i saw your eyes let me show you": 1, 
            "i see you, my heart's like thunder i'd": 1, 
            "i want to be in my life the": 1, 
            "i'd like to know you better, and that's": 1, 
            "in a beauty contest you're a lady in": 1, 
            "in a crowd, she keeps to herself so": 1, 
            "in disguise time stood still when i saw": 1, 
            "in my life the lady i need to": 1, 
            "in the 80s, never wild or crazy just": 1, 
            "increase your wealth, so go on badself all": 1, 
            "independent they're so envious because she's not with": 1, 
            "it she's a real lady her mind's on": 1, 
            "just give me a chance and let me": 1, 
            "just takin' your time, not having any babies": 1, 
            "keeps to herself so go on badself": 1, 
            "know you better, and that's no lie just": 1, 
            "lady her mind's on other things she can't": 1, 
            "lady i need to be my wife never": 1, 
            "lady in the 80s, never wild or crazy": 1, 
            "lady, what's your name and number whenever i": 1, 
            "less you got a face of a queen": 1, 
            "let me show you the things i one": 1, 
            "let me try you're an angel from heaven,": 1, 
            "lie just give me a chance and let": 1, 
            "life the lady i need to be my": 1, 
            "like her because she's independent they're so envious": 1, 
            "like thunder i'd like to know you better,": 1, 
            "like to know you better, and that's no": 1, 
            "me a chance and let me try you're": 1, 
            "me show you the things i one day": 1, 
            "me try you're an angel from heaven, a": 1, 
            "men die for less you got a face": 1, 
            "mind's on other things she can't be bought": 1, 
            "modern-day woman with the will to succeed tryin'": 1, 
            "my heart's like thunder i'd like to know": 1, 
            "my life the lady i need to be": 1, 
            "my wife never in a crowd, she keeps": 1, 
            "name and number whenever i see you, my": 1, 
            "need a modern-day woman with the will to": 1, 
            "need to be my wife never in a": 1, 
            "never in a crowd, she keeps to herself": 1, 
            "never wild or crazy just takin' your time,": 1, 
            "no lie just give me a chance and": 1, 
            "not depending on others to get what you": 1, 
            "not having any babies not depending on others": 1, 
            "not with it she's a real lady her": 1, 
            "number whenever i see you, my heart's like": 1, 
            "of a queen in a beauty contest you're": 1, 
            "on badself": 1, 
            "on badself all the girls don't like her": 1, 
            "on badself you got a body that's stickin'": 1, 
            "on other things she can't be bought with": 1, 
            "on others to get what you need a": 1, 
            "one day felt so go on badself you": 1, 
            "one i want to be in my life": 1, 
            "or crazy just takin' your time, not having": 1, 
            "or diamond rings she's the one i want": 1, 
            "other things she can't be bought with gold": 1, 
            "others to get what you need a modern-day": 1, 
            "pretty lady, what's your name and number whenever": 1, 
            "queen in a beauty contest you're a lady": 1, 
            "real lady her mind's on other things she": 1, 
            "rings she's the one i want to be": 1, 
            "saw your eyes let me show you the": 1, 
            "see you, my heart's like thunder i'd like": 1, 
            "she can't be bought with gold or diamond": 1, 
            "she keeps to herself so go on badself": 1, 
            "she's a real lady her mind's on other": 1, 
            "she's independent they're so envious because she's not": 1, 
            "she's not with it she's a real lady": 1, 
            "she's the one i want to be in": 1, 
            "show you the things i one day felt": 1, 
            "so envious because she's not with it she's": 1, 
            "so go on badself": 1, 
            "so go on badself all the girls don't": 1, 
            "so go on badself you got a body": 1, 
            "some men die for less you got a": 1, 
            "stickin' some men die for less you got": 1, 
            "still when i saw your eyes let me": 1, 
            "stood still when i saw your eyes let": 1, 
            "succeed tryin' harder every day to increase your": 1, 
            "takin' your time, not having any babies not": 1, 
            "that's no lie just give me a chance": 1, 
            "that's stickin' some men die for less you": 1, 
            "the 80s, never wild or crazy just takin'": 1, 
            "the girls don't like her because she's independent": 1, 
            "the lady i need to be my wife": 1, 
            "the one i want to be in my": 1, 
            "the things i one day felt so go": 1, 
            "the will to succeed tryin' harder every day": 1, 
            "they're so envious because she's not with it": 1, 
            "things i one day felt so go on": 1, 
            "things she can't be bought with gold or": 1, 
            "thunder i'd like to know you better, and": 1, 
            "time stood still when i saw your eyes": 1, 
            "time, not having any babies not depending on": 1, 
            "to be in my life the lady i": 1, 
            "to be my wife never in a crowd,": 1, 
            "to get what you need a modern-day woman": 1, 
            "to herself so go on badself": 1, 
            "to increase your wealth, so go on badself": 1, 
            "to know you better, and that's no lie": 1, 
            "to succeed tryin' harder every day to increase": 1, 
            "try you're an angel from heaven, a blessing": 1, 
            "tryin' harder every day to increase your wealth,": 1, 
            "want to be in my life the lady": 1, 
            "wealth, so go on badself all the girls": 1, 
            "what you need a modern-day woman with the": 1, 
            "what's your name and number whenever i see": 1, 
            "when i saw your eyes let me show": 1, 
            "whenever i see you, my heart's like thunder": 1, 
            "wife never in a crowd, she keeps to": 1, 
            "wild or crazy just takin' your time, not": 1, 
            "will to succeed tryin' harder every day to": 1, 
            "with gold or diamond rings she's the one": 1, 
            "with it she's a real lady her mind's": 1, 
            "with the will to succeed tryin' harder every": 1, 
            "woman with the will to succeed tryin' harder": 1, 
            "you better, and that's no lie just give": 1, 
            "you got a body that's stickin' some men": 1, 
            "you got a face of a queen in": 1, 
            "you need a modern-day woman with the will": 1, 
            "you the things i one day felt so": 1, 
            "you're a lady in the 80s, never wild": 1, 
            "you're an angel from heaven, a blessing in": 1, 
            "you, my heart's like thunder i'd like to": 1, 
            "your eyes let me show you the things": 1, 
            "your name and number whenever i see you,": 1, 
            "your time, not having any babies not depending": 1, 
            "your wealth, so go on badself all the": 1
        }
    }, 
    "song_title": "With Your Badself", 
    "total_words": [
        201, 
        {
            "80s,": 1, 
            "a": 10, 
            "all": 1, 
            "an": 1, 
            "and": 3, 
            "angel": 1, 
            "any": 1, 
            "babies": 1, 
            "badself": 4, 
            "be": 3, 
            "beauty": 1, 
            "because": 2, 
            "better,": 1, 
            "blessing": 1, 
            "body": 1, 
            "bought": 1, 
            "can't": 1, 
            "chance": 1, 
            "contest": 1, 
            "crazy": 1, 
            "crowd,": 1, 
            "day": 2, 
            "depending": 1, 
            "diamond": 1, 
            "die": 1, 
            "disguise": 1, 
            "don't": 1, 
            "envious": 1, 
            "every": 1, 
            "eyes": 1, 
            "face": 1, 
            "felt": 1, 
            "for": 1, 
            "from": 1, 
            "get": 1, 
            "girls": 1, 
            "give": 1, 
            "go": 3, 
            "gold": 1, 
            "got": 2, 
            "harder": 1, 
            "having": 1, 
            "heart's": 1, 
            "heaven,": 1, 
            "her": 2, 
            "herself": 1, 
            "hey": 1, 
            "i": 5, 
            "i'd": 1, 
            "in": 5, 
            "increase": 1, 
            "independent": 1, 
            "it": 1, 
            "just": 2, 
            "keeps": 1, 
            "know": 1, 
            "lady": 3, 
            "lady,": 1, 
            "less": 1, 
            "let": 2, 
            "lie": 1, 
            "life": 1, 
            "like": 3, 
            "me": 3, 
            "men": 1, 
            "mind's": 1, 
            "modern-day": 1, 
            "my": 3, 
            "name": 1, 
            "need": 2, 
            "never": 2, 
            "no": 1, 
            "not": 3, 
            "number": 1, 
            "of": 1, 
            "on": 5, 
            "one": 2, 
            "or": 2, 
            "other": 1, 
            "others": 1, 
            "pretty": 1, 
            "queen": 1, 
            "real": 1, 
            "rings": 1, 
            "saw": 1, 
            "see": 1, 
            "she": 2, 
            "she's": 4, 
            "show": 1, 
            "so": 4, 
            "some": 1, 
            "stickin'": 1, 
            "still": 1, 
            "stood": 1, 
            "succeed": 1, 
            "takin'": 1, 
            "that's": 2, 
            "the": 6, 
            "they're": 1, 
            "things": 2, 
            "thunder": 1, 
            "time": 1, 
            "time,": 1, 
            "to": 7, 
            "try": 1, 
            "tryin'": 1, 
            "want": 1, 
            "wealth,": 1, 
            "what": 1, 
            "what's": 1, 
            "when": 1, 
            "whenever": 1, 
            "wife": 1, 
            "wild": 1, 
            "will": 1, 
            "with": 3, 
            "woman": 1, 
            "you": 5, 
            "you're": 2, 
            "you,": 1, 
            "your": 4
        }
    ], 
    "unique_words": [
        121, 
        [
            "wealth,", 
            "just", 
            "show", 
            "badself", 
            "better,", 
            "queen", 
            "number", 
            "felt", 
            "one", 
            "disguise", 
            "go", 
            "still", 
            "your", 
            "you're", 
            "from", 
            "gold", 
            "her", 
            "with", 
            "less", 
            "girls", 
            "hey", 
            "to", 
            "depending", 
            "pretty", 
            "time", 
            "stickin'", 
            "eyes", 
            "you,", 
            "heaven,", 
            "get", 
            "what's", 
            "blessing", 
            "rings", 
            "every", 
            "know", 
            "not", 
            "lady", 
            "day", 
            "modern-day", 
            "name", 
            "me", 
            "they're", 
            "crowd,", 
            "like", 
            "don't", 
            "die", 
            "diamond", 
            "having", 
            "harder", 
            "try", 
            "whenever", 
            "she", 
            "wild", 
            "my", 
            "and", 
            "real", 
            "crazy", 
            "because", 
            "angel", 
            "give", 
            "mind's", 
            "some", 
            "it", 
            "an", 
            "see", 
            "woman", 
            "want", 
            "in", 
            "need", 
            "saw", 
            "any", 
            "lie", 
            "what", 
            "tryin'", 
            "stood", 
            "for", 
            "contest", 
            "herself", 
            "things", 
            "takin'", 
            "when", 
            "time,", 
            "other", 
            "heart's", 
            "babies", 
            "got", 
            "you", 
            "envious", 
            "bought", 
            "body", 
            "be", 
            "all", 
            "men", 
            "beauty", 
            "lady,", 
            "keeps", 
            "independent", 
            "succeed", 
            "let", 
            "will", 
            "never", 
            "others", 
            "80s,", 
            "a", 
            "on", 
            "wife", 
            "i", 
            "of", 
            "no", 
            "life", 
            "chance", 
            "face", 
            "i'd", 
            "so", 
            "thunder", 
            "she's", 
            "the", 
            "increase", 
            "or", 
            "can't", 
            "that's"
        ]
    ], 
    "year": 1987
}