{
    "album": "Check Your Head", 
    "artist": "Beastie Boys", 
    "lyrics": "Funky Boss Get Off My Back\n", 
    "ngrams": {
        "2": {
            "": 19, 
            "back": 1, 
            "boss get": 1, 
            "funky boss": 1, 
            "get off": 1, 
            "my back": 1, 
            "off my": 1
        }, 
        "3": {
            "": 18, 
            "back": 1, 
            "boss get off": 1, 
            "funky boss get": 1, 
            "get off my": 1, 
            "my back": 1, 
            "off my back": 1
        }, 
        "4": {
            "": 17, 
            "back": 1, 
            "boss get off my": 1, 
            "funky boss get off": 1, 
            "get off my back": 1, 
            "my back": 1, 
            "off my back": 1
        }, 
        "5": {
            "": 16, 
            "back": 1, 
            "boss get off my back": 1, 
            "funky boss get off my": 1, 
            "get off my back": 1, 
            "my back": 1, 
            "off my back": 1
        }, 
        "6": {
            "": 15, 
            "back": 1, 
            "boss get off my back": 1, 
            "funky boss get off my back": 1, 
            "get off my back": 1, 
            "my back": 1, 
            "off my back": 1
        }, 
        "7": {
            "": 14, 
            "back": 1, 
            "boss get off my back": 1, 
            "funky boss get off my back": 1, 
            "get off my back": 1, 
            "my back": 1, 
            "off my back": 1
        }, 
        "8": {
            "": 13, 
            "back": 1, 
            "boss get off my back": 1, 
            "funky boss get off my back": 1, 
            "get off my back": 1, 
            "my back": 1, 
            "off my back": 1
        }
    }, 
    "song_title": "Funky Boss", 
    "total_words": [
        6, 
        {
            "back": 1, 
            "boss": 1, 
            "funky": 1, 
            "get": 1, 
            "my": 1, 
            "off": 1
        }
    ], 
    "unique_words": [
        6, 
        [
            "funky", 
            "off", 
            "get", 
            "my", 
            "back", 
            "boss"
        ]
    ], 
    "year": 1992
}