{
    "album": "Check Your Head", 
    "artist": "Beastie Boys", 
    "lyrics": "Good Times Gone And You Missed Them\nWhat's Gone Wrong In Your System\nThings They Bounce Just Like A Spalding\nWhat'd You Think Did You Miss Your Calling\nIt's So Free This Kind Of Feeling\nIt's Like Life It's So Appealing\nWhen You've Got So Much To Say\nIt's Called Gratitude, And Rhat's Right\n\nGood Times Gone But You Feed It\nHate's Grown Strong You Feel You Need It\nJust One Thing Do You Know\nWhat You Think That The World Owes You\nWhat's Gonna Set You Free\nLook Inside And You'll See\nWhen You've Got So Much To Say\nIt's Called Gratitude, And That's Right\n", 
    "ngrams": {
        "2": {
            "": 446, 
            "a spalding": 1, 
            "and rhat's": 1, 
            "and that's": 1, 
            "and you": 1, 
            "and you'll": 1, 
            "appealing when": 1, 
            "bounce just": 1, 
            "but you": 1, 
            "called gratitude,": 2, 
            "calling it's": 1, 
            "did you": 1, 
            "do you": 1, 
            "feed it": 1, 
            "feel you": 1, 
            "feeling it's": 1, 
            "free look": 1, 
            "free this": 1, 
            "gone and": 1, 
            "gone but": 1, 
            "gone wrong": 1, 
            "gonna set": 1, 
            "good times": 2, 
            "got so": 2, 
            "gratitude, and": 2, 
            "grown strong": 1, 
            "hate's grown": 1, 
            "in your": 1, 
            "inside and": 1, 
            "it hate's": 1, 
            "it just": 1, 
            "it's called": 2, 
            "it's like": 1, 
            "it's so": 2, 
            "just like": 1, 
            "just one": 1, 
            "kind of": 1, 
            "know what": 1, 
            "life it's": 1, 
            "like a": 1, 
            "like life": 1, 
            "look inside": 1, 
            "miss your": 1, 
            "missed them": 1, 
            "much to": 2, 
            "need it": 1, 
            "of feeling": 1, 
            "one thing": 1, 
            "owes you": 1, 
            "rhat's right": 1, 
            "right": 1, 
            "right good": 1, 
            "say it's": 2, 
            "see when": 1, 
            "set you": 1, 
            "so appealing": 1, 
            "so free": 1, 
            "so much": 2, 
            "spalding what'd": 1, 
            "strong you": 1, 
            "system things": 1, 
            "that the": 1, 
            "that's right": 1, 
            "the world": 1, 
            "them what's": 1, 
            "they bounce": 1, 
            "thing do": 1, 
            "things they": 1, 
            "think did": 1, 
            "think that": 1, 
            "this kind": 1, 
            "times gone": 2, 
            "to say": 2, 
            "what you": 1, 
            "what'd you": 1, 
            "what's gone": 1, 
            "what's gonna": 1, 
            "when you've": 2, 
            "world owes": 1, 
            "wrong in": 1, 
            "you feed": 1, 
            "you feel": 1, 
            "you free": 1, 
            "you know": 1, 
            "you miss": 1, 
            "you missed": 1, 
            "you need": 1, 
            "you think": 2, 
            "you what's": 1, 
            "you'll see": 1, 
            "you've got": 2, 
            "your calling": 1, 
            "your system": 1
        }, 
        "3": {
            "": 445, 
            "a spalding what'd": 1, 
            "and rhat's right": 1, 
            "and that's right": 1, 
            "and you missed": 1, 
            "and you'll see": 1, 
            "appealing when you've": 1, 
            "bounce just like": 1, 
            "but you feed": 1, 
            "called gratitude, and": 2, 
            "calling it's so": 1, 
            "did you miss": 1, 
            "do you know": 1, 
            "feed it hate's": 1, 
            "feel you need": 1, 
            "feeling it's like": 1, 
            "free look inside": 1, 
            "free this kind": 1, 
            "gone and you": 1, 
            "gone but you": 1, 
            "gone wrong in": 1, 
            "gonna set you": 1, 
            "good times gone": 2, 
            "got so much": 2, 
            "gratitude, and rhat's": 1, 
            "gratitude, and that's": 1, 
            "grown strong you": 1, 
            "hate's grown strong": 1, 
            "in your system": 1, 
            "inside and you'll": 1, 
            "it hate's grown": 1, 
            "it just one": 1, 
            "it's called gratitude,": 2, 
            "it's like life": 1, 
            "it's so appealing": 1, 
            "it's so free": 1, 
            "just like a": 1, 
            "just one thing": 1, 
            "kind of feeling": 1, 
            "know what you": 1, 
            "life it's so": 1, 
            "like a spalding": 1, 
            "like life it's": 1, 
            "look inside and": 1, 
            "miss your calling": 1, 
            "missed them what's": 1, 
            "much to say": 2, 
            "need it just": 1, 
            "of feeling it's": 1, 
            "one thing do": 1, 
            "owes you what's": 1, 
            "rhat's right good": 1, 
            "right": 1, 
            "right good times": 1, 
            "say it's called": 2, 
            "see when you've": 1, 
            "set you free": 1, 
            "so appealing when": 1, 
            "so free this": 1, 
            "so much to": 2, 
            "spalding what'd you": 1, 
            "strong you feel": 1, 
            "system things they": 1, 
            "that the world": 1, 
            "that's right": 1, 
            "the world owes": 1, 
            "them what's gone": 1, 
            "they bounce just": 1, 
            "thing do you": 1, 
            "things they bounce": 1, 
            "think did you": 1, 
            "think that the": 1, 
            "this kind of": 1, 
            "times gone and": 1, 
            "times gone but": 1, 
            "to say it's": 2, 
            "what you think": 1, 
            "what'd you think": 1, 
            "what's gone wrong": 1, 
            "what's gonna set": 1, 
            "when you've got": 2, 
            "world owes you": 1, 
            "wrong in your": 1, 
            "you feed it": 1, 
            "you feel you": 1, 
            "you free look": 1, 
            "you know what": 1, 
            "you miss your": 1, 
            "you missed them": 1, 
            "you need it": 1, 
            "you think did": 1, 
            "you think that": 1, 
            "you what's gonna": 1, 
            "you'll see when": 1, 
            "you've got so": 2, 
            "your calling it's": 1, 
            "your system things": 1
        }, 
        "4": {
            "": 444, 
            "a spalding what'd you": 1, 
            "and rhat's right good": 1, 
            "and that's right": 1, 
            "and you missed them": 1, 
            "and you'll see when": 1, 
            "appealing when you've got": 1, 
            "bounce just like a": 1, 
            "but you feed it": 1, 
            "called gratitude, and rhat's": 1, 
            "called gratitude, and that's": 1, 
            "calling it's so free": 1, 
            "did you miss your": 1, 
            "do you know what": 1, 
            "feed it hate's grown": 1, 
            "feel you need it": 1, 
            "feeling it's like life": 1, 
            "free look inside and": 1, 
            "free this kind of": 1, 
            "gone and you missed": 1, 
            "gone but you feed": 1, 
            "gone wrong in your": 1, 
            "gonna set you free": 1, 
            "good times gone and": 1, 
            "good times gone but": 1, 
            "got so much to": 2, 
            "gratitude, and rhat's right": 1, 
            "gratitude, and that's right": 1, 
            "grown strong you feel": 1, 
            "hate's grown strong you": 1, 
            "in your system things": 1, 
            "inside and you'll see": 1, 
            "it hate's grown strong": 1, 
            "it just one thing": 1, 
            "it's called gratitude, and": 2, 
            "it's like life it's": 1, 
            "it's so appealing when": 1, 
            "it's so free this": 1, 
            "just like a spalding": 1, 
            "just one thing do": 1, 
            "kind of feeling it's": 1, 
            "know what you think": 1, 
            "life it's so appealing": 1, 
            "like a spalding what'd": 1, 
            "like life it's so": 1, 
            "look inside and you'll": 1, 
            "miss your calling it's": 1, 
            "missed them what's gone": 1, 
            "much to say it's": 2, 
            "need it just one": 1, 
            "of feeling it's like": 1, 
            "one thing do you": 1, 
            "owes you what's gonna": 1, 
            "rhat's right good times": 1, 
            "right": 1, 
            "right good times gone": 1, 
            "say it's called gratitude,": 2, 
            "see when you've got": 1, 
            "set you free look": 1, 
            "so appealing when you've": 1, 
            "so free this kind": 1, 
            "so much to say": 2, 
            "spalding what'd you think": 1, 
            "strong you feel you": 1, 
            "system things they bounce": 1, 
            "that the world owes": 1, 
            "that's right": 1, 
            "the world owes you": 1, 
            "them what's gone wrong": 1, 
            "they bounce just like": 1, 
            "thing do you know": 1, 
            "things they bounce just": 1, 
            "think did you miss": 1, 
            "think that the world": 1, 
            "this kind of feeling": 1, 
            "times gone and you": 1, 
            "times gone but you": 1, 
            "to say it's called": 2, 
            "what you think that": 1, 
            "what'd you think did": 1, 
            "what's gone wrong in": 1, 
            "what's gonna set you": 1, 
            "when you've got so": 2, 
            "world owes you what's": 1, 
            "wrong in your system": 1, 
            "you feed it hate's": 1, 
            "you feel you need": 1, 
            "you free look inside": 1, 
            "you know what you": 1, 
            "you miss your calling": 1, 
            "you missed them what's": 1, 
            "you need it just": 1, 
            "you think did you": 1, 
            "you think that the": 1, 
            "you what's gonna set": 1, 
            "you'll see when you've": 1, 
            "you've got so much": 2, 
            "your calling it's so": 1, 
            "your system things they": 1
        }, 
        "5": {
            "": 443, 
            "a spalding what'd you think": 1, 
            "and rhat's right good times": 1, 
            "and that's right": 1, 
            "and you missed them what's": 1, 
            "and you'll see when you've": 1, 
            "appealing when you've got so": 1, 
            "bounce just like a spalding": 1, 
            "but you feed it hate's": 1, 
            "called gratitude, and rhat's right": 1, 
            "called gratitude, and that's right": 1, 
            "calling it's so free this": 1, 
            "did you miss your calling": 1, 
            "do you know what you": 1, 
            "feed it hate's grown strong": 1, 
            "feel you need it just": 1, 
            "feeling it's like life it's": 1, 
            "free look inside and you'll": 1, 
            "free this kind of feeling": 1, 
            "gone and you missed them": 1, 
            "gone but you feed it": 1, 
            "gone wrong in your system": 1, 
            "gonna set you free look": 1, 
            "good times gone and you": 1, 
            "good times gone but you": 1, 
            "got so much to say": 2, 
            "gratitude, and rhat's right good": 1, 
            "gratitude, and that's right": 1, 
            "grown strong you feel you": 1, 
            "hate's grown strong you feel": 1, 
            "in your system things they": 1, 
            "inside and you'll see when": 1, 
            "it hate's grown strong you": 1, 
            "it just one thing do": 1, 
            "it's called gratitude, and rhat's": 1, 
            "it's called gratitude, and that's": 1, 
            "it's like life it's so": 1, 
            "it's so appealing when you've": 1, 
            "it's so free this kind": 1, 
            "just like a spalding what'd": 1, 
            "just one thing do you": 1, 
            "kind of feeling it's like": 1, 
            "know what you think that": 1, 
            "life it's so appealing when": 1, 
            "like a spalding what'd you": 1, 
            "like life it's so appealing": 1, 
            "look inside and you'll see": 1, 
            "miss your calling it's so": 1, 
            "missed them what's gone wrong": 1, 
            "much to say it's called": 2, 
            "need it just one thing": 1, 
            "of feeling it's like life": 1, 
            "one thing do you know": 1, 
            "owes you what's gonna set": 1, 
            "rhat's right good times gone": 1, 
            "right": 1, 
            "right good times gone but": 1, 
            "say it's called gratitude, and": 2, 
            "see when you've got so": 1, 
            "set you free look inside": 1, 
            "so appealing when you've got": 1, 
            "so free this kind of": 1, 
            "so much to say it's": 2, 
            "spalding what'd you think did": 1, 
            "strong you feel you need": 1, 
            "system things they bounce just": 1, 
            "that the world owes you": 1, 
            "that's right": 1, 
            "the world owes you what's": 1, 
            "them what's gone wrong in": 1, 
            "they bounce just like a": 1, 
            "thing do you know what": 1, 
            "things they bounce just like": 1, 
            "think did you miss your": 1, 
            "think that the world owes": 1, 
            "this kind of feeling it's": 1, 
            "times gone and you missed": 1, 
            "times gone but you feed": 1, 
            "to say it's called gratitude,": 2, 
            "what you think that the": 1, 
            "what'd you think did you": 1, 
            "what's gone wrong in your": 1, 
            "what's gonna set you free": 1, 
            "when you've got so much": 2, 
            "world owes you what's gonna": 1, 
            "wrong in your system things": 1, 
            "you feed it hate's grown": 1, 
            "you feel you need it": 1, 
            "you free look inside and": 1, 
            "you know what you think": 1, 
            "you miss your calling it's": 1, 
            "you missed them what's gone": 1, 
            "you need it just one": 1, 
            "you think did you miss": 1, 
            "you think that the world": 1, 
            "you what's gonna set you": 1, 
            "you'll see when you've got": 1, 
            "you've got so much to": 2, 
            "your calling it's so free": 1, 
            "your system things they bounce": 1
        }, 
        "6": {
            "": 442, 
            "a spalding what'd you think did": 1, 
            "and rhat's right good times gone": 1, 
            "and that's right": 1, 
            "and you missed them what's gone": 1, 
            "and you'll see when you've got": 1, 
            "appealing when you've got so much": 1, 
            "bounce just like a spalding what'd": 1, 
            "but you feed it hate's grown": 1, 
            "called gratitude, and rhat's right good": 1, 
            "called gratitude, and that's right": 1, 
            "calling it's so free this kind": 1, 
            "did you miss your calling it's": 1, 
            "do you know what you think": 1, 
            "feed it hate's grown strong you": 1, 
            "feel you need it just one": 1, 
            "feeling it's like life it's so": 1, 
            "free look inside and you'll see": 1, 
            "free this kind of feeling it's": 1, 
            "gone and you missed them what's": 1, 
            "gone but you feed it hate's": 1, 
            "gone wrong in your system things": 1, 
            "gonna set you free look inside": 1, 
            "good times gone and you missed": 1, 
            "good times gone but you feed": 1, 
            "got so much to say it's": 2, 
            "gratitude, and rhat's right good times": 1, 
            "gratitude, and that's right": 1, 
            "grown strong you feel you need": 1, 
            "hate's grown strong you feel you": 1, 
            "in your system things they bounce": 1, 
            "inside and you'll see when you've": 1, 
            "it hate's grown strong you feel": 1, 
            "it just one thing do you": 1, 
            "it's called gratitude, and rhat's right": 1, 
            "it's called gratitude, and that's right": 1, 
            "it's like life it's so appealing": 1, 
            "it's so appealing when you've got": 1, 
            "it's so free this kind of": 1, 
            "just like a spalding what'd you": 1, 
            "just one thing do you know": 1, 
            "kind of feeling it's like life": 1, 
            "know what you think that the": 1, 
            "life it's so appealing when you've": 1, 
            "like a spalding what'd you think": 1, 
            "like life it's so appealing when": 1, 
            "look inside and you'll see when": 1, 
            "miss your calling it's so free": 1, 
            "missed them what's gone wrong in": 1, 
            "much to say it's called gratitude,": 2, 
            "need it just one thing do": 1, 
            "of feeling it's like life it's": 1, 
            "one thing do you know what": 1, 
            "owes you what's gonna set you": 1, 
            "rhat's right good times gone but": 1, 
            "right": 1, 
            "right good times gone but you": 1, 
            "say it's called gratitude, and rhat's": 1, 
            "say it's called gratitude, and that's": 1, 
            "see when you've got so much": 1, 
            "set you free look inside and": 1, 
            "so appealing when you've got so": 1, 
            "so free this kind of feeling": 1, 
            "so much to say it's called": 2, 
            "spalding what'd you think did you": 1, 
            "strong you feel you need it": 1, 
            "system things they bounce just like": 1, 
            "that the world owes you what's": 1, 
            "that's right": 1, 
            "the world owes you what's gonna": 1, 
            "them what's gone wrong in your": 1, 
            "they bounce just like a spalding": 1, 
            "thing do you know what you": 1, 
            "things they bounce just like a": 1, 
            "think did you miss your calling": 1, 
            "think that the world owes you": 1, 
            "this kind of feeling it's like": 1, 
            "times gone and you missed them": 1, 
            "times gone but you feed it": 1, 
            "to say it's called gratitude, and": 2, 
            "what you think that the world": 1, 
            "what'd you think did you miss": 1, 
            "what's gone wrong in your system": 1, 
            "what's gonna set you free look": 1, 
            "when you've got so much to": 2, 
            "world owes you what's gonna set": 1, 
            "wrong in your system things they": 1, 
            "you feed it hate's grown strong": 1, 
            "you feel you need it just": 1, 
            "you free look inside and you'll": 1, 
            "you know what you think that": 1, 
            "you miss your calling it's so": 1, 
            "you missed them what's gone wrong": 1, 
            "you need it just one thing": 1, 
            "you think did you miss your": 1, 
            "you think that the world owes": 1, 
            "you what's gonna set you free": 1, 
            "you'll see when you've got so": 1, 
            "you've got so much to say": 2, 
            "your calling it's so free this": 1, 
            "your system things they bounce just": 1
        }, 
        "7": {
            "": 441, 
            "a spalding what'd you think did you": 1, 
            "and rhat's right good times gone but": 1, 
            "and that's right": 1, 
            "and you missed them what's gone wrong": 1, 
            "and you'll see when you've got so": 1, 
            "appealing when you've got so much to": 1, 
            "bounce just like a spalding what'd you": 1, 
            "but you feed it hate's grown strong": 1, 
            "called gratitude, and rhat's right good times": 1, 
            "called gratitude, and that's right": 1, 
            "calling it's so free this kind of": 1, 
            "did you miss your calling it's so": 1, 
            "do you know what you think that": 1, 
            "feed it hate's grown strong you feel": 1, 
            "feel you need it just one thing": 1, 
            "feeling it's like life it's so appealing": 1, 
            "free look inside and you'll see when": 1, 
            "free this kind of feeling it's like": 1, 
            "gone and you missed them what's gone": 1, 
            "gone but you feed it hate's grown": 1, 
            "gone wrong in your system things they": 1, 
            "gonna set you free look inside and": 1, 
            "good times gone and you missed them": 1, 
            "good times gone but you feed it": 1, 
            "got so much to say it's called": 2, 
            "gratitude, and rhat's right good times gone": 1, 
            "gratitude, and that's right": 1, 
            "grown strong you feel you need it": 1, 
            "hate's grown strong you feel you need": 1, 
            "in your system things they bounce just": 1, 
            "inside and you'll see when you've got": 1, 
            "it hate's grown strong you feel you": 1, 
            "it just one thing do you know": 1, 
            "it's called gratitude, and rhat's right good": 1, 
            "it's called gratitude, and that's right": 1, 
            "it's like life it's so appealing when": 1, 
            "it's so appealing when you've got so": 1, 
            "it's so free this kind of feeling": 1, 
            "just like a spalding what'd you think": 1, 
            "just one thing do you know what": 1, 
            "kind of feeling it's like life it's": 1, 
            "know what you think that the world": 1, 
            "life it's so appealing when you've got": 1, 
            "like a spalding what'd you think did": 1, 
            "like life it's so appealing when you've": 1, 
            "look inside and you'll see when you've": 1, 
            "miss your calling it's so free this": 1, 
            "missed them what's gone wrong in your": 1, 
            "much to say it's called gratitude, and": 2, 
            "need it just one thing do you": 1, 
            "of feeling it's like life it's so": 1, 
            "one thing do you know what you": 1, 
            "owes you what's gonna set you free": 1, 
            "rhat's right good times gone but you": 1, 
            "right": 1, 
            "right good times gone but you feed": 1, 
            "say it's called gratitude, and rhat's right": 1, 
            "say it's called gratitude, and that's right": 1, 
            "see when you've got so much to": 1, 
            "set you free look inside and you'll": 1, 
            "so appealing when you've got so much": 1, 
            "so free this kind of feeling it's": 1, 
            "so much to say it's called gratitude,": 2, 
            "spalding what'd you think did you miss": 1, 
            "strong you feel you need it just": 1, 
            "system things they bounce just like a": 1, 
            "that the world owes you what's gonna": 1, 
            "that's right": 1, 
            "the world owes you what's gonna set": 1, 
            "them what's gone wrong in your system": 1, 
            "they bounce just like a spalding what'd": 1, 
            "thing do you know what you think": 1, 
            "things they bounce just like a spalding": 1, 
            "think did you miss your calling it's": 1, 
            "think that the world owes you what's": 1, 
            "this kind of feeling it's like life": 1, 
            "times gone and you missed them what's": 1, 
            "times gone but you feed it hate's": 1, 
            "to say it's called gratitude, and rhat's": 1, 
            "to say it's called gratitude, and that's": 1, 
            "what you think that the world owes": 1, 
            "what'd you think did you miss your": 1, 
            "what's gone wrong in your system things": 1, 
            "what's gonna set you free look inside": 1, 
            "when you've got so much to say": 2, 
            "world owes you what's gonna set you": 1, 
            "wrong in your system things they bounce": 1, 
            "you feed it hate's grown strong you": 1, 
            "you feel you need it just one": 1, 
            "you free look inside and you'll see": 1, 
            "you know what you think that the": 1, 
            "you miss your calling it's so free": 1, 
            "you missed them what's gone wrong in": 1, 
            "you need it just one thing do": 1, 
            "you think did you miss your calling": 1, 
            "you think that the world owes you": 1, 
            "you what's gonna set you free look": 1, 
            "you'll see when you've got so much": 1, 
            "you've got so much to say it's": 2, 
            "your calling it's so free this kind": 1, 
            "your system things they bounce just like": 1
        }, 
        "8": {
            "": 440, 
            "a spalding what'd you think did you miss": 1, 
            "and rhat's right good times gone but you": 1, 
            "and that's right": 1, 
            "and you missed them what's gone wrong in": 1, 
            "and you'll see when you've got so much": 1, 
            "appealing when you've got so much to say": 1, 
            "bounce just like a spalding what'd you think": 1, 
            "but you feed it hate's grown strong you": 1, 
            "called gratitude, and rhat's right good times gone": 1, 
            "called gratitude, and that's right": 1, 
            "calling it's so free this kind of feeling": 1, 
            "did you miss your calling it's so free": 1, 
            "do you know what you think that the": 1, 
            "feed it hate's grown strong you feel you": 1, 
            "feel you need it just one thing do": 1, 
            "feeling it's like life it's so appealing when": 1, 
            "free look inside and you'll see when you've": 1, 
            "free this kind of feeling it's like life": 1, 
            "gone and you missed them what's gone wrong": 1, 
            "gone but you feed it hate's grown strong": 1, 
            "gone wrong in your system things they bounce": 1, 
            "gonna set you free look inside and you'll": 1, 
            "good times gone and you missed them what's": 1, 
            "good times gone but you feed it hate's": 1, 
            "got so much to say it's called gratitude,": 2, 
            "gratitude, and rhat's right good times gone but": 1, 
            "gratitude, and that's right": 1, 
            "grown strong you feel you need it just": 1, 
            "hate's grown strong you feel you need it": 1, 
            "in your system things they bounce just like": 1, 
            "inside and you'll see when you've got so": 1, 
            "it hate's grown strong you feel you need": 1, 
            "it just one thing do you know what": 1, 
            "it's called gratitude, and rhat's right good times": 1, 
            "it's called gratitude, and that's right": 1, 
            "it's like life it's so appealing when you've": 1, 
            "it's so appealing when you've got so much": 1, 
            "it's so free this kind of feeling it's": 1, 
            "just like a spalding what'd you think did": 1, 
            "just one thing do you know what you": 1, 
            "kind of feeling it's like life it's so": 1, 
            "know what you think that the world owes": 1, 
            "life it's so appealing when you've got so": 1, 
            "like a spalding what'd you think did you": 1, 
            "like life it's so appealing when you've got": 1, 
            "look inside and you'll see when you've got": 1, 
            "miss your calling it's so free this kind": 1, 
            "missed them what's gone wrong in your system": 1, 
            "much to say it's called gratitude, and rhat's": 1, 
            "much to say it's called gratitude, and that's": 1, 
            "need it just one thing do you know": 1, 
            "of feeling it's like life it's so appealing": 1, 
            "one thing do you know what you think": 1, 
            "owes you what's gonna set you free look": 1, 
            "rhat's right good times gone but you feed": 1, 
            "right": 1, 
            "right good times gone but you feed it": 1, 
            "say it's called gratitude, and rhat's right good": 1, 
            "say it's called gratitude, and that's right": 1, 
            "see when you've got so much to say": 1, 
            "set you free look inside and you'll see": 1, 
            "so appealing when you've got so much to": 1, 
            "so free this kind of feeling it's like": 1, 
            "so much to say it's called gratitude, and": 2, 
            "spalding what'd you think did you miss your": 1, 
            "strong you feel you need it just one": 1, 
            "system things they bounce just like a spalding": 1, 
            "that the world owes you what's gonna set": 1, 
            "that's right": 1, 
            "the world owes you what's gonna set you": 1, 
            "them what's gone wrong in your system things": 1, 
            "they bounce just like a spalding what'd you": 1, 
            "thing do you know what you think that": 1, 
            "things they bounce just like a spalding what'd": 1, 
            "think did you miss your calling it's so": 1, 
            "think that the world owes you what's gonna": 1, 
            "this kind of feeling it's like life it's": 1, 
            "times gone and you missed them what's gone": 1, 
            "times gone but you feed it hate's grown": 1, 
            "to say it's called gratitude, and rhat's right": 1, 
            "to say it's called gratitude, and that's right": 1, 
            "what you think that the world owes you": 1, 
            "what'd you think did you miss your calling": 1, 
            "what's gone wrong in your system things they": 1, 
            "what's gonna set you free look inside and": 1, 
            "when you've got so much to say it's": 2, 
            "world owes you what's gonna set you free": 1, 
            "wrong in your system things they bounce just": 1, 
            "you feed it hate's grown strong you feel": 1, 
            "you feel you need it just one thing": 1, 
            "you free look inside and you'll see when": 1, 
            "you know what you think that the world": 1, 
            "you miss your calling it's so free this": 1, 
            "you missed them what's gone wrong in your": 1, 
            "you need it just one thing do you": 1, 
            "you think did you miss your calling it's": 1, 
            "you think that the world owes you what's": 1, 
            "you what's gonna set you free look inside": 1, 
            "you'll see when you've got so much to": 1, 
            "you've got so much to say it's called": 2, 
            "your calling it's so free this kind of": 1, 
            "your system things they bounce just like a": 1
        }
    }, 
    "song_title": "Gratitude", 
    "total_words": [
        106, 
        {
            "a": 1, 
            "and": 4, 
            "appealing": 1, 
            "bounce": 1, 
            "but": 1, 
            "called": 2, 
            "calling": 1, 
            "did": 1, 
            "do": 1, 
            "feed": 1, 
            "feel": 1, 
            "feeling": 1, 
            "free": 2, 
            "gone": 3, 
            "gonna": 1, 
            "good": 2, 
            "got": 2, 
            "gratitude,": 2, 
            "grown": 1, 
            "hate's": 1, 
            "in": 1, 
            "inside": 1, 
            "it": 2, 
            "it's": 5, 
            "just": 2, 
            "kind": 1, 
            "know": 1, 
            "life": 1, 
            "like": 2, 
            "look": 1, 
            "miss": 1, 
            "missed": 1, 
            "much": 2, 
            "need": 1, 
            "of": 1, 
            "one": 1, 
            "owes": 1, 
            "rhat's": 1, 
            "right": 2, 
            "say": 2, 
            "see": 1, 
            "set": 1, 
            "so": 4, 
            "spalding": 1, 
            "strong": 1, 
            "system": 1, 
            "that": 1, 
            "that's": 1, 
            "the": 1, 
            "them": 1, 
            "they": 1, 
            "thing": 1, 
            "things": 1, 
            "think": 2, 
            "this": 1, 
            "times": 2, 
            "to": 2, 
            "what": 1, 
            "what'd": 1, 
            "what's": 2, 
            "when": 2, 
            "world": 1, 
            "wrong": 1, 
            "you": 10, 
            "you'll": 1, 
            "you've": 2, 
            "your": 2
        }
    ], 
    "unique_words": [
        67, 
        [
            "feed", 
            "just", 
            "feel", 
            "one", 
            "right", 
            "miss", 
            "your", 
            "it's", 
            "system", 
            "to", 
            "much", 
            "do", 
            "life", 
            "good", 
            "that", 
            "what's", 
            "but", 
            "know", 
            "they", 
            "world", 
            "what'd", 
            "look", 
            "kind", 
            "like", 
            "did", 
            "inside", 
            "see", 
            "calling", 
            "this", 
            "appealing", 
            "hate's", 
            "feeling", 
            "called", 
            "and", 
            "gone", 
            "set", 
            "spalding", 
            "it", 
            "bounce", 
            "say", 
            "owes", 
            "in", 
            "need", 
            "gratitude,", 
            "grown", 
            "what", 
            "missed", 
            "things", 
            "when", 
            "got", 
            "you", 
            "free", 
            "wrong", 
            "them", 
            "gonna", 
            "strong", 
            "a", 
            "of", 
            "rhat's", 
            "times", 
            "thing", 
            "you'll", 
            "so", 
            "the", 
            "that's", 
            "think", 
            "you've"
        ]
    ], 
    "year": 1992
}