{
    "album": "Check Your Head", 
    "artist": "Beastie Boys", 
    "lyrics": "People How You Doing There's A New Day Dawning\nFor The Earth Mother It's A Brand New Morning\nFor Such A Long While There's Been Such A Longing\nBut Now The Sun Is Shining Let's Roll Back The Awning\n\nThis Is A Type Of Kinda Like A Formal Dedication\nGiving Out A Shout For Much Inspiration\nAll I Ever Really Want To Do Is Get Nice\nGet Loose And Goof My Little Slice Of Life\nSendin' Out Love To All Corners Of The Land\nI Jump Up On The Stage And Take The Mic\nIn My Hand Not Playin' The Roll Just Being Who I Am\nAnd If You Try To Dis Me I Couldn't Give A Damn\n'Cause I'm Rockin'\n\nBass From The Back Of My Car Feels Soothing\nEight Bazookas Is What I'm Using\nI'm Mike D And It's Been Proven\nI Love It When I See The Party People Get Movin'\nStrapped On The Ear Goggles And What Did I See\nBut The Music Brought The People Into Harmony\n", 
    "ngrams": {
        "2": {
            "": 652, 
            "'cause i'm": 1, 
            "a brand": 1, 
            "a damn": 1, 
            "a formal": 1, 
            "a long": 1, 
            "a longing": 1, 
            "a new": 1, 
            "a shout": 1, 
            "a type": 1, 
            "all corners": 1, 
            "all i": 1, 
            "am and": 1, 
            "and goof": 1, 
            "and if": 1, 
            "and it's": 1, 
            "and take": 1, 
            "and what": 1, 
            "awning this": 1, 
            "back of": 1, 
            "back the": 1, 
            "bass from": 1, 
            "bazookas is": 1, 
            "been proven": 1, 
            "been such": 1, 
            "being who": 1, 
            "brand new": 1, 
            "brought the": 1, 
            "but now": 1, 
            "but the": 1, 
            "car feels": 1, 
            "corners of": 1, 
            "couldn't give": 1, 
            "d and": 1, 
            "damn 'cause": 1, 
            "dawning for": 1, 
            "day dawning": 1, 
            "dedication giving": 1, 
            "did i": 1, 
            "dis me": 1, 
            "do is": 1, 
            "doing there's": 1, 
            "ear goggles": 1, 
            "earth mother": 1, 
            "eight bazookas": 1, 
            "ever really": 1, 
            "feels soothing": 1, 
            "for much": 1, 
            "for such": 1, 
            "for the": 1, 
            "formal dedication": 1, 
            "from the": 1, 
            "get loose": 1, 
            "get movin'": 1, 
            "get nice": 1, 
            "give a": 1, 
            "giving out": 1, 
            "goggles and": 1, 
            "goof my": 1, 
            "hand not": 1, 
            "harmony": 1, 
            "how you": 1, 
            "i am": 1, 
            "i couldn't": 1, 
            "i ever": 1, 
            "i jump": 1, 
            "i love": 1, 
            "i see": 2, 
            "i'm mike": 1, 
            "i'm rockin'": 1, 
            "i'm using": 1, 
            "if you": 1, 
            "in my": 1, 
            "inspiration all": 1, 
            "into harmony": 1, 
            "is a": 1, 
            "is get": 1, 
            "is shining": 1, 
            "is what": 1, 
            "it when": 1, 
            "it's a": 1, 
            "it's been": 1, 
            "jump up": 1, 
            "just being": 1, 
            "kinda like": 1, 
            "land i": 1, 
            "let's roll": 1, 
            "life sendin'": 1, 
            "like a": 1, 
            "little slice": 1, 
            "long while": 1, 
            "longing but": 1, 
            "loose and": 1, 
            "love it": 1, 
            "love to": 1, 
            "me i": 1, 
            "mic in": 1, 
            "mike d": 1, 
            "morning for": 1, 
            "mother it's": 1, 
            "movin' strapped": 1, 
            "much inspiration": 1, 
            "music brought": 1, 
            "my car": 1, 
            "my hand": 1, 
            "my little": 1, 
            "new day": 1, 
            "new morning": 1, 
            "nice get": 1, 
            "not playin'": 1, 
            "now the": 1, 
            "of kinda": 1, 
            "of life": 1, 
            "of my": 1, 
            "of the": 1, 
            "on the": 2, 
            "out a": 1, 
            "out love": 1, 
            "party people": 1, 
            "people get": 1, 
            "people how": 1, 
            "people into": 1, 
            "playin' the": 1, 
            "proven i": 1, 
            "really want": 1, 
            "rockin' bass": 1, 
            "roll back": 1, 
            "roll just": 1, 
            "see but": 1, 
            "see the": 1, 
            "sendin' out": 1, 
            "shining let's": 1, 
            "shout for": 1, 
            "slice of": 1, 
            "soothing eight": 1, 
            "stage and": 1, 
            "strapped on": 1, 
            "such a": 2, 
            "sun is": 1, 
            "take the": 1, 
            "the awning": 1, 
            "the back": 1, 
            "the ear": 1, 
            "the earth": 1, 
            "the land": 1, 
            "the mic": 1, 
            "the music": 1, 
            "the party": 1, 
            "the people": 1, 
            "the roll": 1, 
            "the stage": 1, 
            "the sun": 1, 
            "there's a": 1, 
            "there's been": 1, 
            "this is": 1, 
            "to all": 1, 
            "to dis": 1, 
            "to do": 1, 
            "try to": 1, 
            "type of": 1, 
            "up on": 1, 
            "using i'm": 1, 
            "want to": 1, 
            "what did": 1, 
            "what i'm": 1, 
            "when i": 1, 
            "while there's": 1, 
            "who i": 1, 
            "you doing": 1, 
            "you try": 1
        }, 
        "3": {
            "": 651, 
            "'cause i'm rockin'": 1, 
            "a brand new": 1, 
            "a damn 'cause": 1, 
            "a formal dedication": 1, 
            "a long while": 1, 
            "a longing but": 1, 
            "a new day": 1, 
            "a shout for": 1, 
            "a type of": 1, 
            "all corners of": 1, 
            "all i ever": 1, 
            "am and if": 1, 
            "and goof my": 1, 
            "and if you": 1, 
            "and it's been": 1, 
            "and take the": 1, 
            "and what did": 1, 
            "awning this is": 1, 
            "back of my": 1, 
            "back the awning": 1, 
            "bass from the": 1, 
            "bazookas is what": 1, 
            "been proven i": 1, 
            "been such a": 1, 
            "being who i": 1, 
            "brand new morning": 1, 
            "brought the people": 1, 
            "but now the": 1, 
            "but the music": 1, 
            "car feels soothing": 1, 
            "corners of the": 1, 
            "couldn't give a": 1, 
            "d and it's": 1, 
            "damn 'cause i'm": 1, 
            "dawning for the": 1, 
            "day dawning for": 1, 
            "dedication giving out": 1, 
            "did i see": 1, 
            "dis me i": 1, 
            "do is get": 1, 
            "doing there's a": 1, 
            "ear goggles and": 1, 
            "earth mother it's": 1, 
            "eight bazookas is": 1, 
            "ever really want": 1, 
            "feels soothing eight": 1, 
            "for much inspiration": 1, 
            "for such a": 1, 
            "for the earth": 1, 
            "formal dedication giving": 1, 
            "from the back": 1, 
            "get loose and": 1, 
            "get movin' strapped": 1, 
            "get nice get": 1, 
            "give a damn": 1, 
            "giving out a": 1, 
            "goggles and what": 1, 
            "goof my little": 1, 
            "hand not playin'": 1, 
            "harmony": 1, 
            "how you doing": 1, 
            "i am and": 1, 
            "i couldn't give": 1, 
            "i ever really": 1, 
            "i jump up": 1, 
            "i love it": 1, 
            "i see but": 1, 
            "i see the": 1, 
            "i'm mike d": 1, 
            "i'm rockin' bass": 1, 
            "i'm using i'm": 1, 
            "if you try": 1, 
            "in my hand": 1, 
            "inspiration all i": 1, 
            "into harmony": 1, 
            "is a type": 1, 
            "is get nice": 1, 
            "is shining let's": 1, 
            "is what i'm": 1, 
            "it when i": 1, 
            "it's a brand": 1, 
            "it's been proven": 1, 
            "jump up on": 1, 
            "just being who": 1, 
            "kinda like a": 1, 
            "land i jump": 1, 
            "let's roll back": 1, 
            "life sendin' out": 1, 
            "like a formal": 1, 
            "little slice of": 1, 
            "long while there's": 1, 
            "longing but now": 1, 
            "loose and goof": 1, 
            "love it when": 1, 
            "love to all": 1, 
            "me i couldn't": 1, 
            "mic in my": 1, 
            "mike d and": 1, 
            "morning for such": 1, 
            "mother it's a": 1, 
            "movin' strapped on": 1, 
            "much inspiration all": 1, 
            "music brought the": 1, 
            "my car feels": 1, 
            "my hand not": 1, 
            "my little slice": 1, 
            "new day dawning": 1, 
            "new morning for": 1, 
            "nice get loose": 1, 
            "not playin' the": 1, 
            "now the sun": 1, 
            "of kinda like": 1, 
            "of life sendin'": 1, 
            "of my car": 1, 
            "of the land": 1, 
            "on the ear": 1, 
            "on the stage": 1, 
            "out a shout": 1, 
            "out love to": 1, 
            "party people get": 1, 
            "people get movin'": 1, 
            "people how you": 1, 
            "people into harmony": 1, 
            "playin' the roll": 1, 
            "proven i love": 1, 
            "really want to": 1, 
            "rockin' bass from": 1, 
            "roll back the": 1, 
            "roll just being": 1, 
            "see but the": 1, 
            "see the party": 1, 
            "sendin' out love": 1, 
            "shining let's roll": 1, 
            "shout for much": 1, 
            "slice of life": 1, 
            "soothing eight bazookas": 1, 
            "stage and take": 1, 
            "strapped on the": 1, 
            "such a long": 1, 
            "such a longing": 1, 
            "sun is shining": 1, 
            "take the mic": 1, 
            "the awning this": 1, 
            "the back of": 1, 
            "the ear goggles": 1, 
            "the earth mother": 1, 
            "the land i": 1, 
            "the mic in": 1, 
            "the music brought": 1, 
            "the party people": 1, 
            "the people into": 1, 
            "the roll just": 1, 
            "the stage and": 1, 
            "the sun is": 1, 
            "there's a new": 1, 
            "there's been such": 1, 
            "this is a": 1, 
            "to all corners": 1, 
            "to dis me": 1, 
            "to do is": 1, 
            "try to dis": 1, 
            "type of kinda": 1, 
            "up on the": 1, 
            "using i'm mike": 1, 
            "want to do": 1, 
            "what did i": 1, 
            "what i'm using": 1, 
            "when i see": 1, 
            "while there's been": 1, 
            "who i am": 1, 
            "you doing there's": 1, 
            "you try to": 1
        }, 
        "4": {
            "": 650, 
            "'cause i'm rockin' bass": 1, 
            "a brand new morning": 1, 
            "a damn 'cause i'm": 1, 
            "a formal dedication giving": 1, 
            "a long while there's": 1, 
            "a longing but now": 1, 
            "a new day dawning": 1, 
            "a shout for much": 1, 
            "a type of kinda": 1, 
            "all corners of the": 1, 
            "all i ever really": 1, 
            "am and if you": 1, 
            "and goof my little": 1, 
            "and if you try": 1, 
            "and it's been proven": 1, 
            "and take the mic": 1, 
            "and what did i": 1, 
            "awning this is a": 1, 
            "back of my car": 1, 
            "back the awning this": 1, 
            "bass from the back": 1, 
            "bazookas is what i'm": 1, 
            "been proven i love": 1, 
            "been such a longing": 1, 
            "being who i am": 1, 
            "brand new morning for": 1, 
            "brought the people into": 1, 
            "but now the sun": 1, 
            "but the music brought": 1, 
            "car feels soothing eight": 1, 
            "corners of the land": 1, 
            "couldn't give a damn": 1, 
            "d and it's been": 1, 
            "damn 'cause i'm rockin'": 1, 
            "dawning for the earth": 1, 
            "day dawning for the": 1, 
            "dedication giving out a": 1, 
            "did i see but": 1, 
            "dis me i couldn't": 1, 
            "do is get nice": 1, 
            "doing there's a new": 1, 
            "ear goggles and what": 1, 
            "earth mother it's a": 1, 
            "eight bazookas is what": 1, 
            "ever really want to": 1, 
            "feels soothing eight bazookas": 1, 
            "for much inspiration all": 1, 
            "for such a long": 1, 
            "for the earth mother": 1, 
            "formal dedication giving out": 1, 
            "from the back of": 1, 
            "get loose and goof": 1, 
            "get movin' strapped on": 1, 
            "get nice get loose": 1, 
            "give a damn 'cause": 1, 
            "giving out a shout": 1, 
            "goggles and what did": 1, 
            "goof my little slice": 1, 
            "hand not playin' the": 1, 
            "harmony": 1, 
            "how you doing there's": 1, 
            "i am and if": 1, 
            "i couldn't give a": 1, 
            "i ever really want": 1, 
            "i jump up on": 1, 
            "i love it when": 1, 
            "i see but the": 1, 
            "i see the party": 1, 
            "i'm mike d and": 1, 
            "i'm rockin' bass from": 1, 
            "i'm using i'm mike": 1, 
            "if you try to": 1, 
            "in my hand not": 1, 
            "inspiration all i ever": 1, 
            "into harmony": 1, 
            "is a type of": 1, 
            "is get nice get": 1, 
            "is shining let's roll": 1, 
            "is what i'm using": 1, 
            "it when i see": 1, 
            "it's a brand new": 1, 
            "it's been proven i": 1, 
            "jump up on the": 1, 
            "just being who i": 1, 
            "kinda like a formal": 1, 
            "land i jump up": 1, 
            "let's roll back the": 1, 
            "life sendin' out love": 1, 
            "like a formal dedication": 1, 
            "little slice of life": 1, 
            "long while there's been": 1, 
            "longing but now the": 1, 
            "loose and goof my": 1, 
            "love it when i": 1, 
            "love to all corners": 1, 
            "me i couldn't give": 1, 
            "mic in my hand": 1, 
            "mike d and it's": 1, 
            "morning for such a": 1, 
            "mother it's a brand": 1, 
            "movin' strapped on the": 1, 
            "much inspiration all i": 1, 
            "music brought the people": 1, 
            "my car feels soothing": 1, 
            "my hand not playin'": 1, 
            "my little slice of": 1, 
            "new day dawning for": 1, 
            "new morning for such": 1, 
            "nice get loose and": 1, 
            "not playin' the roll": 1, 
            "now the sun is": 1, 
            "of kinda like a": 1, 
            "of life sendin' out": 1, 
            "of my car feels": 1, 
            "of the land i": 1, 
            "on the ear goggles": 1, 
            "on the stage and": 1, 
            "out a shout for": 1, 
            "out love to all": 1, 
            "party people get movin'": 1, 
            "people get movin' strapped": 1, 
            "people how you doing": 1, 
            "people into harmony": 1, 
            "playin' the roll just": 1, 
            "proven i love it": 1, 
            "really want to do": 1, 
            "rockin' bass from the": 1, 
            "roll back the awning": 1, 
            "roll just being who": 1, 
            "see but the music": 1, 
            "see the party people": 1, 
            "sendin' out love to": 1, 
            "shining let's roll back": 1, 
            "shout for much inspiration": 1, 
            "slice of life sendin'": 1, 
            "soothing eight bazookas is": 1, 
            "stage and take the": 1, 
            "strapped on the ear": 1, 
            "such a long while": 1, 
            "such a longing but": 1, 
            "sun is shining let's": 1, 
            "take the mic in": 1, 
            "the awning this is": 1, 
            "the back of my": 1, 
            "the ear goggles and": 1, 
            "the earth mother it's": 1, 
            "the land i jump": 1, 
            "the mic in my": 1, 
            "the music brought the": 1, 
            "the party people get": 1, 
            "the people into harmony": 1, 
            "the roll just being": 1, 
            "the stage and take": 1, 
            "the sun is shining": 1, 
            "there's a new day": 1, 
            "there's been such a": 1, 
            "this is a type": 1, 
            "to all corners of": 1, 
            "to dis me i": 1, 
            "to do is get": 1, 
            "try to dis me": 1, 
            "type of kinda like": 1, 
            "up on the stage": 1, 
            "using i'm mike d": 1, 
            "want to do is": 1, 
            "what did i see": 1, 
            "what i'm using i'm": 1, 
            "when i see the": 1, 
            "while there's been such": 1, 
            "who i am and": 1, 
            "you doing there's a": 1, 
            "you try to dis": 1
        }, 
        "5": {
            "": 649, 
            "'cause i'm rockin' bass from": 1, 
            "a brand new morning for": 1, 
            "a damn 'cause i'm rockin'": 1, 
            "a formal dedication giving out": 1, 
            "a long while there's been": 1, 
            "a longing but now the": 1, 
            "a new day dawning for": 1, 
            "a shout for much inspiration": 1, 
            "a type of kinda like": 1, 
            "all corners of the land": 1, 
            "all i ever really want": 1, 
            "am and if you try": 1, 
            "and goof my little slice": 1, 
            "and if you try to": 1, 
            "and it's been proven i": 1, 
            "and take the mic in": 1, 
            "and what did i see": 1, 
            "awning this is a type": 1, 
            "back of my car feels": 1, 
            "back the awning this is": 1, 
            "bass from the back of": 1, 
            "bazookas is what i'm using": 1, 
            "been proven i love it": 1, 
            "been such a longing but": 1, 
            "being who i am and": 1, 
            "brand new morning for such": 1, 
            "brought the people into harmony": 1, 
            "but now the sun is": 1, 
            "but the music brought the": 1, 
            "car feels soothing eight bazookas": 1, 
            "corners of the land i": 1, 
            "couldn't give a damn 'cause": 1, 
            "d and it's been proven": 1, 
            "damn 'cause i'm rockin' bass": 1, 
            "dawning for the earth mother": 1, 
            "day dawning for the earth": 1, 
            "dedication giving out a shout": 1, 
            "did i see but the": 1, 
            "dis me i couldn't give": 1, 
            "do is get nice get": 1, 
            "doing there's a new day": 1, 
            "ear goggles and what did": 1, 
            "earth mother it's a brand": 1, 
            "eight bazookas is what i'm": 1, 
            "ever really want to do": 1, 
            "feels soothing eight bazookas is": 1, 
            "for much inspiration all i": 1, 
            "for such a long while": 1, 
            "for the earth mother it's": 1, 
            "formal dedication giving out a": 1, 
            "from the back of my": 1, 
            "get loose and goof my": 1, 
            "get movin' strapped on the": 1, 
            "get nice get loose and": 1, 
            "give a damn 'cause i'm": 1, 
            "giving out a shout for": 1, 
            "goggles and what did i": 1, 
            "goof my little slice of": 1, 
            "hand not playin' the roll": 1, 
            "harmony": 1, 
            "how you doing there's a": 1, 
            "i am and if you": 1, 
            "i couldn't give a damn": 1, 
            "i ever really want to": 1, 
            "i jump up on the": 1, 
            "i love it when i": 1, 
            "i see but the music": 1, 
            "i see the party people": 1, 
            "i'm mike d and it's": 1, 
            "i'm rockin' bass from the": 1, 
            "i'm using i'm mike d": 1, 
            "if you try to dis": 1, 
            "in my hand not playin'": 1, 
            "inspiration all i ever really": 1, 
            "into harmony": 1, 
            "is a type of kinda": 1, 
            "is get nice get loose": 1, 
            "is shining let's roll back": 1, 
            "is what i'm using i'm": 1, 
            "it when i see the": 1, 
            "it's a brand new morning": 1, 
            "it's been proven i love": 1, 
            "jump up on the stage": 1, 
            "just being who i am": 1, 
            "kinda like a formal dedication": 1, 
            "land i jump up on": 1, 
            "let's roll back the awning": 1, 
            "life sendin' out love to": 1, 
            "like a formal dedication giving": 1, 
            "little slice of life sendin'": 1, 
            "long while there's been such": 1, 
            "longing but now the sun": 1, 
            "loose and goof my little": 1, 
            "love it when i see": 1, 
            "love to all corners of": 1, 
            "me i couldn't give a": 1, 
            "mic in my hand not": 1, 
            "mike d and it's been": 1, 
            "morning for such a long": 1, 
            "mother it's a brand new": 1, 
            "movin' strapped on the ear": 1, 
            "much inspiration all i ever": 1, 
            "music brought the people into": 1, 
            "my car feels soothing eight": 1, 
            "my hand not playin' the": 1, 
            "my little slice of life": 1, 
            "new day dawning for the": 1, 
            "new morning for such a": 1, 
            "nice get loose and goof": 1, 
            "not playin' the roll just": 1, 
            "now the sun is shining": 1, 
            "of kinda like a formal": 1, 
            "of life sendin' out love": 1, 
            "of my car feels soothing": 1, 
            "of the land i jump": 1, 
            "on the ear goggles and": 1, 
            "on the stage and take": 1, 
            "out a shout for much": 1, 
            "out love to all corners": 1, 
            "party people get movin' strapped": 1, 
            "people get movin' strapped on": 1, 
            "people how you doing there's": 1, 
            "people into harmony": 1, 
            "playin' the roll just being": 1, 
            "proven i love it when": 1, 
            "really want to do is": 1, 
            "rockin' bass from the back": 1, 
            "roll back the awning this": 1, 
            "roll just being who i": 1, 
            "see but the music brought": 1, 
            "see the party people get": 1, 
            "sendin' out love to all": 1, 
            "shining let's roll back the": 1, 
            "shout for much inspiration all": 1, 
            "slice of life sendin' out": 1, 
            "soothing eight bazookas is what": 1, 
            "stage and take the mic": 1, 
            "strapped on the ear goggles": 1, 
            "such a long while there's": 1, 
            "such a longing but now": 1, 
            "sun is shining let's roll": 1, 
            "take the mic in my": 1, 
            "the awning this is a": 1, 
            "the back of my car": 1, 
            "the ear goggles and what": 1, 
            "the earth mother it's a": 1, 
            "the land i jump up": 1, 
            "the mic in my hand": 1, 
            "the music brought the people": 1, 
            "the party people get movin'": 1, 
            "the people into harmony": 1, 
            "the roll just being who": 1, 
            "the stage and take the": 1, 
            "the sun is shining let's": 1, 
            "there's a new day dawning": 1, 
            "there's been such a longing": 1, 
            "this is a type of": 1, 
            "to all corners of the": 1, 
            "to dis me i couldn't": 1, 
            "to do is get nice": 1, 
            "try to dis me i": 1, 
            "type of kinda like a": 1, 
            "up on the stage and": 1, 
            "using i'm mike d and": 1, 
            "want to do is get": 1, 
            "what did i see but": 1, 
            "what i'm using i'm mike": 1, 
            "when i see the party": 1, 
            "while there's been such a": 1, 
            "who i am and if": 1, 
            "you doing there's a new": 1, 
            "you try to dis me": 1
        }, 
        "6": {
            "": 648, 
            "'cause i'm rockin' bass from the": 1, 
            "a brand new morning for such": 1, 
            "a damn 'cause i'm rockin' bass": 1, 
            "a formal dedication giving out a": 1, 
            "a long while there's been such": 1, 
            "a longing but now the sun": 1, 
            "a new day dawning for the": 1, 
            "a shout for much inspiration all": 1, 
            "a type of kinda like a": 1, 
            "all corners of the land i": 1, 
            "all i ever really want to": 1, 
            "am and if you try to": 1, 
            "and goof my little slice of": 1, 
            "and if you try to dis": 1, 
            "and it's been proven i love": 1, 
            "and take the mic in my": 1, 
            "and what did i see but": 1, 
            "awning this is a type of": 1, 
            "back of my car feels soothing": 1, 
            "back the awning this is a": 1, 
            "bass from the back of my": 1, 
            "bazookas is what i'm using i'm": 1, 
            "been proven i love it when": 1, 
            "been such a longing but now": 1, 
            "being who i am and if": 1, 
            "brand new morning for such a": 1, 
            "brought the people into harmony": 1, 
            "but now the sun is shining": 1, 
            "but the music brought the people": 1, 
            "car feels soothing eight bazookas is": 1, 
            "corners of the land i jump": 1, 
            "couldn't give a damn 'cause i'm": 1, 
            "d and it's been proven i": 1, 
            "damn 'cause i'm rockin' bass from": 1, 
            "dawning for the earth mother it's": 1, 
            "day dawning for the earth mother": 1, 
            "dedication giving out a shout for": 1, 
            "did i see but the music": 1, 
            "dis me i couldn't give a": 1, 
            "do is get nice get loose": 1, 
            "doing there's a new day dawning": 1, 
            "ear goggles and what did i": 1, 
            "earth mother it's a brand new": 1, 
            "eight bazookas is what i'm using": 1, 
            "ever really want to do is": 1, 
            "feels soothing eight bazookas is what": 1, 
            "for much inspiration all i ever": 1, 
            "for such a long while there's": 1, 
            "for the earth mother it's a": 1, 
            "formal dedication giving out a shout": 1, 
            "from the back of my car": 1, 
            "get loose and goof my little": 1, 
            "get movin' strapped on the ear": 1, 
            "get nice get loose and goof": 1, 
            "give a damn 'cause i'm rockin'": 1, 
            "giving out a shout for much": 1, 
            "goggles and what did i see": 1, 
            "goof my little slice of life": 1, 
            "hand not playin' the roll just": 1, 
            "harmony": 1, 
            "how you doing there's a new": 1, 
            "i am and if you try": 1, 
            "i couldn't give a damn 'cause": 1, 
            "i ever really want to do": 1, 
            "i jump up on the stage": 1, 
            "i love it when i see": 1, 
            "i see but the music brought": 1, 
            "i see the party people get": 1, 
            "i'm mike d and it's been": 1, 
            "i'm rockin' bass from the back": 1, 
            "i'm using i'm mike d and": 1, 
            "if you try to dis me": 1, 
            "in my hand not playin' the": 1, 
            "inspiration all i ever really want": 1, 
            "into harmony": 1, 
            "is a type of kinda like": 1, 
            "is get nice get loose and": 1, 
            "is shining let's roll back the": 1, 
            "is what i'm using i'm mike": 1, 
            "it when i see the party": 1, 
            "it's a brand new morning for": 1, 
            "it's been proven i love it": 1, 
            "jump up on the stage and": 1, 
            "just being who i am and": 1, 
            "kinda like a formal dedication giving": 1, 
            "land i jump up on the": 1, 
            "let's roll back the awning this": 1, 
            "life sendin' out love to all": 1, 
            "like a formal dedication giving out": 1, 
            "little slice of life sendin' out": 1, 
            "long while there's been such a": 1, 
            "longing but now the sun is": 1, 
            "loose and goof my little slice": 1, 
            "love it when i see the": 1, 
            "love to all corners of the": 1, 
            "me i couldn't give a damn": 1, 
            "mic in my hand not playin'": 1, 
            "mike d and it's been proven": 1, 
            "morning for such a long while": 1, 
            "mother it's a brand new morning": 1, 
            "movin' strapped on the ear goggles": 1, 
            "much inspiration all i ever really": 1, 
            "music brought the people into harmony": 1, 
            "my car feels soothing eight bazookas": 1, 
            "my hand not playin' the roll": 1, 
            "my little slice of life sendin'": 1, 
            "new day dawning for the earth": 1, 
            "new morning for such a long": 1, 
            "nice get loose and goof my": 1, 
            "not playin' the roll just being": 1, 
            "now the sun is shining let's": 1, 
            "of kinda like a formal dedication": 1, 
            "of life sendin' out love to": 1, 
            "of my car feels soothing eight": 1, 
            "of the land i jump up": 1, 
            "on the ear goggles and what": 1, 
            "on the stage and take the": 1, 
            "out a shout for much inspiration": 1, 
            "out love to all corners of": 1, 
            "party people get movin' strapped on": 1, 
            "people get movin' strapped on the": 1, 
            "people how you doing there's a": 1, 
            "people into harmony": 1, 
            "playin' the roll just being who": 1, 
            "proven i love it when i": 1, 
            "really want to do is get": 1, 
            "rockin' bass from the back of": 1, 
            "roll back the awning this is": 1, 
            "roll just being who i am": 1, 
            "see but the music brought the": 1, 
            "see the party people get movin'": 1, 
            "sendin' out love to all corners": 1, 
            "shining let's roll back the awning": 1, 
            "shout for much inspiration all i": 1, 
            "slice of life sendin' out love": 1, 
            "soothing eight bazookas is what i'm": 1, 
            "stage and take the mic in": 1, 
            "strapped on the ear goggles and": 1, 
            "such a long while there's been": 1, 
            "such a longing but now the": 1, 
            "sun is shining let's roll back": 1, 
            "take the mic in my hand": 1, 
            "the awning this is a type": 1, 
            "the back of my car feels": 1, 
            "the ear goggles and what did": 1, 
            "the earth mother it's a brand": 1, 
            "the land i jump up on": 1, 
            "the mic in my hand not": 1, 
            "the music brought the people into": 1, 
            "the party people get movin' strapped": 1, 
            "the people into harmony": 1, 
            "the roll just being who i": 1, 
            "the stage and take the mic": 1, 
            "the sun is shining let's roll": 1, 
            "there's a new day dawning for": 1, 
            "there's been such a longing but": 1, 
            "this is a type of kinda": 1, 
            "to all corners of the land": 1, 
            "to dis me i couldn't give": 1, 
            "to do is get nice get": 1, 
            "try to dis me i couldn't": 1, 
            "type of kinda like a formal": 1, 
            "up on the stage and take": 1, 
            "using i'm mike d and it's": 1, 
            "want to do is get nice": 1, 
            "what did i see but the": 1, 
            "what i'm using i'm mike d": 1, 
            "when i see the party people": 1, 
            "while there's been such a longing": 1, 
            "who i am and if you": 1, 
            "you doing there's a new day": 1, 
            "you try to dis me i": 1
        }, 
        "7": {
            "": 647, 
            "'cause i'm rockin' bass from the back": 1, 
            "a brand new morning for such a": 1, 
            "a damn 'cause i'm rockin' bass from": 1, 
            "a formal dedication giving out a shout": 1, 
            "a long while there's been such a": 1, 
            "a longing but now the sun is": 1, 
            "a new day dawning for the earth": 1, 
            "a shout for much inspiration all i": 1, 
            "a type of kinda like a formal": 1, 
            "all corners of the land i jump": 1, 
            "all i ever really want to do": 1, 
            "am and if you try to dis": 1, 
            "and goof my little slice of life": 1, 
            "and if you try to dis me": 1, 
            "and it's been proven i love it": 1, 
            "and take the mic in my hand": 1, 
            "and what did i see but the": 1, 
            "awning this is a type of kinda": 1, 
            "back of my car feels soothing eight": 1, 
            "back the awning this is a type": 1, 
            "bass from the back of my car": 1, 
            "bazookas is what i'm using i'm mike": 1, 
            "been proven i love it when i": 1, 
            "been such a longing but now the": 1, 
            "being who i am and if you": 1, 
            "brand new morning for such a long": 1, 
            "brought the people into harmony": 1, 
            "but now the sun is shining let's": 1, 
            "but the music brought the people into": 1, 
            "car feels soothing eight bazookas is what": 1, 
            "corners of the land i jump up": 1, 
            "couldn't give a damn 'cause i'm rockin'": 1, 
            "d and it's been proven i love": 1, 
            "damn 'cause i'm rockin' bass from the": 1, 
            "dawning for the earth mother it's a": 1, 
            "day dawning for the earth mother it's": 1, 
            "dedication giving out a shout for much": 1, 
            "did i see but the music brought": 1, 
            "dis me i couldn't give a damn": 1, 
            "do is get nice get loose and": 1, 
            "doing there's a new day dawning for": 1, 
            "ear goggles and what did i see": 1, 
            "earth mother it's a brand new morning": 1, 
            "eight bazookas is what i'm using i'm": 1, 
            "ever really want to do is get": 1, 
            "feels soothing eight bazookas is what i'm": 1, 
            "for much inspiration all i ever really": 1, 
            "for such a long while there's been": 1, 
            "for the earth mother it's a brand": 1, 
            "formal dedication giving out a shout for": 1, 
            "from the back of my car feels": 1, 
            "get loose and goof my little slice": 1, 
            "get movin' strapped on the ear goggles": 1, 
            "get nice get loose and goof my": 1, 
            "give a damn 'cause i'm rockin' bass": 1, 
            "giving out a shout for much inspiration": 1, 
            "goggles and what did i see but": 1, 
            "goof my little slice of life sendin'": 1, 
            "hand not playin' the roll just being": 1, 
            "harmony": 1, 
            "how you doing there's a new day": 1, 
            "i am and if you try to": 1, 
            "i couldn't give a damn 'cause i'm": 1, 
            "i ever really want to do is": 1, 
            "i jump up on the stage and": 1, 
            "i love it when i see the": 1, 
            "i see but the music brought the": 1, 
            "i see the party people get movin'": 1, 
            "i'm mike d and it's been proven": 1, 
            "i'm rockin' bass from the back of": 1, 
            "i'm using i'm mike d and it's": 1, 
            "if you try to dis me i": 1, 
            "in my hand not playin' the roll": 1, 
            "inspiration all i ever really want to": 1, 
            "into harmony": 1, 
            "is a type of kinda like a": 1, 
            "is get nice get loose and goof": 1, 
            "is shining let's roll back the awning": 1, 
            "is what i'm using i'm mike d": 1, 
            "it when i see the party people": 1, 
            "it's a brand new morning for such": 1, 
            "it's been proven i love it when": 1, 
            "jump up on the stage and take": 1, 
            "just being who i am and if": 1, 
            "kinda like a formal dedication giving out": 1, 
            "land i jump up on the stage": 1, 
            "let's roll back the awning this is": 1, 
            "life sendin' out love to all corners": 1, 
            "like a formal dedication giving out a": 1, 
            "little slice of life sendin' out love": 1, 
            "long while there's been such a longing": 1, 
            "longing but now the sun is shining": 1, 
            "loose and goof my little slice of": 1, 
            "love it when i see the party": 1, 
            "love to all corners of the land": 1, 
            "me i couldn't give a damn 'cause": 1, 
            "mic in my hand not playin' the": 1, 
            "mike d and it's been proven i": 1, 
            "morning for such a long while there's": 1, 
            "mother it's a brand new morning for": 1, 
            "movin' strapped on the ear goggles and": 1, 
            "much inspiration all i ever really want": 1, 
            "music brought the people into harmony": 1, 
            "my car feels soothing eight bazookas is": 1, 
            "my hand not playin' the roll just": 1, 
            "my little slice of life sendin' out": 1, 
            "new day dawning for the earth mother": 1, 
            "new morning for such a long while": 1, 
            "nice get loose and goof my little": 1, 
            "not playin' the roll just being who": 1, 
            "now the sun is shining let's roll": 1, 
            "of kinda like a formal dedication giving": 1, 
            "of life sendin' out love to all": 1, 
            "of my car feels soothing eight bazookas": 1, 
            "of the land i jump up on": 1, 
            "on the ear goggles and what did": 1, 
            "on the stage and take the mic": 1, 
            "out a shout for much inspiration all": 1, 
            "out love to all corners of the": 1, 
            "party people get movin' strapped on the": 1, 
            "people get movin' strapped on the ear": 1, 
            "people how you doing there's a new": 1, 
            "people into harmony": 1, 
            "playin' the roll just being who i": 1, 
            "proven i love it when i see": 1, 
            "really want to do is get nice": 1, 
            "rockin' bass from the back of my": 1, 
            "roll back the awning this is a": 1, 
            "roll just being who i am and": 1, 
            "see but the music brought the people": 1, 
            "see the party people get movin' strapped": 1, 
            "sendin' out love to all corners of": 1, 
            "shining let's roll back the awning this": 1, 
            "shout for much inspiration all i ever": 1, 
            "slice of life sendin' out love to": 1, 
            "soothing eight bazookas is what i'm using": 1, 
            "stage and take the mic in my": 1, 
            "strapped on the ear goggles and what": 1, 
            "such a long while there's been such": 1, 
            "such a longing but now the sun": 1, 
            "sun is shining let's roll back the": 1, 
            "take the mic in my hand not": 1, 
            "the awning this is a type of": 1, 
            "the back of my car feels soothing": 1, 
            "the ear goggles and what did i": 1, 
            "the earth mother it's a brand new": 1, 
            "the land i jump up on the": 1, 
            "the mic in my hand not playin'": 1, 
            "the music brought the people into harmony": 1, 
            "the party people get movin' strapped on": 1, 
            "the people into harmony": 1, 
            "the roll just being who i am": 1, 
            "the stage and take the mic in": 1, 
            "the sun is shining let's roll back": 1, 
            "there's a new day dawning for the": 1, 
            "there's been such a longing but now": 1, 
            "this is a type of kinda like": 1, 
            "to all corners of the land i": 1, 
            "to dis me i couldn't give a": 1, 
            "to do is get nice get loose": 1, 
            "try to dis me i couldn't give": 1, 
            "type of kinda like a formal dedication": 1, 
            "up on the stage and take the": 1, 
            "using i'm mike d and it's been": 1, 
            "want to do is get nice get": 1, 
            "what did i see but the music": 1, 
            "what i'm using i'm mike d and": 1, 
            "when i see the party people get": 1, 
            "while there's been such a longing but": 1, 
            "who i am and if you try": 1, 
            "you doing there's a new day dawning": 1, 
            "you try to dis me i couldn't": 1
        }, 
        "8": {
            "": 646, 
            "'cause i'm rockin' bass from the back of": 1, 
            "a brand new morning for such a long": 1, 
            "a damn 'cause i'm rockin' bass from the": 1, 
            "a formal dedication giving out a shout for": 1, 
            "a long while there's been such a longing": 1, 
            "a longing but now the sun is shining": 1, 
            "a new day dawning for the earth mother": 1, 
            "a shout for much inspiration all i ever": 1, 
            "a type of kinda like a formal dedication": 1, 
            "all corners of the land i jump up": 1, 
            "all i ever really want to do is": 1, 
            "am and if you try to dis me": 1, 
            "and goof my little slice of life sendin'": 1, 
            "and if you try to dis me i": 1, 
            "and it's been proven i love it when": 1, 
            "and take the mic in my hand not": 1, 
            "and what did i see but the music": 1, 
            "awning this is a type of kinda like": 1, 
            "back of my car feels soothing eight bazookas": 1, 
            "back the awning this is a type of": 1, 
            "bass from the back of my car feels": 1, 
            "bazookas is what i'm using i'm mike d": 1, 
            "been proven i love it when i see": 1, 
            "been such a longing but now the sun": 1, 
            "being who i am and if you try": 1, 
            "brand new morning for such a long while": 1, 
            "brought the people into harmony": 1, 
            "but now the sun is shining let's roll": 1, 
            "but the music brought the people into harmony": 1, 
            "car feels soothing eight bazookas is what i'm": 1, 
            "corners of the land i jump up on": 1, 
            "couldn't give a damn 'cause i'm rockin' bass": 1, 
            "d and it's been proven i love it": 1, 
            "damn 'cause i'm rockin' bass from the back": 1, 
            "dawning for the earth mother it's a brand": 1, 
            "day dawning for the earth mother it's a": 1, 
            "dedication giving out a shout for much inspiration": 1, 
            "did i see but the music brought the": 1, 
            "dis me i couldn't give a damn 'cause": 1, 
            "do is get nice get loose and goof": 1, 
            "doing there's a new day dawning for the": 1, 
            "ear goggles and what did i see but": 1, 
            "earth mother it's a brand new morning for": 1, 
            "eight bazookas is what i'm using i'm mike": 1, 
            "ever really want to do is get nice": 1, 
            "feels soothing eight bazookas is what i'm using": 1, 
            "for much inspiration all i ever really want": 1, 
            "for such a long while there's been such": 1, 
            "for the earth mother it's a brand new": 1, 
            "formal dedication giving out a shout for much": 1, 
            "from the back of my car feels soothing": 1, 
            "get loose and goof my little slice of": 1, 
            "get movin' strapped on the ear goggles and": 1, 
            "get nice get loose and goof my little": 1, 
            "give a damn 'cause i'm rockin' bass from": 1, 
            "giving out a shout for much inspiration all": 1, 
            "goggles and what did i see but the": 1, 
            "goof my little slice of life sendin' out": 1, 
            "hand not playin' the roll just being who": 1, 
            "harmony": 1, 
            "how you doing there's a new day dawning": 1, 
            "i am and if you try to dis": 1, 
            "i couldn't give a damn 'cause i'm rockin'": 1, 
            "i ever really want to do is get": 1, 
            "i jump up on the stage and take": 1, 
            "i love it when i see the party": 1, 
            "i see but the music brought the people": 1, 
            "i see the party people get movin' strapped": 1, 
            "i'm mike d and it's been proven i": 1, 
            "i'm rockin' bass from the back of my": 1, 
            "i'm using i'm mike d and it's been": 1, 
            "if you try to dis me i couldn't": 1, 
            "in my hand not playin' the roll just": 1, 
            "inspiration all i ever really want to do": 1, 
            "into harmony": 1, 
            "is a type of kinda like a formal": 1, 
            "is get nice get loose and goof my": 1, 
            "is shining let's roll back the awning this": 1, 
            "is what i'm using i'm mike d and": 1, 
            "it when i see the party people get": 1, 
            "it's a brand new morning for such a": 1, 
            "it's been proven i love it when i": 1, 
            "jump up on the stage and take the": 1, 
            "just being who i am and if you": 1, 
            "kinda like a formal dedication giving out a": 1, 
            "land i jump up on the stage and": 1, 
            "let's roll back the awning this is a": 1, 
            "life sendin' out love to all corners of": 1, 
            "like a formal dedication giving out a shout": 1, 
            "little slice of life sendin' out love to": 1, 
            "long while there's been such a longing but": 1, 
            "longing but now the sun is shining let's": 1, 
            "loose and goof my little slice of life": 1, 
            "love it when i see the party people": 1, 
            "love to all corners of the land i": 1, 
            "me i couldn't give a damn 'cause i'm": 1, 
            "mic in my hand not playin' the roll": 1, 
            "mike d and it's been proven i love": 1, 
            "morning for such a long while there's been": 1, 
            "mother it's a brand new morning for such": 1, 
            "movin' strapped on the ear goggles and what": 1, 
            "much inspiration all i ever really want to": 1, 
            "music brought the people into harmony": 1, 
            "my car feels soothing eight bazookas is what": 1, 
            "my hand not playin' the roll just being": 1, 
            "my little slice of life sendin' out love": 1, 
            "new day dawning for the earth mother it's": 1, 
            "new morning for such a long while there's": 1, 
            "nice get loose and goof my little slice": 1, 
            "not playin' the roll just being who i": 1, 
            "now the sun is shining let's roll back": 1, 
            "of kinda like a formal dedication giving out": 1, 
            "of life sendin' out love to all corners": 1, 
            "of my car feels soothing eight bazookas is": 1, 
            "of the land i jump up on the": 1, 
            "on the ear goggles and what did i": 1, 
            "on the stage and take the mic in": 1, 
            "out a shout for much inspiration all i": 1, 
            "out love to all corners of the land": 1, 
            "party people get movin' strapped on the ear": 1, 
            "people get movin' strapped on the ear goggles": 1, 
            "people how you doing there's a new day": 1, 
            "people into harmony": 1, 
            "playin' the roll just being who i am": 1, 
            "proven i love it when i see the": 1, 
            "really want to do is get nice get": 1, 
            "rockin' bass from the back of my car": 1, 
            "roll back the awning this is a type": 1, 
            "roll just being who i am and if": 1, 
            "see but the music brought the people into": 1, 
            "see the party people get movin' strapped on": 1, 
            "sendin' out love to all corners of the": 1, 
            "shining let's roll back the awning this is": 1, 
            "shout for much inspiration all i ever really": 1, 
            "slice of life sendin' out love to all": 1, 
            "soothing eight bazookas is what i'm using i'm": 1, 
            "stage and take the mic in my hand": 1, 
            "strapped on the ear goggles and what did": 1, 
            "such a long while there's been such a": 1, 
            "such a longing but now the sun is": 1, 
            "sun is shining let's roll back the awning": 1, 
            "take the mic in my hand not playin'": 1, 
            "the awning this is a type of kinda": 1, 
            "the back of my car feels soothing eight": 1, 
            "the ear goggles and what did i see": 1, 
            "the earth mother it's a brand new morning": 1, 
            "the land i jump up on the stage": 1, 
            "the mic in my hand not playin' the": 1, 
            "the music brought the people into harmony": 1, 
            "the party people get movin' strapped on the": 1, 
            "the people into harmony": 1, 
            "the roll just being who i am and": 1, 
            "the stage and take the mic in my": 1, 
            "the sun is shining let's roll back the": 1, 
            "there's a new day dawning for the earth": 1, 
            "there's been such a longing but now the": 1, 
            "this is a type of kinda like a": 1, 
            "to all corners of the land i jump": 1, 
            "to dis me i couldn't give a damn": 1, 
            "to do is get nice get loose and": 1, 
            "try to dis me i couldn't give a": 1, 
            "type of kinda like a formal dedication giving": 1, 
            "up on the stage and take the mic": 1, 
            "using i'm mike d and it's been proven": 1, 
            "want to do is get nice get loose": 1, 
            "what did i see but the music brought": 1, 
            "what i'm using i'm mike d and it's": 1, 
            "when i see the party people get movin'": 1, 
            "while there's been such a longing but now": 1, 
            "who i am and if you try to": 1, 
            "you doing there's a new day dawning for": 1, 
            "you try to dis me i couldn't give": 1
        }
    }, 
    "song_title": "Jimmy James", 
    "total_words": [
        172, 
        {
            "'cause": 1, 
            "a": 8, 
            "all": 2, 
            "am": 1, 
            "and": 5, 
            "awning": 1, 
            "back": 2, 
            "bass": 1, 
            "bazookas": 1, 
            "been": 2, 
            "being": 1, 
            "brand": 1, 
            "brought": 1, 
            "but": 2, 
            "car": 1, 
            "corners": 1, 
            "couldn't": 1, 
            "d": 1, 
            "damn": 1, 
            "dawning": 1, 
            "day": 1, 
            "dedication": 1, 
            "did": 1, 
            "dis": 1, 
            "do": 1, 
            "doing": 1, 
            "ear": 1, 
            "earth": 1, 
            "eight": 1, 
            "ever": 1, 
            "feels": 1, 
            "for": 3, 
            "formal": 1, 
            "from": 1, 
            "get": 3, 
            "give": 1, 
            "giving": 1, 
            "goggles": 1, 
            "goof": 1, 
            "hand": 1, 
            "harmony": 1, 
            "how": 1, 
            "i": 7, 
            "i'm": 3, 
            "if": 1, 
            "in": 1, 
            "inspiration": 1, 
            "into": 1, 
            "is": 4, 
            "it": 1, 
            "it's": 2, 
            "jump": 1, 
            "just": 1, 
            "kinda": 1, 
            "land": 1, 
            "let's": 1, 
            "life": 1, 
            "like": 1, 
            "little": 1, 
            "long": 1, 
            "longing": 1, 
            "loose": 1, 
            "love": 2, 
            "me": 1, 
            "mic": 1, 
            "mike": 1, 
            "morning": 1, 
            "mother": 1, 
            "movin'": 1, 
            "much": 1, 
            "music": 1, 
            "my": 3, 
            "new": 2, 
            "nice": 1, 
            "not": 1, 
            "now": 1, 
            "of": 4, 
            "on": 2, 
            "out": 2, 
            "party": 1, 
            "people": 3, 
            "playin'": 1, 
            "proven": 1, 
            "really": 1, 
            "rockin'": 1, 
            "roll": 2, 
            "see": 2, 
            "sendin'": 1, 
            "shining": 1, 
            "shout": 1, 
            "slice": 1, 
            "soothing": 1, 
            "stage": 1, 
            "strapped": 1, 
            "such": 2, 
            "sun": 1, 
            "take": 1, 
            "the": 12, 
            "there's": 2, 
            "this": 1, 
            "to": 3, 
            "try": 1, 
            "type": 1, 
            "up": 1, 
            "using": 1, 
            "want": 1, 
            "what": 2, 
            "when": 1, 
            "while": 1, 
            "who": 1, 
            "you": 2
        }
    ], 
    "unique_words": [
        111, 
        [
            "all", 
            "love", 
            "dawning", 
            "just", 
            "being", 
            "into", 
            "soothing", 
            "brought", 
            "goggles", 
            "been", 
            "couldn't", 
            "kinda", 
            "earth", 
            "rockin'", 
            "strapped", 
            "little", 
            "now", 
            "from", 
            "bazookas", 
            "it's", 
            "give", 
            "long", 
            "to", 
            "shout", 
            "much", 
            "damn", 
            "music", 
            "stage", 
            "type", 
            "harmony", 
            "goof", 
            "life", 
            "get", 
            "brand", 
            "but", 
            "back", 
            "feels", 
            "party", 
            "not", 
            "using", 
            "ear", 
            "day", 
            "formal", 
            "me", 
            "like", 
            "this", 
            "corners", 
            "up", 
            "morning", 
            "try", 
            "did", 
            "while", 
            "car", 
            "my", 
            "dis", 
            "and", 
            "on", 
            "people", 
            "doing", 
            "is", 
            "am", 
            "mike", 
            "proven", 
            "d", 
            "jump", 
            "see", 
            "movin'", 
            "want", 
            "in", 
            "out", 
            "sendin'", 
            "what", 
            "slice", 
            "for", 
            "giving", 
            "sun", 
            "mic", 
            "when", 
            "how", 
            "there's", 
            "take", 
            "it", 
            "new", 
            "you", 
            "really", 
            "ever", 
            "roll", 
            "nice", 
            "loose", 
            "bass", 
            "do", 
            "who", 
            "shining", 
            "let's", 
            "if", 
            "'cause", 
            "dedication", 
            "such", 
            "hand", 
            "the", 
            "inspiration", 
            "a", 
            "longing", 
            "land", 
            "i", 
            "of", 
            "playin'", 
            "mother", 
            "awning", 
            "eight", 
            "i'm"
        ]
    ], 
    "year": 1992
}