{
    "album": "Check Your Head", 
    "artist": "Beastie Boys", 
    "lyrics": "Lighten Up Shine Like The Sun\n", 
    "ngrams": {
        "2": {
            "": 22, 
            "lighten up": 1, 
            "like the": 1, 
            "shine like": 1, 
            "sun": 1, 
            "the sun": 1, 
            "up shine": 1
        }, 
        "3": {
            "": 21, 
            "lighten up shine": 1, 
            "like the sun": 1, 
            "shine like the": 1, 
            "sun": 1, 
            "the sun": 1, 
            "up shine like": 1
        }, 
        "4": {
            "": 20, 
            "lighten up shine like": 1, 
            "like the sun": 1, 
            "shine like the sun": 1, 
            "sun": 1, 
            "the sun": 1, 
            "up shine like the": 1
        }, 
        "5": {
            "": 19, 
            "lighten up shine like the": 1, 
            "like the sun": 1, 
            "shine like the sun": 1, 
            "sun": 1, 
            "the sun": 1, 
            "up shine like the sun": 1
        }, 
        "6": {
            "": 18, 
            "lighten up shine like the sun": 1, 
            "like the sun": 1, 
            "shine like the sun": 1, 
            "sun": 1, 
            "the sun": 1, 
            "up shine like the sun": 1
        }, 
        "7": {
            "": 17, 
            "lighten up shine like the sun": 1, 
            "like the sun": 1, 
            "shine like the sun": 1, 
            "sun": 1, 
            "the sun": 1, 
            "up shine like the sun": 1
        }, 
        "8": {
            "": 16, 
            "lighten up shine like the sun": 1, 
            "like the sun": 1, 
            "shine like the sun": 1, 
            "sun": 1, 
            "the sun": 1, 
            "up shine like the sun": 1
        }
    }, 
    "song_title": "Lighten Up", 
    "total_words": [
        6, 
        {
            "lighten": 1, 
            "like": 1, 
            "shine": 1, 
            "sun": 1, 
            "the": 1, 
            "up": 1
        }
    ], 
    "unique_words": [
        6, 
        [
            "shine", 
            "the", 
            "like", 
            "sun", 
            "lighten", 
            "up"
        ]
    ], 
    "year": 1992
}