{
    "album": "Check Your Head", 
    "artist": "Beastie Boys", 
    "lyrics": "Well,\nBack to the beat y'all,\nDown with the sound so sweet y'all\nJust how fresh can you get y'all\nThose that are blessed say yes y'all\n'Cause I'm a come inside and do my thing\nI'm gonna take off my drawers and let myself swing\nTantalize my tummy with a boo boo snack\nBut now I got to get back\n\nGonna break it down to the nitty grit\nGonna tell you motherfuckers Why you ain't shit\n'Cause suckers like you Just make me strong\nWhen you're popping that bullshit all day long\n\nI'm gonna bust my shoes I'm gonna bust my socks\nI'm gonna spread my word From standing on this box\nThis drive through world it just ain't right\nGonna run to Joe and Tony's And get my hair cut nice\n\nWell come on y'all and let's work it out\nI'm trying to get up So don't you get me down\nLife I love you now give me a pound\nUp from the frying pan into the fire\nLook within and try to admire, yeh\nWhat's going on Y'all\n", 
    "ngrams": {
        "2": {
            "": 704, 
            "'cause i'm": 1, 
            "'cause suckers": 1, 
            "a boo": 1, 
            "a come": 1, 
            "a pound": 1, 
            "admire, yeh": 1, 
            "ain't right": 1, 
            "ain't shit": 1, 
            "all day": 1, 
            "and do": 1, 
            "and get": 1, 
            "and let": 1, 
            "and let's": 1, 
            "and tony's": 1, 
            "and try": 1, 
            "are blessed": 1, 
            "back gonna": 1, 
            "back to": 1, 
            "beat y'all,": 1, 
            "blessed say": 1, 
            "boo boo": 1, 
            "boo snack": 1, 
            "box this": 1, 
            "break it": 1, 
            "bullshit all": 1, 
            "bust my": 2, 
            "but now": 1, 
            "can you": 1, 
            "come inside": 1, 
            "come on": 1, 
            "cut nice": 1, 
            "day long": 1, 
            "do my": 1, 
            "don't you": 1, 
            "down life": 1, 
            "down to": 1, 
            "down with": 1, 
            "drawers and": 1, 
            "drive through": 1, 
            "fire look": 1, 
            "fresh can": 1, 
            "from standing": 1, 
            "from the": 1, 
            "frying pan": 1, 
            "get back": 1, 
            "get me": 1, 
            "get my": 1, 
            "get up": 1, 
            "get y'all": 1, 
            "give me": 1, 
            "going on": 1, 
            "gonna break": 1, 
            "gonna bust": 2, 
            "gonna run": 1, 
            "gonna spread": 1, 
            "gonna take": 1, 
            "gonna tell": 1, 
            "got to": 1, 
            "grit gonna": 1, 
            "hair cut": 1, 
            "how fresh": 1, 
            "i got": 1, 
            "i love": 1, 
            "i'm a": 1, 
            "i'm gonna": 4, 
            "i'm trying": 1, 
            "inside and": 1, 
            "into the": 1, 
            "it down": 1, 
            "it just": 1, 
            "it out": 1, 
            "joe and": 1, 
            "just ain't": 1, 
            "just how": 1, 
            "just make": 1, 
            "let myself": 1, 
            "let's work": 1, 
            "life i": 1, 
            "like you": 1, 
            "long i'm": 1, 
            "look within": 1, 
            "love you": 1, 
            "make me": 1, 
            "me a": 1, 
            "me down": 1, 
            "me strong": 1, 
            "motherfuckers why": 1, 
            "my drawers": 1, 
            "my hair": 1, 
            "my shoes": 1, 
            "my socks": 1, 
            "my thing": 1, 
            "my tummy": 1, 
            "my word": 1, 
            "myself swing": 1, 
            "nice well": 1, 
            "nitty grit": 1, 
            "now give": 1, 
            "now i": 1, 
            "off my": 1, 
            "on this": 1, 
            "on y'all": 2, 
            "out i'm": 1, 
            "pan into": 1, 
            "popping that": 1, 
            "pound up": 1, 
            "right gonna": 1, 
            "run to": 1, 
            "say yes": 1, 
            "shit 'cause": 1, 
            "shoes i'm": 1, 
            "snack but": 1, 
            "so don't": 1, 
            "so sweet": 1, 
            "socks i'm": 1, 
            "sound so": 1, 
            "spread my": 1, 
            "standing on": 1, 
            "strong when": 1, 
            "suckers like": 1, 
            "sweet y'all": 1, 
            "swing tantalize": 1, 
            "take off": 1, 
            "tantalize my": 1, 
            "tell you": 1, 
            "that are": 1, 
            "that bullshit": 1, 
            "the beat": 1, 
            "the fire": 1, 
            "the frying": 1, 
            "the nitty": 1, 
            "the sound": 1, 
            "thing i'm": 1, 
            "this box": 1, 
            "this drive": 1, 
            "those that": 1, 
            "through world": 1, 
            "to admire,": 1, 
            "to get": 2, 
            "to joe": 1, 
            "to the": 2, 
            "tony's and": 1, 
            "try to": 1, 
            "trying to": 1, 
            "tummy with": 1, 
            "up from": 1, 
            "up so": 1, 
            "well come": 1, 
            "well, back": 1, 
            "what's going": 1, 
            "when you're": 1, 
            "why you": 1, 
            "with a": 1, 
            "with the": 1, 
            "within and": 1, 
            "word from": 1, 
            "work it": 1, 
            "world it": 1, 
            "y'all": 1, 
            "y'all 'cause": 1, 
            "y'all and": 1, 
            "y'all just": 1, 
            "y'all those": 1, 
            "y'all, down": 1, 
            "yeh what's": 1, 
            "yes y'all": 1, 
            "you ain't": 1, 
            "you get": 2, 
            "you just": 1, 
            "you motherfuckers": 1, 
            "you now": 1, 
            "you're popping": 1
        }, 
        "3": {
            "": 703, 
            "'cause i'm a": 1, 
            "'cause suckers like": 1, 
            "a boo boo": 1, 
            "a come inside": 1, 
            "a pound up": 1, 
            "admire, yeh what's": 1, 
            "ain't right gonna": 1, 
            "ain't shit 'cause": 1, 
            "all day long": 1, 
            "and do my": 1, 
            "and get my": 1, 
            "and let myself": 1, 
            "and let's work": 1, 
            "and tony's and": 1, 
            "and try to": 1, 
            "are blessed say": 1, 
            "back gonna break": 1, 
            "back to the": 1, 
            "beat y'all, down": 1, 
            "blessed say yes": 1, 
            "boo boo snack": 1, 
            "boo snack but": 1, 
            "box this drive": 1, 
            "break it down": 1, 
            "bullshit all day": 1, 
            "bust my shoes": 1, 
            "bust my socks": 1, 
            "but now i": 1, 
            "can you get": 1, 
            "come inside and": 1, 
            "come on y'all": 1, 
            "cut nice well": 1, 
            "day long i'm": 1, 
            "do my thing": 1, 
            "don't you get": 1, 
            "down life i": 1, 
            "down to the": 1, 
            "down with the": 1, 
            "drawers and let": 1, 
            "drive through world": 1, 
            "fire look within": 1, 
            "fresh can you": 1, 
            "from standing on": 1, 
            "from the frying": 1, 
            "frying pan into": 1, 
            "get back gonna": 1, 
            "get me down": 1, 
            "get my hair": 1, 
            "get up so": 1, 
            "get y'all those": 1, 
            "give me a": 1, 
            "going on y'all": 1, 
            "gonna break it": 1, 
            "gonna bust my": 2, 
            "gonna run to": 1, 
            "gonna spread my": 1, 
            "gonna take off": 1, 
            "gonna tell you": 1, 
            "got to get": 1, 
            "grit gonna tell": 1, 
            "hair cut nice": 1, 
            "how fresh can": 1, 
            "i got to": 1, 
            "i love you": 1, 
            "i'm a come": 1, 
            "i'm gonna bust": 2, 
            "i'm gonna spread": 1, 
            "i'm gonna take": 1, 
            "i'm trying to": 1, 
            "inside and do": 1, 
            "into the fire": 1, 
            "it down to": 1, 
            "it just ain't": 1, 
            "it out i'm": 1, 
            "joe and tony's": 1, 
            "just ain't right": 1, 
            "just how fresh": 1, 
            "just make me": 1, 
            "let myself swing": 1, 
            "let's work it": 1, 
            "life i love": 1, 
            "like you just": 1, 
            "long i'm gonna": 1, 
            "look within and": 1, 
            "love you now": 1, 
            "make me strong": 1, 
            "me a pound": 1, 
            "me down life": 1, 
            "me strong when": 1, 
            "motherfuckers why you": 1, 
            "my drawers and": 1, 
            "my hair cut": 1, 
            "my shoes i'm": 1, 
            "my socks i'm": 1, 
            "my thing i'm": 1, 
            "my tummy with": 1, 
            "my word from": 1, 
            "myself swing tantalize": 1, 
            "nice well come": 1, 
            "nitty grit gonna": 1, 
            "now give me": 1, 
            "now i got": 1, 
            "off my drawers": 1, 
            "on this box": 1, 
            "on y'all": 1, 
            "on y'all and": 1, 
            "out i'm trying": 1, 
            "pan into the": 1, 
            "popping that bullshit": 1, 
            "pound up from": 1, 
            "right gonna run": 1, 
            "run to joe": 1, 
            "say yes y'all": 1, 
            "shit 'cause suckers": 1, 
            "shoes i'm gonna": 1, 
            "snack but now": 1, 
            "so don't you": 1, 
            "so sweet y'all": 1, 
            "socks i'm gonna": 1, 
            "sound so sweet": 1, 
            "spread my word": 1, 
            "standing on this": 1, 
            "strong when you're": 1, 
            "suckers like you": 1, 
            "sweet y'all just": 1, 
            "swing tantalize my": 1, 
            "take off my": 1, 
            "tantalize my tummy": 1, 
            "tell you motherfuckers": 1, 
            "that are blessed": 1, 
            "that bullshit all": 1, 
            "the beat y'all,": 1, 
            "the fire look": 1, 
            "the frying pan": 1, 
            "the nitty grit": 1, 
            "the sound so": 1, 
            "thing i'm gonna": 1, 
            "this box this": 1, 
            "this drive through": 1, 
            "those that are": 1, 
            "through world it": 1, 
            "to admire, yeh": 1, 
            "to get back": 1, 
            "to get up": 1, 
            "to joe and": 1, 
            "to the beat": 1, 
            "to the nitty": 1, 
            "tony's and get": 1, 
            "try to admire,": 1, 
            "trying to get": 1, 
            "tummy with a": 1, 
            "up from the": 1, 
            "up so don't": 1, 
            "well come on": 1, 
            "well, back to": 1, 
            "what's going on": 1, 
            "when you're popping": 1, 
            "why you ain't": 1, 
            "with a boo": 1, 
            "with the sound": 1, 
            "within and try": 1, 
            "word from standing": 1, 
            "work it out": 1, 
            "world it just": 1, 
            "y'all": 1, 
            "y'all 'cause i'm": 1, 
            "y'all and let's": 1, 
            "y'all just how": 1, 
            "y'all those that": 1, 
            "y'all, down with": 1, 
            "yeh what's going": 1, 
            "yes y'all 'cause": 1, 
            "you ain't shit": 1, 
            "you get me": 1, 
            "you get y'all": 1, 
            "you just make": 1, 
            "you motherfuckers why": 1, 
            "you now give": 1, 
            "you're popping that": 1
        }, 
        "4": {
            "": 702, 
            "'cause i'm a come": 1, 
            "'cause suckers like you": 1, 
            "a boo boo snack": 1, 
            "a come inside and": 1, 
            "a pound up from": 1, 
            "admire, yeh what's going": 1, 
            "ain't right gonna run": 1, 
            "ain't shit 'cause suckers": 1, 
            "all day long i'm": 1, 
            "and do my thing": 1, 
            "and get my hair": 1, 
            "and let myself swing": 1, 
            "and let's work it": 1, 
            "and tony's and get": 1, 
            "and try to admire,": 1, 
            "are blessed say yes": 1, 
            "back gonna break it": 1, 
            "back to the beat": 1, 
            "beat y'all, down with": 1, 
            "blessed say yes y'all": 1, 
            "boo boo snack but": 1, 
            "boo snack but now": 1, 
            "box this drive through": 1, 
            "break it down to": 1, 
            "bullshit all day long": 1, 
            "bust my shoes i'm": 1, 
            "bust my socks i'm": 1, 
            "but now i got": 1, 
            "can you get y'all": 1, 
            "come inside and do": 1, 
            "come on y'all and": 1, 
            "cut nice well come": 1, 
            "day long i'm gonna": 1, 
            "do my thing i'm": 1, 
            "don't you get me": 1, 
            "down life i love": 1, 
            "down to the nitty": 1, 
            "down with the sound": 1, 
            "drawers and let myself": 1, 
            "drive through world it": 1, 
            "fire look within and": 1, 
            "fresh can you get": 1, 
            "from standing on this": 1, 
            "from the frying pan": 1, 
            "frying pan into the": 1, 
            "get back gonna break": 1, 
            "get me down life": 1, 
            "get my hair cut": 1, 
            "get up so don't": 1, 
            "get y'all those that": 1, 
            "give me a pound": 1, 
            "going on y'all": 1, 
            "gonna break it down": 1, 
            "gonna bust my shoes": 1, 
            "gonna bust my socks": 1, 
            "gonna run to joe": 1, 
            "gonna spread my word": 1, 
            "gonna take off my": 1, 
            "gonna tell you motherfuckers": 1, 
            "got to get back": 1, 
            "grit gonna tell you": 1, 
            "hair cut nice well": 1, 
            "how fresh can you": 1, 
            "i got to get": 1, 
            "i love you now": 1, 
            "i'm a come inside": 1, 
            "i'm gonna bust my": 2, 
            "i'm gonna spread my": 1, 
            "i'm gonna take off": 1, 
            "i'm trying to get": 1, 
            "inside and do my": 1, 
            "into the fire look": 1, 
            "it down to the": 1, 
            "it just ain't right": 1, 
            "it out i'm trying": 1, 
            "joe and tony's and": 1, 
            "just ain't right gonna": 1, 
            "just how fresh can": 1, 
            "just make me strong": 1, 
            "let myself swing tantalize": 1, 
            "let's work it out": 1, 
            "life i love you": 1, 
            "like you just make": 1, 
            "long i'm gonna bust": 1, 
            "look within and try": 1, 
            "love you now give": 1, 
            "make me strong when": 1, 
            "me a pound up": 1, 
            "me down life i": 1, 
            "me strong when you're": 1, 
            "motherfuckers why you ain't": 1, 
            "my drawers and let": 1, 
            "my hair cut nice": 1, 
            "my shoes i'm gonna": 1, 
            "my socks i'm gonna": 1, 
            "my thing i'm gonna": 1, 
            "my tummy with a": 1, 
            "my word from standing": 1, 
            "myself swing tantalize my": 1, 
            "nice well come on": 1, 
            "nitty grit gonna tell": 1, 
            "now give me a": 1, 
            "now i got to": 1, 
            "off my drawers and": 1, 
            "on this box this": 1, 
            "on y'all": 1, 
            "on y'all and let's": 1, 
            "out i'm trying to": 1, 
            "pan into the fire": 1, 
            "popping that bullshit all": 1, 
            "pound up from the": 1, 
            "right gonna run to": 1, 
            "run to joe and": 1, 
            "say yes y'all 'cause": 1, 
            "shit 'cause suckers like": 1, 
            "shoes i'm gonna bust": 1, 
            "snack but now i": 1, 
            "so don't you get": 1, 
            "so sweet y'all just": 1, 
            "socks i'm gonna spread": 1, 
            "sound so sweet y'all": 1, 
            "spread my word from": 1, 
            "standing on this box": 1, 
            "strong when you're popping": 1, 
            "suckers like you just": 1, 
            "sweet y'all just how": 1, 
            "swing tantalize my tummy": 1, 
            "take off my drawers": 1, 
            "tantalize my tummy with": 1, 
            "tell you motherfuckers why": 1, 
            "that are blessed say": 1, 
            "that bullshit all day": 1, 
            "the beat y'all, down": 1, 
            "the fire look within": 1, 
            "the frying pan into": 1, 
            "the nitty grit gonna": 1, 
            "the sound so sweet": 1, 
            "thing i'm gonna take": 1, 
            "this box this drive": 1, 
            "this drive through world": 1, 
            "those that are blessed": 1, 
            "through world it just": 1, 
            "to admire, yeh what's": 1, 
            "to get back gonna": 1, 
            "to get up so": 1, 
            "to joe and tony's": 1, 
            "to the beat y'all,": 1, 
            "to the nitty grit": 1, 
            "tony's and get my": 1, 
            "try to admire, yeh": 1, 
            "trying to get up": 1, 
            "tummy with a boo": 1, 
            "up from the frying": 1, 
            "up so don't you": 1, 
            "well come on y'all": 1, 
            "well, back to the": 1, 
            "what's going on y'all": 1, 
            "when you're popping that": 1, 
            "why you ain't shit": 1, 
            "with a boo boo": 1, 
            "with the sound so": 1, 
            "within and try to": 1, 
            "word from standing on": 1, 
            "work it out i'm": 1, 
            "world it just ain't": 1, 
            "y'all": 1, 
            "y'all 'cause i'm a": 1, 
            "y'all and let's work": 1, 
            "y'all just how fresh": 1, 
            "y'all those that are": 1, 
            "y'all, down with the": 1, 
            "yeh what's going on": 1, 
            "yes y'all 'cause i'm": 1, 
            "you ain't shit 'cause": 1, 
            "you get me down": 1, 
            "you get y'all those": 1, 
            "you just make me": 1, 
            "you motherfuckers why you": 1, 
            "you now give me": 1, 
            "you're popping that bullshit": 1
        }, 
        "5": {
            "": 701, 
            "'cause i'm a come inside": 1, 
            "'cause suckers like you just": 1, 
            "a boo boo snack but": 1, 
            "a come inside and do": 1, 
            "a pound up from the": 1, 
            "admire, yeh what's going on": 1, 
            "ain't right gonna run to": 1, 
            "ain't shit 'cause suckers like": 1, 
            "all day long i'm gonna": 1, 
            "and do my thing i'm": 1, 
            "and get my hair cut": 1, 
            "and let myself swing tantalize": 1, 
            "and let's work it out": 1, 
            "and tony's and get my": 1, 
            "and try to admire, yeh": 1, 
            "are blessed say yes y'all": 1, 
            "back gonna break it down": 1, 
            "back to the beat y'all,": 1, 
            "beat y'all, down with the": 1, 
            "blessed say yes y'all 'cause": 1, 
            "boo boo snack but now": 1, 
            "boo snack but now i": 1, 
            "box this drive through world": 1, 
            "break it down to the": 1, 
            "bullshit all day long i'm": 1, 
            "bust my shoes i'm gonna": 1, 
            "bust my socks i'm gonna": 1, 
            "but now i got to": 1, 
            "can you get y'all those": 1, 
            "come inside and do my": 1, 
            "come on y'all and let's": 1, 
            "cut nice well come on": 1, 
            "day long i'm gonna bust": 1, 
            "do my thing i'm gonna": 1, 
            "don't you get me down": 1, 
            "down life i love you": 1, 
            "down to the nitty grit": 1, 
            "down with the sound so": 1, 
            "drawers and let myself swing": 1, 
            "drive through world it just": 1, 
            "fire look within and try": 1, 
            "fresh can you get y'all": 1, 
            "from standing on this box": 1, 
            "from the frying pan into": 1, 
            "frying pan into the fire": 1, 
            "get back gonna break it": 1, 
            "get me down life i": 1, 
            "get my hair cut nice": 1, 
            "get up so don't you": 1, 
            "get y'all those that are": 1, 
            "give me a pound up": 1, 
            "going on y'all": 1, 
            "gonna break it down to": 1, 
            "gonna bust my shoes i'm": 1, 
            "gonna bust my socks i'm": 1, 
            "gonna run to joe and": 1, 
            "gonna spread my word from": 1, 
            "gonna take off my drawers": 1, 
            "gonna tell you motherfuckers why": 1, 
            "got to get back gonna": 1, 
            "grit gonna tell you motherfuckers": 1, 
            "hair cut nice well come": 1, 
            "how fresh can you get": 1, 
            "i got to get back": 1, 
            "i love you now give": 1, 
            "i'm a come inside and": 1, 
            "i'm gonna bust my shoes": 1, 
            "i'm gonna bust my socks": 1, 
            "i'm gonna spread my word": 1, 
            "i'm gonna take off my": 1, 
            "i'm trying to get up": 1, 
            "inside and do my thing": 1, 
            "into the fire look within": 1, 
            "it down to the nitty": 1, 
            "it just ain't right gonna": 1, 
            "it out i'm trying to": 1, 
            "joe and tony's and get": 1, 
            "just ain't right gonna run": 1, 
            "just how fresh can you": 1, 
            "just make me strong when": 1, 
            "let myself swing tantalize my": 1, 
            "let's work it out i'm": 1, 
            "life i love you now": 1, 
            "like you just make me": 1, 
            "long i'm gonna bust my": 1, 
            "look within and try to": 1, 
            "love you now give me": 1, 
            "make me strong when you're": 1, 
            "me a pound up from": 1, 
            "me down life i love": 1, 
            "me strong when you're popping": 1, 
            "motherfuckers why you ain't shit": 1, 
            "my drawers and let myself": 1, 
            "my hair cut nice well": 1, 
            "my shoes i'm gonna bust": 1, 
            "my socks i'm gonna spread": 1, 
            "my thing i'm gonna take": 1, 
            "my tummy with a boo": 1, 
            "my word from standing on": 1, 
            "myself swing tantalize my tummy": 1, 
            "nice well come on y'all": 1, 
            "nitty grit gonna tell you": 1, 
            "now give me a pound": 1, 
            "now i got to get": 1, 
            "off my drawers and let": 1, 
            "on this box this drive": 1, 
            "on y'all": 1, 
            "on y'all and let's work": 1, 
            "out i'm trying to get": 1, 
            "pan into the fire look": 1, 
            "popping that bullshit all day": 1, 
            "pound up from the frying": 1, 
            "right gonna run to joe": 1, 
            "run to joe and tony's": 1, 
            "say yes y'all 'cause i'm": 1, 
            "shit 'cause suckers like you": 1, 
            "shoes i'm gonna bust my": 1, 
            "snack but now i got": 1, 
            "so don't you get me": 1, 
            "so sweet y'all just how": 1, 
            "socks i'm gonna spread my": 1, 
            "sound so sweet y'all just": 1, 
            "spread my word from standing": 1, 
            "standing on this box this": 1, 
            "strong when you're popping that": 1, 
            "suckers like you just make": 1, 
            "sweet y'all just how fresh": 1, 
            "swing tantalize my tummy with": 1, 
            "take off my drawers and": 1, 
            "tantalize my tummy with a": 1, 
            "tell you motherfuckers why you": 1, 
            "that are blessed say yes": 1, 
            "that bullshit all day long": 1, 
            "the beat y'all, down with": 1, 
            "the fire look within and": 1, 
            "the frying pan into the": 1, 
            "the nitty grit gonna tell": 1, 
            "the sound so sweet y'all": 1, 
            "thing i'm gonna take off": 1, 
            "this box this drive through": 1, 
            "this drive through world it": 1, 
            "those that are blessed say": 1, 
            "through world it just ain't": 1, 
            "to admire, yeh what's going": 1, 
            "to get back gonna break": 1, 
            "to get up so don't": 1, 
            "to joe and tony's and": 1, 
            "to the beat y'all, down": 1, 
            "to the nitty grit gonna": 1, 
            "tony's and get my hair": 1, 
            "try to admire, yeh what's": 1, 
            "trying to get up so": 1, 
            "tummy with a boo boo": 1, 
            "up from the frying pan": 1, 
            "up so don't you get": 1, 
            "well come on y'all and": 1, 
            "well, back to the beat": 1, 
            "what's going on y'all": 1, 
            "when you're popping that bullshit": 1, 
            "why you ain't shit 'cause": 1, 
            "with a boo boo snack": 1, 
            "with the sound so sweet": 1, 
            "within and try to admire,": 1, 
            "word from standing on this": 1, 
            "work it out i'm trying": 1, 
            "world it just ain't right": 1, 
            "y'all": 1, 
            "y'all 'cause i'm a come": 1, 
            "y'all and let's work it": 1, 
            "y'all just how fresh can": 1, 
            "y'all those that are blessed": 1, 
            "y'all, down with the sound": 1, 
            "yeh what's going on y'all": 1, 
            "yes y'all 'cause i'm a": 1, 
            "you ain't shit 'cause suckers": 1, 
            "you get me down life": 1, 
            "you get y'all those that": 1, 
            "you just make me strong": 1, 
            "you motherfuckers why you ain't": 1, 
            "you now give me a": 1, 
            "you're popping that bullshit all": 1
        }, 
        "6": {
            "": 700, 
            "'cause i'm a come inside and": 1, 
            "'cause suckers like you just make": 1, 
            "a boo boo snack but now": 1, 
            "a come inside and do my": 1, 
            "a pound up from the frying": 1, 
            "admire, yeh what's going on y'all": 1, 
            "ain't right gonna run to joe": 1, 
            "ain't shit 'cause suckers like you": 1, 
            "all day long i'm gonna bust": 1, 
            "and do my thing i'm gonna": 1, 
            "and get my hair cut nice": 1, 
            "and let myself swing tantalize my": 1, 
            "and let's work it out i'm": 1, 
            "and tony's and get my hair": 1, 
            "and try to admire, yeh what's": 1, 
            "are blessed say yes y'all 'cause": 1, 
            "back gonna break it down to": 1, 
            "back to the beat y'all, down": 1, 
            "beat y'all, down with the sound": 1, 
            "blessed say yes y'all 'cause i'm": 1, 
            "boo boo snack but now i": 1, 
            "boo snack but now i got": 1, 
            "box this drive through world it": 1, 
            "break it down to the nitty": 1, 
            "bullshit all day long i'm gonna": 1, 
            "bust my shoes i'm gonna bust": 1, 
            "bust my socks i'm gonna spread": 1, 
            "but now i got to get": 1, 
            "can you get y'all those that": 1, 
            "come inside and do my thing": 1, 
            "come on y'all and let's work": 1, 
            "cut nice well come on y'all": 1, 
            "day long i'm gonna bust my": 1, 
            "do my thing i'm gonna take": 1, 
            "don't you get me down life": 1, 
            "down life i love you now": 1, 
            "down to the nitty grit gonna": 1, 
            "down with the sound so sweet": 1, 
            "drawers and let myself swing tantalize": 1, 
            "drive through world it just ain't": 1, 
            "fire look within and try to": 1, 
            "fresh can you get y'all those": 1, 
            "from standing on this box this": 1, 
            "from the frying pan into the": 1, 
            "frying pan into the fire look": 1, 
            "get back gonna break it down": 1, 
            "get me down life i love": 1, 
            "get my hair cut nice well": 1, 
            "get up so don't you get": 1, 
            "get y'all those that are blessed": 1, 
            "give me a pound up from": 1, 
            "going on y'all": 1, 
            "gonna break it down to the": 1, 
            "gonna bust my shoes i'm gonna": 1, 
            "gonna bust my socks i'm gonna": 1, 
            "gonna run to joe and tony's": 1, 
            "gonna spread my word from standing": 1, 
            "gonna take off my drawers and": 1, 
            "gonna tell you motherfuckers why you": 1, 
            "got to get back gonna break": 1, 
            "grit gonna tell you motherfuckers why": 1, 
            "hair cut nice well come on": 1, 
            "how fresh can you get y'all": 1, 
            "i got to get back gonna": 1, 
            "i love you now give me": 1, 
            "i'm a come inside and do": 1, 
            "i'm gonna bust my shoes i'm": 1, 
            "i'm gonna bust my socks i'm": 1, 
            "i'm gonna spread my word from": 1, 
            "i'm gonna take off my drawers": 1, 
            "i'm trying to get up so": 1, 
            "inside and do my thing i'm": 1, 
            "into the fire look within and": 1, 
            "it down to the nitty grit": 1, 
            "it just ain't right gonna run": 1, 
            "it out i'm trying to get": 1, 
            "joe and tony's and get my": 1, 
            "just ain't right gonna run to": 1, 
            "just how fresh can you get": 1, 
            "just make me strong when you're": 1, 
            "let myself swing tantalize my tummy": 1, 
            "let's work it out i'm trying": 1, 
            "life i love you now give": 1, 
            "like you just make me strong": 1, 
            "long i'm gonna bust my shoes": 1, 
            "look within and try to admire,": 1, 
            "love you now give me a": 1, 
            "make me strong when you're popping": 1, 
            "me a pound up from the": 1, 
            "me down life i love you": 1, 
            "me strong when you're popping that": 1, 
            "motherfuckers why you ain't shit 'cause": 1, 
            "my drawers and let myself swing": 1, 
            "my hair cut nice well come": 1, 
            "my shoes i'm gonna bust my": 1, 
            "my socks i'm gonna spread my": 1, 
            "my thing i'm gonna take off": 1, 
            "my tummy with a boo boo": 1, 
            "my word from standing on this": 1, 
            "myself swing tantalize my tummy with": 1, 
            "nice well come on y'all and": 1, 
            "nitty grit gonna tell you motherfuckers": 1, 
            "now give me a pound up": 1, 
            "now i got to get back": 1, 
            "off my drawers and let myself": 1, 
            "on this box this drive through": 1, 
            "on y'all": 1, 
            "on y'all and let's work it": 1, 
            "out i'm trying to get up": 1, 
            "pan into the fire look within": 1, 
            "popping that bullshit all day long": 1, 
            "pound up from the frying pan": 1, 
            "right gonna run to joe and": 1, 
            "run to joe and tony's and": 1, 
            "say yes y'all 'cause i'm a": 1, 
            "shit 'cause suckers like you just": 1, 
            "shoes i'm gonna bust my socks": 1, 
            "snack but now i got to": 1, 
            "so don't you get me down": 1, 
            "so sweet y'all just how fresh": 1, 
            "socks i'm gonna spread my word": 1, 
            "sound so sweet y'all just how": 1, 
            "spread my word from standing on": 1, 
            "standing on this box this drive": 1, 
            "strong when you're popping that bullshit": 1, 
            "suckers like you just make me": 1, 
            "sweet y'all just how fresh can": 1, 
            "swing tantalize my tummy with a": 1, 
            "take off my drawers and let": 1, 
            "tantalize my tummy with a boo": 1, 
            "tell you motherfuckers why you ain't": 1, 
            "that are blessed say yes y'all": 1, 
            "that bullshit all day long i'm": 1, 
            "the beat y'all, down with the": 1, 
            "the fire look within and try": 1, 
            "the frying pan into the fire": 1, 
            "the nitty grit gonna tell you": 1, 
            "the sound so sweet y'all just": 1, 
            "thing i'm gonna take off my": 1, 
            "this box this drive through world": 1, 
            "this drive through world it just": 1, 
            "those that are blessed say yes": 1, 
            "through world it just ain't right": 1, 
            "to admire, yeh what's going on": 1, 
            "to get back gonna break it": 1, 
            "to get up so don't you": 1, 
            "to joe and tony's and get": 1, 
            "to the beat y'all, down with": 1, 
            "to the nitty grit gonna tell": 1, 
            "tony's and get my hair cut": 1, 
            "try to admire, yeh what's going": 1, 
            "trying to get up so don't": 1, 
            "tummy with a boo boo snack": 1, 
            "up from the frying pan into": 1, 
            "up so don't you get me": 1, 
            "well come on y'all and let's": 1, 
            "well, back to the beat y'all,": 1, 
            "what's going on y'all": 1, 
            "when you're popping that bullshit all": 1, 
            "why you ain't shit 'cause suckers": 1, 
            "with a boo boo snack but": 1, 
            "with the sound so sweet y'all": 1, 
            "within and try to admire, yeh": 1, 
            "word from standing on this box": 1, 
            "work it out i'm trying to": 1, 
            "world it just ain't right gonna": 1, 
            "y'all": 1, 
            "y'all 'cause i'm a come inside": 1, 
            "y'all and let's work it out": 1, 
            "y'all just how fresh can you": 1, 
            "y'all those that are blessed say": 1, 
            "y'all, down with the sound so": 1, 
            "yeh what's going on y'all": 1, 
            "yes y'all 'cause i'm a come": 1, 
            "you ain't shit 'cause suckers like": 1, 
            "you get me down life i": 1, 
            "you get y'all those that are": 1, 
            "you just make me strong when": 1, 
            "you motherfuckers why you ain't shit": 1, 
            "you now give me a pound": 1, 
            "you're popping that bullshit all day": 1
        }, 
        "7": {
            "": 699, 
            "'cause i'm a come inside and do": 1, 
            "'cause suckers like you just make me": 1, 
            "a boo boo snack but now i": 1, 
            "a come inside and do my thing": 1, 
            "a pound up from the frying pan": 1, 
            "admire, yeh what's going on y'all": 1, 
            "ain't right gonna run to joe and": 1, 
            "ain't shit 'cause suckers like you just": 1, 
            "all day long i'm gonna bust my": 1, 
            "and do my thing i'm gonna take": 1, 
            "and get my hair cut nice well": 1, 
            "and let myself swing tantalize my tummy": 1, 
            "and let's work it out i'm trying": 1, 
            "and tony's and get my hair cut": 1, 
            "and try to admire, yeh what's going": 1, 
            "are blessed say yes y'all 'cause i'm": 1, 
            "back gonna break it down to the": 1, 
            "back to the beat y'all, down with": 1, 
            "beat y'all, down with the sound so": 1, 
            "blessed say yes y'all 'cause i'm a": 1, 
            "boo boo snack but now i got": 1, 
            "boo snack but now i got to": 1, 
            "box this drive through world it just": 1, 
            "break it down to the nitty grit": 1, 
            "bullshit all day long i'm gonna bust": 1, 
            "bust my shoes i'm gonna bust my": 1, 
            "bust my socks i'm gonna spread my": 1, 
            "but now i got to get back": 1, 
            "can you get y'all those that are": 1, 
            "come inside and do my thing i'm": 1, 
            "come on y'all and let's work it": 1, 
            "cut nice well come on y'all and": 1, 
            "day long i'm gonna bust my shoes": 1, 
            "do my thing i'm gonna take off": 1, 
            "don't you get me down life i": 1, 
            "down life i love you now give": 1, 
            "down to the nitty grit gonna tell": 1, 
            "down with the sound so sweet y'all": 1, 
            "drawers and let myself swing tantalize my": 1, 
            "drive through world it just ain't right": 1, 
            "fire look within and try to admire,": 1, 
            "fresh can you get y'all those that": 1, 
            "from standing on this box this drive": 1, 
            "from the frying pan into the fire": 1, 
            "frying pan into the fire look within": 1, 
            "get back gonna break it down to": 1, 
            "get me down life i love you": 1, 
            "get my hair cut nice well come": 1, 
            "get up so don't you get me": 1, 
            "get y'all those that are blessed say": 1, 
            "give me a pound up from the": 1, 
            "going on y'all": 1, 
            "gonna break it down to the nitty": 1, 
            "gonna bust my shoes i'm gonna bust": 1, 
            "gonna bust my socks i'm gonna spread": 1, 
            "gonna run to joe and tony's and": 1, 
            "gonna spread my word from standing on": 1, 
            "gonna take off my drawers and let": 1, 
            "gonna tell you motherfuckers why you ain't": 1, 
            "got to get back gonna break it": 1, 
            "grit gonna tell you motherfuckers why you": 1, 
            "hair cut nice well come on y'all": 1, 
            "how fresh can you get y'all those": 1, 
            "i got to get back gonna break": 1, 
            "i love you now give me a": 1, 
            "i'm a come inside and do my": 1, 
            "i'm gonna bust my shoes i'm gonna": 1, 
            "i'm gonna bust my socks i'm gonna": 1, 
            "i'm gonna spread my word from standing": 1, 
            "i'm gonna take off my drawers and": 1, 
            "i'm trying to get up so don't": 1, 
            "inside and do my thing i'm gonna": 1, 
            "into the fire look within and try": 1, 
            "it down to the nitty grit gonna": 1, 
            "it just ain't right gonna run to": 1, 
            "it out i'm trying to get up": 1, 
            "joe and tony's and get my hair": 1, 
            "just ain't right gonna run to joe": 1, 
            "just how fresh can you get y'all": 1, 
            "just make me strong when you're popping": 1, 
            "let myself swing tantalize my tummy with": 1, 
            "let's work it out i'm trying to": 1, 
            "life i love you now give me": 1, 
            "like you just make me strong when": 1, 
            "long i'm gonna bust my shoes i'm": 1, 
            "look within and try to admire, yeh": 1, 
            "love you now give me a pound": 1, 
            "make me strong when you're popping that": 1, 
            "me a pound up from the frying": 1, 
            "me down life i love you now": 1, 
            "me strong when you're popping that bullshit": 1, 
            "motherfuckers why you ain't shit 'cause suckers": 1, 
            "my drawers and let myself swing tantalize": 1, 
            "my hair cut nice well come on": 1, 
            "my shoes i'm gonna bust my socks": 1, 
            "my socks i'm gonna spread my word": 1, 
            "my thing i'm gonna take off my": 1, 
            "my tummy with a boo boo snack": 1, 
            "my word from standing on this box": 1, 
            "myself swing tantalize my tummy with a": 1, 
            "nice well come on y'all and let's": 1, 
            "nitty grit gonna tell you motherfuckers why": 1, 
            "now give me a pound up from": 1, 
            "now i got to get back gonna": 1, 
            "off my drawers and let myself swing": 1, 
            "on this box this drive through world": 1, 
            "on y'all": 1, 
            "on y'all and let's work it out": 1, 
            "out i'm trying to get up so": 1, 
            "pan into the fire look within and": 1, 
            "popping that bullshit all day long i'm": 1, 
            "pound up from the frying pan into": 1, 
            "right gonna run to joe and tony's": 1, 
            "run to joe and tony's and get": 1, 
            "say yes y'all 'cause i'm a come": 1, 
            "shit 'cause suckers like you just make": 1, 
            "shoes i'm gonna bust my socks i'm": 1, 
            "snack but now i got to get": 1, 
            "so don't you get me down life": 1, 
            "so sweet y'all just how fresh can": 1, 
            "socks i'm gonna spread my word from": 1, 
            "sound so sweet y'all just how fresh": 1, 
            "spread my word from standing on this": 1, 
            "standing on this box this drive through": 1, 
            "strong when you're popping that bullshit all": 1, 
            "suckers like you just make me strong": 1, 
            "sweet y'all just how fresh can you": 1, 
            "swing tantalize my tummy with a boo": 1, 
            "take off my drawers and let myself": 1, 
            "tantalize my tummy with a boo boo": 1, 
            "tell you motherfuckers why you ain't shit": 1, 
            "that are blessed say yes y'all 'cause": 1, 
            "that bullshit all day long i'm gonna": 1, 
            "the beat y'all, down with the sound": 1, 
            "the fire look within and try to": 1, 
            "the frying pan into the fire look": 1, 
            "the nitty grit gonna tell you motherfuckers": 1, 
            "the sound so sweet y'all just how": 1, 
            "thing i'm gonna take off my drawers": 1, 
            "this box this drive through world it": 1, 
            "this drive through world it just ain't": 1, 
            "those that are blessed say yes y'all": 1, 
            "through world it just ain't right gonna": 1, 
            "to admire, yeh what's going on y'all": 1, 
            "to get back gonna break it down": 1, 
            "to get up so don't you get": 1, 
            "to joe and tony's and get my": 1, 
            "to the beat y'all, down with the": 1, 
            "to the nitty grit gonna tell you": 1, 
            "tony's and get my hair cut nice": 1, 
            "try to admire, yeh what's going on": 1, 
            "trying to get up so don't you": 1, 
            "tummy with a boo boo snack but": 1, 
            "up from the frying pan into the": 1, 
            "up so don't you get me down": 1, 
            "well come on y'all and let's work": 1, 
            "well, back to the beat y'all, down": 1, 
            "what's going on y'all": 1, 
            "when you're popping that bullshit all day": 1, 
            "why you ain't shit 'cause suckers like": 1, 
            "with a boo boo snack but now": 1, 
            "with the sound so sweet y'all just": 1, 
            "within and try to admire, yeh what's": 1, 
            "word from standing on this box this": 1, 
            "work it out i'm trying to get": 1, 
            "world it just ain't right gonna run": 1, 
            "y'all": 1, 
            "y'all 'cause i'm a come inside and": 1, 
            "y'all and let's work it out i'm": 1, 
            "y'all just how fresh can you get": 1, 
            "y'all those that are blessed say yes": 1, 
            "y'all, down with the sound so sweet": 1, 
            "yeh what's going on y'all": 1, 
            "yes y'all 'cause i'm a come inside": 1, 
            "you ain't shit 'cause suckers like you": 1, 
            "you get me down life i love": 1, 
            "you get y'all those that are blessed": 1, 
            "you just make me strong when you're": 1, 
            "you motherfuckers why you ain't shit 'cause": 1, 
            "you now give me a pound up": 1, 
            "you're popping that bullshit all day long": 1
        }, 
        "8": {
            "": 698, 
            "'cause i'm a come inside and do my": 1, 
            "'cause suckers like you just make me strong": 1, 
            "a boo boo snack but now i got": 1, 
            "a come inside and do my thing i'm": 1, 
            "a pound up from the frying pan into": 1, 
            "admire, yeh what's going on y'all": 1, 
            "ain't right gonna run to joe and tony's": 1, 
            "ain't shit 'cause suckers like you just make": 1, 
            "all day long i'm gonna bust my shoes": 1, 
            "and do my thing i'm gonna take off": 1, 
            "and get my hair cut nice well come": 1, 
            "and let myself swing tantalize my tummy with": 1, 
            "and let's work it out i'm trying to": 1, 
            "and tony's and get my hair cut nice": 1, 
            "and try to admire, yeh what's going on": 1, 
            "are blessed say yes y'all 'cause i'm a": 1, 
            "back gonna break it down to the nitty": 1, 
            "back to the beat y'all, down with the": 1, 
            "beat y'all, down with the sound so sweet": 1, 
            "blessed say yes y'all 'cause i'm a come": 1, 
            "boo boo snack but now i got to": 1, 
            "boo snack but now i got to get": 1, 
            "box this drive through world it just ain't": 1, 
            "break it down to the nitty grit gonna": 1, 
            "bullshit all day long i'm gonna bust my": 1, 
            "bust my shoes i'm gonna bust my socks": 1, 
            "bust my socks i'm gonna spread my word": 1, 
            "but now i got to get back gonna": 1, 
            "can you get y'all those that are blessed": 1, 
            "come inside and do my thing i'm gonna": 1, 
            "come on y'all and let's work it out": 1, 
            "cut nice well come on y'all and let's": 1, 
            "day long i'm gonna bust my shoes i'm": 1, 
            "do my thing i'm gonna take off my": 1, 
            "don't you get me down life i love": 1, 
            "down life i love you now give me": 1, 
            "down to the nitty grit gonna tell you": 1, 
            "down with the sound so sweet y'all just": 1, 
            "drawers and let myself swing tantalize my tummy": 1, 
            "drive through world it just ain't right gonna": 1, 
            "fire look within and try to admire, yeh": 1, 
            "fresh can you get y'all those that are": 1, 
            "from standing on this box this drive through": 1, 
            "from the frying pan into the fire look": 1, 
            "frying pan into the fire look within and": 1, 
            "get back gonna break it down to the": 1, 
            "get me down life i love you now": 1, 
            "get my hair cut nice well come on": 1, 
            "get up so don't you get me down": 1, 
            "get y'all those that are blessed say yes": 1, 
            "give me a pound up from the frying": 1, 
            "going on y'all": 1, 
            "gonna break it down to the nitty grit": 1, 
            "gonna bust my shoes i'm gonna bust my": 1, 
            "gonna bust my socks i'm gonna spread my": 1, 
            "gonna run to joe and tony's and get": 1, 
            "gonna spread my word from standing on this": 1, 
            "gonna take off my drawers and let myself": 1, 
            "gonna tell you motherfuckers why you ain't shit": 1, 
            "got to get back gonna break it down": 1, 
            "grit gonna tell you motherfuckers why you ain't": 1, 
            "hair cut nice well come on y'all and": 1, 
            "how fresh can you get y'all those that": 1, 
            "i got to get back gonna break it": 1, 
            "i love you now give me a pound": 1, 
            "i'm a come inside and do my thing": 1, 
            "i'm gonna bust my shoes i'm gonna bust": 1, 
            "i'm gonna bust my socks i'm gonna spread": 1, 
            "i'm gonna spread my word from standing on": 1, 
            "i'm gonna take off my drawers and let": 1, 
            "i'm trying to get up so don't you": 1, 
            "inside and do my thing i'm gonna take": 1, 
            "into the fire look within and try to": 1, 
            "it down to the nitty grit gonna tell": 1, 
            "it just ain't right gonna run to joe": 1, 
            "it out i'm trying to get up so": 1, 
            "joe and tony's and get my hair cut": 1, 
            "just ain't right gonna run to joe and": 1, 
            "just how fresh can you get y'all those": 1, 
            "just make me strong when you're popping that": 1, 
            "let myself swing tantalize my tummy with a": 1, 
            "let's work it out i'm trying to get": 1, 
            "life i love you now give me a": 1, 
            "like you just make me strong when you're": 1, 
            "long i'm gonna bust my shoes i'm gonna": 1, 
            "look within and try to admire, yeh what's": 1, 
            "love you now give me a pound up": 1, 
            "make me strong when you're popping that bullshit": 1, 
            "me a pound up from the frying pan": 1, 
            "me down life i love you now give": 1, 
            "me strong when you're popping that bullshit all": 1, 
            "motherfuckers why you ain't shit 'cause suckers like": 1, 
            "my drawers and let myself swing tantalize my": 1, 
            "my hair cut nice well come on y'all": 1, 
            "my shoes i'm gonna bust my socks i'm": 1, 
            "my socks i'm gonna spread my word from": 1, 
            "my thing i'm gonna take off my drawers": 1, 
            "my tummy with a boo boo snack but": 1, 
            "my word from standing on this box this": 1, 
            "myself swing tantalize my tummy with a boo": 1, 
            "nice well come on y'all and let's work": 1, 
            "nitty grit gonna tell you motherfuckers why you": 1, 
            "now give me a pound up from the": 1, 
            "now i got to get back gonna break": 1, 
            "off my drawers and let myself swing tantalize": 1, 
            "on this box this drive through world it": 1, 
            "on y'all": 1, 
            "on y'all and let's work it out i'm": 1, 
            "out i'm trying to get up so don't": 1, 
            "pan into the fire look within and try": 1, 
            "popping that bullshit all day long i'm gonna": 1, 
            "pound up from the frying pan into the": 1, 
            "right gonna run to joe and tony's and": 1, 
            "run to joe and tony's and get my": 1, 
            "say yes y'all 'cause i'm a come inside": 1, 
            "shit 'cause suckers like you just make me": 1, 
            "shoes i'm gonna bust my socks i'm gonna": 1, 
            "snack but now i got to get back": 1, 
            "so don't you get me down life i": 1, 
            "so sweet y'all just how fresh can you": 1, 
            "socks i'm gonna spread my word from standing": 1, 
            "sound so sweet y'all just how fresh can": 1, 
            "spread my word from standing on this box": 1, 
            "standing on this box this drive through world": 1, 
            "strong when you're popping that bullshit all day": 1, 
            "suckers like you just make me strong when": 1, 
            "sweet y'all just how fresh can you get": 1, 
            "swing tantalize my tummy with a boo boo": 1, 
            "take off my drawers and let myself swing": 1, 
            "tantalize my tummy with a boo boo snack": 1, 
            "tell you motherfuckers why you ain't shit 'cause": 1, 
            "that are blessed say yes y'all 'cause i'm": 1, 
            "that bullshit all day long i'm gonna bust": 1, 
            "the beat y'all, down with the sound so": 1, 
            "the fire look within and try to admire,": 1, 
            "the frying pan into the fire look within": 1, 
            "the nitty grit gonna tell you motherfuckers why": 1, 
            "the sound so sweet y'all just how fresh": 1, 
            "thing i'm gonna take off my drawers and": 1, 
            "this box this drive through world it just": 1, 
            "this drive through world it just ain't right": 1, 
            "those that are blessed say yes y'all 'cause": 1, 
            "through world it just ain't right gonna run": 1, 
            "to admire, yeh what's going on y'all": 1, 
            "to get back gonna break it down to": 1, 
            "to get up so don't you get me": 1, 
            "to joe and tony's and get my hair": 1, 
            "to the beat y'all, down with the sound": 1, 
            "to the nitty grit gonna tell you motherfuckers": 1, 
            "tony's and get my hair cut nice well": 1, 
            "try to admire, yeh what's going on y'all": 1, 
            "trying to get up so don't you get": 1, 
            "tummy with a boo boo snack but now": 1, 
            "up from the frying pan into the fire": 1, 
            "up so don't you get me down life": 1, 
            "well come on y'all and let's work it": 1, 
            "well, back to the beat y'all, down with": 1, 
            "what's going on y'all": 1, 
            "when you're popping that bullshit all day long": 1, 
            "why you ain't shit 'cause suckers like you": 1, 
            "with a boo boo snack but now i": 1, 
            "with the sound so sweet y'all just how": 1, 
            "within and try to admire, yeh what's going": 1, 
            "word from standing on this box this drive": 1, 
            "work it out i'm trying to get up": 1, 
            "world it just ain't right gonna run to": 1, 
            "y'all": 1, 
            "y'all 'cause i'm a come inside and do": 1, 
            "y'all and let's work it out i'm trying": 1, 
            "y'all just how fresh can you get y'all": 1, 
            "y'all those that are blessed say yes y'all": 1, 
            "y'all, down with the sound so sweet y'all": 1, 
            "yeh what's going on y'all": 1, 
            "yes y'all 'cause i'm a come inside and": 1, 
            "you ain't shit 'cause suckers like you just": 1, 
            "you get me down life i love you": 1, 
            "you get y'all those that are blessed say": 1, 
            "you just make me strong when you're popping": 1, 
            "you motherfuckers why you ain't shit 'cause suckers": 1, 
            "you now give me a pound up from": 1, 
            "you're popping that bullshit all day long i'm": 1
        }
    }, 
    "song_title": "Live At PJ's", 
    "total_words": [
        181, 
        {
            "'cause": 2, 
            "a": 3, 
            "admire,": 1, 
            "ain't": 2, 
            "all": 1, 
            "and": 6, 
            "are": 1, 
            "back": 2, 
            "beat": 1, 
            "blessed": 1, 
            "boo": 2, 
            "box": 1, 
            "break": 1, 
            "bullshit": 1, 
            "bust": 2, 
            "but": 1, 
            "can": 1, 
            "come": 2, 
            "cut": 1, 
            "day": 1, 
            "do": 1, 
            "don't": 1, 
            "down": 3, 
            "drawers": 1, 
            "drive": 1, 
            "fire": 1, 
            "fresh": 1, 
            "from": 2, 
            "frying": 1, 
            "get": 5, 
            "give": 1, 
            "going": 1, 
            "gonna": 7, 
            "got": 1, 
            "grit": 1, 
            "hair": 1, 
            "how": 1, 
            "i": 2, 
            "i'm": 6, 
            "inside": 1, 
            "into": 1, 
            "it": 3, 
            "joe": 1, 
            "just": 3, 
            "let": 1, 
            "let's": 1, 
            "life": 1, 
            "like": 1, 
            "long": 1, 
            "look": 1, 
            "love": 1, 
            "make": 1, 
            "me": 3, 
            "motherfuckers": 1, 
            "my": 7, 
            "myself": 1, 
            "nice": 1, 
            "nitty": 1, 
            "now": 2, 
            "off": 1, 
            "on": 3, 
            "out": 1, 
            "pan": 1, 
            "popping": 1, 
            "pound": 1, 
            "right": 1, 
            "run": 1, 
            "say": 1, 
            "shit": 1, 
            "shoes": 1, 
            "snack": 1, 
            "so": 2, 
            "socks": 1, 
            "sound": 1, 
            "spread": 1, 
            "standing": 1, 
            "strong": 1, 
            "suckers": 1, 
            "sweet": 1, 
            "swing": 1, 
            "take": 1, 
            "tantalize": 1, 
            "tell": 1, 
            "that": 2, 
            "the": 5, 
            "thing": 1, 
            "this": 2, 
            "those": 1, 
            "through": 1, 
            "to": 6, 
            "tony's": 1, 
            "try": 1, 
            "trying": 1, 
            "tummy": 1, 
            "up": 2, 
            "well": 1, 
            "well,": 1, 
            "what's": 1, 
            "when": 1, 
            "why": 1, 
            "with": 2, 
            "within": 1, 
            "word": 1, 
            "work": 1, 
            "world": 1, 
            "y'all": 5, 
            "y'all,": 1, 
            "yeh": 1, 
            "yes": 1, 
            "you": 6, 
            "you're": 1
        }
    ], 
    "unique_words": [
        111, 
        [
            "yeh", 
            "all", 
            "love", 
            "shoes", 
            "just", 
            "don't", 
            "sweet", 
            "into", 
            "within", 
            "blessed", 
            "socks", 
            "down", 
            "right", 
            "through", 
            "bust", 
            "frying", 
            "yes", 
            "standing", 
            "you're", 
            "snack", 
            "from", 
            "tantalize", 
            "long", 
            "day", 
            "to", 
            "spread", 
            "tell", 
            "do", 
            "life", 
            "grit", 
            "get", 
            "fire", 
            "i'm", 
            "sound", 
            "but", 
            "back", 
            "break", 
            "ain't", 
            "beat", 
            "world", 
            "trying", 
            "with", 
            "bullshit", 
            "those", 
            "like", 
            "me", 
            "going", 
            "myself", 
            "word", 
            "look", 
            "this", 
            "inside", 
            "work", 
            "tony's", 
            "up", 
            "try", 
            "tummy", 
            "can", 
            "my", 
            "and", 
            "pound", 
            "give", 
            "it", 
            "now", 
            "hair", 
            "well,", 
            "say", 
            "are", 
            "a", 
            "popping", 
            "out", 
            "thing", 
            "make", 
            "that", 
            "when", 
            "y'all", 
            "how", 
            "take", 
            "got", 
            "you", 
            "what's", 
            "pan", 
            "nice", 
            "run", 
            "shit", 
            "admire,", 
            "boo", 
            "let's", 
            "cut", 
            "let", 
            "gonna", 
            "'cause", 
            "suckers", 
            "strong", 
            "come", 
            "why", 
            "box", 
            "on", 
            "joe", 
            "off", 
            "y'all,", 
            "i", 
            "well", 
            "drive", 
            "drawers", 
            "so", 
            "swing", 
            "fresh", 
            "the", 
            "motherfuckers", 
            "nitty"
        ]
    ], 
    "year": 1992
}