{
    "album": "Check Your Head", 
    "artist": "Beastie Boys", 
    "lyrics": "Good Morning, Time to get up and go to work\nI Ride On The Bus Into The City Everyday\nI Sit On My Seat And I Dream Myself Away\nI Dream I'm On An Island With That Foxy Lady Too\nBut When I Awaken I Must Be Mistaken I'm On Third Avenue\nWon't You Take Me Away And Take Away Me\nWon't You Take Me Away And Take Away Me\n", 
    "ngrams": {
        "2": {
            "": 240, 
            "an island": 1, 
            "and go": 1, 
            "and i": 1, 
            "and take": 2, 
            "avenue won't": 1, 
            "awaken i": 1, 
            "away and": 2, 
            "away i": 1, 
            "away me": 2, 
            "be mistaken": 1, 
            "bus into": 1, 
            "but when": 1, 
            "city everyday": 1, 
            "dream i'm": 1, 
            "dream myself": 1, 
            "everyday i": 1, 
            "foxy lady": 1, 
            "get up": 1, 
            "go to": 1, 
            "good morning,": 1, 
            "i awaken": 1, 
            "i dream": 2, 
            "i must": 1, 
            "i ride": 1, 
            "i sit": 1, 
            "i'm on": 2, 
            "into the": 1, 
            "island with": 1, 
            "lady too": 1, 
            "me": 1, 
            "me away": 2, 
            "me won't": 1, 
            "mistaken i'm": 1, 
            "morning, time": 1, 
            "must be": 1, 
            "my seat": 1, 
            "myself away": 1, 
            "on an": 1, 
            "on my": 1, 
            "on the": 1, 
            "on third": 1, 
            "ride on": 1, 
            "seat and": 1, 
            "sit on": 1, 
            "take away": 2, 
            "take me": 2, 
            "that foxy": 1, 
            "the bus": 1, 
            "the city": 1, 
            "third avenue": 1, 
            "time to": 1, 
            "to get": 1, 
            "to work": 1, 
            "too but": 1, 
            "up and": 1, 
            "when i": 1, 
            "with that": 1, 
            "won't you": 2, 
            "work i": 1, 
            "you take": 2
        }, 
        "3": {
            "": 239, 
            "an island with": 1, 
            "and go to": 1, 
            "and i dream": 1, 
            "and take away": 2, 
            "avenue won't you": 1, 
            "awaken i must": 1, 
            "away and take": 2, 
            "away i dream": 1, 
            "away me": 1, 
            "away me won't": 1, 
            "be mistaken i'm": 1, 
            "bus into the": 1, 
            "but when i": 1, 
            "city everyday i": 1, 
            "dream i'm on": 1, 
            "dream myself away": 1, 
            "everyday i sit": 1, 
            "foxy lady too": 1, 
            "get up and": 1, 
            "go to work": 1, 
            "good morning, time": 1, 
            "i awaken i": 1, 
            "i dream i'm": 1, 
            "i dream myself": 1, 
            "i must be": 1, 
            "i ride on": 1, 
            "i sit on": 1, 
            "i'm on an": 1, 
            "i'm on third": 1, 
            "into the city": 1, 
            "island with that": 1, 
            "lady too but": 1, 
            "me": 1, 
            "me away and": 2, 
            "me won't you": 1, 
            "mistaken i'm on": 1, 
            "morning, time to": 1, 
            "must be mistaken": 1, 
            "my seat and": 1, 
            "myself away i": 1, 
            "on an island": 1, 
            "on my seat": 1, 
            "on the bus": 1, 
            "on third avenue": 1, 
            "ride on the": 1, 
            "seat and i": 1, 
            "sit on my": 1, 
            "take away me": 2, 
            "take me away": 2, 
            "that foxy lady": 1, 
            "the bus into": 1, 
            "the city everyday": 1, 
            "third avenue won't": 1, 
            "time to get": 1, 
            "to get up": 1, 
            "to work i": 1, 
            "too but when": 1, 
            "up and go": 1, 
            "when i awaken": 1, 
            "with that foxy": 1, 
            "won't you take": 2, 
            "work i ride": 1, 
            "you take me": 2
        }, 
        "4": {
            "": 238, 
            "an island with that": 1, 
            "and go to work": 1, 
            "and i dream myself": 1, 
            "and take away me": 2, 
            "avenue won't you take": 1, 
            "awaken i must be": 1, 
            "away and take away": 2, 
            "away i dream i'm": 1, 
            "away me": 1, 
            "away me won't you": 1, 
            "be mistaken i'm on": 1, 
            "bus into the city": 1, 
            "but when i awaken": 1, 
            "city everyday i sit": 1, 
            "dream i'm on an": 1, 
            "dream myself away i": 1, 
            "everyday i sit on": 1, 
            "foxy lady too but": 1, 
            "get up and go": 1, 
            "go to work i": 1, 
            "good morning, time to": 1, 
            "i awaken i must": 1, 
            "i dream i'm on": 1, 
            "i dream myself away": 1, 
            "i must be mistaken": 1, 
            "i ride on the": 1, 
            "i sit on my": 1, 
            "i'm on an island": 1, 
            "i'm on third avenue": 1, 
            "into the city everyday": 1, 
            "island with that foxy": 1, 
            "lady too but when": 1, 
            "me": 1, 
            "me away and take": 2, 
            "me won't you take": 1, 
            "mistaken i'm on third": 1, 
            "morning, time to get": 1, 
            "must be mistaken i'm": 1, 
            "my seat and i": 1, 
            "myself away i dream": 1, 
            "on an island with": 1, 
            "on my seat and": 1, 
            "on the bus into": 1, 
            "on third avenue won't": 1, 
            "ride on the bus": 1, 
            "seat and i dream": 1, 
            "sit on my seat": 1, 
            "take away me": 1, 
            "take away me won't": 1, 
            "take me away and": 2, 
            "that foxy lady too": 1, 
            "the bus into the": 1, 
            "the city everyday i": 1, 
            "third avenue won't you": 1, 
            "time to get up": 1, 
            "to get up and": 1, 
            "to work i ride": 1, 
            "too but when i": 1, 
            "up and go to": 1, 
            "when i awaken i": 1, 
            "with that foxy lady": 1, 
            "won't you take me": 2, 
            "work i ride on": 1, 
            "you take me away": 2
        }, 
        "5": {
            "": 237, 
            "an island with that foxy": 1, 
            "and go to work i": 1, 
            "and i dream myself away": 1, 
            "and take away me": 1, 
            "and take away me won't": 1, 
            "avenue won't you take me": 1, 
            "awaken i must be mistaken": 1, 
            "away and take away me": 2, 
            "away i dream i'm on": 1, 
            "away me": 1, 
            "away me won't you take": 1, 
            "be mistaken i'm on third": 1, 
            "bus into the city everyday": 1, 
            "but when i awaken i": 1, 
            "city everyday i sit on": 1, 
            "dream i'm on an island": 1, 
            "dream myself away i dream": 1, 
            "everyday i sit on my": 1, 
            "foxy lady too but when": 1, 
            "get up and go to": 1, 
            "go to work i ride": 1, 
            "good morning, time to get": 1, 
            "i awaken i must be": 1, 
            "i dream i'm on an": 1, 
            "i dream myself away i": 1, 
            "i must be mistaken i'm": 1, 
            "i ride on the bus": 1, 
            "i sit on my seat": 1, 
            "i'm on an island with": 1, 
            "i'm on third avenue won't": 1, 
            "into the city everyday i": 1, 
            "island with that foxy lady": 1, 
            "lady too but when i": 1, 
            "me": 1, 
            "me away and take away": 2, 
            "me won't you take me": 1, 
            "mistaken i'm on third avenue": 1, 
            "morning, time to get up": 1, 
            "must be mistaken i'm on": 1, 
            "my seat and i dream": 1, 
            "myself away i dream i'm": 1, 
            "on an island with that": 1, 
            "on my seat and i": 1, 
            "on the bus into the": 1, 
            "on third avenue won't you": 1, 
            "ride on the bus into": 1, 
            "seat and i dream myself": 1, 
            "sit on my seat and": 1, 
            "take away me": 1, 
            "take away me won't you": 1, 
            "take me away and take": 2, 
            "that foxy lady too but": 1, 
            "the bus into the city": 1, 
            "the city everyday i sit": 1, 
            "third avenue won't you take": 1, 
            "time to get up and": 1, 
            "to get up and go": 1, 
            "to work i ride on": 1, 
            "too but when i awaken": 1, 
            "up and go to work": 1, 
            "when i awaken i must": 1, 
            "with that foxy lady too": 1, 
            "won't you take me away": 2, 
            "work i ride on the": 1, 
            "you take me away and": 2
        }, 
        "6": {
            "": 236, 
            "an island with that foxy lady": 1, 
            "and go to work i ride": 1, 
            "and i dream myself away i": 1, 
            "and take away me": 1, 
            "and take away me won't you": 1, 
            "avenue won't you take me away": 1, 
            "awaken i must be mistaken i'm": 1, 
            "away and take away me": 1, 
            "away and take away me won't": 1, 
            "away i dream i'm on an": 1, 
            "away me": 1, 
            "away me won't you take me": 1, 
            "be mistaken i'm on third avenue": 1, 
            "bus into the city everyday i": 1, 
            "but when i awaken i must": 1, 
            "city everyday i sit on my": 1, 
            "dream i'm on an island with": 1, 
            "dream myself away i dream i'm": 1, 
            "everyday i sit on my seat": 1, 
            "foxy lady too but when i": 1, 
            "get up and go to work": 1, 
            "go to work i ride on": 1, 
            "good morning, time to get up": 1, 
            "i awaken i must be mistaken": 1, 
            "i dream i'm on an island": 1, 
            "i dream myself away i dream": 1, 
            "i must be mistaken i'm on": 1, 
            "i ride on the bus into": 1, 
            "i sit on my seat and": 1, 
            "i'm on an island with that": 1, 
            "i'm on third avenue won't you": 1, 
            "into the city everyday i sit": 1, 
            "island with that foxy lady too": 1, 
            "lady too but when i awaken": 1, 
            "me": 1, 
            "me away and take away me": 2, 
            "me won't you take me away": 1, 
            "mistaken i'm on third avenue won't": 1, 
            "morning, time to get up and": 1, 
            "must be mistaken i'm on third": 1, 
            "my seat and i dream myself": 1, 
            "myself away i dream i'm on": 1, 
            "on an island with that foxy": 1, 
            "on my seat and i dream": 1, 
            "on the bus into the city": 1, 
            "on third avenue won't you take": 1, 
            "ride on the bus into the": 1, 
            "seat and i dream myself away": 1, 
            "sit on my seat and i": 1, 
            "take away me": 1, 
            "take away me won't you take": 1, 
            "take me away and take away": 2, 
            "that foxy lady too but when": 1, 
            "the bus into the city everyday": 1, 
            "the city everyday i sit on": 1, 
            "third avenue won't you take me": 1, 
            "time to get up and go": 1, 
            "to get up and go to": 1, 
            "to work i ride on the": 1, 
            "too but when i awaken i": 1, 
            "up and go to work i": 1, 
            "when i awaken i must be": 1, 
            "with that foxy lady too but": 1, 
            "won't you take me away and": 2, 
            "work i ride on the bus": 1, 
            "you take me away and take": 2
        }, 
        "7": {
            "": 235, 
            "an island with that foxy lady too": 1, 
            "and go to work i ride on": 1, 
            "and i dream myself away i dream": 1, 
            "and take away me": 1, 
            "and take away me won't you take": 1, 
            "avenue won't you take me away and": 1, 
            "awaken i must be mistaken i'm on": 1, 
            "away and take away me": 1, 
            "away and take away me won't you": 1, 
            "away i dream i'm on an island": 1, 
            "away me": 1, 
            "away me won't you take me away": 1, 
            "be mistaken i'm on third avenue won't": 1, 
            "bus into the city everyday i sit": 1, 
            "but when i awaken i must be": 1, 
            "city everyday i sit on my seat": 1, 
            "dream i'm on an island with that": 1, 
            "dream myself away i dream i'm on": 1, 
            "everyday i sit on my seat and": 1, 
            "foxy lady too but when i awaken": 1, 
            "get up and go to work i": 1, 
            "go to work i ride on the": 1, 
            "good morning, time to get up and": 1, 
            "i awaken i must be mistaken i'm": 1, 
            "i dream i'm on an island with": 1, 
            "i dream myself away i dream i'm": 1, 
            "i must be mistaken i'm on third": 1, 
            "i ride on the bus into the": 1, 
            "i sit on my seat and i": 1, 
            "i'm on an island with that foxy": 1, 
            "i'm on third avenue won't you take": 1, 
            "into the city everyday i sit on": 1, 
            "island with that foxy lady too but": 1, 
            "lady too but when i awaken i": 1, 
            "me": 1, 
            "me away and take away me": 1, 
            "me away and take away me won't": 1, 
            "me won't you take me away and": 1, 
            "mistaken i'm on third avenue won't you": 1, 
            "morning, time to get up and go": 1, 
            "must be mistaken i'm on third avenue": 1, 
            "my seat and i dream myself away": 1, 
            "myself away i dream i'm on an": 1, 
            "on an island with that foxy lady": 1, 
            "on my seat and i dream myself": 1, 
            "on the bus into the city everyday": 1, 
            "on third avenue won't you take me": 1, 
            "ride on the bus into the city": 1, 
            "seat and i dream myself away i": 1, 
            "sit on my seat and i dream": 1, 
            "take away me": 1, 
            "take away me won't you take me": 1, 
            "take me away and take away me": 2, 
            "that foxy lady too but when i": 1, 
            "the bus into the city everyday i": 1, 
            "the city everyday i sit on my": 1, 
            "third avenue won't you take me away": 1, 
            "time to get up and go to": 1, 
            "to get up and go to work": 1, 
            "to work i ride on the bus": 1, 
            "too but when i awaken i must": 1, 
            "up and go to work i ride": 1, 
            "when i awaken i must be mistaken": 1, 
            "with that foxy lady too but when": 1, 
            "won't you take me away and take": 2, 
            "work i ride on the bus into": 1, 
            "you take me away and take away": 2
        }, 
        "8": {
            "": 234, 
            "an island with that foxy lady too but": 1, 
            "and go to work i ride on the": 1, 
            "and i dream myself away i dream i'm": 1, 
            "and take away me": 1, 
            "and take away me won't you take me": 1, 
            "avenue won't you take me away and take": 1, 
            "awaken i must be mistaken i'm on third": 1, 
            "away and take away me": 1, 
            "away and take away me won't you take": 1, 
            "away i dream i'm on an island with": 1, 
            "away me": 1, 
            "away me won't you take me away and": 1, 
            "be mistaken i'm on third avenue won't you": 1, 
            "bus into the city everyday i sit on": 1, 
            "but when i awaken i must be mistaken": 1, 
            "city everyday i sit on my seat and": 1, 
            "dream i'm on an island with that foxy": 1, 
            "dream myself away i dream i'm on an": 1, 
            "everyday i sit on my seat and i": 1, 
            "foxy lady too but when i awaken i": 1, 
            "get up and go to work i ride": 1, 
            "go to work i ride on the bus": 1, 
            "good morning, time to get up and go": 1, 
            "i awaken i must be mistaken i'm on": 1, 
            "i dream i'm on an island with that": 1, 
            "i dream myself away i dream i'm on": 1, 
            "i must be mistaken i'm on third avenue": 1, 
            "i ride on the bus into the city": 1, 
            "i sit on my seat and i dream": 1, 
            "i'm on an island with that foxy lady": 1, 
            "i'm on third avenue won't you take me": 1, 
            "into the city everyday i sit on my": 1, 
            "island with that foxy lady too but when": 1, 
            "lady too but when i awaken i must": 1, 
            "me": 1, 
            "me away and take away me": 1, 
            "me away and take away me won't you": 1, 
            "me won't you take me away and take": 1, 
            "mistaken i'm on third avenue won't you take": 1, 
            "morning, time to get up and go to": 1, 
            "must be mistaken i'm on third avenue won't": 1, 
            "my seat and i dream myself away i": 1, 
            "myself away i dream i'm on an island": 1, 
            "on an island with that foxy lady too": 1, 
            "on my seat and i dream myself away": 1, 
            "on the bus into the city everyday i": 1, 
            "on third avenue won't you take me away": 1, 
            "ride on the bus into the city everyday": 1, 
            "seat and i dream myself away i dream": 1, 
            "sit on my seat and i dream myself": 1, 
            "take away me": 1, 
            "take away me won't you take me away": 1, 
            "take me away and take away me": 1, 
            "take me away and take away me won't": 1, 
            "that foxy lady too but when i awaken": 1, 
            "the bus into the city everyday i sit": 1, 
            "the city everyday i sit on my seat": 1, 
            "third avenue won't you take me away and": 1, 
            "time to get up and go to work": 1, 
            "to get up and go to work i": 1, 
            "to work i ride on the bus into": 1, 
            "too but when i awaken i must be": 1, 
            "up and go to work i ride on": 1, 
            "when i awaken i must be mistaken i'm": 1, 
            "with that foxy lady too but when i": 1, 
            "won't you take me away and take away": 2, 
            "work i ride on the bus into the": 1, 
            "you take me away and take away me": 2
        }
    }, 
    "song_title": "Mark On The Bus", 
    "total_words": [
        70, 
        {
            "an": 1, 
            "and": 4, 
            "avenue": 1, 
            "awaken": 1, 
            "away": 5, 
            "be": 1, 
            "bus": 1, 
            "but": 1, 
            "city": 1, 
            "dream": 2, 
            "everyday": 1, 
            "foxy": 1, 
            "get": 1, 
            "go": 1, 
            "good": 1, 
            "i": 6, 
            "i'm": 2, 
            "into": 1, 
            "island": 1, 
            "lady": 1, 
            "me": 4, 
            "mistaken": 1, 
            "morning,": 1, 
            "must": 1, 
            "my": 1, 
            "myself": 1, 
            "on": 4, 
            "ride": 1, 
            "seat": 1, 
            "sit": 1, 
            "take": 4, 
            "that": 1, 
            "the": 2, 
            "third": 1, 
            "time": 1, 
            "to": 2, 
            "too": 1, 
            "up": 1, 
            "when": 1, 
            "with": 1, 
            "won't": 2, 
            "work": 1, 
            "you": 2
        }
    ], 
    "unique_words": [
        43, 
        [
            "and", 
            "into", 
            "mistaken", 
            "seat", 
            "won't", 
            "go", 
            "my", 
            "morning,", 
            "everyday", 
            "city", 
            "sit", 
            "avenue", 
            "away", 
            "get", 
            "when", 
            "foxy", 
            "to", 
            "too", 
            "you", 
            "take", 
            "be", 
            "good", 
            "an", 
            "that", 
            "with", 
            "bus", 
            "but", 
            "awaken", 
            "lady", 
            "the", 
            "must", 
            "me", 
            "on", 
            "myself", 
            "third", 
            "i", 
            "island", 
            "ride", 
            "work", 
            "up", 
            "time", 
            "i'm", 
            "dream"
        ]
    ], 
    "year": 1992
}