{
    "album": "Check Your Head", 
    "artist": "Beastie Boys", 
    "lyrics": "A butterfly floats on the breeze of a sun lit day\nAs I feel this reality gently fade away\nRiding on a thought to see where it's from\nGliding through a memory of a time yet to come\nSmoke paints the air Swirling images through my mind\nLike a whirlpool spin beginning to unwind\nAnd I stand at the edge cautiously awaiting\nAs time slips by\nCarefully navigating by the stars in the sky\nAnd I sit And I think to myself\nAnd on the horizon the sun light begins to climb\nAnd it seems like it's been so long since he shined\nBut I'm sure it was only yesterday\n\nNamaste\n\nA cold chill of fear cut through me\nI felt my heart contract\nTo my mind I brought the image of light\nAnd I expanded out of it\nMy fear was just a shadow\nAnd then a voice spoke in my head\nAnd she said dark is not the opposite of light\nIt's the absence of light\nAnd I thought to myself\nShe knows what she's talking about\nAnd for a moment I know\nWhat it was all about.\n", 
    "ngrams": {
        "2": {
            "": 731, 
            "a butterfly": 1, 
            "a cold": 1, 
            "a memory": 1, 
            "a moment": 1, 
            "a shadow": 1, 
            "a sun": 1, 
            "a thought": 1, 
            "a time": 1, 
            "a voice": 1, 
            "a whirlpool": 1, 
            "about": 1, 
            "about and": 1, 
            "absence of": 1, 
            "air swirling": 1, 
            "all about": 1, 
            "and for": 1, 
            "and i": 5, 
            "and it": 1, 
            "and on": 1, 
            "and she": 1, 
            "and then": 1, 
            "as i": 1, 
            "as time": 1, 
            "at the": 1, 
            "awaiting as": 1, 
            "away riding": 1, 
            "been so": 1, 
            "beginning to": 1, 
            "begins to": 1, 
            "breeze of": 1, 
            "brought the": 1, 
            "but i'm": 1, 
            "butterfly floats": 1, 
            "by carefully": 1, 
            "by the": 1, 
            "carefully navigating": 1, 
            "cautiously awaiting": 1, 
            "chill of": 1, 
            "climb and": 1, 
            "cold chill": 1, 
            "come smoke": 1, 
            "contract to": 1, 
            "cut through": 1, 
            "dark is": 1, 
            "day as": 1, 
            "edge cautiously": 1, 
            "expanded out": 1, 
            "fade away": 1, 
            "fear cut": 1, 
            "fear was": 1, 
            "feel this": 1, 
            "felt my": 1, 
            "floats on": 1, 
            "for a": 1, 
            "from gliding": 1, 
            "gently fade": 1, 
            "gliding through": 1, 
            "he shined": 1, 
            "head and": 1, 
            "heart contract": 1, 
            "horizon the": 1, 
            "i brought": 1, 
            "i expanded": 1, 
            "i feel": 1, 
            "i felt": 1, 
            "i know": 1, 
            "i sit": 1, 
            "i stand": 1, 
            "i think": 1, 
            "i thought": 1, 
            "i'm sure": 1, 
            "image of": 1, 
            "images through": 1, 
            "in my": 1, 
            "in the": 1, 
            "is not": 1, 
            "it my": 1, 
            "it seems": 1, 
            "it was": 2, 
            "it's been": 1, 
            "it's from": 1, 
            "it's the": 1, 
            "just a": 1, 
            "know what": 1, 
            "knows what": 1, 
            "light and": 2, 
            "light begins": 1, 
            "light it's": 1, 
            "like a": 1, 
            "like it's": 1, 
            "lit day": 1, 
            "long since": 1, 
            "me i": 1, 
            "memory of": 1, 
            "mind i": 1, 
            "mind like": 1, 
            "moment i": 1, 
            "my fear": 1, 
            "my head": 1, 
            "my heart": 1, 
            "my mind": 2, 
            "myself and": 1, 
            "myself she": 1, 
            "namaste a": 1, 
            "navigating by": 1, 
            "not the": 1, 
            "of a": 2, 
            "of fear": 1, 
            "of it": 1, 
            "of light": 3, 
            "on a": 1, 
            "on the": 2, 
            "only yesterday": 1, 
            "opposite of": 1, 
            "out of": 1, 
            "paints the": 1, 
            "reality gently": 1, 
            "riding on": 1, 
            "said dark": 1, 
            "see where": 1, 
            "seems like": 1, 
            "shadow and": 1, 
            "she knows": 1, 
            "she said": 1, 
            "she's talking": 1, 
            "shined but": 1, 
            "since he": 1, 
            "sit and": 1, 
            "sky and": 1, 
            "slips by": 1, 
            "smoke paints": 1, 
            "so long": 1, 
            "spin beginning": 1, 
            "spoke in": 1, 
            "stand at": 1, 
            "stars in": 1, 
            "sun light": 1, 
            "sun lit": 1, 
            "sure it": 1, 
            "swirling images": 1, 
            "talking about": 1, 
            "the absence": 1, 
            "the air": 1, 
            "the breeze": 1, 
            "the edge": 1, 
            "the horizon": 1, 
            "the image": 1, 
            "the opposite": 1, 
            "the sky": 1, 
            "the stars": 1, 
            "the sun": 1, 
            "then a": 1, 
            "think to": 1, 
            "this reality": 1, 
            "thought to": 2, 
            "through a": 1, 
            "through me": 1, 
            "through my": 1, 
            "time slips": 1, 
            "time yet": 1, 
            "to climb": 1, 
            "to come": 1, 
            "to my": 1, 
            "to myself": 2, 
            "to see": 1, 
            "to unwind": 1, 
            "unwind and": 1, 
            "voice spoke": 1, 
            "was all": 1, 
            "was just": 1, 
            "was only": 1, 
            "what it": 1, 
            "what she's": 1, 
            "where it's": 1, 
            "whirlpool spin": 1, 
            "yesterday namaste": 1, 
            "yet to": 1
        }, 
        "3": {
            "": 730, 
            "a butterfly floats": 1, 
            "a cold chill": 1, 
            "a memory of": 1, 
            "a moment i": 1, 
            "a shadow and": 1, 
            "a sun lit": 1, 
            "a thought to": 1, 
            "a time yet": 1, 
            "a voice spoke": 1, 
            "a whirlpool spin": 1, 
            "about": 1, 
            "about and for": 1, 
            "absence of light": 1, 
            "air swirling images": 1, 
            "all about": 1, 
            "and for a": 1, 
            "and i expanded": 1, 
            "and i sit": 1, 
            "and i stand": 1, 
            "and i think": 1, 
            "and i thought": 1, 
            "and it seems": 1, 
            "and on the": 1, 
            "and she said": 1, 
            "and then a": 1, 
            "as i feel": 1, 
            "as time slips": 1, 
            "at the edge": 1, 
            "awaiting as time": 1, 
            "away riding on": 1, 
            "been so long": 1, 
            "beginning to unwind": 1, 
            "begins to climb": 1, 
            "breeze of a": 1, 
            "brought the image": 1, 
            "but i'm sure": 1, 
            "butterfly floats on": 1, 
            "by carefully navigating": 1, 
            "by the stars": 1, 
            "carefully navigating by": 1, 
            "cautiously awaiting as": 1, 
            "chill of fear": 1, 
            "climb and it": 1, 
            "cold chill of": 1, 
            "come smoke paints": 1, 
            "contract to my": 1, 
            "cut through me": 1, 
            "dark is not": 1, 
            "day as i": 1, 
            "edge cautiously awaiting": 1, 
            "expanded out of": 1, 
            "fade away riding": 1, 
            "fear cut through": 1, 
            "fear was just": 1, 
            "feel this reality": 1, 
            "felt my heart": 1, 
            "floats on the": 1, 
            "for a moment": 1, 
            "from gliding through": 1, 
            "gently fade away": 1, 
            "gliding through a": 1, 
            "he shined but": 1, 
            "head and she": 1, 
            "heart contract to": 1, 
            "horizon the sun": 1, 
            "i brought the": 1, 
            "i expanded out": 1, 
            "i feel this": 1, 
            "i felt my": 1, 
            "i know what": 1, 
            "i sit and": 1, 
            "i stand at": 1, 
            "i think to": 1, 
            "i thought to": 1, 
            "i'm sure it": 1, 
            "image of light": 1, 
            "images through my": 1, 
            "in my head": 1, 
            "in the sky": 1, 
            "is not the": 1, 
            "it my fear": 1, 
            "it seems like": 1, 
            "it was all": 1, 
            "it was only": 1, 
            "it's been so": 1, 
            "it's from gliding": 1, 
            "it's the absence": 1, 
            "just a shadow": 1, 
            "know what it": 1, 
            "knows what she's": 1, 
            "light and i": 2, 
            "light begins to": 1, 
            "light it's the": 1, 
            "like a whirlpool": 1, 
            "like it's been": 1, 
            "lit day as": 1, 
            "long since he": 1, 
            "me i felt": 1, 
            "memory of a": 1, 
            "mind i brought": 1, 
            "mind like a": 1, 
            "moment i know": 1, 
            "my fear was": 1, 
            "my head and": 1, 
            "my heart contract": 1, 
            "my mind i": 1, 
            "my mind like": 1, 
            "myself and on": 1, 
            "myself she knows": 1, 
            "namaste a cold": 1, 
            "navigating by the": 1, 
            "not the opposite": 1, 
            "of a sun": 1, 
            "of a time": 1, 
            "of fear cut": 1, 
            "of it my": 1, 
            "of light and": 2, 
            "of light it's": 1, 
            "on a thought": 1, 
            "on the breeze": 1, 
            "on the horizon": 1, 
            "only yesterday namaste": 1, 
            "opposite of light": 1, 
            "out of it": 1, 
            "paints the air": 1, 
            "reality gently fade": 1, 
            "riding on a": 1, 
            "said dark is": 1, 
            "see where it's": 1, 
            "seems like it's": 1, 
            "shadow and then": 1, 
            "she knows what": 1, 
            "she said dark": 1, 
            "she's talking about": 1, 
            "shined but i'm": 1, 
            "since he shined": 1, 
            "sit and i": 1, 
            "sky and i": 1, 
            "slips by carefully": 1, 
            "smoke paints the": 1, 
            "so long since": 1, 
            "spin beginning to": 1, 
            "spoke in my": 1, 
            "stand at the": 1, 
            "stars in the": 1, 
            "sun light begins": 1, 
            "sun lit day": 1, 
            "sure it was": 1, 
            "swirling images through": 1, 
            "talking about and": 1, 
            "the absence of": 1, 
            "the air swirling": 1, 
            "the breeze of": 1, 
            "the edge cautiously": 1, 
            "the horizon the": 1, 
            "the image of": 1, 
            "the opposite of": 1, 
            "the sky and": 1, 
            "the stars in": 1, 
            "the sun light": 1, 
            "then a voice": 1, 
            "think to myself": 1, 
            "this reality gently": 1, 
            "thought to myself": 1, 
            "thought to see": 1, 
            "through a memory": 1, 
            "through me i": 1, 
            "through my mind": 1, 
            "time slips by": 1, 
            "time yet to": 1, 
            "to climb and": 1, 
            "to come smoke": 1, 
            "to my mind": 1, 
            "to myself and": 1, 
            "to myself she": 1, 
            "to see where": 1, 
            "to unwind and": 1, 
            "unwind and i": 1, 
            "voice spoke in": 1, 
            "was all about": 1, 
            "was just a": 1, 
            "was only yesterday": 1, 
            "what it was": 1, 
            "what she's talking": 1, 
            "where it's from": 1, 
            "whirlpool spin beginning": 1, 
            "yesterday namaste a": 1, 
            "yet to come": 1
        }, 
        "4": {
            "": 729, 
            "a butterfly floats on": 1, 
            "a cold chill of": 1, 
            "a memory of a": 1, 
            "a moment i know": 1, 
            "a shadow and then": 1, 
            "a sun lit day": 1, 
            "a thought to see": 1, 
            "a time yet to": 1, 
            "a voice spoke in": 1, 
            "a whirlpool spin beginning": 1, 
            "about": 1, 
            "about and for a": 1, 
            "absence of light and": 1, 
            "air swirling images through": 1, 
            "all about": 1, 
            "and for a moment": 1, 
            "and i expanded out": 1, 
            "and i sit and": 1, 
            "and i stand at": 1, 
            "and i think to": 1, 
            "and i thought to": 1, 
            "and it seems like": 1, 
            "and on the horizon": 1, 
            "and she said dark": 1, 
            "and then a voice": 1, 
            "as i feel this": 1, 
            "as time slips by": 1, 
            "at the edge cautiously": 1, 
            "awaiting as time slips": 1, 
            "away riding on a": 1, 
            "been so long since": 1, 
            "beginning to unwind and": 1, 
            "begins to climb and": 1, 
            "breeze of a sun": 1, 
            "brought the image of": 1, 
            "but i'm sure it": 1, 
            "butterfly floats on the": 1, 
            "by carefully navigating by": 1, 
            "by the stars in": 1, 
            "carefully navigating by the": 1, 
            "cautiously awaiting as time": 1, 
            "chill of fear cut": 1, 
            "climb and it seems": 1, 
            "cold chill of fear": 1, 
            "come smoke paints the": 1, 
            "contract to my mind": 1, 
            "cut through me i": 1, 
            "dark is not the": 1, 
            "day as i feel": 1, 
            "edge cautiously awaiting as": 1, 
            "expanded out of it": 1, 
            "fade away riding on": 1, 
            "fear cut through me": 1, 
            "fear was just a": 1, 
            "feel this reality gently": 1, 
            "felt my heart contract": 1, 
            "floats on the breeze": 1, 
            "for a moment i": 1, 
            "from gliding through a": 1, 
            "gently fade away riding": 1, 
            "gliding through a memory": 1, 
            "he shined but i'm": 1, 
            "head and she said": 1, 
            "heart contract to my": 1, 
            "horizon the sun light": 1, 
            "i brought the image": 1, 
            "i expanded out of": 1, 
            "i feel this reality": 1, 
            "i felt my heart": 1, 
            "i know what it": 1, 
            "i sit and i": 1, 
            "i stand at the": 1, 
            "i think to myself": 1, 
            "i thought to myself": 1, 
            "i'm sure it was": 1, 
            "image of light and": 1, 
            "images through my mind": 1, 
            "in my head and": 1, 
            "in the sky and": 1, 
            "is not the opposite": 1, 
            "it my fear was": 1, 
            "it seems like it's": 1, 
            "it was all about": 1, 
            "it was only yesterday": 1, 
            "it's been so long": 1, 
            "it's from gliding through": 1, 
            "it's the absence of": 1, 
            "just a shadow and": 1, 
            "know what it was": 1, 
            "knows what she's talking": 1, 
            "light and i expanded": 1, 
            "light and i thought": 1, 
            "light begins to climb": 1, 
            "light it's the absence": 1, 
            "like a whirlpool spin": 1, 
            "like it's been so": 1, 
            "lit day as i": 1, 
            "long since he shined": 1, 
            "me i felt my": 1, 
            "memory of a time": 1, 
            "mind i brought the": 1, 
            "mind like a whirlpool": 1, 
            "moment i know what": 1, 
            "my fear was just": 1, 
            "my head and she": 1, 
            "my heart contract to": 1, 
            "my mind i brought": 1, 
            "my mind like a": 1, 
            "myself and on the": 1, 
            "myself she knows what": 1, 
            "namaste a cold chill": 1, 
            "navigating by the stars": 1, 
            "not the opposite of": 1, 
            "of a sun lit": 1, 
            "of a time yet": 1, 
            "of fear cut through": 1, 
            "of it my fear": 1, 
            "of light and i": 2, 
            "of light it's the": 1, 
            "on a thought to": 1, 
            "on the breeze of": 1, 
            "on the horizon the": 1, 
            "only yesterday namaste a": 1, 
            "opposite of light it's": 1, 
            "out of it my": 1, 
            "paints the air swirling": 1, 
            "reality gently fade away": 1, 
            "riding on a thought": 1, 
            "said dark is not": 1, 
            "see where it's from": 1, 
            "seems like it's been": 1, 
            "shadow and then a": 1, 
            "she knows what she's": 1, 
            "she said dark is": 1, 
            "she's talking about and": 1, 
            "shined but i'm sure": 1, 
            "since he shined but": 1, 
            "sit and i think": 1, 
            "sky and i sit": 1, 
            "slips by carefully navigating": 1, 
            "smoke paints the air": 1, 
            "so long since he": 1, 
            "spin beginning to unwind": 1, 
            "spoke in my head": 1, 
            "stand at the edge": 1, 
            "stars in the sky": 1, 
            "sun light begins to": 1, 
            "sun lit day as": 1, 
            "sure it was only": 1, 
            "swirling images through my": 1, 
            "talking about and for": 1, 
            "the absence of light": 1, 
            "the air swirling images": 1, 
            "the breeze of a": 1, 
            "the edge cautiously awaiting": 1, 
            "the horizon the sun": 1, 
            "the image of light": 1, 
            "the opposite of light": 1, 
            "the sky and i": 1, 
            "the stars in the": 1, 
            "the sun light begins": 1, 
            "then a voice spoke": 1, 
            "think to myself and": 1, 
            "this reality gently fade": 1, 
            "thought to myself she": 1, 
            "thought to see where": 1, 
            "through a memory of": 1, 
            "through me i felt": 1, 
            "through my mind like": 1, 
            "time slips by carefully": 1, 
            "time yet to come": 1, 
            "to climb and it": 1, 
            "to come smoke paints": 1, 
            "to my mind i": 1, 
            "to myself and on": 1, 
            "to myself she knows": 1, 
            "to see where it's": 1, 
            "to unwind and i": 1, 
            "unwind and i stand": 1, 
            "voice spoke in my": 1, 
            "was all about": 1, 
            "was just a shadow": 1, 
            "was only yesterday namaste": 1, 
            "what it was all": 1, 
            "what she's talking about": 1, 
            "where it's from gliding": 1, 
            "whirlpool spin beginning to": 1, 
            "yesterday namaste a cold": 1, 
            "yet to come smoke": 1
        }, 
        "5": {
            "": 728, 
            "a butterfly floats on the": 1, 
            "a cold chill of fear": 1, 
            "a memory of a time": 1, 
            "a moment i know what": 1, 
            "a shadow and then a": 1, 
            "a sun lit day as": 1, 
            "a thought to see where": 1, 
            "a time yet to come": 1, 
            "a voice spoke in my": 1, 
            "a whirlpool spin beginning to": 1, 
            "about": 1, 
            "about and for a moment": 1, 
            "absence of light and i": 1, 
            "air swirling images through my": 1, 
            "all about": 1, 
            "and for a moment i": 1, 
            "and i expanded out of": 1, 
            "and i sit and i": 1, 
            "and i stand at the": 1, 
            "and i think to myself": 1, 
            "and i thought to myself": 1, 
            "and it seems like it's": 1, 
            "and on the horizon the": 1, 
            "and she said dark is": 1, 
            "and then a voice spoke": 1, 
            "as i feel this reality": 1, 
            "as time slips by carefully": 1, 
            "at the edge cautiously awaiting": 1, 
            "awaiting as time slips by": 1, 
            "away riding on a thought": 1, 
            "been so long since he": 1, 
            "beginning to unwind and i": 1, 
            "begins to climb and it": 1, 
            "breeze of a sun lit": 1, 
            "brought the image of light": 1, 
            "but i'm sure it was": 1, 
            "butterfly floats on the breeze": 1, 
            "by carefully navigating by the": 1, 
            "by the stars in the": 1, 
            "carefully navigating by the stars": 1, 
            "cautiously awaiting as time slips": 1, 
            "chill of fear cut through": 1, 
            "climb and it seems like": 1, 
            "cold chill of fear cut": 1, 
            "come smoke paints the air": 1, 
            "contract to my mind i": 1, 
            "cut through me i felt": 1, 
            "dark is not the opposite": 1, 
            "day as i feel this": 1, 
            "edge cautiously awaiting as time": 1, 
            "expanded out of it my": 1, 
            "fade away riding on a": 1, 
            "fear cut through me i": 1, 
            "fear was just a shadow": 1, 
            "feel this reality gently fade": 1, 
            "felt my heart contract to": 1, 
            "floats on the breeze of": 1, 
            "for a moment i know": 1, 
            "from gliding through a memory": 1, 
            "gently fade away riding on": 1, 
            "gliding through a memory of": 1, 
            "he shined but i'm sure": 1, 
            "head and she said dark": 1, 
            "heart contract to my mind": 1, 
            "horizon the sun light begins": 1, 
            "i brought the image of": 1, 
            "i expanded out of it": 1, 
            "i feel this reality gently": 1, 
            "i felt my heart contract": 1, 
            "i know what it was": 1, 
            "i sit and i think": 1, 
            "i stand at the edge": 1, 
            "i think to myself and": 1, 
            "i thought to myself she": 1, 
            "i'm sure it was only": 1, 
            "image of light and i": 1, 
            "images through my mind like": 1, 
            "in my head and she": 1, 
            "in the sky and i": 1, 
            "is not the opposite of": 1, 
            "it my fear was just": 1, 
            "it seems like it's been": 1, 
            "it was all about": 1, 
            "it was only yesterday namaste": 1, 
            "it's been so long since": 1, 
            "it's from gliding through a": 1, 
            "it's the absence of light": 1, 
            "just a shadow and then": 1, 
            "know what it was all": 1, 
            "knows what she's talking about": 1, 
            "light and i expanded out": 1, 
            "light and i thought to": 1, 
            "light begins to climb and": 1, 
            "light it's the absence of": 1, 
            "like a whirlpool spin beginning": 1, 
            "like it's been so long": 1, 
            "lit day as i feel": 1, 
            "long since he shined but": 1, 
            "me i felt my heart": 1, 
            "memory of a time yet": 1, 
            "mind i brought the image": 1, 
            "mind like a whirlpool spin": 1, 
            "moment i know what it": 1, 
            "my fear was just a": 1, 
            "my head and she said": 1, 
            "my heart contract to my": 1, 
            "my mind i brought the": 1, 
            "my mind like a whirlpool": 1, 
            "myself and on the horizon": 1, 
            "myself she knows what she's": 1, 
            "namaste a cold chill of": 1, 
            "navigating by the stars in": 1, 
            "not the opposite of light": 1, 
            "of a sun lit day": 1, 
            "of a time yet to": 1, 
            "of fear cut through me": 1, 
            "of it my fear was": 1, 
            "of light and i expanded": 1, 
            "of light and i thought": 1, 
            "of light it's the absence": 1, 
            "on a thought to see": 1, 
            "on the breeze of a": 1, 
            "on the horizon the sun": 1, 
            "only yesterday namaste a cold": 1, 
            "opposite of light it's the": 1, 
            "out of it my fear": 1, 
            "paints the air swirling images": 1, 
            "reality gently fade away riding": 1, 
            "riding on a thought to": 1, 
            "said dark is not the": 1, 
            "see where it's from gliding": 1, 
            "seems like it's been so": 1, 
            "shadow and then a voice": 1, 
            "she knows what she's talking": 1, 
            "she said dark is not": 1, 
            "she's talking about and for": 1, 
            "shined but i'm sure it": 1, 
            "since he shined but i'm": 1, 
            "sit and i think to": 1, 
            "sky and i sit and": 1, 
            "slips by carefully navigating by": 1, 
            "smoke paints the air swirling": 1, 
            "so long since he shined": 1, 
            "spin beginning to unwind and": 1, 
            "spoke in my head and": 1, 
            "stand at the edge cautiously": 1, 
            "stars in the sky and": 1, 
            "sun light begins to climb": 1, 
            "sun lit day as i": 1, 
            "sure it was only yesterday": 1, 
            "swirling images through my mind": 1, 
            "talking about and for a": 1, 
            "the absence of light and": 1, 
            "the air swirling images through": 1, 
            "the breeze of a sun": 1, 
            "the edge cautiously awaiting as": 1, 
            "the horizon the sun light": 1, 
            "the image of light and": 1, 
            "the opposite of light it's": 1, 
            "the sky and i sit": 1, 
            "the stars in the sky": 1, 
            "the sun light begins to": 1, 
            "then a voice spoke in": 1, 
            "think to myself and on": 1, 
            "this reality gently fade away": 1, 
            "thought to myself she knows": 1, 
            "thought to see where it's": 1, 
            "through a memory of a": 1, 
            "through me i felt my": 1, 
            "through my mind like a": 1, 
            "time slips by carefully navigating": 1, 
            "time yet to come smoke": 1, 
            "to climb and it seems": 1, 
            "to come smoke paints the": 1, 
            "to my mind i brought": 1, 
            "to myself and on the": 1, 
            "to myself she knows what": 1, 
            "to see where it's from": 1, 
            "to unwind and i stand": 1, 
            "unwind and i stand at": 1, 
            "voice spoke in my head": 1, 
            "was all about": 1, 
            "was just a shadow and": 1, 
            "was only yesterday namaste a": 1, 
            "what it was all about": 1, 
            "what she's talking about and": 1, 
            "where it's from gliding through": 1, 
            "whirlpool spin beginning to unwind": 1, 
            "yesterday namaste a cold chill": 1, 
            "yet to come smoke paints": 1
        }, 
        "6": {
            "": 727, 
            "a butterfly floats on the breeze": 1, 
            "a cold chill of fear cut": 1, 
            "a memory of a time yet": 1, 
            "a moment i know what it": 1, 
            "a shadow and then a voice": 1, 
            "a sun lit day as i": 1, 
            "a thought to see where it's": 1, 
            "a time yet to come smoke": 1, 
            "a voice spoke in my head": 1, 
            "a whirlpool spin beginning to unwind": 1, 
            "about": 1, 
            "about and for a moment i": 1, 
            "absence of light and i thought": 1, 
            "air swirling images through my mind": 1, 
            "all about": 1, 
            "and for a moment i know": 1, 
            "and i expanded out of it": 1, 
            "and i sit and i think": 1, 
            "and i stand at the edge": 1, 
            "and i think to myself and": 1, 
            "and i thought to myself she": 1, 
            "and it seems like it's been": 1, 
            "and on the horizon the sun": 1, 
            "and she said dark is not": 1, 
            "and then a voice spoke in": 1, 
            "as i feel this reality gently": 1, 
            "as time slips by carefully navigating": 1, 
            "at the edge cautiously awaiting as": 1, 
            "awaiting as time slips by carefully": 1, 
            "away riding on a thought to": 1, 
            "been so long since he shined": 1, 
            "beginning to unwind and i stand": 1, 
            "begins to climb and it seems": 1, 
            "breeze of a sun lit day": 1, 
            "brought the image of light and": 1, 
            "but i'm sure it was only": 1, 
            "butterfly floats on the breeze of": 1, 
            "by carefully navigating by the stars": 1, 
            "by the stars in the sky": 1, 
            "carefully navigating by the stars in": 1, 
            "cautiously awaiting as time slips by": 1, 
            "chill of fear cut through me": 1, 
            "climb and it seems like it's": 1, 
            "cold chill of fear cut through": 1, 
            "come smoke paints the air swirling": 1, 
            "contract to my mind i brought": 1, 
            "cut through me i felt my": 1, 
            "dark is not the opposite of": 1, 
            "day as i feel this reality": 1, 
            "edge cautiously awaiting as time slips": 1, 
            "expanded out of it my fear": 1, 
            "fade away riding on a thought": 1, 
            "fear cut through me i felt": 1, 
            "fear was just a shadow and": 1, 
            "feel this reality gently fade away": 1, 
            "felt my heart contract to my": 1, 
            "floats on the breeze of a": 1, 
            "for a moment i know what": 1, 
            "from gliding through a memory of": 1, 
            "gently fade away riding on a": 1, 
            "gliding through a memory of a": 1, 
            "he shined but i'm sure it": 1, 
            "head and she said dark is": 1, 
            "heart contract to my mind i": 1, 
            "horizon the sun light begins to": 1, 
            "i brought the image of light": 1, 
            "i expanded out of it my": 1, 
            "i feel this reality gently fade": 1, 
            "i felt my heart contract to": 1, 
            "i know what it was all": 1, 
            "i sit and i think to": 1, 
            "i stand at the edge cautiously": 1, 
            "i think to myself and on": 1, 
            "i thought to myself she knows": 1, 
            "i'm sure it was only yesterday": 1, 
            "image of light and i expanded": 1, 
            "images through my mind like a": 1, 
            "in my head and she said": 1, 
            "in the sky and i sit": 1, 
            "is not the opposite of light": 1, 
            "it my fear was just a": 1, 
            "it seems like it's been so": 1, 
            "it was all about": 1, 
            "it was only yesterday namaste a": 1, 
            "it's been so long since he": 1, 
            "it's from gliding through a memory": 1, 
            "it's the absence of light and": 1, 
            "just a shadow and then a": 1, 
            "know what it was all about": 1, 
            "knows what she's talking about and": 1, 
            "light and i expanded out of": 1, 
            "light and i thought to myself": 1, 
            "light begins to climb and it": 1, 
            "light it's the absence of light": 1, 
            "like a whirlpool spin beginning to": 1, 
            "like it's been so long since": 1, 
            "lit day as i feel this": 1, 
            "long since he shined but i'm": 1, 
            "me i felt my heart contract": 1, 
            "memory of a time yet to": 1, 
            "mind i brought the image of": 1, 
            "mind like a whirlpool spin beginning": 1, 
            "moment i know what it was": 1, 
            "my fear was just a shadow": 1, 
            "my head and she said dark": 1, 
            "my heart contract to my mind": 1, 
            "my mind i brought the image": 1, 
            "my mind like a whirlpool spin": 1, 
            "myself and on the horizon the": 1, 
            "myself she knows what she's talking": 1, 
            "namaste a cold chill of fear": 1, 
            "navigating by the stars in the": 1, 
            "not the opposite of light it's": 1, 
            "of a sun lit day as": 1, 
            "of a time yet to come": 1, 
            "of fear cut through me i": 1, 
            "of it my fear was just": 1, 
            "of light and i expanded out": 1, 
            "of light and i thought to": 1, 
            "of light it's the absence of": 1, 
            "on a thought to see where": 1, 
            "on the breeze of a sun": 1, 
            "on the horizon the sun light": 1, 
            "only yesterday namaste a cold chill": 1, 
            "opposite of light it's the absence": 1, 
            "out of it my fear was": 1, 
            "paints the air swirling images through": 1, 
            "reality gently fade away riding on": 1, 
            "riding on a thought to see": 1, 
            "said dark is not the opposite": 1, 
            "see where it's from gliding through": 1, 
            "seems like it's been so long": 1, 
            "shadow and then a voice spoke": 1, 
            "she knows what she's talking about": 1, 
            "she said dark is not the": 1, 
            "she's talking about and for a": 1, 
            "shined but i'm sure it was": 1, 
            "since he shined but i'm sure": 1, 
            "sit and i think to myself": 1, 
            "sky and i sit and i": 1, 
            "slips by carefully navigating by the": 1, 
            "smoke paints the air swirling images": 1, 
            "so long since he shined but": 1, 
            "spin beginning to unwind and i": 1, 
            "spoke in my head and she": 1, 
            "stand at the edge cautiously awaiting": 1, 
            "stars in the sky and i": 1, 
            "sun light begins to climb and": 1, 
            "sun lit day as i feel": 1, 
            "sure it was only yesterday namaste": 1, 
            "swirling images through my mind like": 1, 
            "talking about and for a moment": 1, 
            "the absence of light and i": 1, 
            "the air swirling images through my": 1, 
            "the breeze of a sun lit": 1, 
            "the edge cautiously awaiting as time": 1, 
            "the horizon the sun light begins": 1, 
            "the image of light and i": 1, 
            "the opposite of light it's the": 1, 
            "the sky and i sit and": 1, 
            "the stars in the sky and": 1, 
            "the sun light begins to climb": 1, 
            "then a voice spoke in my": 1, 
            "think to myself and on the": 1, 
            "this reality gently fade away riding": 1, 
            "thought to myself she knows what": 1, 
            "thought to see where it's from": 1, 
            "through a memory of a time": 1, 
            "through me i felt my heart": 1, 
            "through my mind like a whirlpool": 1, 
            "time slips by carefully navigating by": 1, 
            "time yet to come smoke paints": 1, 
            "to climb and it seems like": 1, 
            "to come smoke paints the air": 1, 
            "to my mind i brought the": 1, 
            "to myself and on the horizon": 1, 
            "to myself she knows what she's": 1, 
            "to see where it's from gliding": 1, 
            "to unwind and i stand at": 1, 
            "unwind and i stand at the": 1, 
            "voice spoke in my head and": 1, 
            "was all about": 1, 
            "was just a shadow and then": 1, 
            "was only yesterday namaste a cold": 1, 
            "what it was all about": 1, 
            "what she's talking about and for": 1, 
            "where it's from gliding through a": 1, 
            "whirlpool spin beginning to unwind and": 1, 
            "yesterday namaste a cold chill of": 1, 
            "yet to come smoke paints the": 1
        }, 
        "7": {
            "": 726, 
            "a butterfly floats on the breeze of": 1, 
            "a cold chill of fear cut through": 1, 
            "a memory of a time yet to": 1, 
            "a moment i know what it was": 1, 
            "a shadow and then a voice spoke": 1, 
            "a sun lit day as i feel": 1, 
            "a thought to see where it's from": 1, 
            "a time yet to come smoke paints": 1, 
            "a voice spoke in my head and": 1, 
            "a whirlpool spin beginning to unwind and": 1, 
            "about": 1, 
            "about and for a moment i know": 1, 
            "absence of light and i thought to": 1, 
            "air swirling images through my mind like": 1, 
            "all about": 1, 
            "and for a moment i know what": 1, 
            "and i expanded out of it my": 1, 
            "and i sit and i think to": 1, 
            "and i stand at the edge cautiously": 1, 
            "and i think to myself and on": 1, 
            "and i thought to myself she knows": 1, 
            "and it seems like it's been so": 1, 
            "and on the horizon the sun light": 1, 
            "and she said dark is not the": 1, 
            "and then a voice spoke in my": 1, 
            "as i feel this reality gently fade": 1, 
            "as time slips by carefully navigating by": 1, 
            "at the edge cautiously awaiting as time": 1, 
            "awaiting as time slips by carefully navigating": 1, 
            "away riding on a thought to see": 1, 
            "been so long since he shined but": 1, 
            "beginning to unwind and i stand at": 1, 
            "begins to climb and it seems like": 1, 
            "breeze of a sun lit day as": 1, 
            "brought the image of light and i": 1, 
            "but i'm sure it was only yesterday": 1, 
            "butterfly floats on the breeze of a": 1, 
            "by carefully navigating by the stars in": 1, 
            "by the stars in the sky and": 1, 
            "carefully navigating by the stars in the": 1, 
            "cautiously awaiting as time slips by carefully": 1, 
            "chill of fear cut through me i": 1, 
            "climb and it seems like it's been": 1, 
            "cold chill of fear cut through me": 1, 
            "come smoke paints the air swirling images": 1, 
            "contract to my mind i brought the": 1, 
            "cut through me i felt my heart": 1, 
            "dark is not the opposite of light": 1, 
            "day as i feel this reality gently": 1, 
            "edge cautiously awaiting as time slips by": 1, 
            "expanded out of it my fear was": 1, 
            "fade away riding on a thought to": 1, 
            "fear cut through me i felt my": 1, 
            "fear was just a shadow and then": 1, 
            "feel this reality gently fade away riding": 1, 
            "felt my heart contract to my mind": 1, 
            "floats on the breeze of a sun": 1, 
            "for a moment i know what it": 1, 
            "from gliding through a memory of a": 1, 
            "gently fade away riding on a thought": 1, 
            "gliding through a memory of a time": 1, 
            "he shined but i'm sure it was": 1, 
            "head and she said dark is not": 1, 
            "heart contract to my mind i brought": 1, 
            "horizon the sun light begins to climb": 1, 
            "i brought the image of light and": 1, 
            "i expanded out of it my fear": 1, 
            "i feel this reality gently fade away": 1, 
            "i felt my heart contract to my": 1, 
            "i know what it was all about": 1, 
            "i sit and i think to myself": 1, 
            "i stand at the edge cautiously awaiting": 1, 
            "i think to myself and on the": 1, 
            "i thought to myself she knows what": 1, 
            "i'm sure it was only yesterday namaste": 1, 
            "image of light and i expanded out": 1, 
            "images through my mind like a whirlpool": 1, 
            "in my head and she said dark": 1, 
            "in the sky and i sit and": 1, 
            "is not the opposite of light it's": 1, 
            "it my fear was just a shadow": 1, 
            "it seems like it's been so long": 1, 
            "it was all about": 1, 
            "it was only yesterday namaste a cold": 1, 
            "it's been so long since he shined": 1, 
            "it's from gliding through a memory of": 1, 
            "it's the absence of light and i": 1, 
            "just a shadow and then a voice": 1, 
            "know what it was all about": 1, 
            "knows what she's talking about and for": 1, 
            "light and i expanded out of it": 1, 
            "light and i thought to myself she": 1, 
            "light begins to climb and it seems": 1, 
            "light it's the absence of light and": 1, 
            "like a whirlpool spin beginning to unwind": 1, 
            "like it's been so long since he": 1, 
            "lit day as i feel this reality": 1, 
            "long since he shined but i'm sure": 1, 
            "me i felt my heart contract to": 1, 
            "memory of a time yet to come": 1, 
            "mind i brought the image of light": 1, 
            "mind like a whirlpool spin beginning to": 1, 
            "moment i know what it was all": 1, 
            "my fear was just a shadow and": 1, 
            "my head and she said dark is": 1, 
            "my heart contract to my mind i": 1, 
            "my mind i brought the image of": 1, 
            "my mind like a whirlpool spin beginning": 1, 
            "myself and on the horizon the sun": 1, 
            "myself she knows what she's talking about": 1, 
            "namaste a cold chill of fear cut": 1, 
            "navigating by the stars in the sky": 1, 
            "not the opposite of light it's the": 1, 
            "of a sun lit day as i": 1, 
            "of a time yet to come smoke": 1, 
            "of fear cut through me i felt": 1, 
            "of it my fear was just a": 1, 
            "of light and i expanded out of": 1, 
            "of light and i thought to myself": 1, 
            "of light it's the absence of light": 1, 
            "on a thought to see where it's": 1, 
            "on the breeze of a sun lit": 1, 
            "on the horizon the sun light begins": 1, 
            "only yesterday namaste a cold chill of": 1, 
            "opposite of light it's the absence of": 1, 
            "out of it my fear was just": 1, 
            "paints the air swirling images through my": 1, 
            "reality gently fade away riding on a": 1, 
            "riding on a thought to see where": 1, 
            "said dark is not the opposite of": 1, 
            "see where it's from gliding through a": 1, 
            "seems like it's been so long since": 1, 
            "shadow and then a voice spoke in": 1, 
            "she knows what she's talking about and": 1, 
            "she said dark is not the opposite": 1, 
            "she's talking about and for a moment": 1, 
            "shined but i'm sure it was only": 1, 
            "since he shined but i'm sure it": 1, 
            "sit and i think to myself and": 1, 
            "sky and i sit and i think": 1, 
            "slips by carefully navigating by the stars": 1, 
            "smoke paints the air swirling images through": 1, 
            "so long since he shined but i'm": 1, 
            "spin beginning to unwind and i stand": 1, 
            "spoke in my head and she said": 1, 
            "stand at the edge cautiously awaiting as": 1, 
            "stars in the sky and i sit": 1, 
            "sun light begins to climb and it": 1, 
            "sun lit day as i feel this": 1, 
            "sure it was only yesterday namaste a": 1, 
            "swirling images through my mind like a": 1, 
            "talking about and for a moment i": 1, 
            "the absence of light and i thought": 1, 
            "the air swirling images through my mind": 1, 
            "the breeze of a sun lit day": 1, 
            "the edge cautiously awaiting as time slips": 1, 
            "the horizon the sun light begins to": 1, 
            "the image of light and i expanded": 1, 
            "the opposite of light it's the absence": 1, 
            "the sky and i sit and i": 1, 
            "the stars in the sky and i": 1, 
            "the sun light begins to climb and": 1, 
            "then a voice spoke in my head": 1, 
            "think to myself and on the horizon": 1, 
            "this reality gently fade away riding on": 1, 
            "thought to myself she knows what she's": 1, 
            "thought to see where it's from gliding": 1, 
            "through a memory of a time yet": 1, 
            "through me i felt my heart contract": 1, 
            "through my mind like a whirlpool spin": 1, 
            "time slips by carefully navigating by the": 1, 
            "time yet to come smoke paints the": 1, 
            "to climb and it seems like it's": 1, 
            "to come smoke paints the air swirling": 1, 
            "to my mind i brought the image": 1, 
            "to myself and on the horizon the": 1, 
            "to myself she knows what she's talking": 1, 
            "to see where it's from gliding through": 1, 
            "to unwind and i stand at the": 1, 
            "unwind and i stand at the edge": 1, 
            "voice spoke in my head and she": 1, 
            "was all about": 1, 
            "was just a shadow and then a": 1, 
            "was only yesterday namaste a cold chill": 1, 
            "what it was all about": 1, 
            "what she's talking about and for a": 1, 
            "where it's from gliding through a memory": 1, 
            "whirlpool spin beginning to unwind and i": 1, 
            "yesterday namaste a cold chill of fear": 1, 
            "yet to come smoke paints the air": 1
        }, 
        "8": {
            "": 725, 
            "a butterfly floats on the breeze of a": 1, 
            "a cold chill of fear cut through me": 1, 
            "a memory of a time yet to come": 1, 
            "a moment i know what it was all": 1, 
            "a shadow and then a voice spoke in": 1, 
            "a sun lit day as i feel this": 1, 
            "a thought to see where it's from gliding": 1, 
            "a time yet to come smoke paints the": 1, 
            "a voice spoke in my head and she": 1, 
            "a whirlpool spin beginning to unwind and i": 1, 
            "about": 1, 
            "about and for a moment i know what": 1, 
            "absence of light and i thought to myself": 1, 
            "air swirling images through my mind like a": 1, 
            "all about": 1, 
            "and for a moment i know what it": 1, 
            "and i expanded out of it my fear": 1, 
            "and i sit and i think to myself": 1, 
            "and i stand at the edge cautiously awaiting": 1, 
            "and i think to myself and on the": 1, 
            "and i thought to myself she knows what": 1, 
            "and it seems like it's been so long": 1, 
            "and on the horizon the sun light begins": 1, 
            "and she said dark is not the opposite": 1, 
            "and then a voice spoke in my head": 1, 
            "as i feel this reality gently fade away": 1, 
            "as time slips by carefully navigating by the": 1, 
            "at the edge cautiously awaiting as time slips": 1, 
            "awaiting as time slips by carefully navigating by": 1, 
            "away riding on a thought to see where": 1, 
            "been so long since he shined but i'm": 1, 
            "beginning to unwind and i stand at the": 1, 
            "begins to climb and it seems like it's": 1, 
            "breeze of a sun lit day as i": 1, 
            "brought the image of light and i expanded": 1, 
            "but i'm sure it was only yesterday namaste": 1, 
            "butterfly floats on the breeze of a sun": 1, 
            "by carefully navigating by the stars in the": 1, 
            "by the stars in the sky and i": 1, 
            "carefully navigating by the stars in the sky": 1, 
            "cautiously awaiting as time slips by carefully navigating": 1, 
            "chill of fear cut through me i felt": 1, 
            "climb and it seems like it's been so": 1, 
            "cold chill of fear cut through me i": 1, 
            "come smoke paints the air swirling images through": 1, 
            "contract to my mind i brought the image": 1, 
            "cut through me i felt my heart contract": 1, 
            "dark is not the opposite of light it's": 1, 
            "day as i feel this reality gently fade": 1, 
            "edge cautiously awaiting as time slips by carefully": 1, 
            "expanded out of it my fear was just": 1, 
            "fade away riding on a thought to see": 1, 
            "fear cut through me i felt my heart": 1, 
            "fear was just a shadow and then a": 1, 
            "feel this reality gently fade away riding on": 1, 
            "felt my heart contract to my mind i": 1, 
            "floats on the breeze of a sun lit": 1, 
            "for a moment i know what it was": 1, 
            "from gliding through a memory of a time": 1, 
            "gently fade away riding on a thought to": 1, 
            "gliding through a memory of a time yet": 1, 
            "he shined but i'm sure it was only": 1, 
            "head and she said dark is not the": 1, 
            "heart contract to my mind i brought the": 1, 
            "horizon the sun light begins to climb and": 1, 
            "i brought the image of light and i": 1, 
            "i expanded out of it my fear was": 1, 
            "i feel this reality gently fade away riding": 1, 
            "i felt my heart contract to my mind": 1, 
            "i know what it was all about": 1, 
            "i sit and i think to myself and": 1, 
            "i stand at the edge cautiously awaiting as": 1, 
            "i think to myself and on the horizon": 1, 
            "i thought to myself she knows what she's": 1, 
            "i'm sure it was only yesterday namaste a": 1, 
            "image of light and i expanded out of": 1, 
            "images through my mind like a whirlpool spin": 1, 
            "in my head and she said dark is": 1, 
            "in the sky and i sit and i": 1, 
            "is not the opposite of light it's the": 1, 
            "it my fear was just a shadow and": 1, 
            "it seems like it's been so long since": 1, 
            "it was all about": 1, 
            "it was only yesterday namaste a cold chill": 1, 
            "it's been so long since he shined but": 1, 
            "it's from gliding through a memory of a": 1, 
            "it's the absence of light and i thought": 1, 
            "just a shadow and then a voice spoke": 1, 
            "know what it was all about": 1, 
            "knows what she's talking about and for a": 1, 
            "light and i expanded out of it my": 1, 
            "light and i thought to myself she knows": 1, 
            "light begins to climb and it seems like": 1, 
            "light it's the absence of light and i": 1, 
            "like a whirlpool spin beginning to unwind and": 1, 
            "like it's been so long since he shined": 1, 
            "lit day as i feel this reality gently": 1, 
            "long since he shined but i'm sure it": 1, 
            "me i felt my heart contract to my": 1, 
            "memory of a time yet to come smoke": 1, 
            "mind i brought the image of light and": 1, 
            "mind like a whirlpool spin beginning to unwind": 1, 
            "moment i know what it was all about": 1, 
            "my fear was just a shadow and then": 1, 
            "my head and she said dark is not": 1, 
            "my heart contract to my mind i brought": 1, 
            "my mind i brought the image of light": 1, 
            "my mind like a whirlpool spin beginning to": 1, 
            "myself and on the horizon the sun light": 1, 
            "myself she knows what she's talking about and": 1, 
            "namaste a cold chill of fear cut through": 1, 
            "navigating by the stars in the sky and": 1, 
            "not the opposite of light it's the absence": 1, 
            "of a sun lit day as i feel": 1, 
            "of a time yet to come smoke paints": 1, 
            "of fear cut through me i felt my": 1, 
            "of it my fear was just a shadow": 1, 
            "of light and i expanded out of it": 1, 
            "of light and i thought to myself she": 1, 
            "of light it's the absence of light and": 1, 
            "on a thought to see where it's from": 1, 
            "on the breeze of a sun lit day": 1, 
            "on the horizon the sun light begins to": 1, 
            "only yesterday namaste a cold chill of fear": 1, 
            "opposite of light it's the absence of light": 1, 
            "out of it my fear was just a": 1, 
            "paints the air swirling images through my mind": 1, 
            "reality gently fade away riding on a thought": 1, 
            "riding on a thought to see where it's": 1, 
            "said dark is not the opposite of light": 1, 
            "see where it's from gliding through a memory": 1, 
            "seems like it's been so long since he": 1, 
            "shadow and then a voice spoke in my": 1, 
            "she knows what she's talking about and for": 1, 
            "she said dark is not the opposite of": 1, 
            "she's talking about and for a moment i": 1, 
            "shined but i'm sure it was only yesterday": 1, 
            "since he shined but i'm sure it was": 1, 
            "sit and i think to myself and on": 1, 
            "sky and i sit and i think to": 1, 
            "slips by carefully navigating by the stars in": 1, 
            "smoke paints the air swirling images through my": 1, 
            "so long since he shined but i'm sure": 1, 
            "spin beginning to unwind and i stand at": 1, 
            "spoke in my head and she said dark": 1, 
            "stand at the edge cautiously awaiting as time": 1, 
            "stars in the sky and i sit and": 1, 
            "sun light begins to climb and it seems": 1, 
            "sun lit day as i feel this reality": 1, 
            "sure it was only yesterday namaste a cold": 1, 
            "swirling images through my mind like a whirlpool": 1, 
            "talking about and for a moment i know": 1, 
            "the absence of light and i thought to": 1, 
            "the air swirling images through my mind like": 1, 
            "the breeze of a sun lit day as": 1, 
            "the edge cautiously awaiting as time slips by": 1, 
            "the horizon the sun light begins to climb": 1, 
            "the image of light and i expanded out": 1, 
            "the opposite of light it's the absence of": 1, 
            "the sky and i sit and i think": 1, 
            "the stars in the sky and i sit": 1, 
            "the sun light begins to climb and it": 1, 
            "then a voice spoke in my head and": 1, 
            "think to myself and on the horizon the": 1, 
            "this reality gently fade away riding on a": 1, 
            "thought to myself she knows what she's talking": 1, 
            "thought to see where it's from gliding through": 1, 
            "through a memory of a time yet to": 1, 
            "through me i felt my heart contract to": 1, 
            "through my mind like a whirlpool spin beginning": 1, 
            "time slips by carefully navigating by the stars": 1, 
            "time yet to come smoke paints the air": 1, 
            "to climb and it seems like it's been": 1, 
            "to come smoke paints the air swirling images": 1, 
            "to my mind i brought the image of": 1, 
            "to myself and on the horizon the sun": 1, 
            "to myself she knows what she's talking about": 1, 
            "to see where it's from gliding through a": 1, 
            "to unwind and i stand at the edge": 1, 
            "unwind and i stand at the edge cautiously": 1, 
            "voice spoke in my head and she said": 1, 
            "was all about": 1, 
            "was just a shadow and then a voice": 1, 
            "was only yesterday namaste a cold chill of": 1, 
            "what it was all about": 1, 
            "what she's talking about and for a moment": 1, 
            "where it's from gliding through a memory of": 1, 
            "whirlpool spin beginning to unwind and i stand": 1, 
            "yesterday namaste a cold chill of fear cut": 1, 
            "yet to come smoke paints the air swirling": 1
        }
    }, 
    "song_title": "Namaste", 
    "total_words": [
        190, 
        {
            "a": 10, 
            "about": 2, 
            "absence": 1, 
            "air": 1, 
            "all": 1, 
            "and": 10, 
            "as": 2, 
            "at": 1, 
            "awaiting": 1, 
            "away": 1, 
            "been": 1, 
            "beginning": 1, 
            "begins": 1, 
            "breeze": 1, 
            "brought": 1, 
            "but": 1, 
            "butterfly": 1, 
            "by": 2, 
            "carefully": 1, 
            "cautiously": 1, 
            "chill": 1, 
            "climb": 1, 
            "cold": 1, 
            "come": 1, 
            "contract": 1, 
            "cut": 1, 
            "dark": 1, 
            "day": 1, 
            "edge": 1, 
            "expanded": 1, 
            "fade": 1, 
            "fear": 2, 
            "feel": 1, 
            "felt": 1, 
            "floats": 1, 
            "for": 1, 
            "from": 1, 
            "gently": 1, 
            "gliding": 1, 
            "he": 1, 
            "head": 1, 
            "heart": 1, 
            "horizon": 1, 
            "i": 9, 
            "i'm": 1, 
            "image": 1, 
            "images": 1, 
            "in": 2, 
            "is": 1, 
            "it": 4, 
            "it's": 3, 
            "just": 1, 
            "know": 1, 
            "knows": 1, 
            "light": 4, 
            "like": 2, 
            "lit": 1, 
            "long": 1, 
            "me": 1, 
            "memory": 1, 
            "mind": 2, 
            "moment": 1, 
            "my": 5, 
            "myself": 2, 
            "namaste": 1, 
            "navigating": 1, 
            "not": 1, 
            "of": 7, 
            "on": 3, 
            "only": 1, 
            "opposite": 1, 
            "out": 1, 
            "paints": 1, 
            "reality": 1, 
            "riding": 1, 
            "said": 1, 
            "see": 1, 
            "seems": 1, 
            "shadow": 1, 
            "she": 2, 
            "she's": 1, 
            "shined": 1, 
            "since": 1, 
            "sit": 1, 
            "sky": 1, 
            "slips": 1, 
            "smoke": 1, 
            "so": 1, 
            "spin": 1, 
            "spoke": 1, 
            "stand": 1, 
            "stars": 1, 
            "sun": 2, 
            "sure": 1, 
            "swirling": 1, 
            "talking": 1, 
            "the": 10, 
            "then": 1, 
            "think": 1, 
            "this": 1, 
            "thought": 2, 
            "through": 3, 
            "time": 2, 
            "to": 7, 
            "unwind": 1, 
            "voice": 1, 
            "was": 3, 
            "what": 2, 
            "where": 1, 
            "whirlpool": 1, 
            "yesterday": 1, 
            "yet": 1
        }
    ], 
    "unique_words": [
        112, 
        [
            "namaste", 
            "just", 
            "heart", 
            "feel", 
            "seems", 
            "image", 
            "all", 
            "brought", 
            "through", 
            "been", 
            "carefully", 
            "cold", 
            "yet", 
            "cut", 
            "from", 
            "spoke", 
            "it's", 
            "sky", 
            "absence", 
            "long", 
            "by", 
            "to", 
            "only", 
            "of", 
            "come", 
            "fade", 
            "memory", 
            "riding", 
            "he", 
            "was", 
            "whirlpool", 
            "slips", 
            "begins", 
            "head", 
            "stars", 
            "gliding", 
            "but", 
            "gently", 
            "dark", 
            "know", 
            "not", 
            "awaiting", 
            "spin", 
            "day", 
            "chill", 
            "me", 
            "myself", 
            "like", 
            "this", 
            "expanded", 
            "as", 
            "air", 
            "swirling", 
            "cautiously", 
            "she", 
            "light", 
            "voice", 
            "where", 
            "and", 
            "unwind", 
            "then", 
            "the", 
            "is", 
            "mind", 
            "shined", 
            "talking", 
            "see", 
            "at", 
            "in", 
            "images", 
            "my", 
            "fear", 
            "out", 
            "what", 
            "said", 
            "knows", 
            "sit", 
            "sun", 
            "away", 
            "since", 
            "reality", 
            "lit", 
            "breeze", 
            "navigating", 
            "it", 
            "butterfly", 
            "sure", 
            "shadow", 
            "smoke", 
            "opposite", 
            "felt", 
            "yesterday", 
            "moment", 
            "beginning", 
            "i'm", 
            "floats", 
            "a", 
            "on", 
            "about", 
            "for", 
            "i", 
            "paints", 
            "contract", 
            "thought", 
            "edge", 
            "so", 
            "stand", 
            "horizon", 
            "time", 
            "she's", 
            "climb", 
            "think"
        ]
    ], 
    "year": 1992
}