{
    "album": "Check Your Head", 
    "artist": "Beastie Boys", 
    "lyrics": "Pow!\n", 
    "ngrams": {
        "2": {
            "": 1, 
            "pow": 1
        }, 
        "3": {
            "pow": 1
        }, 
        "4": {}, 
        "5": {}, 
        "6": {}, 
        "7": {}, 
        "8": {}
    }, 
    "song_title": "Pow", 
    "total_words": [
        1, 
        {
            "pow": 1
        }
    ], 
    "unique_words": [
        1, 
        [
            "pow"
        ]
    ], 
    "year": 1992
}