{
    "album": "Check Your Head", 
    "artist": "Beastie Boys", 
    "lyrics": "I Wish For Peace Between The Races\nSomeday We Shall All Be One\nWhy Fight Yourself\nThis One's Called Rectify\nThere's Something Coming To The Surface\nThere's Fire All Around\nBut This Is An Illusion\n\nI've Seen Better Days Than This One\nI've Seen Better Nights Than This One\nTension Is Rebuilding\nSomething's Got To Give\nSomething's Got To Give\n\nSomeday We Shall All Be One\n\nJesus Christ We're Nice\n", 
    "ngrams": {
        "2": {
            "": 323, 
            "all around": 1, 
            "all be": 2, 
            "an illusion": 1, 
            "around but": 1, 
            "be one": 2, 
            "better days": 1, 
            "better nights": 1, 
            "between the": 1, 
            "but this": 1, 
            "called rectify": 1, 
            "christ we're": 1, 
            "coming to": 1, 
            "days than": 1, 
            "fight yourself": 1, 
            "fire all": 1, 
            "for peace": 1, 
            "give someday": 1, 
            "give something's": 1, 
            "got to": 2, 
            "i wish": 1, 
            "i've seen": 2, 
            "illusion i've": 1, 
            "is an": 1, 
            "is rebuilding": 1, 
            "jesus christ": 1, 
            "nice": 1, 
            "nights than": 1, 
            "one i've": 1, 
            "one jesus": 1, 
            "one tension": 1, 
            "one why": 1, 
            "one's called": 1, 
            "peace between": 1, 
            "races someday": 1, 
            "rebuilding something's": 1, 
            "rectify there's": 1, 
            "seen better": 2, 
            "shall all": 2, 
            "someday we": 2, 
            "something coming": 1, 
            "something's got": 2, 
            "surface there's": 1, 
            "tension is": 1, 
            "than this": 2, 
            "the races": 1, 
            "the surface": 1, 
            "there's fire": 1, 
            "there's something": 1, 
            "this is": 1, 
            "this one": 2, 
            "this one's": 1, 
            "to give": 2, 
            "to the": 1, 
            "we shall": 2, 
            "we're nice": 1, 
            "why fight": 1, 
            "wish for": 1, 
            "yourself this": 1
        }, 
        "3": {
            "": 322, 
            "all around but": 1, 
            "all be one": 2, 
            "an illusion i've": 1, 
            "around but this": 1, 
            "be one jesus": 1, 
            "be one why": 1, 
            "better days than": 1, 
            "better nights than": 1, 
            "between the races": 1, 
            "but this is": 1, 
            "called rectify there's": 1, 
            "christ we're nice": 1, 
            "coming to the": 1, 
            "days than this": 1, 
            "fight yourself this": 1, 
            "fire all around": 1, 
            "for peace between": 1, 
            "give someday we": 1, 
            "give something's got": 1, 
            "got to give": 2, 
            "i wish for": 1, 
            "i've seen better": 2, 
            "illusion i've seen": 1, 
            "is an illusion": 1, 
            "is rebuilding something's": 1, 
            "jesus christ we're": 1, 
            "nice": 1, 
            "nights than this": 1, 
            "one i've seen": 1, 
            "one jesus christ": 1, 
            "one tension is": 1, 
            "one why fight": 1, 
            "one's called rectify": 1, 
            "peace between the": 1, 
            "races someday we": 1, 
            "rebuilding something's got": 1, 
            "rectify there's something": 1, 
            "seen better days": 1, 
            "seen better nights": 1, 
            "shall all be": 2, 
            "someday we shall": 2, 
            "something coming to": 1, 
            "something's got to": 2, 
            "surface there's fire": 1, 
            "tension is rebuilding": 1, 
            "than this one": 2, 
            "the races someday": 1, 
            "the surface there's": 1, 
            "there's fire all": 1, 
            "there's something coming": 1, 
            "this is an": 1, 
            "this one i've": 1, 
            "this one tension": 1, 
            "this one's called": 1, 
            "to give someday": 1, 
            "to give something's": 1, 
            "to the surface": 1, 
            "we shall all": 2, 
            "we're nice": 1, 
            "why fight yourself": 1, 
            "wish for peace": 1, 
            "yourself this one's": 1
        }, 
        "4": {
            "": 321, 
            "all around but this": 1, 
            "all be one jesus": 1, 
            "all be one why": 1, 
            "an illusion i've seen": 1, 
            "around but this is": 1, 
            "be one jesus christ": 1, 
            "be one why fight": 1, 
            "better days than this": 1, 
            "better nights than this": 1, 
            "between the races someday": 1, 
            "but this is an": 1, 
            "called rectify there's something": 1, 
            "christ we're nice": 1, 
            "coming to the surface": 1, 
            "days than this one": 1, 
            "fight yourself this one's": 1, 
            "fire all around but": 1, 
            "for peace between the": 1, 
            "give someday we shall": 1, 
            "give something's got to": 1, 
            "got to give someday": 1, 
            "got to give something's": 1, 
            "i wish for peace": 1, 
            "i've seen better days": 1, 
            "i've seen better nights": 1, 
            "illusion i've seen better": 1, 
            "is an illusion i've": 1, 
            "is rebuilding something's got": 1, 
            "jesus christ we're nice": 1, 
            "nice": 1, 
            "nights than this one": 1, 
            "one i've seen better": 1, 
            "one jesus christ we're": 1, 
            "one tension is rebuilding": 1, 
            "one why fight yourself": 1, 
            "one's called rectify there's": 1, 
            "peace between the races": 1, 
            "races someday we shall": 1, 
            "rebuilding something's got to": 1, 
            "rectify there's something coming": 1, 
            "seen better days than": 1, 
            "seen better nights than": 1, 
            "shall all be one": 2, 
            "someday we shall all": 2, 
            "something coming to the": 1, 
            "something's got to give": 2, 
            "surface there's fire all": 1, 
            "tension is rebuilding something's": 1, 
            "than this one i've": 1, 
            "than this one tension": 1, 
            "the races someday we": 1, 
            "the surface there's fire": 1, 
            "there's fire all around": 1, 
            "there's something coming to": 1, 
            "this is an illusion": 1, 
            "this one i've seen": 1, 
            "this one tension is": 1, 
            "this one's called rectify": 1, 
            "to give someday we": 1, 
            "to give something's got": 1, 
            "to the surface there's": 1, 
            "we shall all be": 2, 
            "we're nice": 1, 
            "why fight yourself this": 1, 
            "wish for peace between": 1, 
            "yourself this one's called": 1
        }, 
        "5": {
            "": 320, 
            "all around but this is": 1, 
            "all be one jesus christ": 1, 
            "all be one why fight": 1, 
            "an illusion i've seen better": 1, 
            "around but this is an": 1, 
            "be one jesus christ we're": 1, 
            "be one why fight yourself": 1, 
            "better days than this one": 1, 
            "better nights than this one": 1, 
            "between the races someday we": 1, 
            "but this is an illusion": 1, 
            "called rectify there's something coming": 1, 
            "christ we're nice": 1, 
            "coming to the surface there's": 1, 
            "days than this one i've": 1, 
            "fight yourself this one's called": 1, 
            "fire all around but this": 1, 
            "for peace between the races": 1, 
            "give someday we shall all": 1, 
            "give something's got to give": 1, 
            "got to give someday we": 1, 
            "got to give something's got": 1, 
            "i wish for peace between": 1, 
            "i've seen better days than": 1, 
            "i've seen better nights than": 1, 
            "illusion i've seen better days": 1, 
            "is an illusion i've seen": 1, 
            "is rebuilding something's got to": 1, 
            "jesus christ we're nice": 1, 
            "nice": 1, 
            "nights than this one tension": 1, 
            "one i've seen better nights": 1, 
            "one jesus christ we're nice": 1, 
            "one tension is rebuilding something's": 1, 
            "one why fight yourself this": 1, 
            "one's called rectify there's something": 1, 
            "peace between the races someday": 1, 
            "races someday we shall all": 1, 
            "rebuilding something's got to give": 1, 
            "rectify there's something coming to": 1, 
            "seen better days than this": 1, 
            "seen better nights than this": 1, 
            "shall all be one jesus": 1, 
            "shall all be one why": 1, 
            "someday we shall all be": 2, 
            "something coming to the surface": 1, 
            "something's got to give someday": 1, 
            "something's got to give something's": 1, 
            "surface there's fire all around": 1, 
            "tension is rebuilding something's got": 1, 
            "than this one i've seen": 1, 
            "than this one tension is": 1, 
            "the races someday we shall": 1, 
            "the surface there's fire all": 1, 
            "there's fire all around but": 1, 
            "there's something coming to the": 1, 
            "this is an illusion i've": 1, 
            "this one i've seen better": 1, 
            "this one tension is rebuilding": 1, 
            "this one's called rectify there's": 1, 
            "to give someday we shall": 1, 
            "to give something's got to": 1, 
            "to the surface there's fire": 1, 
            "we shall all be one": 2, 
            "we're nice": 1, 
            "why fight yourself this one's": 1, 
            "wish for peace between the": 1, 
            "yourself this one's called rectify": 1
        }, 
        "6": {
            "": 319, 
            "all around but this is an": 1, 
            "all be one jesus christ we're": 1, 
            "all be one why fight yourself": 1, 
            "an illusion i've seen better days": 1, 
            "around but this is an illusion": 1, 
            "be one jesus christ we're nice": 1, 
            "be one why fight yourself this": 1, 
            "better days than this one i've": 1, 
            "better nights than this one tension": 1, 
            "between the races someday we shall": 1, 
            "but this is an illusion i've": 1, 
            "called rectify there's something coming to": 1, 
            "christ we're nice": 1, 
            "coming to the surface there's fire": 1, 
            "days than this one i've seen": 1, 
            "fight yourself this one's called rectify": 1, 
            "fire all around but this is": 1, 
            "for peace between the races someday": 1, 
            "give someday we shall all be": 1, 
            "give something's got to give someday": 1, 
            "got to give someday we shall": 1, 
            "got to give something's got to": 1, 
            "i wish for peace between the": 1, 
            "i've seen better days than this": 1, 
            "i've seen better nights than this": 1, 
            "illusion i've seen better days than": 1, 
            "is an illusion i've seen better": 1, 
            "is rebuilding something's got to give": 1, 
            "jesus christ we're nice": 1, 
            "nice": 1, 
            "nights than this one tension is": 1, 
            "one i've seen better nights than": 1, 
            "one jesus christ we're nice": 1, 
            "one tension is rebuilding something's got": 1, 
            "one why fight yourself this one's": 1, 
            "one's called rectify there's something coming": 1, 
            "peace between the races someday we": 1, 
            "races someday we shall all be": 1, 
            "rebuilding something's got to give something's": 1, 
            "rectify there's something coming to the": 1, 
            "seen better days than this one": 1, 
            "seen better nights than this one": 1, 
            "shall all be one jesus christ": 1, 
            "shall all be one why fight": 1, 
            "someday we shall all be one": 2, 
            "something coming to the surface there's": 1, 
            "something's got to give someday we": 1, 
            "something's got to give something's got": 1, 
            "surface there's fire all around but": 1, 
            "tension is rebuilding something's got to": 1, 
            "than this one i've seen better": 1, 
            "than this one tension is rebuilding": 1, 
            "the races someday we shall all": 1, 
            "the surface there's fire all around": 1, 
            "there's fire all around but this": 1, 
            "there's something coming to the surface": 1, 
            "this is an illusion i've seen": 1, 
            "this one i've seen better nights": 1, 
            "this one tension is rebuilding something's": 1, 
            "this one's called rectify there's something": 1, 
            "to give someday we shall all": 1, 
            "to give something's got to give": 1, 
            "to the surface there's fire all": 1, 
            "we shall all be one jesus": 1, 
            "we shall all be one why": 1, 
            "we're nice": 1, 
            "why fight yourself this one's called": 1, 
            "wish for peace between the races": 1, 
            "yourself this one's called rectify there's": 1
        }, 
        "7": {
            "": 318, 
            "all around but this is an illusion": 1, 
            "all be one jesus christ we're nice": 1, 
            "all be one why fight yourself this": 1, 
            "an illusion i've seen better days than": 1, 
            "around but this is an illusion i've": 1, 
            "be one jesus christ we're nice": 1, 
            "be one why fight yourself this one's": 1, 
            "better days than this one i've seen": 1, 
            "better nights than this one tension is": 1, 
            "between the races someday we shall all": 1, 
            "but this is an illusion i've seen": 1, 
            "called rectify there's something coming to the": 1, 
            "christ we're nice": 1, 
            "coming to the surface there's fire all": 1, 
            "days than this one i've seen better": 1, 
            "fight yourself this one's called rectify there's": 1, 
            "fire all around but this is an": 1, 
            "for peace between the races someday we": 1, 
            "give someday we shall all be one": 1, 
            "give something's got to give someday we": 1, 
            "got to give someday we shall all": 1, 
            "got to give something's got to give": 1, 
            "i wish for peace between the races": 1, 
            "i've seen better days than this one": 1, 
            "i've seen better nights than this one": 1, 
            "illusion i've seen better days than this": 1, 
            "is an illusion i've seen better days": 1, 
            "is rebuilding something's got to give something's": 1, 
            "jesus christ we're nice": 1, 
            "nice": 1, 
            "nights than this one tension is rebuilding": 1, 
            "one i've seen better nights than this": 1, 
            "one jesus christ we're nice": 1, 
            "one tension is rebuilding something's got to": 1, 
            "one why fight yourself this one's called": 1, 
            "one's called rectify there's something coming to": 1, 
            "peace between the races someday we shall": 1, 
            "races someday we shall all be one": 1, 
            "rebuilding something's got to give something's got": 1, 
            "rectify there's something coming to the surface": 1, 
            "seen better days than this one i've": 1, 
            "seen better nights than this one tension": 1, 
            "shall all be one jesus christ we're": 1, 
            "shall all be one why fight yourself": 1, 
            "someday we shall all be one jesus": 1, 
            "someday we shall all be one why": 1, 
            "something coming to the surface there's fire": 1, 
            "something's got to give someday we shall": 1, 
            "something's got to give something's got to": 1, 
            "surface there's fire all around but this": 1, 
            "tension is rebuilding something's got to give": 1, 
            "than this one i've seen better nights": 1, 
            "than this one tension is rebuilding something's": 1, 
            "the races someday we shall all be": 1, 
            "the surface there's fire all around but": 1, 
            "there's fire all around but this is": 1, 
            "there's something coming to the surface there's": 1, 
            "this is an illusion i've seen better": 1, 
            "this one i've seen better nights than": 1, 
            "this one tension is rebuilding something's got": 1, 
            "this one's called rectify there's something coming": 1, 
            "to give someday we shall all be": 1, 
            "to give something's got to give someday": 1, 
            "to the surface there's fire all around": 1, 
            "we shall all be one jesus christ": 1, 
            "we shall all be one why fight": 1, 
            "we're nice": 1, 
            "why fight yourself this one's called rectify": 1, 
            "wish for peace between the races someday": 1, 
            "yourself this one's called rectify there's something": 1
        }, 
        "8": {
            "": 317, 
            "all around but this is an illusion i've": 1, 
            "all be one jesus christ we're nice": 1, 
            "all be one why fight yourself this one's": 1, 
            "an illusion i've seen better days than this": 1, 
            "around but this is an illusion i've seen": 1, 
            "be one jesus christ we're nice": 1, 
            "be one why fight yourself this one's called": 1, 
            "better days than this one i've seen better": 1, 
            "better nights than this one tension is rebuilding": 1, 
            "between the races someday we shall all be": 1, 
            "but this is an illusion i've seen better": 1, 
            "called rectify there's something coming to the surface": 1, 
            "christ we're nice": 1, 
            "coming to the surface there's fire all around": 1, 
            "days than this one i've seen better nights": 1, 
            "fight yourself this one's called rectify there's something": 1, 
            "fire all around but this is an illusion": 1, 
            "for peace between the races someday we shall": 1, 
            "give someday we shall all be one jesus": 1, 
            "give something's got to give someday we shall": 1, 
            "got to give someday we shall all be": 1, 
            "got to give something's got to give someday": 1, 
            "i wish for peace between the races someday": 1, 
            "i've seen better days than this one i've": 1, 
            "i've seen better nights than this one tension": 1, 
            "illusion i've seen better days than this one": 1, 
            "is an illusion i've seen better days than": 1, 
            "is rebuilding something's got to give something's got": 1, 
            "jesus christ we're nice": 1, 
            "nice": 1, 
            "nights than this one tension is rebuilding something's": 1, 
            "one i've seen better nights than this one": 1, 
            "one jesus christ we're nice": 1, 
            "one tension is rebuilding something's got to give": 1, 
            "one why fight yourself this one's called rectify": 1, 
            "one's called rectify there's something coming to the": 1, 
            "peace between the races someday we shall all": 1, 
            "races someday we shall all be one why": 1, 
            "rebuilding something's got to give something's got to": 1, 
            "rectify there's something coming to the surface there's": 1, 
            "seen better days than this one i've seen": 1, 
            "seen better nights than this one tension is": 1, 
            "shall all be one jesus christ we're nice": 1, 
            "shall all be one why fight yourself this": 1, 
            "someday we shall all be one jesus christ": 1, 
            "someday we shall all be one why fight": 1, 
            "something coming to the surface there's fire all": 1, 
            "something's got to give someday we shall all": 1, 
            "something's got to give something's got to give": 1, 
            "surface there's fire all around but this is": 1, 
            "tension is rebuilding something's got to give something's": 1, 
            "than this one i've seen better nights than": 1, 
            "than this one tension is rebuilding something's got": 1, 
            "the races someday we shall all be one": 1, 
            "the surface there's fire all around but this": 1, 
            "there's fire all around but this is an": 1, 
            "there's something coming to the surface there's fire": 1, 
            "this is an illusion i've seen better days": 1, 
            "this one i've seen better nights than this": 1, 
            "this one tension is rebuilding something's got to": 1, 
            "this one's called rectify there's something coming to": 1, 
            "to give someday we shall all be one": 1, 
            "to give something's got to give someday we": 1, 
            "to the surface there's fire all around but": 1, 
            "we shall all be one jesus christ we're": 1, 
            "we shall all be one why fight yourself": 1, 
            "we're nice": 1, 
            "why fight yourself this one's called rectify there's": 1, 
            "wish for peace between the races someday we": 1, 
            "yourself this one's called rectify there's something coming": 1
        }
    }, 
    "song_title": "Something's Got To Give", 
    "total_words": [
        70, 
        {
            "all": 3, 
            "an": 1, 
            "around": 1, 
            "be": 2, 
            "better": 2, 
            "between": 1, 
            "but": 1, 
            "called": 1, 
            "christ": 1, 
            "coming": 1, 
            "days": 1, 
            "fight": 1, 
            "fire": 1, 
            "for": 1, 
            "give": 2, 
            "got": 2, 
            "i": 1, 
            "i've": 2, 
            "illusion": 1, 
            "is": 2, 
            "jesus": 1, 
            "nice": 1, 
            "nights": 1, 
            "one": 4, 
            "one's": 1, 
            "peace": 1, 
            "races": 1, 
            "rebuilding": 1, 
            "rectify": 1, 
            "seen": 2, 
            "shall": 2, 
            "someday": 2, 
            "something": 1, 
            "something's": 2, 
            "surface": 1, 
            "tension": 1, 
            "than": 2, 
            "the": 2, 
            "there's": 2, 
            "this": 4, 
            "to": 3, 
            "we": 2, 
            "we're": 1, 
            "why": 1, 
            "wish": 1, 
            "yourself": 1
        }
    ], 
    "unique_words": [
        46, 
        [
            "someday", 
            "all", 
            "rectify", 
            "is", 
            "surface", 
            "an", 
            "something", 
            "seen", 
            "one", 
            "nights", 
            "christ", 
            "for", 
            "peace", 
            "fight", 
            "better", 
            "to", 
            "there's", 
            "jesus", 
            "we're", 
            "between", 
            "got", 
            "illusion", 
            "one's", 
            "be", 
            "we", 
            "around", 
            "than", 
            "i've", 
            "fire", 
            "rebuilding", 
            "but", 
            "races", 
            "coming", 
            "yourself", 
            "why", 
            "something's", 
            "give", 
            "i", 
            "wish", 
            "days", 
            "this", 
            "tension", 
            "shall", 
            "the", 
            "nice", 
            "called"
        ]
    ], 
    "year": 1992
}