{
    "album": "Check Your Head", 
    "artist": "Beastie Boys", 
    "lyrics": "I don't see things quite the same as I used to\nAs I live my life I've got just me to be true to\nAnd when I find that I don't know about Just what to do\nI turn and look within to see what I should do\nNow I'm not sure what it takes to be hip\nA lot of people making music that to be ain't shit\nSo I ask creation For rhymes for this jam\nGimme lickle solo and I'll take the mic stand\n\nLove vibe\n\nAs the earth spins into brand new day\nI see the light on the horizons's not fading away\nGonna shine from within like a bright white sun\nNo need to hide and no place to run\nGot the vibrations of the music\nBringing light to your mind\nSo you can move and groove\nAnd feel the beat of the time\nSense the power in the air as it starts to move\nYou get a real good feeling that you just can't lose\n\nContemplation time, intuition time\nEvolution time, resolution time\n\nFree your mind it's time for good times\nAnd let yourself move it's a time to shine\nSpread your wings in the sky, feelin' good inside\nBreaking fool with no need to hide\nI got the music cuttin' throught me\nTakin' control of my soul\nI can't hold back I've got to let go\n\nStand together people come together now\nIt's about time we've got to get together y'all\n", 
    "ngrams": {
        "2": {
            "": 956, 
            "a bright": 1, 
            "a lot": 1, 
            "a real": 1, 
            "a time": 1, 
            "about just": 1, 
            "about time": 1, 
            "ain't shit": 1, 
            "air as": 1, 
            "and feel": 1, 
            "and groove": 1, 
            "and i'll": 1, 
            "and let": 1, 
            "and look": 1, 
            "and no": 1, 
            "and when": 1, 
            "as i": 2, 
            "as it": 1, 
            "as the": 1, 
            "ask creation": 1, 
            "away gonna": 1, 
            "back i've": 1, 
            "be ain't": 1, 
            "be hip": 1, 
            "be true": 1, 
            "beat of": 1, 
            "brand new": 1, 
            "breaking fool": 1, 
            "bright white": 1, 
            "bringing light": 1, 
            "can move": 1, 
            "can't hold": 1, 
            "can't lose": 1, 
            "come together": 1, 
            "contemplation time,": 1, 
            "control of": 1, 
            "creation for": 1, 
            "cuttin' throught": 1, 
            "day i": 1, 
            "do i": 1, 
            "do now": 1, 
            "don't know": 1, 
            "don't see": 1, 
            "earth spins": 1, 
            "evolution time,": 1, 
            "fading away": 1, 
            "feel the": 1, 
            "feelin' good": 1, 
            "feeling that": 1, 
            "find that": 1, 
            "fool with": 1, 
            "for good": 1, 
            "for rhymes": 1, 
            "for this": 1, 
            "free your": 1, 
            "from within": 1, 
            "get a": 1, 
            "get together": 1, 
            "gimme lickle": 1, 
            "go stand": 1, 
            "gonna shine": 1, 
            "good feeling": 1, 
            "good inside": 1, 
            "good times": 1, 
            "got just": 1, 
            "got the": 2, 
            "got to": 2, 
            "groove and": 1, 
            "hide and": 1, 
            "hide i": 1, 
            "hip a": 1, 
            "hold back": 1, 
            "horizons's not": 1, 
            "i ask": 1, 
            "i can't": 1, 
            "i don't": 2, 
            "i find": 1, 
            "i got": 1, 
            "i live": 1, 
            "i see": 1, 
            "i should": 1, 
            "i turn": 1, 
            "i used": 1, 
            "i'll take": 1, 
            "i'm not": 1, 
            "i've got": 2, 
            "in the": 2, 
            "inside breaking": 1, 
            "into brand": 1, 
            "intuition time": 1, 
            "it starts": 1, 
            "it takes": 1, 
            "it's a": 1, 
            "it's about": 1, 
            "it's time": 1, 
            "jam gimme": 1, 
            "just can't": 1, 
            "just me": 1, 
            "just what": 1, 
            "know about": 1, 
            "let go": 1, 
            "let yourself": 1, 
            "lickle solo": 1, 
            "life i've": 1, 
            "light on": 1, 
            "light to": 1, 
            "like a": 1, 
            "live my": 1, 
            "look within": 1, 
            "lose contemplation": 1, 
            "lot of": 1, 
            "love vibe": 1, 
            "making music": 1, 
            "me takin'": 1, 
            "me to": 1, 
            "mic stand": 1, 
            "mind it's": 1, 
            "mind so": 1, 
            "move and": 1, 
            "move it's": 1, 
            "move you": 1, 
            "music bringing": 1, 
            "music cuttin'": 1, 
            "music that": 1, 
            "my life": 1, 
            "my soul": 1, 
            "need to": 2, 
            "new day": 1, 
            "no need": 2, 
            "no place": 1, 
            "not fading": 1, 
            "not sure": 1, 
            "now i'm": 1, 
            "now it's": 1, 
            "of my": 1, 
            "of people": 1, 
            "of the": 2, 
            "on the": 1, 
            "people come": 1, 
            "people making": 1, 
            "place to": 1, 
            "power in": 1, 
            "quite the": 1, 
            "real good": 1, 
            "resolution time": 1, 
            "rhymes for": 1, 
            "run got": 1, 
            "same as": 1, 
            "see the": 1, 
            "see things": 1, 
            "see what": 1, 
            "sense the": 1, 
            "shine from": 1, 
            "shine spread": 1, 
            "shit so": 1, 
            "should do": 1, 
            "sky, feelin'": 1, 
            "so i": 1, 
            "so you": 1, 
            "solo and": 1, 
            "soul i": 1, 
            "spins into": 1, 
            "spread your": 1, 
            "stand love": 1, 
            "stand together": 1, 
            "starts to": 1, 
            "sun no": 1, 
            "sure what": 1, 
            "take the": 1, 
            "takes to": 1, 
            "takin' control": 1, 
            "that i": 1, 
            "that to": 1, 
            "that you": 1, 
            "the air": 1, 
            "the beat": 1, 
            "the earth": 1, 
            "the horizons's": 1, 
            "the light": 1, 
            "the mic": 1, 
            "the music": 2, 
            "the power": 1, 
            "the same": 1, 
            "the sky,": 1, 
            "the time": 1, 
            "the vibrations": 1, 
            "things quite": 1, 
            "this jam": 1, 
            "throught me": 1, 
            "time evolution": 1, 
            "time for": 1, 
            "time free": 1, 
            "time sense": 1, 
            "time to": 1, 
            "time we've": 1, 
            "time, intuition": 1, 
            "time, resolution": 1, 
            "times and": 1, 
            "to and": 1, 
            "to as": 1, 
            "to be": 3, 
            "to do": 1, 
            "to get": 1, 
            "to hide": 2, 
            "to let": 1, 
            "to move": 1, 
            "to run": 1, 
            "to see": 1, 
            "to shine": 1, 
            "to your": 1, 
            "together now": 1, 
            "together people": 1, 
            "together y'all": 1, 
            "true to": 1, 
            "turn and": 1, 
            "used to": 1, 
            "vibe as": 1, 
            "vibrations of": 1, 
            "we've got": 1, 
            "what i": 1, 
            "what it": 1, 
            "what to": 1, 
            "when i": 1, 
            "white sun": 1, 
            "wings in": 1, 
            "with no": 1, 
            "within like": 1, 
            "within to": 1, 
            "y'all": 1, 
            "you can": 1, 
            "you get": 1, 
            "you just": 1, 
            "your mind": 2, 
            "your wings": 1, 
            "yourself move": 1
        }, 
        "3": {
            "": 955, 
            "a bright white": 1, 
            "a lot of": 1, 
            "a real good": 1, 
            "a time to": 1, 
            "about just what": 1, 
            "about time we've": 1, 
            "ain't shit so": 1, 
            "air as it": 1, 
            "and feel the": 1, 
            "and groove and": 1, 
            "and i'll take": 1, 
            "and let yourself": 1, 
            "and look within": 1, 
            "and no place": 1, 
            "and when i": 1, 
            "as i live": 1, 
            "as i used": 1, 
            "as it starts": 1, 
            "as the earth": 1, 
            "ask creation for": 1, 
            "away gonna shine": 1, 
            "back i've got": 1, 
            "be ain't shit": 1, 
            "be hip a": 1, 
            "be true to": 1, 
            "beat of the": 1, 
            "brand new day": 1, 
            "breaking fool with": 1, 
            "bright white sun": 1, 
            "bringing light to": 1, 
            "can move and": 1, 
            "can't hold back": 1, 
            "can't lose contemplation": 1, 
            "come together now": 1, 
            "contemplation time, intuition": 1, 
            "control of my": 1, 
            "creation for rhymes": 1, 
            "cuttin' throught me": 1, 
            "day i see": 1, 
            "do i turn": 1, 
            "do now i'm": 1, 
            "don't know about": 1, 
            "don't see things": 1, 
            "earth spins into": 1, 
            "evolution time, resolution": 1, 
            "fading away gonna": 1, 
            "feel the beat": 1, 
            "feelin' good inside": 1, 
            "feeling that you": 1, 
            "find that i": 1, 
            "fool with no": 1, 
            "for good times": 1, 
            "for rhymes for": 1, 
            "for this jam": 1, 
            "free your mind": 1, 
            "from within like": 1, 
            "get a real": 1, 
            "get together y'all": 1, 
            "gimme lickle solo": 1, 
            "go stand together": 1, 
            "gonna shine from": 1, 
            "good feeling that": 1, 
            "good inside breaking": 1, 
            "good times and": 1, 
            "got just me": 1, 
            "got the music": 1, 
            "got the vibrations": 1, 
            "got to get": 1, 
            "got to let": 1, 
            "groove and feel": 1, 
            "hide and no": 1, 
            "hide i got": 1, 
            "hip a lot": 1, 
            "hold back i've": 1, 
            "horizons's not fading": 1, 
            "i ask creation": 1, 
            "i can't hold": 1, 
            "i don't know": 1, 
            "i don't see": 1, 
            "i find that": 1, 
            "i got the": 1, 
            "i live my": 1, 
            "i see the": 1, 
            "i should do": 1, 
            "i turn and": 1, 
            "i used to": 1, 
            "i'll take the": 1, 
            "i'm not sure": 1, 
            "i've got just": 1, 
            "i've got to": 1, 
            "in the air": 1, 
            "in the sky,": 1, 
            "inside breaking fool": 1, 
            "into brand new": 1, 
            "intuition time evolution": 1, 
            "it starts to": 1, 
            "it takes to": 1, 
            "it's a time": 1, 
            "it's about time": 1, 
            "it's time for": 1, 
            "jam gimme lickle": 1, 
            "just can't lose": 1, 
            "just me to": 1, 
            "just what to": 1, 
            "know about just": 1, 
            "let go stand": 1, 
            "let yourself move": 1, 
            "lickle solo and": 1, 
            "life i've got": 1, 
            "light on the": 1, 
            "light to your": 1, 
            "like a bright": 1, 
            "live my life": 1, 
            "look within to": 1, 
            "lose contemplation time,": 1, 
            "lot of people": 1, 
            "love vibe as": 1, 
            "making music that": 1, 
            "me takin' control": 1, 
            "me to be": 1, 
            "mic stand love": 1, 
            "mind it's time": 1, 
            "mind so you": 1, 
            "move and groove": 1, 
            "move it's a": 1, 
            "move you get": 1, 
            "music bringing light": 1, 
            "music cuttin' throught": 1, 
            "music that to": 1, 
            "my life i've": 1, 
            "my soul i": 1, 
            "need to hide": 2, 
            "new day i": 1, 
            "no need to": 2, 
            "no place to": 1, 
            "not fading away": 1, 
            "not sure what": 1, 
            "now i'm not": 1, 
            "now it's about": 1, 
            "of my soul": 1, 
            "of people making": 1, 
            "of the music": 1, 
            "of the time": 1, 
            "on the horizons's": 1, 
            "people come together": 1, 
            "people making music": 1, 
            "place to run": 1, 
            "power in the": 1, 
            "quite the same": 1, 
            "real good feeling": 1, 
            "resolution time free": 1, 
            "rhymes for this": 1, 
            "run got the": 1, 
            "same as i": 1, 
            "see the light": 1, 
            "see things quite": 1, 
            "see what i": 1, 
            "sense the power": 1, 
            "shine from within": 1, 
            "shine spread your": 1, 
            "shit so i": 1, 
            "should do now": 1, 
            "sky, feelin' good": 1, 
            "so i ask": 1, 
            "so you can": 1, 
            "solo and i'll": 1, 
            "soul i can't": 1, 
            "spins into brand": 1, 
            "spread your wings": 1, 
            "stand love vibe": 1, 
            "stand together people": 1, 
            "starts to move": 1, 
            "sun no need": 1, 
            "sure what it": 1, 
            "take the mic": 1, 
            "takes to be": 1, 
            "takin' control of": 1, 
            "that i don't": 1, 
            "that to be": 1, 
            "that you just": 1, 
            "the air as": 1, 
            "the beat of": 1, 
            "the earth spins": 1, 
            "the horizons's not": 1, 
            "the light on": 1, 
            "the mic stand": 1, 
            "the music bringing": 1, 
            "the music cuttin'": 1, 
            "the power in": 1, 
            "the same as": 1, 
            "the sky, feelin'": 1, 
            "the time sense": 1, 
            "the vibrations of": 1, 
            "things quite the": 1, 
            "this jam gimme": 1, 
            "throught me takin'": 1, 
            "time evolution time,": 1, 
            "time for good": 1, 
            "time free your": 1, 
            "time sense the": 1, 
            "time to shine": 1, 
            "time we've got": 1, 
            "time, intuition time": 1, 
            "time, resolution time": 1, 
            "times and let": 1, 
            "to and when": 1, 
            "to as i": 1, 
            "to be ain't": 1, 
            "to be hip": 1, 
            "to be true": 1, 
            "to do i": 1, 
            "to get together": 1, 
            "to hide and": 1, 
            "to hide i": 1, 
            "to let go": 1, 
            "to move you": 1, 
            "to run got": 1, 
            "to see what": 1, 
            "to shine spread": 1, 
            "to your mind": 1, 
            "together now it's": 1, 
            "together people come": 1, 
            "together y'all": 1, 
            "true to and": 1, 
            "turn and look": 1, 
            "used to as": 1, 
            "vibe as the": 1, 
            "vibrations of the": 1, 
            "we've got to": 1, 
            "what i should": 1, 
            "what it takes": 1, 
            "what to do": 1, 
            "when i find": 1, 
            "white sun no": 1, 
            "wings in the": 1, 
            "with no need": 1, 
            "within like a": 1, 
            "within to see": 1, 
            "y'all": 1, 
            "you can move": 1, 
            "you get a": 1, 
            "you just can't": 1, 
            "your mind it's": 1, 
            "your mind so": 1, 
            "your wings in": 1, 
            "yourself move it's": 1
        }, 
        "4": {
            "": 954, 
            "a bright white sun": 1, 
            "a lot of people": 1, 
            "a real good feeling": 1, 
            "a time to shine": 1, 
            "about just what to": 1, 
            "about time we've got": 1, 
            "ain't shit so i": 1, 
            "air as it starts": 1, 
            "and feel the beat": 1, 
            "and groove and feel": 1, 
            "and i'll take the": 1, 
            "and let yourself move": 1, 
            "and look within to": 1, 
            "and no place to": 1, 
            "and when i find": 1, 
            "as i live my": 1, 
            "as i used to": 1, 
            "as it starts to": 1, 
            "as the earth spins": 1, 
            "ask creation for rhymes": 1, 
            "away gonna shine from": 1, 
            "back i've got to": 1, 
            "be ain't shit so": 1, 
            "be hip a lot": 1, 
            "be true to and": 1, 
            "beat of the time": 1, 
            "brand new day i": 1, 
            "breaking fool with no": 1, 
            "bright white sun no": 1, 
            "bringing light to your": 1, 
            "can move and groove": 1, 
            "can't hold back i've": 1, 
            "can't lose contemplation time,": 1, 
            "come together now it's": 1, 
            "contemplation time, intuition time": 1, 
            "control of my soul": 1, 
            "creation for rhymes for": 1, 
            "cuttin' throught me takin'": 1, 
            "day i see the": 1, 
            "do i turn and": 1, 
            "do now i'm not": 1, 
            "don't know about just": 1, 
            "don't see things quite": 1, 
            "earth spins into brand": 1, 
            "evolution time, resolution time": 1, 
            "fading away gonna shine": 1, 
            "feel the beat of": 1, 
            "feelin' good inside breaking": 1, 
            "feeling that you just": 1, 
            "find that i don't": 1, 
            "fool with no need": 1, 
            "for good times and": 1, 
            "for rhymes for this": 1, 
            "for this jam gimme": 1, 
            "free your mind it's": 1, 
            "from within like a": 1, 
            "get a real good": 1, 
            "get together y'all": 1, 
            "gimme lickle solo and": 1, 
            "go stand together people": 1, 
            "gonna shine from within": 1, 
            "good feeling that you": 1, 
            "good inside breaking fool": 1, 
            "good times and let": 1, 
            "got just me to": 1, 
            "got the music cuttin'": 1, 
            "got the vibrations of": 1, 
            "got to get together": 1, 
            "got to let go": 1, 
            "groove and feel the": 1, 
            "hide and no place": 1, 
            "hide i got the": 1, 
            "hip a lot of": 1, 
            "hold back i've got": 1, 
            "horizons's not fading away": 1, 
            "i ask creation for": 1, 
            "i can't hold back": 1, 
            "i don't know about": 1, 
            "i don't see things": 1, 
            "i find that i": 1, 
            "i got the music": 1, 
            "i live my life": 1, 
            "i see the light": 1, 
            "i should do now": 1, 
            "i turn and look": 1, 
            "i used to as": 1, 
            "i'll take the mic": 1, 
            "i'm not sure what": 1, 
            "i've got just me": 1, 
            "i've got to let": 1, 
            "in the air as": 1, 
            "in the sky, feelin'": 1, 
            "inside breaking fool with": 1, 
            "into brand new day": 1, 
            "intuition time evolution time,": 1, 
            "it starts to move": 1, 
            "it takes to be": 1, 
            "it's a time to": 1, 
            "it's about time we've": 1, 
            "it's time for good": 1, 
            "jam gimme lickle solo": 1, 
            "just can't lose contemplation": 1, 
            "just me to be": 1, 
            "just what to do": 1, 
            "know about just what": 1, 
            "let go stand together": 1, 
            "let yourself move it's": 1, 
            "lickle solo and i'll": 1, 
            "life i've got just": 1, 
            "light on the horizons's": 1, 
            "light to your mind": 1, 
            "like a bright white": 1, 
            "live my life i've": 1, 
            "look within to see": 1, 
            "lose contemplation time, intuition": 1, 
            "lot of people making": 1, 
            "love vibe as the": 1, 
            "making music that to": 1, 
            "me takin' control of": 1, 
            "me to be true": 1, 
            "mic stand love vibe": 1, 
            "mind it's time for": 1, 
            "mind so you can": 1, 
            "move and groove and": 1, 
            "move it's a time": 1, 
            "move you get a": 1, 
            "music bringing light to": 1, 
            "music cuttin' throught me": 1, 
            "music that to be": 1, 
            "my life i've got": 1, 
            "my soul i can't": 1, 
            "need to hide and": 1, 
            "need to hide i": 1, 
            "new day i see": 1, 
            "no need to hide": 2, 
            "no place to run": 1, 
            "not fading away gonna": 1, 
            "not sure what it": 1, 
            "now i'm not sure": 1, 
            "now it's about time": 1, 
            "of my soul i": 1, 
            "of people making music": 1, 
            "of the music bringing": 1, 
            "of the time sense": 1, 
            "on the horizons's not": 1, 
            "people come together now": 1, 
            "people making music that": 1, 
            "place to run got": 1, 
            "power in the air": 1, 
            "quite the same as": 1, 
            "real good feeling that": 1, 
            "resolution time free your": 1, 
            "rhymes for this jam": 1, 
            "run got the vibrations": 1, 
            "same as i used": 1, 
            "see the light on": 1, 
            "see things quite the": 1, 
            "see what i should": 1, 
            "sense the power in": 1, 
            "shine from within like": 1, 
            "shine spread your wings": 1, 
            "shit so i ask": 1, 
            "should do now i'm": 1, 
            "sky, feelin' good inside": 1, 
            "so i ask creation": 1, 
            "so you can move": 1, 
            "solo and i'll take": 1, 
            "soul i can't hold": 1, 
            "spins into brand new": 1, 
            "spread your wings in": 1, 
            "stand love vibe as": 1, 
            "stand together people come": 1, 
            "starts to move you": 1, 
            "sun no need to": 1, 
            "sure what it takes": 1, 
            "take the mic stand": 1, 
            "takes to be hip": 1, 
            "takin' control of my": 1, 
            "that i don't know": 1, 
            "that to be ain't": 1, 
            "that you just can't": 1, 
            "the air as it": 1, 
            "the beat of the": 1, 
            "the earth spins into": 1, 
            "the horizons's not fading": 1, 
            "the light on the": 1, 
            "the mic stand love": 1, 
            "the music bringing light": 1, 
            "the music cuttin' throught": 1, 
            "the power in the": 1, 
            "the same as i": 1, 
            "the sky, feelin' good": 1, 
            "the time sense the": 1, 
            "the vibrations of the": 1, 
            "things quite the same": 1, 
            "this jam gimme lickle": 1, 
            "throught me takin' control": 1, 
            "time evolution time, resolution": 1, 
            "time for good times": 1, 
            "time free your mind": 1, 
            "time sense the power": 1, 
            "time to shine spread": 1, 
            "time we've got to": 1, 
            "time, intuition time evolution": 1, 
            "time, resolution time free": 1, 
            "times and let yourself": 1, 
            "to and when i": 1, 
            "to as i live": 1, 
            "to be ain't shit": 1, 
            "to be hip a": 1, 
            "to be true to": 1, 
            "to do i turn": 1, 
            "to get together y'all": 1, 
            "to hide and no": 1, 
            "to hide i got": 1, 
            "to let go stand": 1, 
            "to move you get": 1, 
            "to run got the": 1, 
            "to see what i": 1, 
            "to shine spread your": 1, 
            "to your mind so": 1, 
            "together now it's about": 1, 
            "together people come together": 1, 
            "together y'all": 1, 
            "true to and when": 1, 
            "turn and look within": 1, 
            "used to as i": 1, 
            "vibe as the earth": 1, 
            "vibrations of the music": 1, 
            "we've got to get": 1, 
            "what i should do": 1, 
            "what it takes to": 1, 
            "what to do i": 1, 
            "when i find that": 1, 
            "white sun no need": 1, 
            "wings in the sky,": 1, 
            "with no need to": 1, 
            "within like a bright": 1, 
            "within to see what": 1, 
            "y'all": 1, 
            "you can move and": 1, 
            "you get a real": 1, 
            "you just can't lose": 1, 
            "your mind it's time": 1, 
            "your mind so you": 1, 
            "your wings in the": 1, 
            "yourself move it's a": 1
        }, 
        "5": {
            "": 953, 
            "a bright white sun no": 1, 
            "a lot of people making": 1, 
            "a real good feeling that": 1, 
            "a time to shine spread": 1, 
            "about just what to do": 1, 
            "about time we've got to": 1, 
            "ain't shit so i ask": 1, 
            "air as it starts to": 1, 
            "and feel the beat of": 1, 
            "and groove and feel the": 1, 
            "and i'll take the mic": 1, 
            "and let yourself move it's": 1, 
            "and look within to see": 1, 
            "and no place to run": 1, 
            "and when i find that": 1, 
            "as i live my life": 1, 
            "as i used to as": 1, 
            "as it starts to move": 1, 
            "as the earth spins into": 1, 
            "ask creation for rhymes for": 1, 
            "away gonna shine from within": 1, 
            "back i've got to let": 1, 
            "be ain't shit so i": 1, 
            "be hip a lot of": 1, 
            "be true to and when": 1, 
            "beat of the time sense": 1, 
            "brand new day i see": 1, 
            "breaking fool with no need": 1, 
            "bright white sun no need": 1, 
            "bringing light to your mind": 1, 
            "can move and groove and": 1, 
            "can't hold back i've got": 1, 
            "can't lose contemplation time, intuition": 1, 
            "come together now it's about": 1, 
            "contemplation time, intuition time evolution": 1, 
            "control of my soul i": 1, 
            "creation for rhymes for this": 1, 
            "cuttin' throught me takin' control": 1, 
            "day i see the light": 1, 
            "do i turn and look": 1, 
            "do now i'm not sure": 1, 
            "don't know about just what": 1, 
            "don't see things quite the": 1, 
            "earth spins into brand new": 1, 
            "evolution time, resolution time free": 1, 
            "fading away gonna shine from": 1, 
            "feel the beat of the": 1, 
            "feelin' good inside breaking fool": 1, 
            "feeling that you just can't": 1, 
            "find that i don't know": 1, 
            "fool with no need to": 1, 
            "for good times and let": 1, 
            "for rhymes for this jam": 1, 
            "for this jam gimme lickle": 1, 
            "free your mind it's time": 1, 
            "from within like a bright": 1, 
            "get a real good feeling": 1, 
            "get together y'all": 1, 
            "gimme lickle solo and i'll": 1, 
            "go stand together people come": 1, 
            "gonna shine from within like": 1, 
            "good feeling that you just": 1, 
            "good inside breaking fool with": 1, 
            "good times and let yourself": 1, 
            "got just me to be": 1, 
            "got the music cuttin' throught": 1, 
            "got the vibrations of the": 1, 
            "got to get together y'all": 1, 
            "got to let go stand": 1, 
            "groove and feel the beat": 1, 
            "hide and no place to": 1, 
            "hide i got the music": 1, 
            "hip a lot of people": 1, 
            "hold back i've got to": 1, 
            "horizons's not fading away gonna": 1, 
            "i ask creation for rhymes": 1, 
            "i can't hold back i've": 1, 
            "i don't know about just": 1, 
            "i don't see things quite": 1, 
            "i find that i don't": 1, 
            "i got the music cuttin'": 1, 
            "i live my life i've": 1, 
            "i see the light on": 1, 
            "i should do now i'm": 1, 
            "i turn and look within": 1, 
            "i used to as i": 1, 
            "i'll take the mic stand": 1, 
            "i'm not sure what it": 1, 
            "i've got just me to": 1, 
            "i've got to let go": 1, 
            "in the air as it": 1, 
            "in the sky, feelin' good": 1, 
            "inside breaking fool with no": 1, 
            "into brand new day i": 1, 
            "intuition time evolution time, resolution": 1, 
            "it starts to move you": 1, 
            "it takes to be hip": 1, 
            "it's a time to shine": 1, 
            "it's about time we've got": 1, 
            "it's time for good times": 1, 
            "jam gimme lickle solo and": 1, 
            "just can't lose contemplation time,": 1, 
            "just me to be true": 1, 
            "just what to do i": 1, 
            "know about just what to": 1, 
            "let go stand together people": 1, 
            "let yourself move it's a": 1, 
            "lickle solo and i'll take": 1, 
            "life i've got just me": 1, 
            "light on the horizons's not": 1, 
            "light to your mind so": 1, 
            "like a bright white sun": 1, 
            "live my life i've got": 1, 
            "look within to see what": 1, 
            "lose contemplation time, intuition time": 1, 
            "lot of people making music": 1, 
            "love vibe as the earth": 1, 
            "making music that to be": 1, 
            "me takin' control of my": 1, 
            "me to be true to": 1, 
            "mic stand love vibe as": 1, 
            "mind it's time for good": 1, 
            "mind so you can move": 1, 
            "move and groove and feel": 1, 
            "move it's a time to": 1, 
            "move you get a real": 1, 
            "music bringing light to your": 1, 
            "music cuttin' throught me takin'": 1, 
            "music that to be ain't": 1, 
            "my life i've got just": 1, 
            "my soul i can't hold": 1, 
            "need to hide and no": 1, 
            "need to hide i got": 1, 
            "new day i see the": 1, 
            "no need to hide and": 1, 
            "no need to hide i": 1, 
            "no place to run got": 1, 
            "not fading away gonna shine": 1, 
            "not sure what it takes": 1, 
            "now i'm not sure what": 1, 
            "now it's about time we've": 1, 
            "of my soul i can't": 1, 
            "of people making music that": 1, 
            "of the music bringing light": 1, 
            "of the time sense the": 1, 
            "on the horizons's not fading": 1, 
            "people come together now it's": 1, 
            "people making music that to": 1, 
            "place to run got the": 1, 
            "power in the air as": 1, 
            "quite the same as i": 1, 
            "real good feeling that you": 1, 
            "resolution time free your mind": 1, 
            "rhymes for this jam gimme": 1, 
            "run got the vibrations of": 1, 
            "same as i used to": 1, 
            "see the light on the": 1, 
            "see things quite the same": 1, 
            "see what i should do": 1, 
            "sense the power in the": 1, 
            "shine from within like a": 1, 
            "shine spread your wings in": 1, 
            "shit so i ask creation": 1, 
            "should do now i'm not": 1, 
            "sky, feelin' good inside breaking": 1, 
            "so i ask creation for": 1, 
            "so you can move and": 1, 
            "solo and i'll take the": 1, 
            "soul i can't hold back": 1, 
            "spins into brand new day": 1, 
            "spread your wings in the": 1, 
            "stand love vibe as the": 1, 
            "stand together people come together": 1, 
            "starts to move you get": 1, 
            "sun no need to hide": 1, 
            "sure what it takes to": 1, 
            "take the mic stand love": 1, 
            "takes to be hip a": 1, 
            "takin' control of my soul": 1, 
            "that i don't know about": 1, 
            "that to be ain't shit": 1, 
            "that you just can't lose": 1, 
            "the air as it starts": 1, 
            "the beat of the time": 1, 
            "the earth spins into brand": 1, 
            "the horizons's not fading away": 1, 
            "the light on the horizons's": 1, 
            "the mic stand love vibe": 1, 
            "the music bringing light to": 1, 
            "the music cuttin' throught me": 1, 
            "the power in the air": 1, 
            "the same as i used": 1, 
            "the sky, feelin' good inside": 1, 
            "the time sense the power": 1, 
            "the vibrations of the music": 1, 
            "things quite the same as": 1, 
            "this jam gimme lickle solo": 1, 
            "throught me takin' control of": 1, 
            "time evolution time, resolution time": 1, 
            "time for good times and": 1, 
            "time free your mind it's": 1, 
            "time sense the power in": 1, 
            "time to shine spread your": 1, 
            "time we've got to get": 1, 
            "time, intuition time evolution time,": 1, 
            "time, resolution time free your": 1, 
            "times and let yourself move": 1, 
            "to and when i find": 1, 
            "to as i live my": 1, 
            "to be ain't shit so": 1, 
            "to be hip a lot": 1, 
            "to be true to and": 1, 
            "to do i turn and": 1, 
            "to get together y'all": 1, 
            "to hide and no place": 1, 
            "to hide i got the": 1, 
            "to let go stand together": 1, 
            "to move you get a": 1, 
            "to run got the vibrations": 1, 
            "to see what i should": 1, 
            "to shine spread your wings": 1, 
            "to your mind so you": 1, 
            "together now it's about time": 1, 
            "together people come together now": 1, 
            "together y'all": 1, 
            "true to and when i": 1, 
            "turn and look within to": 1, 
            "used to as i live": 1, 
            "vibe as the earth spins": 1, 
            "vibrations of the music bringing": 1, 
            "we've got to get together": 1, 
            "what i should do now": 1, 
            "what it takes to be": 1, 
            "what to do i turn": 1, 
            "when i find that i": 1, 
            "white sun no need to": 1, 
            "wings in the sky, feelin'": 1, 
            "with no need to hide": 1, 
            "within like a bright white": 1, 
            "within to see what i": 1, 
            "y'all": 1, 
            "you can move and groove": 1, 
            "you get a real good": 1, 
            "you just can't lose contemplation": 1, 
            "your mind it's time for": 1, 
            "your mind so you can": 1, 
            "your wings in the sky,": 1, 
            "yourself move it's a time": 1
        }, 
        "6": {
            "": 952, 
            "a bright white sun no need": 1, 
            "a lot of people making music": 1, 
            "a real good feeling that you": 1, 
            "a time to shine spread your": 1, 
            "about just what to do i": 1, 
            "about time we've got to get": 1, 
            "ain't shit so i ask creation": 1, 
            "air as it starts to move": 1, 
            "and feel the beat of the": 1, 
            "and groove and feel the beat": 1, 
            "and i'll take the mic stand": 1, 
            "and let yourself move it's a": 1, 
            "and look within to see what": 1, 
            "and no place to run got": 1, 
            "and when i find that i": 1, 
            "as i live my life i've": 1, 
            "as i used to as i": 1, 
            "as it starts to move you": 1, 
            "as the earth spins into brand": 1, 
            "ask creation for rhymes for this": 1, 
            "away gonna shine from within like": 1, 
            "back i've got to let go": 1, 
            "be ain't shit so i ask": 1, 
            "be hip a lot of people": 1, 
            "be true to and when i": 1, 
            "beat of the time sense the": 1, 
            "brand new day i see the": 1, 
            "breaking fool with no need to": 1, 
            "bright white sun no need to": 1, 
            "bringing light to your mind so": 1, 
            "can move and groove and feel": 1, 
            "can't hold back i've got to": 1, 
            "can't lose contemplation time, intuition time": 1, 
            "come together now it's about time": 1, 
            "contemplation time, intuition time evolution time,": 1, 
            "control of my soul i can't": 1, 
            "creation for rhymes for this jam": 1, 
            "cuttin' throught me takin' control of": 1, 
            "day i see the light on": 1, 
            "do i turn and look within": 1, 
            "do now i'm not sure what": 1, 
            "don't know about just what to": 1, 
            "don't see things quite the same": 1, 
            "earth spins into brand new day": 1, 
            "evolution time, resolution time free your": 1, 
            "fading away gonna shine from within": 1, 
            "feel the beat of the time": 1, 
            "feelin' good inside breaking fool with": 1, 
            "feeling that you just can't lose": 1, 
            "find that i don't know about": 1, 
            "fool with no need to hide": 1, 
            "for good times and let yourself": 1, 
            "for rhymes for this jam gimme": 1, 
            "for this jam gimme lickle solo": 1, 
            "free your mind it's time for": 1, 
            "from within like a bright white": 1, 
            "get a real good feeling that": 1, 
            "get together y'all": 1, 
            "gimme lickle solo and i'll take": 1, 
            "go stand together people come together": 1, 
            "gonna shine from within like a": 1, 
            "good feeling that you just can't": 1, 
            "good inside breaking fool with no": 1, 
            "good times and let yourself move": 1, 
            "got just me to be true": 1, 
            "got the music cuttin' throught me": 1, 
            "got the vibrations of the music": 1, 
            "got to get together y'all": 1, 
            "got to let go stand together": 1, 
            "groove and feel the beat of": 1, 
            "hide and no place to run": 1, 
            "hide i got the music cuttin'": 1, 
            "hip a lot of people making": 1, 
            "hold back i've got to let": 1, 
            "horizons's not fading away gonna shine": 1, 
            "i ask creation for rhymes for": 1, 
            "i can't hold back i've got": 1, 
            "i don't know about just what": 1, 
            "i don't see things quite the": 1, 
            "i find that i don't know": 1, 
            "i got the music cuttin' throught": 1, 
            "i live my life i've got": 1, 
            "i see the light on the": 1, 
            "i should do now i'm not": 1, 
            "i turn and look within to": 1, 
            "i used to as i live": 1, 
            "i'll take the mic stand love": 1, 
            "i'm not sure what it takes": 1, 
            "i've got just me to be": 1, 
            "i've got to let go stand": 1, 
            "in the air as it starts": 1, 
            "in the sky, feelin' good inside": 1, 
            "inside breaking fool with no need": 1, 
            "into brand new day i see": 1, 
            "intuition time evolution time, resolution time": 1, 
            "it starts to move you get": 1, 
            "it takes to be hip a": 1, 
            "it's a time to shine spread": 1, 
            "it's about time we've got to": 1, 
            "it's time for good times and": 1, 
            "jam gimme lickle solo and i'll": 1, 
            "just can't lose contemplation time, intuition": 1, 
            "just me to be true to": 1, 
            "just what to do i turn": 1, 
            "know about just what to do": 1, 
            "let go stand together people come": 1, 
            "let yourself move it's a time": 1, 
            "lickle solo and i'll take the": 1, 
            "life i've got just me to": 1, 
            "light on the horizons's not fading": 1, 
            "light to your mind so you": 1, 
            "like a bright white sun no": 1, 
            "live my life i've got just": 1, 
            "look within to see what i": 1, 
            "lose contemplation time, intuition time evolution": 1, 
            "lot of people making music that": 1, 
            "love vibe as the earth spins": 1, 
            "making music that to be ain't": 1, 
            "me takin' control of my soul": 1, 
            "me to be true to and": 1, 
            "mic stand love vibe as the": 1, 
            "mind it's time for good times": 1, 
            "mind so you can move and": 1, 
            "move and groove and feel the": 1, 
            "move it's a time to shine": 1, 
            "move you get a real good": 1, 
            "music bringing light to your mind": 1, 
            "music cuttin' throught me takin' control": 1, 
            "music that to be ain't shit": 1, 
            "my life i've got just me": 1, 
            "my soul i can't hold back": 1, 
            "need to hide and no place": 1, 
            "need to hide i got the": 1, 
            "new day i see the light": 1, 
            "no need to hide and no": 1, 
            "no need to hide i got": 1, 
            "no place to run got the": 1, 
            "not fading away gonna shine from": 1, 
            "not sure what it takes to": 1, 
            "now i'm not sure what it": 1, 
            "now it's about time we've got": 1, 
            "of my soul i can't hold": 1, 
            "of people making music that to": 1, 
            "of the music bringing light to": 1, 
            "of the time sense the power": 1, 
            "on the horizons's not fading away": 1, 
            "people come together now it's about": 1, 
            "people making music that to be": 1, 
            "place to run got the vibrations": 1, 
            "power in the air as it": 1, 
            "quite the same as i used": 1, 
            "real good feeling that you just": 1, 
            "resolution time free your mind it's": 1, 
            "rhymes for this jam gimme lickle": 1, 
            "run got the vibrations of the": 1, 
            "same as i used to as": 1, 
            "see the light on the horizons's": 1, 
            "see things quite the same as": 1, 
            "see what i should do now": 1, 
            "sense the power in the air": 1, 
            "shine from within like a bright": 1, 
            "shine spread your wings in the": 1, 
            "shit so i ask creation for": 1, 
            "should do now i'm not sure": 1, 
            "sky, feelin' good inside breaking fool": 1, 
            "so i ask creation for rhymes": 1, 
            "so you can move and groove": 1, 
            "solo and i'll take the mic": 1, 
            "soul i can't hold back i've": 1, 
            "spins into brand new day i": 1, 
            "spread your wings in the sky,": 1, 
            "stand love vibe as the earth": 1, 
            "stand together people come together now": 1, 
            "starts to move you get a": 1, 
            "sun no need to hide and": 1, 
            "sure what it takes to be": 1, 
            "take the mic stand love vibe": 1, 
            "takes to be hip a lot": 1, 
            "takin' control of my soul i": 1, 
            "that i don't know about just": 1, 
            "that to be ain't shit so": 1, 
            "that you just can't lose contemplation": 1, 
            "the air as it starts to": 1, 
            "the beat of the time sense": 1, 
            "the earth spins into brand new": 1, 
            "the horizons's not fading away gonna": 1, 
            "the light on the horizons's not": 1, 
            "the mic stand love vibe as": 1, 
            "the music bringing light to your": 1, 
            "the music cuttin' throught me takin'": 1, 
            "the power in the air as": 1, 
            "the same as i used to": 1, 
            "the sky, feelin' good inside breaking": 1, 
            "the time sense the power in": 1, 
            "the vibrations of the music bringing": 1, 
            "things quite the same as i": 1, 
            "this jam gimme lickle solo and": 1, 
            "throught me takin' control of my": 1, 
            "time evolution time, resolution time free": 1, 
            "time for good times and let": 1, 
            "time free your mind it's time": 1, 
            "time sense the power in the": 1, 
            "time to shine spread your wings": 1, 
            "time we've got to get together": 1, 
            "time, intuition time evolution time, resolution": 1, 
            "time, resolution time free your mind": 1, 
            "times and let yourself move it's": 1, 
            "to and when i find that": 1, 
            "to as i live my life": 1, 
            "to be ain't shit so i": 1, 
            "to be hip a lot of": 1, 
            "to be true to and when": 1, 
            "to do i turn and look": 1, 
            "to get together y'all": 1, 
            "to hide and no place to": 1, 
            "to hide i got the music": 1, 
            "to let go stand together people": 1, 
            "to move you get a real": 1, 
            "to run got the vibrations of": 1, 
            "to see what i should do": 1, 
            "to shine spread your wings in": 1, 
            "to your mind so you can": 1, 
            "together now it's about time we've": 1, 
            "together people come together now it's": 1, 
            "together y'all": 1, 
            "true to and when i find": 1, 
            "turn and look within to see": 1, 
            "used to as i live my": 1, 
            "vibe as the earth spins into": 1, 
            "vibrations of the music bringing light": 1, 
            "we've got to get together y'all": 1, 
            "what i should do now i'm": 1, 
            "what it takes to be hip": 1, 
            "what to do i turn and": 1, 
            "when i find that i don't": 1, 
            "white sun no need to hide": 1, 
            "wings in the sky, feelin' good": 1, 
            "with no need to hide i": 1, 
            "within like a bright white sun": 1, 
            "within to see what i should": 1, 
            "y'all": 1, 
            "you can move and groove and": 1, 
            "you get a real good feeling": 1, 
            "you just can't lose contemplation time,": 1, 
            "your mind it's time for good": 1, 
            "your mind so you can move": 1, 
            "your wings in the sky, feelin'": 1, 
            "yourself move it's a time to": 1
        }, 
        "7": {
            "": 951, 
            "a bright white sun no need to": 1, 
            "a lot of people making music that": 1, 
            "a real good feeling that you just": 1, 
            "a time to shine spread your wings": 1, 
            "about just what to do i turn": 1, 
            "about time we've got to get together": 1, 
            "ain't shit so i ask creation for": 1, 
            "air as it starts to move you": 1, 
            "and feel the beat of the time": 1, 
            "and groove and feel the beat of": 1, 
            "and i'll take the mic stand love": 1, 
            "and let yourself move it's a time": 1, 
            "and look within to see what i": 1, 
            "and no place to run got the": 1, 
            "and when i find that i don't": 1, 
            "as i live my life i've got": 1, 
            "as i used to as i live": 1, 
            "as it starts to move you get": 1, 
            "as the earth spins into brand new": 1, 
            "ask creation for rhymes for this jam": 1, 
            "away gonna shine from within like a": 1, 
            "back i've got to let go stand": 1, 
            "be ain't shit so i ask creation": 1, 
            "be hip a lot of people making": 1, 
            "be true to and when i find": 1, 
            "beat of the time sense the power": 1, 
            "brand new day i see the light": 1, 
            "breaking fool with no need to hide": 1, 
            "bright white sun no need to hide": 1, 
            "bringing light to your mind so you": 1, 
            "can move and groove and feel the": 1, 
            "can't hold back i've got to let": 1, 
            "can't lose contemplation time, intuition time evolution": 1, 
            "come together now it's about time we've": 1, 
            "contemplation time, intuition time evolution time, resolution": 1, 
            "control of my soul i can't hold": 1, 
            "creation for rhymes for this jam gimme": 1, 
            "cuttin' throught me takin' control of my": 1, 
            "day i see the light on the": 1, 
            "do i turn and look within to": 1, 
            "do now i'm not sure what it": 1, 
            "don't know about just what to do": 1, 
            "don't see things quite the same as": 1, 
            "earth spins into brand new day i": 1, 
            "evolution time, resolution time free your mind": 1, 
            "fading away gonna shine from within like": 1, 
            "feel the beat of the time sense": 1, 
            "feelin' good inside breaking fool with no": 1, 
            "feeling that you just can't lose contemplation": 1, 
            "find that i don't know about just": 1, 
            "fool with no need to hide i": 1, 
            "for good times and let yourself move": 1, 
            "for rhymes for this jam gimme lickle": 1, 
            "for this jam gimme lickle solo and": 1, 
            "free your mind it's time for good": 1, 
            "from within like a bright white sun": 1, 
            "get a real good feeling that you": 1, 
            "get together y'all": 1, 
            "gimme lickle solo and i'll take the": 1, 
            "go stand together people come together now": 1, 
            "gonna shine from within like a bright": 1, 
            "good feeling that you just can't lose": 1, 
            "good inside breaking fool with no need": 1, 
            "good times and let yourself move it's": 1, 
            "got just me to be true to": 1, 
            "got the music cuttin' throught me takin'": 1, 
            "got the vibrations of the music bringing": 1, 
            "got to get together y'all": 1, 
            "got to let go stand together people": 1, 
            "groove and feel the beat of the": 1, 
            "hide and no place to run got": 1, 
            "hide i got the music cuttin' throught": 1, 
            "hip a lot of people making music": 1, 
            "hold back i've got to let go": 1, 
            "horizons's not fading away gonna shine from": 1, 
            "i ask creation for rhymes for this": 1, 
            "i can't hold back i've got to": 1, 
            "i don't know about just what to": 1, 
            "i don't see things quite the same": 1, 
            "i find that i don't know about": 1, 
            "i got the music cuttin' throught me": 1, 
            "i live my life i've got just": 1, 
            "i see the light on the horizons's": 1, 
            "i should do now i'm not sure": 1, 
            "i turn and look within to see": 1, 
            "i used to as i live my": 1, 
            "i'll take the mic stand love vibe": 1, 
            "i'm not sure what it takes to": 1, 
            "i've got just me to be true": 1, 
            "i've got to let go stand together": 1, 
            "in the air as it starts to": 1, 
            "in the sky, feelin' good inside breaking": 1, 
            "inside breaking fool with no need to": 1, 
            "into brand new day i see the": 1, 
            "intuition time evolution time, resolution time free": 1, 
            "it starts to move you get a": 1, 
            "it takes to be hip a lot": 1, 
            "it's a time to shine spread your": 1, 
            "it's about time we've got to get": 1, 
            "it's time for good times and let": 1, 
            "jam gimme lickle solo and i'll take": 1, 
            "just can't lose contemplation time, intuition time": 1, 
            "just me to be true to and": 1, 
            "just what to do i turn and": 1, 
            "know about just what to do i": 1, 
            "let go stand together people come together": 1, 
            "let yourself move it's a time to": 1, 
            "lickle solo and i'll take the mic": 1, 
            "life i've got just me to be": 1, 
            "light on the horizons's not fading away": 1, 
            "light to your mind so you can": 1, 
            "like a bright white sun no need": 1, 
            "live my life i've got just me": 1, 
            "look within to see what i should": 1, 
            "lose contemplation time, intuition time evolution time,": 1, 
            "lot of people making music that to": 1, 
            "love vibe as the earth spins into": 1, 
            "making music that to be ain't shit": 1, 
            "me takin' control of my soul i": 1, 
            "me to be true to and when": 1, 
            "mic stand love vibe as the earth": 1, 
            "mind it's time for good times and": 1, 
            "mind so you can move and groove": 1, 
            "move and groove and feel the beat": 1, 
            "move it's a time to shine spread": 1, 
            "move you get a real good feeling": 1, 
            "music bringing light to your mind so": 1, 
            "music cuttin' throught me takin' control of": 1, 
            "music that to be ain't shit so": 1, 
            "my life i've got just me to": 1, 
            "my soul i can't hold back i've": 1, 
            "need to hide and no place to": 1, 
            "need to hide i got the music": 1, 
            "new day i see the light on": 1, 
            "no need to hide and no place": 1, 
            "no need to hide i got the": 1, 
            "no place to run got the vibrations": 1, 
            "not fading away gonna shine from within": 1, 
            "not sure what it takes to be": 1, 
            "now i'm not sure what it takes": 1, 
            "now it's about time we've got to": 1, 
            "of my soul i can't hold back": 1, 
            "of people making music that to be": 1, 
            "of the music bringing light to your": 1, 
            "of the time sense the power in": 1, 
            "on the horizons's not fading away gonna": 1, 
            "people come together now it's about time": 1, 
            "people making music that to be ain't": 1, 
            "place to run got the vibrations of": 1, 
            "power in the air as it starts": 1, 
            "quite the same as i used to": 1, 
            "real good feeling that you just can't": 1, 
            "resolution time free your mind it's time": 1, 
            "rhymes for this jam gimme lickle solo": 1, 
            "run got the vibrations of the music": 1, 
            "same as i used to as i": 1, 
            "see the light on the horizons's not": 1, 
            "see things quite the same as i": 1, 
            "see what i should do now i'm": 1, 
            "sense the power in the air as": 1, 
            "shine from within like a bright white": 1, 
            "shine spread your wings in the sky,": 1, 
            "shit so i ask creation for rhymes": 1, 
            "should do now i'm not sure what": 1, 
            "sky, feelin' good inside breaking fool with": 1, 
            "so i ask creation for rhymes for": 1, 
            "so you can move and groove and": 1, 
            "solo and i'll take the mic stand": 1, 
            "soul i can't hold back i've got": 1, 
            "spins into brand new day i see": 1, 
            "spread your wings in the sky, feelin'": 1, 
            "stand love vibe as the earth spins": 1, 
            "stand together people come together now it's": 1, 
            "starts to move you get a real": 1, 
            "sun no need to hide and no": 1, 
            "sure what it takes to be hip": 1, 
            "take the mic stand love vibe as": 1, 
            "takes to be hip a lot of": 1, 
            "takin' control of my soul i can't": 1, 
            "that i don't know about just what": 1, 
            "that to be ain't shit so i": 1, 
            "that you just can't lose contemplation time,": 1, 
            "the air as it starts to move": 1, 
            "the beat of the time sense the": 1, 
            "the earth spins into brand new day": 1, 
            "the horizons's not fading away gonna shine": 1, 
            "the light on the horizons's not fading": 1, 
            "the mic stand love vibe as the": 1, 
            "the music bringing light to your mind": 1, 
            "the music cuttin' throught me takin' control": 1, 
            "the power in the air as it": 1, 
            "the same as i used to as": 1, 
            "the sky, feelin' good inside breaking fool": 1, 
            "the time sense the power in the": 1, 
            "the vibrations of the music bringing light": 1, 
            "things quite the same as i used": 1, 
            "this jam gimme lickle solo and i'll": 1, 
            "throught me takin' control of my soul": 1, 
            "time evolution time, resolution time free your": 1, 
            "time for good times and let yourself": 1, 
            "time free your mind it's time for": 1, 
            "time sense the power in the air": 1, 
            "time to shine spread your wings in": 1, 
            "time we've got to get together y'all": 1, 
            "time, intuition time evolution time, resolution time": 1, 
            "time, resolution time free your mind it's": 1, 
            "times and let yourself move it's a": 1, 
            "to and when i find that i": 1, 
            "to as i live my life i've": 1, 
            "to be ain't shit so i ask": 1, 
            "to be hip a lot of people": 1, 
            "to be true to and when i": 1, 
            "to do i turn and look within": 1, 
            "to get together y'all": 1, 
            "to hide and no place to run": 1, 
            "to hide i got the music cuttin'": 1, 
            "to let go stand together people come": 1, 
            "to move you get a real good": 1, 
            "to run got the vibrations of the": 1, 
            "to see what i should do now": 1, 
            "to shine spread your wings in the": 1, 
            "to your mind so you can move": 1, 
            "together now it's about time we've got": 1, 
            "together people come together now it's about": 1, 
            "together y'all": 1, 
            "true to and when i find that": 1, 
            "turn and look within to see what": 1, 
            "used to as i live my life": 1, 
            "vibe as the earth spins into brand": 1, 
            "vibrations of the music bringing light to": 1, 
            "we've got to get together y'all": 1, 
            "what i should do now i'm not": 1, 
            "what it takes to be hip a": 1, 
            "what to do i turn and look": 1, 
            "when i find that i don't know": 1, 
            "white sun no need to hide and": 1, 
            "wings in the sky, feelin' good inside": 1, 
            "with no need to hide i got": 1, 
            "within like a bright white sun no": 1, 
            "within to see what i should do": 1, 
            "y'all": 1, 
            "you can move and groove and feel": 1, 
            "you get a real good feeling that": 1, 
            "you just can't lose contemplation time, intuition": 1, 
            "your mind it's time for good times": 1, 
            "your mind so you can move and": 1, 
            "your wings in the sky, feelin' good": 1, 
            "yourself move it's a time to shine": 1
        }, 
        "8": {
            "": 950, 
            "a bright white sun no need to hide": 1, 
            "a lot of people making music that to": 1, 
            "a real good feeling that you just can't": 1, 
            "a time to shine spread your wings in": 1, 
            "about just what to do i turn and": 1, 
            "about time we've got to get together y'all": 1, 
            "ain't shit so i ask creation for rhymes": 1, 
            "air as it starts to move you get": 1, 
            "and feel the beat of the time sense": 1, 
            "and groove and feel the beat of the": 1, 
            "and i'll take the mic stand love vibe": 1, 
            "and let yourself move it's a time to": 1, 
            "and look within to see what i should": 1, 
            "and no place to run got the vibrations": 1, 
            "and when i find that i don't know": 1, 
            "as i live my life i've got just": 1, 
            "as i used to as i live my": 1, 
            "as it starts to move you get a": 1, 
            "as the earth spins into brand new day": 1, 
            "ask creation for rhymes for this jam gimme": 1, 
            "away gonna shine from within like a bright": 1, 
            "back i've got to let go stand together": 1, 
            "be ain't shit so i ask creation for": 1, 
            "be hip a lot of people making music": 1, 
            "be true to and when i find that": 1, 
            "beat of the time sense the power in": 1, 
            "brand new day i see the light on": 1, 
            "breaking fool with no need to hide i": 1, 
            "bright white sun no need to hide and": 1, 
            "bringing light to your mind so you can": 1, 
            "can move and groove and feel the beat": 1, 
            "can't hold back i've got to let go": 1, 
            "can't lose contemplation time, intuition time evolution time,": 1, 
            "come together now it's about time we've got": 1, 
            "contemplation time, intuition time evolution time, resolution time": 1, 
            "control of my soul i can't hold back": 1, 
            "creation for rhymes for this jam gimme lickle": 1, 
            "cuttin' throught me takin' control of my soul": 1, 
            "day i see the light on the horizons's": 1, 
            "do i turn and look within to see": 1, 
            "do now i'm not sure what it takes": 1, 
            "don't know about just what to do i": 1, 
            "don't see things quite the same as i": 1, 
            "earth spins into brand new day i see": 1, 
            "evolution time, resolution time free your mind it's": 1, 
            "fading away gonna shine from within like a": 1, 
            "feel the beat of the time sense the": 1, 
            "feelin' good inside breaking fool with no need": 1, 
            "feeling that you just can't lose contemplation time,": 1, 
            "find that i don't know about just what": 1, 
            "fool with no need to hide i got": 1, 
            "for good times and let yourself move it's": 1, 
            "for rhymes for this jam gimme lickle solo": 1, 
            "for this jam gimme lickle solo and i'll": 1, 
            "free your mind it's time for good times": 1, 
            "from within like a bright white sun no": 1, 
            "get a real good feeling that you just": 1, 
            "get together y'all": 1, 
            "gimme lickle solo and i'll take the mic": 1, 
            "go stand together people come together now it's": 1, 
            "gonna shine from within like a bright white": 1, 
            "good feeling that you just can't lose contemplation": 1, 
            "good inside breaking fool with no need to": 1, 
            "good times and let yourself move it's a": 1, 
            "got just me to be true to and": 1, 
            "got the music cuttin' throught me takin' control": 1, 
            "got the vibrations of the music bringing light": 1, 
            "got to get together y'all": 1, 
            "got to let go stand together people come": 1, 
            "groove and feel the beat of the time": 1, 
            "hide and no place to run got the": 1, 
            "hide i got the music cuttin' throught me": 1, 
            "hip a lot of people making music that": 1, 
            "hold back i've got to let go stand": 1, 
            "horizons's not fading away gonna shine from within": 1, 
            "i ask creation for rhymes for this jam": 1, 
            "i can't hold back i've got to let": 1, 
            "i don't know about just what to do": 1, 
            "i don't see things quite the same as": 1, 
            "i find that i don't know about just": 1, 
            "i got the music cuttin' throught me takin'": 1, 
            "i live my life i've got just me": 1, 
            "i see the light on the horizons's not": 1, 
            "i should do now i'm not sure what": 1, 
            "i turn and look within to see what": 1, 
            "i used to as i live my life": 1, 
            "i'll take the mic stand love vibe as": 1, 
            "i'm not sure what it takes to be": 1, 
            "i've got just me to be true to": 1, 
            "i've got to let go stand together people": 1, 
            "in the air as it starts to move": 1, 
            "in the sky, feelin' good inside breaking fool": 1, 
            "inside breaking fool with no need to hide": 1, 
            "into brand new day i see the light": 1, 
            "intuition time evolution time, resolution time free your": 1, 
            "it starts to move you get a real": 1, 
            "it takes to be hip a lot of": 1, 
            "it's a time to shine spread your wings": 1, 
            "it's about time we've got to get together": 1, 
            "it's time for good times and let yourself": 1, 
            "jam gimme lickle solo and i'll take the": 1, 
            "just can't lose contemplation time, intuition time evolution": 1, 
            "just me to be true to and when": 1, 
            "just what to do i turn and look": 1, 
            "know about just what to do i turn": 1, 
            "let go stand together people come together now": 1, 
            "let yourself move it's a time to shine": 1, 
            "lickle solo and i'll take the mic stand": 1, 
            "life i've got just me to be true": 1, 
            "light on the horizons's not fading away gonna": 1, 
            "light to your mind so you can move": 1, 
            "like a bright white sun no need to": 1, 
            "live my life i've got just me to": 1, 
            "look within to see what i should do": 1, 
            "lose contemplation time, intuition time evolution time, resolution": 1, 
            "lot of people making music that to be": 1, 
            "love vibe as the earth spins into brand": 1, 
            "making music that to be ain't shit so": 1, 
            "me takin' control of my soul i can't": 1, 
            "me to be true to and when i": 1, 
            "mic stand love vibe as the earth spins": 1, 
            "mind it's time for good times and let": 1, 
            "mind so you can move and groove and": 1, 
            "move and groove and feel the beat of": 1, 
            "move it's a time to shine spread your": 1, 
            "move you get a real good feeling that": 1, 
            "music bringing light to your mind so you": 1, 
            "music cuttin' throught me takin' control of my": 1, 
            "music that to be ain't shit so i": 1, 
            "my life i've got just me to be": 1, 
            "my soul i can't hold back i've got": 1, 
            "need to hide and no place to run": 1, 
            "need to hide i got the music cuttin'": 1, 
            "new day i see the light on the": 1, 
            "no need to hide and no place to": 1, 
            "no need to hide i got the music": 1, 
            "no place to run got the vibrations of": 1, 
            "not fading away gonna shine from within like": 1, 
            "not sure what it takes to be hip": 1, 
            "now i'm not sure what it takes to": 1, 
            "now it's about time we've got to get": 1, 
            "of my soul i can't hold back i've": 1, 
            "of people making music that to be ain't": 1, 
            "of the music bringing light to your mind": 1, 
            "of the time sense the power in the": 1, 
            "on the horizons's not fading away gonna shine": 1, 
            "people come together now it's about time we've": 1, 
            "people making music that to be ain't shit": 1, 
            "place to run got the vibrations of the": 1, 
            "power in the air as it starts to": 1, 
            "quite the same as i used to as": 1, 
            "real good feeling that you just can't lose": 1, 
            "resolution time free your mind it's time for": 1, 
            "rhymes for this jam gimme lickle solo and": 1, 
            "run got the vibrations of the music bringing": 1, 
            "same as i used to as i live": 1, 
            "see the light on the horizons's not fading": 1, 
            "see things quite the same as i used": 1, 
            "see what i should do now i'm not": 1, 
            "sense the power in the air as it": 1, 
            "shine from within like a bright white sun": 1, 
            "shine spread your wings in the sky, feelin'": 1, 
            "shit so i ask creation for rhymes for": 1, 
            "should do now i'm not sure what it": 1, 
            "sky, feelin' good inside breaking fool with no": 1, 
            "so i ask creation for rhymes for this": 1, 
            "so you can move and groove and feel": 1, 
            "solo and i'll take the mic stand love": 1, 
            "soul i can't hold back i've got to": 1, 
            "spins into brand new day i see the": 1, 
            "spread your wings in the sky, feelin' good": 1, 
            "stand love vibe as the earth spins into": 1, 
            "stand together people come together now it's about": 1, 
            "starts to move you get a real good": 1, 
            "sun no need to hide and no place": 1, 
            "sure what it takes to be hip a": 1, 
            "take the mic stand love vibe as the": 1, 
            "takes to be hip a lot of people": 1, 
            "takin' control of my soul i can't hold": 1, 
            "that i don't know about just what to": 1, 
            "that to be ain't shit so i ask": 1, 
            "that you just can't lose contemplation time, intuition": 1, 
            "the air as it starts to move you": 1, 
            "the beat of the time sense the power": 1, 
            "the earth spins into brand new day i": 1, 
            "the horizons's not fading away gonna shine from": 1, 
            "the light on the horizons's not fading away": 1, 
            "the mic stand love vibe as the earth": 1, 
            "the music bringing light to your mind so": 1, 
            "the music cuttin' throught me takin' control of": 1, 
            "the power in the air as it starts": 1, 
            "the same as i used to as i": 1, 
            "the sky, feelin' good inside breaking fool with": 1, 
            "the time sense the power in the air": 1, 
            "the vibrations of the music bringing light to": 1, 
            "things quite the same as i used to": 1, 
            "this jam gimme lickle solo and i'll take": 1, 
            "throught me takin' control of my soul i": 1, 
            "time evolution time, resolution time free your mind": 1, 
            "time for good times and let yourself move": 1, 
            "time free your mind it's time for good": 1, 
            "time sense the power in the air as": 1, 
            "time to shine spread your wings in the": 1, 
            "time we've got to get together y'all": 1, 
            "time, intuition time evolution time, resolution time free": 1, 
            "time, resolution time free your mind it's time": 1, 
            "times and let yourself move it's a time": 1, 
            "to and when i find that i don't": 1, 
            "to as i live my life i've got": 1, 
            "to be ain't shit so i ask creation": 1, 
            "to be hip a lot of people making": 1, 
            "to be true to and when i find": 1, 
            "to do i turn and look within to": 1, 
            "to get together y'all": 1, 
            "to hide and no place to run got": 1, 
            "to hide i got the music cuttin' throught": 1, 
            "to let go stand together people come together": 1, 
            "to move you get a real good feeling": 1, 
            "to run got the vibrations of the music": 1, 
            "to see what i should do now i'm": 1, 
            "to shine spread your wings in the sky,": 1, 
            "to your mind so you can move and": 1, 
            "together now it's about time we've got to": 1, 
            "together people come together now it's about time": 1, 
            "together y'all": 1, 
            "true to and when i find that i": 1, 
            "turn and look within to see what i": 1, 
            "used to as i live my life i've": 1, 
            "vibe as the earth spins into brand new": 1, 
            "vibrations of the music bringing light to your": 1, 
            "we've got to get together y'all": 1, 
            "what i should do now i'm not sure": 1, 
            "what it takes to be hip a lot": 1, 
            "what to do i turn and look within": 1, 
            "when i find that i don't know about": 1, 
            "white sun no need to hide and no": 1, 
            "wings in the sky, feelin' good inside breaking": 1, 
            "with no need to hide i got the": 1, 
            "within like a bright white sun no need": 1, 
            "within to see what i should do now": 1, 
            "y'all": 1, 
            "you can move and groove and feel the": 1, 
            "you get a real good feeling that you": 1, 
            "you just can't lose contemplation time, intuition time": 1, 
            "your mind it's time for good times and": 1, 
            "your mind so you can move and groove": 1, 
            "your wings in the sky, feelin' good inside": 1, 
            "yourself move it's a time to shine spread": 1
        }
    }, 
    "song_title": "Stand Together", 
    "total_words": [
        248, 
        {
            "a": 4, 
            "about": 2, 
            "ain't": 1, 
            "air": 1, 
            "and": 7, 
            "as": 4, 
            "ask": 1, 
            "away": 1, 
            "back": 1, 
            "be": 3, 
            "beat": 1, 
            "brand": 1, 
            "breaking": 1, 
            "bright": 1, 
            "bringing": 1, 
            "can": 1, 
            "can't": 2, 
            "come": 1, 
            "contemplation": 1, 
            "control": 1, 
            "creation": 1, 
            "cuttin'": 1, 
            "day": 1, 
            "do": 2, 
            "don't": 2, 
            "earth": 1, 
            "evolution": 1, 
            "fading": 1, 
            "feel": 1, 
            "feelin'": 1, 
            "feeling": 1, 
            "find": 1, 
            "fool": 1, 
            "for": 3, 
            "free": 1, 
            "from": 1, 
            "get": 2, 
            "gimme": 1, 
            "go": 1, 
            "gonna": 1, 
            "good": 3, 
            "got": 5, 
            "groove": 1, 
            "hide": 2, 
            "hip": 1, 
            "hold": 1, 
            "horizons's": 1, 
            "i": 11, 
            "i'll": 1, 
            "i'm": 1, 
            "i've": 2, 
            "in": 2, 
            "inside": 1, 
            "into": 1, 
            "intuition": 1, 
            "it": 2, 
            "it's": 3, 
            "jam": 1, 
            "just": 3, 
            "know": 1, 
            "let": 2, 
            "lickle": 1, 
            "life": 1, 
            "light": 2, 
            "like": 1, 
            "live": 1, 
            "look": 1, 
            "lose": 1, 
            "lot": 1, 
            "love": 1, 
            "making": 1, 
            "me": 2, 
            "mic": 1, 
            "mind": 2, 
            "move": 3, 
            "music": 3, 
            "my": 2, 
            "need": 2, 
            "new": 1, 
            "no": 3, 
            "not": 2, 
            "now": 2, 
            "of": 4, 
            "on": 1, 
            "people": 2, 
            "place": 1, 
            "power": 1, 
            "quite": 1, 
            "real": 1, 
            "resolution": 1, 
            "rhymes": 1, 
            "run": 1, 
            "same": 1, 
            "see": 3, 
            "sense": 1, 
            "shine": 2, 
            "shit": 1, 
            "should": 1, 
            "sky,": 1, 
            "so": 2, 
            "solo": 1, 
            "soul": 1, 
            "spins": 1, 
            "spread": 1, 
            "stand": 2, 
            "starts": 1, 
            "sun": 1, 
            "sure": 1, 
            "take": 1, 
            "takes": 1, 
            "takin'": 1, 
            "that": 3, 
            "the": 13, 
            "things": 1, 
            "this": 1, 
            "throught": 1, 
            "time": 6, 
            "time,": 2, 
            "times": 1, 
            "to": 15, 
            "together": 3, 
            "true": 1, 
            "turn": 1, 
            "used": 1, 
            "vibe": 1, 
            "vibrations": 1, 
            "we've": 1, 
            "what": 3, 
            "when": 1, 
            "white": 1, 
            "wings": 1, 
            "with": 1, 
            "within": 2, 
            "y'all": 1, 
            "you": 3, 
            "your": 3, 
            "yourself": 1
        }
    ], 
    "unique_words": [
        137, 
        [
            "just", 
            "don't", 
            "horizons's", 
            "move", 
            "bright", 
            "cuttin'", 
            "go", 
            "earth", 
            "find", 
            "true", 
            "should", 
            "to", 
            "spread", 
            "fool", 
            "do", 
            "good", 
            "get", 
            "beat", 
            "gonna", 
            "know", 
            "new", 
            "not", 
            "now", 
            "bringing", 
            "day", 
            "like", 
            "evolution", 
            "sky,", 
            "y'all", 
            "gimme", 
            "vibrations", 
            "lose", 
            "spins", 
            "i'll", 
            "throught", 
            "people", 
            "lickle", 
            "creation", 
            "back", 
            "see", 
            "sure", 
            "wings", 
            "what", 
            "hide", 
            "for", 
            "sun", 
            "away", 
            "time,", 
            "got", 
            "solo", 
            "run", 
            "power", 
            "free", 
            "quite", 
            "let", 
            "ask", 
            "come", 
            "shine", 
            "on", 
            "about", 
            "contemplation", 
            "of", 
            "times", 
            "turn", 
            "place", 
            "stand", 
            "we've", 
            "i'm", 
            "can't", 
            "and", 
            "intuition", 
            "love", 
            "feel", 
            "into", 
            "within", 
            "yourself", 
            "your", 
            "from", 
            "takes", 
            "hip", 
            "it's", 
            "live", 
            "jam", 
            "music", 
            "lot", 
            "white", 
            "feelin'", 
            "life", 
            "i've", 
            "brand", 
            "ain't", 
            "be", 
            "hold", 
            "with", 
            "me", 
            "look", 
            "this", 
            "inside", 
            "soul", 
            "rhymes", 
            "air", 
            "can", 
            "starts", 
            "making", 
            "feeling", 
            "groove", 
            "control", 
            "real", 
            "sense", 
            "mind", 
            "it", 
            "as", 
            "in", 
            "need", 
            "my", 
            "fading", 
            "shit", 
            "no", 
            "vibe", 
            "things", 
            "mic", 
            "breaking", 
            "when", 
            "same", 
            "that", 
            "take", 
            "you", 
            "used", 
            "a", 
            "i", 
            "light", 
            "together", 
            "so", 
            "time", 
            "the", 
            "resolution", 
            "takin'"
        ]
    ], 
    "year": 1992
}