{
    "album": "Check Your Head", 
    "artist": "Beastie Boys", 
    "lyrics": "Our evening began\nin Peter Sichel's comfortable study\nin his New York townhouse\nWhere the candlelight was just right\nThe hi-fi was in the background\nAnd the wine, was delicious\n\nWhat's the secret Peter?\nNaturally, I'll say it's the wine\nMmmm, it does go well with the chicken!\nDelicious again Peter\n", 
    "ngrams": {
        "2": {
            "": 244, 
            "again peter": 1, 
            "and the": 1, 
            "background and": 1, 
            "began in": 1, 
            "candlelight was": 1, 
            "chicken delicious": 1, 
            "comfortable study": 1, 
            "delicious again": 1, 
            "delicious what's": 1, 
            "does go": 1, 
            "evening began": 1, 
            "go well": 1, 
            "hi-fi was": 1, 
            "his new": 1, 
            "i'll say": 1, 
            "in his": 1, 
            "in peter": 1, 
            "in the": 1, 
            "it does": 1, 
            "it's the": 1, 
            "just right": 1, 
            "mmmm, it": 1, 
            "naturally, i'll": 1, 
            "new york": 1, 
            "our evening": 1, 
            "peter": 1, 
            "peter naturally,": 1, 
            "peter sichel's": 1, 
            "right the": 1, 
            "say it's": 1, 
            "secret peter": 1, 
            "sichel's comfortable": 1, 
            "study in": 1, 
            "the background": 1, 
            "the candlelight": 1, 
            "the chicken": 1, 
            "the hi-fi": 1, 
            "the secret": 1, 
            "the wine": 1, 
            "the wine,": 1, 
            "townhouse where": 1, 
            "was delicious": 1, 
            "was in": 1, 
            "was just": 1, 
            "well with": 1, 
            "what's the": 1, 
            "where the": 1, 
            "wine mmmm,": 1, 
            "wine, was": 1, 
            "with the": 1, 
            "york townhouse": 1
        }, 
        "3": {
            "": 243, 
            "again peter": 1, 
            "and the wine,": 1, 
            "background and the": 1, 
            "began in peter": 1, 
            "candlelight was just": 1, 
            "chicken delicious again": 1, 
            "comfortable study in": 1, 
            "delicious again peter": 1, 
            "delicious what's the": 1, 
            "does go well": 1, 
            "evening began in": 1, 
            "go well with": 1, 
            "hi-fi was in": 1, 
            "his new york": 1, 
            "i'll say it's": 1, 
            "in his new": 1, 
            "in peter sichel's": 1, 
            "in the background": 1, 
            "it does go": 1, 
            "it's the wine": 1, 
            "just right the": 1, 
            "mmmm, it does": 1, 
            "naturally, i'll say": 1, 
            "new york townhouse": 1, 
            "our evening began": 1, 
            "peter": 1, 
            "peter naturally, i'll": 1, 
            "peter sichel's comfortable": 1, 
            "right the hi-fi": 1, 
            "say it's the": 1, 
            "secret peter naturally,": 1, 
            "sichel's comfortable study": 1, 
            "study in his": 1, 
            "the background and": 1, 
            "the candlelight was": 1, 
            "the chicken delicious": 1, 
            "the hi-fi was": 1, 
            "the secret peter": 1, 
            "the wine mmmm,": 1, 
            "the wine, was": 1, 
            "townhouse where the": 1, 
            "was delicious what's": 1, 
            "was in the": 1, 
            "was just right": 1, 
            "well with the": 1, 
            "what's the secret": 1, 
            "where the candlelight": 1, 
            "wine mmmm, it": 1, 
            "wine, was delicious": 1, 
            "with the chicken": 1, 
            "york townhouse where": 1
        }, 
        "4": {
            "": 242, 
            "again peter": 1, 
            "and the wine, was": 1, 
            "background and the wine,": 1, 
            "began in peter sichel's": 1, 
            "candlelight was just right": 1, 
            "chicken delicious again peter": 1, 
            "comfortable study in his": 1, 
            "delicious again peter": 1, 
            "delicious what's the secret": 1, 
            "does go well with": 1, 
            "evening began in peter": 1, 
            "go well with the": 1, 
            "hi-fi was in the": 1, 
            "his new york townhouse": 1, 
            "i'll say it's the": 1, 
            "in his new york": 1, 
            "in peter sichel's comfortable": 1, 
            "in the background and": 1, 
            "it does go well": 1, 
            "it's the wine mmmm,": 1, 
            "just right the hi-fi": 1, 
            "mmmm, it does go": 1, 
            "naturally, i'll say it's": 1, 
            "new york townhouse where": 1, 
            "our evening began in": 1, 
            "peter": 1, 
            "peter naturally, i'll say": 1, 
            "peter sichel's comfortable study": 1, 
            "right the hi-fi was": 1, 
            "say it's the wine": 1, 
            "secret peter naturally, i'll": 1, 
            "sichel's comfortable study in": 1, 
            "study in his new": 1, 
            "the background and the": 1, 
            "the candlelight was just": 1, 
            "the chicken delicious again": 1, 
            "the hi-fi was in": 1, 
            "the secret peter naturally,": 1, 
            "the wine mmmm, it": 1, 
            "the wine, was delicious": 1, 
            "townhouse where the candlelight": 1, 
            "was delicious what's the": 1, 
            "was in the background": 1, 
            "was just right the": 1, 
            "well with the chicken": 1, 
            "what's the secret peter": 1, 
            "where the candlelight was": 1, 
            "wine mmmm, it does": 1, 
            "wine, was delicious what's": 1, 
            "with the chicken delicious": 1, 
            "york townhouse where the": 1
        }, 
        "5": {
            "": 241, 
            "again peter": 1, 
            "and the wine, was delicious": 1, 
            "background and the wine, was": 1, 
            "began in peter sichel's comfortable": 1, 
            "candlelight was just right the": 1, 
            "chicken delicious again peter": 1, 
            "comfortable study in his new": 1, 
            "delicious again peter": 1, 
            "delicious what's the secret peter": 1, 
            "does go well with the": 1, 
            "evening began in peter sichel's": 1, 
            "go well with the chicken": 1, 
            "hi-fi was in the background": 1, 
            "his new york townhouse where": 1, 
            "i'll say it's the wine": 1, 
            "in his new york townhouse": 1, 
            "in peter sichel's comfortable study": 1, 
            "in the background and the": 1, 
            "it does go well with": 1, 
            "it's the wine mmmm, it": 1, 
            "just right the hi-fi was": 1, 
            "mmmm, it does go well": 1, 
            "naturally, i'll say it's the": 1, 
            "new york townhouse where the": 1, 
            "our evening began in peter": 1, 
            "peter": 1, 
            "peter naturally, i'll say it's": 1, 
            "peter sichel's comfortable study in": 1, 
            "right the hi-fi was in": 1, 
            "say it's the wine mmmm,": 1, 
            "secret peter naturally, i'll say": 1, 
            "sichel's comfortable study in his": 1, 
            "study in his new york": 1, 
            "the background and the wine,": 1, 
            "the candlelight was just right": 1, 
            "the chicken delicious again peter": 1, 
            "the hi-fi was in the": 1, 
            "the secret peter naturally, i'll": 1, 
            "the wine mmmm, it does": 1, 
            "the wine, was delicious what's": 1, 
            "townhouse where the candlelight was": 1, 
            "was delicious what's the secret": 1, 
            "was in the background and": 1, 
            "was just right the hi-fi": 1, 
            "well with the chicken delicious": 1, 
            "what's the secret peter naturally,": 1, 
            "where the candlelight was just": 1, 
            "wine mmmm, it does go": 1, 
            "wine, was delicious what's the": 1, 
            "with the chicken delicious again": 1, 
            "york townhouse where the candlelight": 1
        }, 
        "6": {
            "": 240, 
            "again peter": 1, 
            "and the wine, was delicious what's": 1, 
            "background and the wine, was delicious": 1, 
            "began in peter sichel's comfortable study": 1, 
            "candlelight was just right the hi-fi": 1, 
            "chicken delicious again peter": 1, 
            "comfortable study in his new york": 1, 
            "delicious again peter": 1, 
            "delicious what's the secret peter naturally,": 1, 
            "does go well with the chicken": 1, 
            "evening began in peter sichel's comfortable": 1, 
            "go well with the chicken delicious": 1, 
            "hi-fi was in the background and": 1, 
            "his new york townhouse where the": 1, 
            "i'll say it's the wine mmmm,": 1, 
            "in his new york townhouse where": 1, 
            "in peter sichel's comfortable study in": 1, 
            "in the background and the wine,": 1, 
            "it does go well with the": 1, 
            "it's the wine mmmm, it does": 1, 
            "just right the hi-fi was in": 1, 
            "mmmm, it does go well with": 1, 
            "naturally, i'll say it's the wine": 1, 
            "new york townhouse where the candlelight": 1, 
            "our evening began in peter sichel's": 1, 
            "peter": 1, 
            "peter naturally, i'll say it's the": 1, 
            "peter sichel's comfortable study in his": 1, 
            "right the hi-fi was in the": 1, 
            "say it's the wine mmmm, it": 1, 
            "secret peter naturally, i'll say it's": 1, 
            "sichel's comfortable study in his new": 1, 
            "study in his new york townhouse": 1, 
            "the background and the wine, was": 1, 
            "the candlelight was just right the": 1, 
            "the chicken delicious again peter": 1, 
            "the hi-fi was in the background": 1, 
            "the secret peter naturally, i'll say": 1, 
            "the wine mmmm, it does go": 1, 
            "the wine, was delicious what's the": 1, 
            "townhouse where the candlelight was just": 1, 
            "was delicious what's the secret peter": 1, 
            "was in the background and the": 1, 
            "was just right the hi-fi was": 1, 
            "well with the chicken delicious again": 1, 
            "what's the secret peter naturally, i'll": 1, 
            "where the candlelight was just right": 1, 
            "wine mmmm, it does go well": 1, 
            "wine, was delicious what's the secret": 1, 
            "with the chicken delicious again peter": 1, 
            "york townhouse where the candlelight was": 1
        }, 
        "7": {
            "": 239, 
            "again peter": 1, 
            "and the wine, was delicious what's the": 1, 
            "background and the wine, was delicious what's": 1, 
            "began in peter sichel's comfortable study in": 1, 
            "candlelight was just right the hi-fi was": 1, 
            "chicken delicious again peter": 1, 
            "comfortable study in his new york townhouse": 1, 
            "delicious again peter": 1, 
            "delicious what's the secret peter naturally, i'll": 1, 
            "does go well with the chicken delicious": 1, 
            "evening began in peter sichel's comfortable study": 1, 
            "go well with the chicken delicious again": 1, 
            "hi-fi was in the background and the": 1, 
            "his new york townhouse where the candlelight": 1, 
            "i'll say it's the wine mmmm, it": 1, 
            "in his new york townhouse where the": 1, 
            "in peter sichel's comfortable study in his": 1, 
            "in the background and the wine, was": 1, 
            "it does go well with the chicken": 1, 
            "it's the wine mmmm, it does go": 1, 
            "just right the hi-fi was in the": 1, 
            "mmmm, it does go well with the": 1, 
            "naturally, i'll say it's the wine mmmm,": 1, 
            "new york townhouse where the candlelight was": 1, 
            "our evening began in peter sichel's comfortable": 1, 
            "peter": 1, 
            "peter naturally, i'll say it's the wine": 1, 
            "peter sichel's comfortable study in his new": 1, 
            "right the hi-fi was in the background": 1, 
            "say it's the wine mmmm, it does": 1, 
            "secret peter naturally, i'll say it's the": 1, 
            "sichel's comfortable study in his new york": 1, 
            "study in his new york townhouse where": 1, 
            "the background and the wine, was delicious": 1, 
            "the candlelight was just right the hi-fi": 1, 
            "the chicken delicious again peter": 1, 
            "the hi-fi was in the background and": 1, 
            "the secret peter naturally, i'll say it's": 1, 
            "the wine mmmm, it does go well": 1, 
            "the wine, was delicious what's the secret": 1, 
            "townhouse where the candlelight was just right": 1, 
            "was delicious what's the secret peter naturally,": 1, 
            "was in the background and the wine,": 1, 
            "was just right the hi-fi was in": 1, 
            "well with the chicken delicious again peter": 1, 
            "what's the secret peter naturally, i'll say": 1, 
            "where the candlelight was just right the": 1, 
            "wine mmmm, it does go well with": 1, 
            "wine, was delicious what's the secret peter": 1, 
            "with the chicken delicious again peter": 1, 
            "york townhouse where the candlelight was just": 1
        }, 
        "8": {
            "": 238, 
            "again peter": 1, 
            "and the wine, was delicious what's the secret": 1, 
            "background and the wine, was delicious what's the": 1, 
            "began in peter sichel's comfortable study in his": 1, 
            "candlelight was just right the hi-fi was in": 1, 
            "chicken delicious again peter": 1, 
            "comfortable study in his new york townhouse where": 1, 
            "delicious again peter": 1, 
            "delicious what's the secret peter naturally, i'll say": 1, 
            "does go well with the chicken delicious again": 1, 
            "evening began in peter sichel's comfortable study in": 1, 
            "go well with the chicken delicious again peter": 1, 
            "hi-fi was in the background and the wine,": 1, 
            "his new york townhouse where the candlelight was": 1, 
            "i'll say it's the wine mmmm, it does": 1, 
            "in his new york townhouse where the candlelight": 1, 
            "in peter sichel's comfortable study in his new": 1, 
            "in the background and the wine, was delicious": 1, 
            "it does go well with the chicken delicious": 1, 
            "it's the wine mmmm, it does go well": 1, 
            "just right the hi-fi was in the background": 1, 
            "mmmm, it does go well with the chicken": 1, 
            "naturally, i'll say it's the wine mmmm, it": 1, 
            "new york townhouse where the candlelight was just": 1, 
            "our evening began in peter sichel's comfortable study": 1, 
            "peter": 1, 
            "peter naturally, i'll say it's the wine mmmm,": 1, 
            "peter sichel's comfortable study in his new york": 1, 
            "right the hi-fi was in the background and": 1, 
            "say it's the wine mmmm, it does go": 1, 
            "secret peter naturally, i'll say it's the wine": 1, 
            "sichel's comfortable study in his new york townhouse": 1, 
            "study in his new york townhouse where the": 1, 
            "the background and the wine, was delicious what's": 1, 
            "the candlelight was just right the hi-fi was": 1, 
            "the chicken delicious again peter": 1, 
            "the hi-fi was in the background and the": 1, 
            "the secret peter naturally, i'll say it's the": 1, 
            "the wine mmmm, it does go well with": 1, 
            "the wine, was delicious what's the secret peter": 1, 
            "townhouse where the candlelight was just right the": 1, 
            "was delicious what's the secret peter naturally, i'll": 1, 
            "was in the background and the wine, was": 1, 
            "was just right the hi-fi was in the": 1, 
            "well with the chicken delicious again peter": 1, 
            "what's the secret peter naturally, i'll say it's": 1, 
            "where the candlelight was just right the hi-fi": 1, 
            "wine mmmm, it does go well with the": 1, 
            "wine, was delicious what's the secret peter naturally,": 1, 
            "with the chicken delicious again peter": 1, 
            "york townhouse where the candlelight was just right": 1
        }
    }, 
    "song_title": "The Blue Nun", 
    "total_words": [
        51, 
        {
            "again": 1, 
            "and": 1, 
            "background": 1, 
            "began": 1, 
            "candlelight": 1, 
            "chicken": 1, 
            "comfortable": 1, 
            "delicious": 2, 
            "does": 1, 
            "evening": 1, 
            "go": 1, 
            "hi-fi": 1, 
            "his": 1, 
            "i'll": 1, 
            "in": 3, 
            "it": 1, 
            "it's": 1, 
            "just": 1, 
            "mmmm,": 1, 
            "naturally,": 1, 
            "new": 1, 
            "our": 1, 
            "peter": 3, 
            "right": 1, 
            "say": 1, 
            "secret": 1, 
            "sichel's": 1, 
            "study": 1, 
            "the": 7, 
            "townhouse": 1, 
            "was": 3, 
            "well": 1, 
            "what's": 1, 
            "where": 1, 
            "wine": 1, 
            "wine,": 1, 
            "with": 1, 
            "york": 1
        }
    ], 
    "unique_words": [
        38, 
        [
            "and", 
            "i'll", 
            "right", 
            "naturally,", 
            "just", 
            "it", 
            "comfortable", 
            "go", 
            "say", 
            "his", 
            "delicious", 
            "in", 
            "wine,", 
            "our", 
            "chicken", 
            "peter", 
            "townhouse", 
            "again", 
            "candlelight", 
            "sichel's", 
            "began", 
            "secret", 
            "does", 
            "new", 
            "was", 
            "evening", 
            "what's", 
            "york", 
            "background", 
            "hi-fi", 
            "with", 
            "study", 
            "well", 
            "it's", 
            "the", 
            "wine", 
            "where", 
            "mmmm,"
        ]
    ], 
    "year": 1992
}