{
    "album": "Check Your Head", 
    "artist": "Beastie Boys", 
    "lyrics": "The Beatsie Boys They Are They're Comin' Home\nThey're Comin' Home They're Comin' Home\nOh They're Comin' Home\n", 
    "ngrams": {
        "2": {
            "": 89, 
            "are they're": 1, 
            "beatsie boys": 1, 
            "boys they": 1, 
            "comin' home": 4, 
            "home": 1, 
            "home oh": 1, 
            "home they're": 2, 
            "oh they're": 1, 
            "the beatsie": 1, 
            "they are": 1, 
            "they're comin'": 4
        }, 
        "3": {
            "": 88, 
            "are they're comin'": 1, 
            "beatsie boys they": 1, 
            "boys they are": 1, 
            "comin' home": 1, 
            "comin' home oh": 1, 
            "comin' home they're": 2, 
            "home": 1, 
            "home oh they're": 1, 
            "home they're comin'": 2, 
            "oh they're comin'": 1, 
            "the beatsie boys": 1, 
            "they are they're": 1, 
            "they're comin' home": 4
        }, 
        "4": {
            "": 87, 
            "are they're comin' home": 1, 
            "beatsie boys they are": 1, 
            "boys they are they're": 1, 
            "comin' home": 1, 
            "comin' home oh they're": 1, 
            "comin' home they're comin'": 2, 
            "home": 1, 
            "home oh they're comin'": 1, 
            "home they're comin' home": 2, 
            "oh they're comin' home": 1, 
            "the beatsie boys they": 1, 
            "they are they're comin'": 1, 
            "they're comin' home": 1, 
            "they're comin' home oh": 1, 
            "they're comin' home they're": 2
        }, 
        "5": {
            "": 86, 
            "are they're comin' home they're": 1, 
            "beatsie boys they are they're": 1, 
            "boys they are they're comin'": 1, 
            "comin' home": 1, 
            "comin' home oh they're comin'": 1, 
            "comin' home they're comin' home": 2, 
            "home": 1, 
            "home oh they're comin' home": 1, 
            "home they're comin' home oh": 1, 
            "home they're comin' home they're": 1, 
            "oh they're comin' home": 1, 
            "the beatsie boys they are": 1, 
            "they are they're comin' home": 1, 
            "they're comin' home": 1, 
            "they're comin' home oh they're": 1, 
            "they're comin' home they're comin'": 2
        }, 
        "6": {
            "": 85, 
            "are they're comin' home they're comin'": 1, 
            "beatsie boys they are they're comin'": 1, 
            "boys they are they're comin' home": 1, 
            "comin' home": 1, 
            "comin' home oh they're comin' home": 1, 
            "comin' home they're comin' home oh": 1, 
            "comin' home they're comin' home they're": 1, 
            "home": 1, 
            "home oh they're comin' home": 1, 
            "home they're comin' home oh they're": 1, 
            "home they're comin' home they're comin'": 1, 
            "oh they're comin' home": 1, 
            "the beatsie boys they are they're": 1, 
            "they are they're comin' home they're": 1, 
            "they're comin' home": 1, 
            "they're comin' home oh they're comin'": 1, 
            "they're comin' home they're comin' home": 2
        }, 
        "7": {
            "": 84, 
            "are they're comin' home they're comin' home": 1, 
            "beatsie boys they are they're comin' home": 1, 
            "boys they are they're comin' home they're": 1, 
            "comin' home": 1, 
            "comin' home oh they're comin' home": 1, 
            "comin' home they're comin' home oh they're": 1, 
            "comin' home they're comin' home they're comin'": 1, 
            "home": 1, 
            "home oh they're comin' home": 1, 
            "home they're comin' home oh they're comin'": 1, 
            "home they're comin' home they're comin' home": 1, 
            "oh they're comin' home": 1, 
            "the beatsie boys they are they're comin'": 1, 
            "they are they're comin' home they're comin'": 1, 
            "they're comin' home": 1, 
            "they're comin' home oh they're comin' home": 1, 
            "they're comin' home they're comin' home oh": 1, 
            "they're comin' home they're comin' home they're": 1
        }, 
        "8": {
            "": 83, 
            "are they're comin' home they're comin' home they're": 1, 
            "beatsie boys they are they're comin' home they're": 1, 
            "boys they are they're comin' home they're comin'": 1, 
            "comin' home": 1, 
            "comin' home oh they're comin' home": 1, 
            "comin' home they're comin' home oh they're comin'": 1, 
            "comin' home they're comin' home they're comin' home": 1, 
            "home": 1, 
            "home oh they're comin' home": 1, 
            "home they're comin' home oh they're comin' home": 1, 
            "home they're comin' home they're comin' home oh": 1, 
            "oh they're comin' home": 1, 
            "the beatsie boys they are they're comin' home": 1, 
            "they are they're comin' home they're comin' home": 1, 
            "they're comin' home": 1, 
            "they're comin' home oh they're comin' home": 1, 
            "they're comin' home they're comin' home oh they're": 1, 
            "they're comin' home they're comin' home they're comin'": 1
        }
    }, 
    "song_title": "The Biz V The Nuge", 
    "total_words": [
        18, 
        {
            "are": 1, 
            "beatsie": 1, 
            "boys": 1, 
            "comin'": 4, 
            "home": 4, 
            "oh": 1, 
            "the": 1, 
            "they": 1, 
            "they're": 4
        }
    ], 
    "unique_words": [
        9, 
        [
            "they're", 
            "beatsie", 
            "oh", 
            "boys", 
            "are", 
            "they", 
            "comin'", 
            "home", 
            "the"
        ]
    ], 
    "year": 1992
}