{
    "album": "Check Your Head", 
    "artist": "Beastie Boys", 
    "lyrics": "Who is the man coming down your block\nIt's me you see with the funk in my walk\n'Cause I'm doin' just what I like to\nToday is my day and I'm a get nice too\nYou gotta keep movin' and you can't say nothing\nI'm a keep bouncin' and bumpin' and stuffin'\nOne thing you ought to know---I am the maestro\n\n\n\nI feel like Rufus Thomas The crown prince of dance\nI'm Mike D and I'm known for romance\nI'm the crazy baldhead with the part on the side\nAnd I'm riding down the block Like I'm on a water slide\n'Cause it's the type of day I feel like pressing my luck\n'Cause I got nothing to lose 'Cause I don't give a fuck\nSee I'm a player I play Don't play to win I play to show\nI am the maestro!\n\n\nWho is the man.\n", 
    "ngrams": {
        "2": {
            "": 545, 
            "'cause i": 2, 
            "'cause i'm": 1, 
            "'cause it's": 1, 
            "a fuck": 1, 
            "a get": 1, 
            "a keep": 1, 
            "a player": 1, 
            "a water": 1, 
            "am the": 2, 
            "and bumpin'": 1, 
            "and i'm": 3, 
            "and stuffin'": 1, 
            "and you": 1, 
            "baldhead with": 1, 
            "block it's": 1, 
            "block like": 1, 
            "bouncin' and": 1, 
            "bumpin' and": 1, 
            "can't say": 1, 
            "coming down": 1, 
            "crazy baldhead": 1, 
            "crown prince": 1, 
            "d and": 1, 
            "dance i'm": 1, 
            "day and": 1, 
            "day i": 1, 
            "doin' just": 1, 
            "don't give": 1, 
            "don't play": 1, 
            "down the": 1, 
            "down your": 1, 
            "feel like": 2, 
            "for romance": 1, 
            "fuck see": 1, 
            "funk in": 1, 
            "get nice": 1, 
            "give a": 1, 
            "got nothing": 1, 
            "gotta keep": 1, 
            "i am": 1, 
            "i don't": 1, 
            "i feel": 2, 
            "i got": 1, 
            "i like": 1, 
            "i play": 2, 
            "i'm a": 3, 
            "i'm doin'": 1, 
            "i'm known": 1, 
            "i'm mike": 1, 
            "i'm on": 1, 
            "i'm riding": 1, 
            "i'm the": 1, 
            "in my": 1, 
            "is my": 1, 
            "is the": 2, 
            "it's me": 1, 
            "it's the": 1, 
            "just what": 1, 
            "keep bouncin'": 1, 
            "keep movin'": 1, 
            "know---i am": 1, 
            "known for": 1, 
            "like i'm": 1, 
            "like pressing": 1, 
            "like rufus": 1, 
            "like to": 1, 
            "lose 'cause": 1, 
            "luck 'cause": 1, 
            "maestro i": 1, 
            "maestro who": 1, 
            "man": 1, 
            "man coming": 1, 
            "me you": 1, 
            "mike d": 1, 
            "movin' and": 1, 
            "my day": 1, 
            "my luck": 1, 
            "my walk": 1, 
            "nice too": 1, 
            "nothing i'm": 1, 
            "nothing to": 1, 
            "of dance": 1, 
            "of day": 1, 
            "on a": 1, 
            "on the": 1, 
            "one thing": 1, 
            "ought to": 1, 
            "part on": 1, 
            "play don't": 1, 
            "play to": 2, 
            "player i": 1, 
            "pressing my": 1, 
            "prince of": 1, 
            "riding down": 1, 
            "romance i'm": 1, 
            "rufus thomas": 1, 
            "say nothing": 1, 
            "see i'm": 1, 
            "see with": 1, 
            "show i": 1, 
            "side and": 1, 
            "slide 'cause": 1, 
            "stuffin' one": 1, 
            "the block": 1, 
            "the crazy": 1, 
            "the crown": 1, 
            "the funk": 1, 
            "the maestro": 2, 
            "the man": 2, 
            "the part": 1, 
            "the side": 1, 
            "the type": 1, 
            "thing you": 1, 
            "thomas the": 1, 
            "to know---i": 1, 
            "to lose": 1, 
            "to show": 1, 
            "to today": 1, 
            "to win": 1, 
            "today is": 1, 
            "too you": 1, 
            "type of": 1, 
            "walk 'cause": 1, 
            "water slide": 1, 
            "what i": 1, 
            "who is": 2, 
            "win i": 1, 
            "with the": 2, 
            "you can't": 1, 
            "you gotta": 1, 
            "you ought": 1, 
            "you see": 1, 
            "your block": 1
        }, 
        "3": {
            "": 544, 
            "'cause i don't": 1, 
            "'cause i got": 1, 
            "'cause i'm doin'": 1, 
            "'cause it's the": 1, 
            "a fuck see": 1, 
            "a get nice": 1, 
            "a keep bouncin'": 1, 
            "a player i": 1, 
            "a water slide": 1, 
            "am the maestro": 2, 
            "and bumpin' and": 1, 
            "and i'm a": 1, 
            "and i'm known": 1, 
            "and i'm riding": 1, 
            "and stuffin' one": 1, 
            "and you can't": 1, 
            "baldhead with the": 1, 
            "block it's me": 1, 
            "block like i'm": 1, 
            "bouncin' and bumpin'": 1, 
            "bumpin' and stuffin'": 1, 
            "can't say nothing": 1, 
            "coming down your": 1, 
            "crazy baldhead with": 1, 
            "crown prince of": 1, 
            "d and i'm": 1, 
            "dance i'm mike": 1, 
            "day and i'm": 1, 
            "day i feel": 1, 
            "doin' just what": 1, 
            "don't give a": 1, 
            "don't play to": 1, 
            "down the block": 1, 
            "down your block": 1, 
            "feel like pressing": 1, 
            "feel like rufus": 1, 
            "for romance i'm": 1, 
            "fuck see i'm": 1, 
            "funk in my": 1, 
            "get nice too": 1, 
            "give a fuck": 1, 
            "got nothing to": 1, 
            "gotta keep movin'": 1, 
            "i am the": 1, 
            "i don't give": 1, 
            "i feel like": 2, 
            "i got nothing": 1, 
            "i like to": 1, 
            "i play don't": 1, 
            "i play to": 1, 
            "i'm a get": 1, 
            "i'm a keep": 1, 
            "i'm a player": 1, 
            "i'm doin' just": 1, 
            "i'm known for": 1, 
            "i'm mike d": 1, 
            "i'm on a": 1, 
            "i'm riding down": 1, 
            "i'm the crazy": 1, 
            "in my walk": 1, 
            "is my day": 1, 
            "is the man": 2, 
            "it's me you": 1, 
            "it's the type": 1, 
            "just what i": 1, 
            "keep bouncin' and": 1, 
            "keep movin' and": 1, 
            "know---i am the": 1, 
            "known for romance": 1, 
            "like i'm on": 1, 
            "like pressing my": 1, 
            "like rufus thomas": 1, 
            "like to today": 1, 
            "lose 'cause i": 1, 
            "luck 'cause i": 1, 
            "maestro i feel": 1, 
            "maestro who is": 1, 
            "man": 1, 
            "man coming down": 1, 
            "me you see": 1, 
            "mike d and": 1, 
            "movin' and you": 1, 
            "my day and": 1, 
            "my luck 'cause": 1, 
            "my walk 'cause": 1, 
            "nice too you": 1, 
            "nothing i'm a": 1, 
            "nothing to lose": 1, 
            "of dance i'm": 1, 
            "of day i": 1, 
            "on a water": 1, 
            "on the side": 1, 
            "one thing you": 1, 
            "ought to know---i": 1, 
            "part on the": 1, 
            "play don't play": 1, 
            "play to show": 1, 
            "play to win": 1, 
            "player i play": 1, 
            "pressing my luck": 1, 
            "prince of dance": 1, 
            "riding down the": 1, 
            "romance i'm the": 1, 
            "rufus thomas the": 1, 
            "say nothing i'm": 1, 
            "see i'm a": 1, 
            "see with the": 1, 
            "show i am": 1, 
            "side and i'm": 1, 
            "slide 'cause it's": 1, 
            "stuffin' one thing": 1, 
            "the block like": 1, 
            "the crazy baldhead": 1, 
            "the crown prince": 1, 
            "the funk in": 1, 
            "the maestro i": 1, 
            "the maestro who": 1, 
            "the man": 1, 
            "the man coming": 1, 
            "the part on": 1, 
            "the side and": 1, 
            "the type of": 1, 
            "thing you ought": 1, 
            "thomas the crown": 1, 
            "to know---i am": 1, 
            "to lose 'cause": 1, 
            "to show i": 1, 
            "to today is": 1, 
            "to win i": 1, 
            "today is my": 1, 
            "too you gotta": 1, 
            "type of day": 1, 
            "walk 'cause i'm": 1, 
            "water slide 'cause": 1, 
            "what i like": 1, 
            "who is the": 2, 
            "win i play": 1, 
            "with the funk": 1, 
            "with the part": 1, 
            "you can't say": 1, 
            "you gotta keep": 1, 
            "you ought to": 1, 
            "you see with": 1, 
            "your block it's": 1
        }, 
        "4": {
            "": 543, 
            "'cause i don't give": 1, 
            "'cause i got nothing": 1, 
            "'cause i'm doin' just": 1, 
            "'cause it's the type": 1, 
            "a fuck see i'm": 1, 
            "a get nice too": 1, 
            "a keep bouncin' and": 1, 
            "a player i play": 1, 
            "a water slide 'cause": 1, 
            "am the maestro i": 1, 
            "am the maestro who": 1, 
            "and bumpin' and stuffin'": 1, 
            "and i'm a get": 1, 
            "and i'm known for": 1, 
            "and i'm riding down": 1, 
            "and stuffin' one thing": 1, 
            "and you can't say": 1, 
            "baldhead with the part": 1, 
            "block it's me you": 1, 
            "block like i'm on": 1, 
            "bouncin' and bumpin' and": 1, 
            "bumpin' and stuffin' one": 1, 
            "can't say nothing i'm": 1, 
            "coming down your block": 1, 
            "crazy baldhead with the": 1, 
            "crown prince of dance": 1, 
            "d and i'm known": 1, 
            "dance i'm mike d": 1, 
            "day and i'm a": 1, 
            "day i feel like": 1, 
            "doin' just what i": 1, 
            "don't give a fuck": 1, 
            "don't play to win": 1, 
            "down the block like": 1, 
            "down your block it's": 1, 
            "feel like pressing my": 1, 
            "feel like rufus thomas": 1, 
            "for romance i'm the": 1, 
            "fuck see i'm a": 1, 
            "funk in my walk": 1, 
            "get nice too you": 1, 
            "give a fuck see": 1, 
            "got nothing to lose": 1, 
            "gotta keep movin' and": 1, 
            "i am the maestro": 1, 
            "i don't give a": 1, 
            "i feel like pressing": 1, 
            "i feel like rufus": 1, 
            "i got nothing to": 1, 
            "i like to today": 1, 
            "i play don't play": 1, 
            "i play to show": 1, 
            "i'm a get nice": 1, 
            "i'm a keep bouncin'": 1, 
            "i'm a player i": 1, 
            "i'm doin' just what": 1, 
            "i'm known for romance": 1, 
            "i'm mike d and": 1, 
            "i'm on a water": 1, 
            "i'm riding down the": 1, 
            "i'm the crazy baldhead": 1, 
            "in my walk 'cause": 1, 
            "is my day and": 1, 
            "is the man": 1, 
            "is the man coming": 1, 
            "it's me you see": 1, 
            "it's the type of": 1, 
            "just what i like": 1, 
            "keep bouncin' and bumpin'": 1, 
            "keep movin' and you": 1, 
            "know---i am the maestro": 1, 
            "known for romance i'm": 1, 
            "like i'm on a": 1, 
            "like pressing my luck": 1, 
            "like rufus thomas the": 1, 
            "like to today is": 1, 
            "lose 'cause i don't": 1, 
            "luck 'cause i got": 1, 
            "maestro i feel like": 1, 
            "maestro who is the": 1, 
            "man": 1, 
            "man coming down your": 1, 
            "me you see with": 1, 
            "mike d and i'm": 1, 
            "movin' and you can't": 1, 
            "my day and i'm": 1, 
            "my luck 'cause i": 1, 
            "my walk 'cause i'm": 1, 
            "nice too you gotta": 1, 
            "nothing i'm a keep": 1, 
            "nothing to lose 'cause": 1, 
            "of dance i'm mike": 1, 
            "of day i feel": 1, 
            "on a water slide": 1, 
            "on the side and": 1, 
            "one thing you ought": 1, 
            "ought to know---i am": 1, 
            "part on the side": 1, 
            "play don't play to": 1, 
            "play to show i": 1, 
            "play to win i": 1, 
            "player i play don't": 1, 
            "pressing my luck 'cause": 1, 
            "prince of dance i'm": 1, 
            "riding down the block": 1, 
            "romance i'm the crazy": 1, 
            "rufus thomas the crown": 1, 
            "say nothing i'm a": 1, 
            "see i'm a player": 1, 
            "see with the funk": 1, 
            "show i am the": 1, 
            "side and i'm riding": 1, 
            "slide 'cause it's the": 1, 
            "stuffin' one thing you": 1, 
            "the block like i'm": 1, 
            "the crazy baldhead with": 1, 
            "the crown prince of": 1, 
            "the funk in my": 1, 
            "the maestro i feel": 1, 
            "the maestro who is": 1, 
            "the man": 1, 
            "the man coming down": 1, 
            "the part on the": 1, 
            "the side and i'm": 1, 
            "the type of day": 1, 
            "thing you ought to": 1, 
            "thomas the crown prince": 1, 
            "to know---i am the": 1, 
            "to lose 'cause i": 1, 
            "to show i am": 1, 
            "to today is my": 1, 
            "to win i play": 1, 
            "today is my day": 1, 
            "too you gotta keep": 1, 
            "type of day i": 1, 
            "walk 'cause i'm doin'": 1, 
            "water slide 'cause it's": 1, 
            "what i like to": 1, 
            "who is the man": 2, 
            "win i play to": 1, 
            "with the funk in": 1, 
            "with the part on": 1, 
            "you can't say nothing": 1, 
            "you gotta keep movin'": 1, 
            "you ought to know---i": 1, 
            "you see with the": 1, 
            "your block it's me": 1
        }, 
        "5": {
            "": 542, 
            "'cause i don't give a": 1, 
            "'cause i got nothing to": 1, 
            "'cause i'm doin' just what": 1, 
            "'cause it's the type of": 1, 
            "a fuck see i'm a": 1, 
            "a get nice too you": 1, 
            "a keep bouncin' and bumpin'": 1, 
            "a player i play don't": 1, 
            "a water slide 'cause it's": 1, 
            "am the maestro i feel": 1, 
            "am the maestro who is": 1, 
            "and bumpin' and stuffin' one": 1, 
            "and i'm a get nice": 1, 
            "and i'm known for romance": 1, 
            "and i'm riding down the": 1, 
            "and stuffin' one thing you": 1, 
            "and you can't say nothing": 1, 
            "baldhead with the part on": 1, 
            "block it's me you see": 1, 
            "block like i'm on a": 1, 
            "bouncin' and bumpin' and stuffin'": 1, 
            "bumpin' and stuffin' one thing": 1, 
            "can't say nothing i'm a": 1, 
            "coming down your block it's": 1, 
            "crazy baldhead with the part": 1, 
            "crown prince of dance i'm": 1, 
            "d and i'm known for": 1, 
            "dance i'm mike d and": 1, 
            "day and i'm a get": 1, 
            "day i feel like pressing": 1, 
            "doin' just what i like": 1, 
            "don't give a fuck see": 1, 
            "don't play to win i": 1, 
            "down the block like i'm": 1, 
            "down your block it's me": 1, 
            "feel like pressing my luck": 1, 
            "feel like rufus thomas the": 1, 
            "for romance i'm the crazy": 1, 
            "fuck see i'm a player": 1, 
            "funk in my walk 'cause": 1, 
            "get nice too you gotta": 1, 
            "give a fuck see i'm": 1, 
            "got nothing to lose 'cause": 1, 
            "gotta keep movin' and you": 1, 
            "i am the maestro who": 1, 
            "i don't give a fuck": 1, 
            "i feel like pressing my": 1, 
            "i feel like rufus thomas": 1, 
            "i got nothing to lose": 1, 
            "i like to today is": 1, 
            "i play don't play to": 1, 
            "i play to show i": 1, 
            "i'm a get nice too": 1, 
            "i'm a keep bouncin' and": 1, 
            "i'm a player i play": 1, 
            "i'm doin' just what i": 1, 
            "i'm known for romance i'm": 1, 
            "i'm mike d and i'm": 1, 
            "i'm on a water slide": 1, 
            "i'm riding down the block": 1, 
            "i'm the crazy baldhead with": 1, 
            "in my walk 'cause i'm": 1, 
            "is my day and i'm": 1, 
            "is the man": 1, 
            "is the man coming down": 1, 
            "it's me you see with": 1, 
            "it's the type of day": 1, 
            "just what i like to": 1, 
            "keep bouncin' and bumpin' and": 1, 
            "keep movin' and you can't": 1, 
            "know---i am the maestro i": 1, 
            "known for romance i'm the": 1, 
            "like i'm on a water": 1, 
            "like pressing my luck 'cause": 1, 
            "like rufus thomas the crown": 1, 
            "like to today is my": 1, 
            "lose 'cause i don't give": 1, 
            "luck 'cause i got nothing": 1, 
            "maestro i feel like rufus": 1, 
            "maestro who is the man": 1, 
            "man": 1, 
            "man coming down your block": 1, 
            "me you see with the": 1, 
            "mike d and i'm known": 1, 
            "movin' and you can't say": 1, 
            "my day and i'm a": 1, 
            "my luck 'cause i got": 1, 
            "my walk 'cause i'm doin'": 1, 
            "nice too you gotta keep": 1, 
            "nothing i'm a keep bouncin'": 1, 
            "nothing to lose 'cause i": 1, 
            "of dance i'm mike d": 1, 
            "of day i feel like": 1, 
            "on a water slide 'cause": 1, 
            "on the side and i'm": 1, 
            "one thing you ought to": 1, 
            "ought to know---i am the": 1, 
            "part on the side and": 1, 
            "play don't play to win": 1, 
            "play to show i am": 1, 
            "play to win i play": 1, 
            "player i play don't play": 1, 
            "pressing my luck 'cause i": 1, 
            "prince of dance i'm mike": 1, 
            "riding down the block like": 1, 
            "romance i'm the crazy baldhead": 1, 
            "rufus thomas the crown prince": 1, 
            "say nothing i'm a keep": 1, 
            "see i'm a player i": 1, 
            "see with the funk in": 1, 
            "show i am the maestro": 1, 
            "side and i'm riding down": 1, 
            "slide 'cause it's the type": 1, 
            "stuffin' one thing you ought": 1, 
            "the block like i'm on": 1, 
            "the crazy baldhead with the": 1, 
            "the crown prince of dance": 1, 
            "the funk in my walk": 1, 
            "the maestro i feel like": 1, 
            "the maestro who is the": 1, 
            "the man": 1, 
            "the man coming down your": 1, 
            "the part on the side": 1, 
            "the side and i'm riding": 1, 
            "the type of day i": 1, 
            "thing you ought to know---i": 1, 
            "thomas the crown prince of": 1, 
            "to know---i am the maestro": 1, 
            "to lose 'cause i don't": 1, 
            "to show i am the": 1, 
            "to today is my day": 1, 
            "to win i play to": 1, 
            "today is my day and": 1, 
            "too you gotta keep movin'": 1, 
            "type of day i feel": 1, 
            "walk 'cause i'm doin' just": 1, 
            "water slide 'cause it's the": 1, 
            "what i like to today": 1, 
            "who is the man": 1, 
            "who is the man coming": 1, 
            "win i play to show": 1, 
            "with the funk in my": 1, 
            "with the part on the": 1, 
            "you can't say nothing i'm": 1, 
            "you gotta keep movin' and": 1, 
            "you ought to know---i am": 1, 
            "you see with the funk": 1, 
            "your block it's me you": 1
        }, 
        "6": {
            "": 541, 
            "'cause i don't give a fuck": 1, 
            "'cause i got nothing to lose": 1, 
            "'cause i'm doin' just what i": 1, 
            "'cause it's the type of day": 1, 
            "a fuck see i'm a player": 1, 
            "a get nice too you gotta": 1, 
            "a keep bouncin' and bumpin' and": 1, 
            "a player i play don't play": 1, 
            "a water slide 'cause it's the": 1, 
            "am the maestro i feel like": 1, 
            "am the maestro who is the": 1, 
            "and bumpin' and stuffin' one thing": 1, 
            "and i'm a get nice too": 1, 
            "and i'm known for romance i'm": 1, 
            "and i'm riding down the block": 1, 
            "and stuffin' one thing you ought": 1, 
            "and you can't say nothing i'm": 1, 
            "baldhead with the part on the": 1, 
            "block it's me you see with": 1, 
            "block like i'm on a water": 1, 
            "bouncin' and bumpin' and stuffin' one": 1, 
            "bumpin' and stuffin' one thing you": 1, 
            "can't say nothing i'm a keep": 1, 
            "coming down your block it's me": 1, 
            "crazy baldhead with the part on": 1, 
            "crown prince of dance i'm mike": 1, 
            "d and i'm known for romance": 1, 
            "dance i'm mike d and i'm": 1, 
            "day and i'm a get nice": 1, 
            "day i feel like pressing my": 1, 
            "doin' just what i like to": 1, 
            "don't give a fuck see i'm": 1, 
            "don't play to win i play": 1, 
            "down the block like i'm on": 1, 
            "down your block it's me you": 1, 
            "feel like pressing my luck 'cause": 1, 
            "feel like rufus thomas the crown": 1, 
            "for romance i'm the crazy baldhead": 1, 
            "fuck see i'm a player i": 1, 
            "funk in my walk 'cause i'm": 1, 
            "get nice too you gotta keep": 1, 
            "give a fuck see i'm a": 1, 
            "got nothing to lose 'cause i": 1, 
            "gotta keep movin' and you can't": 1, 
            "i am the maestro who is": 1, 
            "i don't give a fuck see": 1, 
            "i feel like pressing my luck": 1, 
            "i feel like rufus thomas the": 1, 
            "i got nothing to lose 'cause": 1, 
            "i like to today is my": 1, 
            "i play don't play to win": 1, 
            "i play to show i am": 1, 
            "i'm a get nice too you": 1, 
            "i'm a keep bouncin' and bumpin'": 1, 
            "i'm a player i play don't": 1, 
            "i'm doin' just what i like": 1, 
            "i'm known for romance i'm the": 1, 
            "i'm mike d and i'm known": 1, 
            "i'm on a water slide 'cause": 1, 
            "i'm riding down the block like": 1, 
            "i'm the crazy baldhead with the": 1, 
            "in my walk 'cause i'm doin'": 1, 
            "is my day and i'm a": 1, 
            "is the man": 1, 
            "is the man coming down your": 1, 
            "it's me you see with the": 1, 
            "it's the type of day i": 1, 
            "just what i like to today": 1, 
            "keep bouncin' and bumpin' and stuffin'": 1, 
            "keep movin' and you can't say": 1, 
            "know---i am the maestro i feel": 1, 
            "known for romance i'm the crazy": 1, 
            "like i'm on a water slide": 1, 
            "like pressing my luck 'cause i": 1, 
            "like rufus thomas the crown prince": 1, 
            "like to today is my day": 1, 
            "lose 'cause i don't give a": 1, 
            "luck 'cause i got nothing to": 1, 
            "maestro i feel like rufus thomas": 1, 
            "maestro who is the man": 1, 
            "man": 1, 
            "man coming down your block it's": 1, 
            "me you see with the funk": 1, 
            "mike d and i'm known for": 1, 
            "movin' and you can't say nothing": 1, 
            "my day and i'm a get": 1, 
            "my luck 'cause i got nothing": 1, 
            "my walk 'cause i'm doin' just": 1, 
            "nice too you gotta keep movin'": 1, 
            "nothing i'm a keep bouncin' and": 1, 
            "nothing to lose 'cause i don't": 1, 
            "of dance i'm mike d and": 1, 
            "of day i feel like pressing": 1, 
            "on a water slide 'cause it's": 1, 
            "on the side and i'm riding": 1, 
            "one thing you ought to know---i": 1, 
            "ought to know---i am the maestro": 1, 
            "part on the side and i'm": 1, 
            "play don't play to win i": 1, 
            "play to show i am the": 1, 
            "play to win i play to": 1, 
            "player i play don't play to": 1, 
            "pressing my luck 'cause i got": 1, 
            "prince of dance i'm mike d": 1, 
            "riding down the block like i'm": 1, 
            "romance i'm the crazy baldhead with": 1, 
            "rufus thomas the crown prince of": 1, 
            "say nothing i'm a keep bouncin'": 1, 
            "see i'm a player i play": 1, 
            "see with the funk in my": 1, 
            "show i am the maestro who": 1, 
            "side and i'm riding down the": 1, 
            "slide 'cause it's the type of": 1, 
            "stuffin' one thing you ought to": 1, 
            "the block like i'm on a": 1, 
            "the crazy baldhead with the part": 1, 
            "the crown prince of dance i'm": 1, 
            "the funk in my walk 'cause": 1, 
            "the maestro i feel like rufus": 1, 
            "the maestro who is the man": 1, 
            "the man": 1, 
            "the man coming down your block": 1, 
            "the part on the side and": 1, 
            "the side and i'm riding down": 1, 
            "the type of day i feel": 1, 
            "thing you ought to know---i am": 1, 
            "thomas the crown prince of dance": 1, 
            "to know---i am the maestro i": 1, 
            "to lose 'cause i don't give": 1, 
            "to show i am the maestro": 1, 
            "to today is my day and": 1, 
            "to win i play to show": 1, 
            "today is my day and i'm": 1, 
            "too you gotta keep movin' and": 1, 
            "type of day i feel like": 1, 
            "walk 'cause i'm doin' just what": 1, 
            "water slide 'cause it's the type": 1, 
            "what i like to today is": 1, 
            "who is the man": 1, 
            "who is the man coming down": 1, 
            "win i play to show i": 1, 
            "with the funk in my walk": 1, 
            "with the part on the side": 1, 
            "you can't say nothing i'm a": 1, 
            "you gotta keep movin' and you": 1, 
            "you ought to know---i am the": 1, 
            "you see with the funk in": 1, 
            "your block it's me you see": 1
        }, 
        "7": {
            "": 540, 
            "'cause i don't give a fuck see": 1, 
            "'cause i got nothing to lose 'cause": 1, 
            "'cause i'm doin' just what i like": 1, 
            "'cause it's the type of day i": 1, 
            "a fuck see i'm a player i": 1, 
            "a get nice too you gotta keep": 1, 
            "a keep bouncin' and bumpin' and stuffin'": 1, 
            "a player i play don't play to": 1, 
            "a water slide 'cause it's the type": 1, 
            "am the maestro i feel like rufus": 1, 
            "am the maestro who is the man": 1, 
            "and bumpin' and stuffin' one thing you": 1, 
            "and i'm a get nice too you": 1, 
            "and i'm known for romance i'm the": 1, 
            "and i'm riding down the block like": 1, 
            "and stuffin' one thing you ought to": 1, 
            "and you can't say nothing i'm a": 1, 
            "baldhead with the part on the side": 1, 
            "block it's me you see with the": 1, 
            "block like i'm on a water slide": 1, 
            "bouncin' and bumpin' and stuffin' one thing": 1, 
            "bumpin' and stuffin' one thing you ought": 1, 
            "can't say nothing i'm a keep bouncin'": 1, 
            "coming down your block it's me you": 1, 
            "crazy baldhead with the part on the": 1, 
            "crown prince of dance i'm mike d": 1, 
            "d and i'm known for romance i'm": 1, 
            "dance i'm mike d and i'm known": 1, 
            "day and i'm a get nice too": 1, 
            "day i feel like pressing my luck": 1, 
            "doin' just what i like to today": 1, 
            "don't give a fuck see i'm a": 1, 
            "don't play to win i play to": 1, 
            "down the block like i'm on a": 1, 
            "down your block it's me you see": 1, 
            "feel like pressing my luck 'cause i": 1, 
            "feel like rufus thomas the crown prince": 1, 
            "for romance i'm the crazy baldhead with": 1, 
            "fuck see i'm a player i play": 1, 
            "funk in my walk 'cause i'm doin'": 1, 
            "get nice too you gotta keep movin'": 1, 
            "give a fuck see i'm a player": 1, 
            "got nothing to lose 'cause i don't": 1, 
            "gotta keep movin' and you can't say": 1, 
            "i am the maestro who is the": 1, 
            "i don't give a fuck see i'm": 1, 
            "i feel like pressing my luck 'cause": 1, 
            "i feel like rufus thomas the crown": 1, 
            "i got nothing to lose 'cause i": 1, 
            "i like to today is my day": 1, 
            "i play don't play to win i": 1, 
            "i play to show i am the": 1, 
            "i'm a get nice too you gotta": 1, 
            "i'm a keep bouncin' and bumpin' and": 1, 
            "i'm a player i play don't play": 1, 
            "i'm doin' just what i like to": 1, 
            "i'm known for romance i'm the crazy": 1, 
            "i'm mike d and i'm known for": 1, 
            "i'm on a water slide 'cause it's": 1, 
            "i'm riding down the block like i'm": 1, 
            "i'm the crazy baldhead with the part": 1, 
            "in my walk 'cause i'm doin' just": 1, 
            "is my day and i'm a get": 1, 
            "is the man": 1, 
            "is the man coming down your block": 1, 
            "it's me you see with the funk": 1, 
            "it's the type of day i feel": 1, 
            "just what i like to today is": 1, 
            "keep bouncin' and bumpin' and stuffin' one": 1, 
            "keep movin' and you can't say nothing": 1, 
            "know---i am the maestro i feel like": 1, 
            "known for romance i'm the crazy baldhead": 1, 
            "like i'm on a water slide 'cause": 1, 
            "like pressing my luck 'cause i got": 1, 
            "like rufus thomas the crown prince of": 1, 
            "like to today is my day and": 1, 
            "lose 'cause i don't give a fuck": 1, 
            "luck 'cause i got nothing to lose": 1, 
            "maestro i feel like rufus thomas the": 1, 
            "maestro who is the man": 1, 
            "man": 1, 
            "man coming down your block it's me": 1, 
            "me you see with the funk in": 1, 
            "mike d and i'm known for romance": 1, 
            "movin' and you can't say nothing i'm": 1, 
            "my day and i'm a get nice": 1, 
            "my luck 'cause i got nothing to": 1, 
            "my walk 'cause i'm doin' just what": 1, 
            "nice too you gotta keep movin' and": 1, 
            "nothing i'm a keep bouncin' and bumpin'": 1, 
            "nothing to lose 'cause i don't give": 1, 
            "of dance i'm mike d and i'm": 1, 
            "of day i feel like pressing my": 1, 
            "on a water slide 'cause it's the": 1, 
            "on the side and i'm riding down": 1, 
            "one thing you ought to know---i am": 1, 
            "ought to know---i am the maestro i": 1, 
            "part on the side and i'm riding": 1, 
            "play don't play to win i play": 1, 
            "play to show i am the maestro": 1, 
            "play to win i play to show": 1, 
            "player i play don't play to win": 1, 
            "pressing my luck 'cause i got nothing": 1, 
            "prince of dance i'm mike d and": 1, 
            "riding down the block like i'm on": 1, 
            "romance i'm the crazy baldhead with the": 1, 
            "rufus thomas the crown prince of dance": 1, 
            "say nothing i'm a keep bouncin' and": 1, 
            "see i'm a player i play don't": 1, 
            "see with the funk in my walk": 1, 
            "show i am the maestro who is": 1, 
            "side and i'm riding down the block": 1, 
            "slide 'cause it's the type of day": 1, 
            "stuffin' one thing you ought to know---i": 1, 
            "the block like i'm on a water": 1, 
            "the crazy baldhead with the part on": 1, 
            "the crown prince of dance i'm mike": 1, 
            "the funk in my walk 'cause i'm": 1, 
            "the maestro i feel like rufus thomas": 1, 
            "the maestro who is the man": 1, 
            "the man": 1, 
            "the man coming down your block it's": 1, 
            "the part on the side and i'm": 1, 
            "the side and i'm riding down the": 1, 
            "the type of day i feel like": 1, 
            "thing you ought to know---i am the": 1, 
            "thomas the crown prince of dance i'm": 1, 
            "to know---i am the maestro i feel": 1, 
            "to lose 'cause i don't give a": 1, 
            "to show i am the maestro who": 1, 
            "to today is my day and i'm": 1, 
            "to win i play to show i": 1, 
            "today is my day and i'm a": 1, 
            "too you gotta keep movin' and you": 1, 
            "type of day i feel like pressing": 1, 
            "walk 'cause i'm doin' just what i": 1, 
            "water slide 'cause it's the type of": 1, 
            "what i like to today is my": 1, 
            "who is the man": 1, 
            "who is the man coming down your": 1, 
            "win i play to show i am": 1, 
            "with the funk in my walk 'cause": 1, 
            "with the part on the side and": 1, 
            "you can't say nothing i'm a keep": 1, 
            "you gotta keep movin' and you can't": 1, 
            "you ought to know---i am the maestro": 1, 
            "you see with the funk in my": 1, 
            "your block it's me you see with": 1
        }, 
        "8": {
            "": 539, 
            "'cause i don't give a fuck see i'm": 1, 
            "'cause i got nothing to lose 'cause i": 1, 
            "'cause i'm doin' just what i like to": 1, 
            "'cause it's the type of day i feel": 1, 
            "a fuck see i'm a player i play": 1, 
            "a get nice too you gotta keep movin'": 1, 
            "a keep bouncin' and bumpin' and stuffin' one": 1, 
            "a player i play don't play to win": 1, 
            "a water slide 'cause it's the type of": 1, 
            "am the maestro i feel like rufus thomas": 1, 
            "am the maestro who is the man": 1, 
            "and bumpin' and stuffin' one thing you ought": 1, 
            "and i'm a get nice too you gotta": 1, 
            "and i'm known for romance i'm the crazy": 1, 
            "and i'm riding down the block like i'm": 1, 
            "and stuffin' one thing you ought to know---i": 1, 
            "and you can't say nothing i'm a keep": 1, 
            "baldhead with the part on the side and": 1, 
            "block it's me you see with the funk": 1, 
            "block like i'm on a water slide 'cause": 1, 
            "bouncin' and bumpin' and stuffin' one thing you": 1, 
            "bumpin' and stuffin' one thing you ought to": 1, 
            "can't say nothing i'm a keep bouncin' and": 1, 
            "coming down your block it's me you see": 1, 
            "crazy baldhead with the part on the side": 1, 
            "crown prince of dance i'm mike d and": 1, 
            "d and i'm known for romance i'm the": 1, 
            "dance i'm mike d and i'm known for": 1, 
            "day and i'm a get nice too you": 1, 
            "day i feel like pressing my luck 'cause": 1, 
            "doin' just what i like to today is": 1, 
            "don't give a fuck see i'm a player": 1, 
            "don't play to win i play to show": 1, 
            "down the block like i'm on a water": 1, 
            "down your block it's me you see with": 1, 
            "feel like pressing my luck 'cause i got": 1, 
            "feel like rufus thomas the crown prince of": 1, 
            "for romance i'm the crazy baldhead with the": 1, 
            "fuck see i'm a player i play don't": 1, 
            "funk in my walk 'cause i'm doin' just": 1, 
            "get nice too you gotta keep movin' and": 1, 
            "give a fuck see i'm a player i": 1, 
            "got nothing to lose 'cause i don't give": 1, 
            "gotta keep movin' and you can't say nothing": 1, 
            "i am the maestro who is the man": 1, 
            "i don't give a fuck see i'm a": 1, 
            "i feel like pressing my luck 'cause i": 1, 
            "i feel like rufus thomas the crown prince": 1, 
            "i got nothing to lose 'cause i don't": 1, 
            "i like to today is my day and": 1, 
            "i play don't play to win i play": 1, 
            "i play to show i am the maestro": 1, 
            "i'm a get nice too you gotta keep": 1, 
            "i'm a keep bouncin' and bumpin' and stuffin'": 1, 
            "i'm a player i play don't play to": 1, 
            "i'm doin' just what i like to today": 1, 
            "i'm known for romance i'm the crazy baldhead": 1, 
            "i'm mike d and i'm known for romance": 1, 
            "i'm on a water slide 'cause it's the": 1, 
            "i'm riding down the block like i'm on": 1, 
            "i'm the crazy baldhead with the part on": 1, 
            "in my walk 'cause i'm doin' just what": 1, 
            "is my day and i'm a get nice": 1, 
            "is the man": 1, 
            "is the man coming down your block it's": 1, 
            "it's me you see with the funk in": 1, 
            "it's the type of day i feel like": 1, 
            "just what i like to today is my": 1, 
            "keep bouncin' and bumpin' and stuffin' one thing": 1, 
            "keep movin' and you can't say nothing i'm": 1, 
            "know---i am the maestro i feel like rufus": 1, 
            "known for romance i'm the crazy baldhead with": 1, 
            "like i'm on a water slide 'cause it's": 1, 
            "like pressing my luck 'cause i got nothing": 1, 
            "like rufus thomas the crown prince of dance": 1, 
            "like to today is my day and i'm": 1, 
            "lose 'cause i don't give a fuck see": 1, 
            "luck 'cause i got nothing to lose 'cause": 1, 
            "maestro i feel like rufus thomas the crown": 1, 
            "maestro who is the man": 1, 
            "man": 1, 
            "man coming down your block it's me you": 1, 
            "me you see with the funk in my": 1, 
            "mike d and i'm known for romance i'm": 1, 
            "movin' and you can't say nothing i'm a": 1, 
            "my day and i'm a get nice too": 1, 
            "my luck 'cause i got nothing to lose": 1, 
            "my walk 'cause i'm doin' just what i": 1, 
            "nice too you gotta keep movin' and you": 1, 
            "nothing i'm a keep bouncin' and bumpin' and": 1, 
            "nothing to lose 'cause i don't give a": 1, 
            "of dance i'm mike d and i'm known": 1, 
            "of day i feel like pressing my luck": 1, 
            "on a water slide 'cause it's the type": 1, 
            "on the side and i'm riding down the": 1, 
            "one thing you ought to know---i am the": 1, 
            "ought to know---i am the maestro i feel": 1, 
            "part on the side and i'm riding down": 1, 
            "play don't play to win i play to": 1, 
            "play to show i am the maestro who": 1, 
            "play to win i play to show i": 1, 
            "player i play don't play to win i": 1, 
            "pressing my luck 'cause i got nothing to": 1, 
            "prince of dance i'm mike d and i'm": 1, 
            "riding down the block like i'm on a": 1, 
            "romance i'm the crazy baldhead with the part": 1, 
            "rufus thomas the crown prince of dance i'm": 1, 
            "say nothing i'm a keep bouncin' and bumpin'": 1, 
            "see i'm a player i play don't play": 1, 
            "see with the funk in my walk 'cause": 1, 
            "show i am the maestro who is the": 1, 
            "side and i'm riding down the block like": 1, 
            "slide 'cause it's the type of day i": 1, 
            "stuffin' one thing you ought to know---i am": 1, 
            "the block like i'm on a water slide": 1, 
            "the crazy baldhead with the part on the": 1, 
            "the crown prince of dance i'm mike d": 1, 
            "the funk in my walk 'cause i'm doin'": 1, 
            "the maestro i feel like rufus thomas the": 1, 
            "the maestro who is the man": 1, 
            "the man": 1, 
            "the man coming down your block it's me": 1, 
            "the part on the side and i'm riding": 1, 
            "the side and i'm riding down the block": 1, 
            "the type of day i feel like pressing": 1, 
            "thing you ought to know---i am the maestro": 1, 
            "thomas the crown prince of dance i'm mike": 1, 
            "to know---i am the maestro i feel like": 1, 
            "to lose 'cause i don't give a fuck": 1, 
            "to show i am the maestro who is": 1, 
            "to today is my day and i'm a": 1, 
            "to win i play to show i am": 1, 
            "today is my day and i'm a get": 1, 
            "too you gotta keep movin' and you can't": 1, 
            "type of day i feel like pressing my": 1, 
            "walk 'cause i'm doin' just what i like": 1, 
            "water slide 'cause it's the type of day": 1, 
            "what i like to today is my day": 1, 
            "who is the man": 1, 
            "who is the man coming down your block": 1, 
            "win i play to show i am the": 1, 
            "with the funk in my walk 'cause i'm": 1, 
            "with the part on the side and i'm": 1, 
            "you can't say nothing i'm a keep bouncin'": 1, 
            "you gotta keep movin' and you can't say": 1, 
            "you ought to know---i am the maestro i": 1, 
            "you see with the funk in my walk": 1, 
            "your block it's me you see with the": 1
        }
    }, 
    "song_title": "The Maestro", 
    "total_words": [
        148, 
        {
            "'cause": 4, 
            "a": 5, 
            "am": 2, 
            "and": 6, 
            "baldhead": 1, 
            "block": 2, 
            "bouncin'": 1, 
            "bumpin'": 1, 
            "can't": 1, 
            "coming": 1, 
            "crazy": 1, 
            "crown": 1, 
            "d": 1, 
            "dance": 1, 
            "day": 2, 
            "doin'": 1, 
            "don't": 2, 
            "down": 2, 
            "feel": 2, 
            "for": 1, 
            "fuck": 1, 
            "funk": 1, 
            "get": 1, 
            "give": 1, 
            "got": 1, 
            "gotta": 1, 
            "i": 8, 
            "i'm": 9, 
            "in": 1, 
            "is": 3, 
            "it's": 2, 
            "just": 1, 
            "keep": 2, 
            "know---i": 1, 
            "known": 1, 
            "like": 4, 
            "lose": 1, 
            "luck": 1, 
            "maestro": 2, 
            "man": 2, 
            "me": 1, 
            "mike": 1, 
            "movin'": 1, 
            "my": 3, 
            "nice": 1, 
            "nothing": 2, 
            "of": 2, 
            "on": 2, 
            "one": 1, 
            "ought": 1, 
            "part": 1, 
            "play": 3, 
            "player": 1, 
            "pressing": 1, 
            "prince": 1, 
            "riding": 1, 
            "romance": 1, 
            "rufus": 1, 
            "say": 1, 
            "see": 2, 
            "show": 1, 
            "side": 1, 
            "slide": 1, 
            "stuffin'": 1, 
            "the": 11, 
            "thing": 1, 
            "thomas": 1, 
            "to": 5, 
            "today": 1, 
            "too": 1, 
            "type": 1, 
            "walk": 1, 
            "water": 1, 
            "what": 1, 
            "who": 2, 
            "win": 1, 
            "with": 2, 
            "you": 4, 
            "your": 1
        }
    ], 
    "unique_words": [
        79, 
        [
            "thomas", 
            "just", 
            "don't", 
            "feel", 
            "bouncin'", 
            "walk", 
            "down", 
            "your", 
            "baldhead", 
            "it's", 
            "show", 
            "to", 
            "too", 
            "dance", 
            "win", 
            "riding", 
            "type", 
            "today", 
            "mike", 
            "get", 
            "am", 
            "part", 
            "known", 
            "one", 
            "with", 
            "day", 
            "funk", 
            "like", 
            "me", 
            "d", 
            "gotta", 
            "see", 
            "slide", 
            "ought", 
            "lose", 
            "my", 
            "side", 
            "rufus", 
            "luck", 
            "and", 
            "crazy", 
            "give", 
            "is", 
            "crown", 
            "fuck", 
            "player", 
            "say", 
            "pressing", 
            "movin'", 
            "in", 
            "what", 
            "for", 
            "prince", 
            "romance", 
            "maestro", 
            "got", 
            "you", 
            "bumpin'", 
            "nice", 
            "play", 
            "doin'", 
            "who", 
            "water", 
            "'cause", 
            "coming", 
            "nothing", 
            "i'm", 
            "man", 
            "a", 
            "on", 
            "i", 
            "of", 
            "keep", 
            "thing", 
            "can't", 
            "stuffin'", 
            "know---i", 
            "the", 
            "block"
        ]
    ], 
    "year": 1992
}