{
    "album": "Check Your Head", 
    "artist": "Beastie Boys", 
    "lyrics": "Yeah, that's right\nIt's time to set the record straight\n\nAin't nobody got to spell it for me\nAin't nobody got to yell I can see\nAin't nobody got the pain I can hear\nBut if I have to I'll yell in your ear\n\nTime for living\nTime for giving\n\nAin't nobody to to spell it for me\nI said ain't nobody got to yell I can see\nI said ain't nobody got the pain I can hear\nBut if I have to I will yell in your ear\n\nSoul fire\nSoul fire\nAnd we ain't got no water\nWe don't got no water\n\nTime for living time for giving\nNo time for making up a monster to sell\nTime for living time for giving\nNo time for breakin' out a lie to sell\n", 
    "ngrams": {
        "2": {
            "": 477, 
            "a lie": 1, 
            "a monster": 1, 
            "ain't got": 1, 
            "ain't nobody": 6, 
            "and we": 1, 
            "breakin' out": 1, 
            "but if": 2, 
            "can hear": 2, 
            "can see": 2, 
            "don't got": 1, 
            "ear soul": 1, 
            "ear time": 1, 
            "fire and": 1, 
            "fire soul": 1, 
            "for breakin'": 1, 
            "for giving": 3, 
            "for living": 3, 
            "for making": 1, 
            "for me": 2, 
            "giving ain't": 1, 
            "giving no": 2, 
            "got no": 2, 
            "got the": 2, 
            "got to": 3, 
            "have to": 2, 
            "hear but": 2, 
            "i can": 4, 
            "i have": 2, 
            "i said": 2, 
            "i will": 1, 
            "i'll yell": 1, 
            "if i": 2, 
            "in your": 2, 
            "it for": 2, 
            "it's time": 1, 
            "lie to": 1, 
            "living time": 3, 
            "making up": 1, 
            "me ain't": 1, 
            "me i": 1, 
            "monster to": 1, 
            "no time": 2, 
            "no water": 2, 
            "nobody got": 5, 
            "nobody to": 1, 
            "out a": 1, 
            "pain i": 2, 
            "record straight": 1, 
            "right it's": 1, 
            "said ain't": 2, 
            "see ain't": 1, 
            "see i": 1, 
            "sell": 1, 
            "sell time": 1, 
            "set the": 1, 
            "soul fire": 2, 
            "spell it": 2, 
            "straight ain't": 1, 
            "that's right": 1, 
            "the pain": 2, 
            "the record": 1, 
            "time for": 8, 
            "time to": 1, 
            "to i": 1, 
            "to i'll": 1, 
            "to sell": 2, 
            "to set": 1, 
            "to spell": 2, 
            "to to": 1, 
            "to yell": 2, 
            "up a": 1, 
            "water time": 1, 
            "water we": 1, 
            "we ain't": 1, 
            "we don't": 1, 
            "will yell": 1, 
            "yeah, that's": 1, 
            "yell i": 2, 
            "yell in": 2, 
            "your ear": 2
        }, 
        "3": {
            "": 476, 
            "a lie to": 1, 
            "a monster to": 1, 
            "ain't got no": 1, 
            "ain't nobody got": 5, 
            "ain't nobody to": 1, 
            "and we ain't": 1, 
            "breakin' out a": 1, 
            "but if i": 2, 
            "can hear but": 2, 
            "can see ain't": 1, 
            "can see i": 1, 
            "don't got no": 1, 
            "ear soul fire": 1, 
            "ear time for": 1, 
            "fire and we": 1, 
            "fire soul fire": 1, 
            "for breakin' out": 1, 
            "for giving ain't": 1, 
            "for giving no": 2, 
            "for living time": 3, 
            "for making up": 1, 
            "for me ain't": 1, 
            "for me i": 1, 
            "giving ain't nobody": 1, 
            "giving no time": 2, 
            "got no water": 2, 
            "got the pain": 2, 
            "got to spell": 1, 
            "got to yell": 2, 
            "have to i": 1, 
            "have to i'll": 1, 
            "hear but if": 2, 
            "i can hear": 2, 
            "i can see": 2, 
            "i have to": 2, 
            "i said ain't": 2, 
            "i will yell": 1, 
            "i'll yell in": 1, 
            "if i have": 2, 
            "in your ear": 2, 
            "it for me": 2, 
            "it's time to": 1, 
            "lie to sell": 1, 
            "living time for": 3, 
            "making up a": 1, 
            "me ain't nobody": 1, 
            "me i said": 1, 
            "monster to sell": 1, 
            "no time for": 2, 
            "no water time": 1, 
            "no water we": 1, 
            "nobody got the": 2, 
            "nobody got to": 3, 
            "nobody to to": 1, 
            "out a lie": 1, 
            "pain i can": 2, 
            "record straight ain't": 1, 
            "right it's time": 1, 
            "said ain't nobody": 2, 
            "see ain't nobody": 1, 
            "see i said": 1, 
            "sell": 1, 
            "sell time for": 1, 
            "set the record": 1, 
            "soul fire and": 1, 
            "soul fire soul": 1, 
            "spell it for": 2, 
            "straight ain't nobody": 1, 
            "that's right it's": 1, 
            "the pain i": 2, 
            "the record straight": 1, 
            "time for breakin'": 1, 
            "time for giving": 3, 
            "time for living": 3, 
            "time for making": 1, 
            "time to set": 1, 
            "to i will": 1, 
            "to i'll yell": 1, 
            "to sell": 1, 
            "to sell time": 1, 
            "to set the": 1, 
            "to spell it": 2, 
            "to to spell": 1, 
            "to yell i": 2, 
            "up a monster": 1, 
            "water time for": 1, 
            "water we don't": 1, 
            "we ain't got": 1, 
            "we don't got": 1, 
            "will yell in": 1, 
            "yeah, that's right": 1, 
            "yell i can": 2, 
            "yell in your": 2, 
            "your ear soul": 1, 
            "your ear time": 1
        }, 
        "4": {
            "": 475, 
            "a lie to sell": 1, 
            "a monster to sell": 1, 
            "ain't got no water": 1, 
            "ain't nobody got the": 2, 
            "ain't nobody got to": 3, 
            "ain't nobody to to": 1, 
            "and we ain't got": 1, 
            "breakin' out a lie": 1, 
            "but if i have": 2, 
            "can hear but if": 2, 
            "can see ain't nobody": 1, 
            "can see i said": 1, 
            "don't got no water": 1, 
            "ear soul fire soul": 1, 
            "ear time for living": 1, 
            "fire and we ain't": 1, 
            "fire soul fire and": 1, 
            "for breakin' out a": 1, 
            "for giving ain't nobody": 1, 
            "for giving no time": 2, 
            "for living time for": 3, 
            "for making up a": 1, 
            "for me ain't nobody": 1, 
            "for me i said": 1, 
            "giving ain't nobody to": 1, 
            "giving no time for": 2, 
            "got no water time": 1, 
            "got no water we": 1, 
            "got the pain i": 2, 
            "got to spell it": 1, 
            "got to yell i": 2, 
            "have to i will": 1, 
            "have to i'll yell": 1, 
            "hear but if i": 2, 
            "i can hear but": 2, 
            "i can see ain't": 1, 
            "i can see i": 1, 
            "i have to i": 1, 
            "i have to i'll": 1, 
            "i said ain't nobody": 2, 
            "i will yell in": 1, 
            "i'll yell in your": 1, 
            "if i have to": 2, 
            "in your ear soul": 1, 
            "in your ear time": 1, 
            "it for me ain't": 1, 
            "it for me i": 1, 
            "it's time to set": 1, 
            "lie to sell": 1, 
            "living time for giving": 3, 
            "making up a monster": 1, 
            "me ain't nobody got": 1, 
            "me i said ain't": 1, 
            "monster to sell time": 1, 
            "no time for breakin'": 1, 
            "no time for making": 1, 
            "no water time for": 1, 
            "no water we don't": 1, 
            "nobody got the pain": 2, 
            "nobody got to spell": 1, 
            "nobody got to yell": 2, 
            "nobody to to spell": 1, 
            "out a lie to": 1, 
            "pain i can hear": 2, 
            "record straight ain't nobody": 1, 
            "right it's time to": 1, 
            "said ain't nobody got": 2, 
            "see ain't nobody got": 1, 
            "see i said ain't": 1, 
            "sell": 1, 
            "sell time for living": 1, 
            "set the record straight": 1, 
            "soul fire and we": 1, 
            "soul fire soul fire": 1, 
            "spell it for me": 2, 
            "straight ain't nobody got": 1, 
            "that's right it's time": 1, 
            "the pain i can": 2, 
            "the record straight ain't": 1, 
            "time for breakin' out": 1, 
            "time for giving ain't": 1, 
            "time for giving no": 2, 
            "time for living time": 3, 
            "time for making up": 1, 
            "time to set the": 1, 
            "to i will yell": 1, 
            "to i'll yell in": 1, 
            "to sell": 1, 
            "to sell time for": 1, 
            "to set the record": 1, 
            "to spell it for": 2, 
            "to to spell it": 1, 
            "to yell i can": 2, 
            "up a monster to": 1, 
            "water time for living": 1, 
            "water we don't got": 1, 
            "we ain't got no": 1, 
            "we don't got no": 1, 
            "will yell in your": 1, 
            "yeah, that's right it's": 1, 
            "yell i can see": 2, 
            "yell in your ear": 2, 
            "your ear soul fire": 1, 
            "your ear time for": 1
        }, 
        "5": {
            "": 474, 
            "a lie to sell": 1, 
            "a monster to sell time": 1, 
            "ain't got no water we": 1, 
            "ain't nobody got the pain": 2, 
            "ain't nobody got to spell": 1, 
            "ain't nobody got to yell": 2, 
            "ain't nobody to to spell": 1, 
            "and we ain't got no": 1, 
            "breakin' out a lie to": 1, 
            "but if i have to": 2, 
            "can hear but if i": 2, 
            "can see ain't nobody got": 1, 
            "can see i said ain't": 1, 
            "don't got no water time": 1, 
            "ear soul fire soul fire": 1, 
            "ear time for living time": 1, 
            "fire and we ain't got": 1, 
            "fire soul fire and we": 1, 
            "for breakin' out a lie": 1, 
            "for giving ain't nobody to": 1, 
            "for giving no time for": 2, 
            "for living time for giving": 3, 
            "for making up a monster": 1, 
            "for me ain't nobody got": 1, 
            "for me i said ain't": 1, 
            "giving ain't nobody to to": 1, 
            "giving no time for breakin'": 1, 
            "giving no time for making": 1, 
            "got no water time for": 1, 
            "got no water we don't": 1, 
            "got the pain i can": 2, 
            "got to spell it for": 1, 
            "got to yell i can": 2, 
            "have to i will yell": 1, 
            "have to i'll yell in": 1, 
            "hear but if i have": 2, 
            "i can hear but if": 2, 
            "i can see ain't nobody": 1, 
            "i can see i said": 1, 
            "i have to i will": 1, 
            "i have to i'll yell": 1, 
            "i said ain't nobody got": 2, 
            "i will yell in your": 1, 
            "i'll yell in your ear": 1, 
            "if i have to i": 1, 
            "if i have to i'll": 1, 
            "in your ear soul fire": 1, 
            "in your ear time for": 1, 
            "it for me ain't nobody": 1, 
            "it for me i said": 1, 
            "it's time to set the": 1, 
            "lie to sell": 1, 
            "living time for giving ain't": 1, 
            "living time for giving no": 2, 
            "making up a monster to": 1, 
            "me ain't nobody got to": 1, 
            "me i said ain't nobody": 1, 
            "monster to sell time for": 1, 
            "no time for breakin' out": 1, 
            "no time for making up": 1, 
            "no water time for living": 1, 
            "no water we don't got": 1, 
            "nobody got the pain i": 2, 
            "nobody got to spell it": 1, 
            "nobody got to yell i": 2, 
            "nobody to to spell it": 1, 
            "out a lie to sell": 1, 
            "pain i can hear but": 2, 
            "record straight ain't nobody got": 1, 
            "right it's time to set": 1, 
            "said ain't nobody got the": 1, 
            "said ain't nobody got to": 1, 
            "see ain't nobody got the": 1, 
            "see i said ain't nobody": 1, 
            "sell": 1, 
            "sell time for living time": 1, 
            "set the record straight ain't": 1, 
            "soul fire and we ain't": 1, 
            "soul fire soul fire and": 1, 
            "spell it for me ain't": 1, 
            "spell it for me i": 1, 
            "straight ain't nobody got to": 1, 
            "that's right it's time to": 1, 
            "the pain i can hear": 2, 
            "the record straight ain't nobody": 1, 
            "time for breakin' out a": 1, 
            "time for giving ain't nobody": 1, 
            "time for giving no time": 2, 
            "time for living time for": 3, 
            "time for making up a": 1, 
            "time to set the record": 1, 
            "to i will yell in": 1, 
            "to i'll yell in your": 1, 
            "to sell": 1, 
            "to sell time for living": 1, 
            "to set the record straight": 1, 
            "to spell it for me": 2, 
            "to to spell it for": 1, 
            "to yell i can see": 2, 
            "up a monster to sell": 1, 
            "water time for living time": 1, 
            "water we don't got no": 1, 
            "we ain't got no water": 1, 
            "we don't got no water": 1, 
            "will yell in your ear": 1, 
            "yeah, that's right it's time": 1, 
            "yell i can see ain't": 1, 
            "yell i can see i": 1, 
            "yell in your ear soul": 1, 
            "yell in your ear time": 1, 
            "your ear soul fire soul": 1, 
            "your ear time for living": 1
        }, 
        "6": {
            "": 473, 
            "a lie to sell": 1, 
            "a monster to sell time for": 1, 
            "ain't got no water we don't": 1, 
            "ain't nobody got the pain i": 2, 
            "ain't nobody got to spell it": 1, 
            "ain't nobody got to yell i": 2, 
            "ain't nobody to to spell it": 1, 
            "and we ain't got no water": 1, 
            "breakin' out a lie to sell": 1, 
            "but if i have to i": 1, 
            "but if i have to i'll": 1, 
            "can hear but if i have": 2, 
            "can see ain't nobody got the": 1, 
            "can see i said ain't nobody": 1, 
            "don't got no water time for": 1, 
            "ear soul fire soul fire and": 1, 
            "ear time for living time for": 1, 
            "fire and we ain't got no": 1, 
            "fire soul fire and we ain't": 1, 
            "for breakin' out a lie to": 1, 
            "for giving ain't nobody to to": 1, 
            "for giving no time for breakin'": 1, 
            "for giving no time for making": 1, 
            "for living time for giving ain't": 1, 
            "for living time for giving no": 2, 
            "for making up a monster to": 1, 
            "for me ain't nobody got to": 1, 
            "for me i said ain't nobody": 1, 
            "giving ain't nobody to to spell": 1, 
            "giving no time for breakin' out": 1, 
            "giving no time for making up": 1, 
            "got no water time for living": 1, 
            "got no water we don't got": 1, 
            "got the pain i can hear": 2, 
            "got to spell it for me": 1, 
            "got to yell i can see": 2, 
            "have to i will yell in": 1, 
            "have to i'll yell in your": 1, 
            "hear but if i have to": 2, 
            "i can hear but if i": 2, 
            "i can see ain't nobody got": 1, 
            "i can see i said ain't": 1, 
            "i have to i will yell": 1, 
            "i have to i'll yell in": 1, 
            "i said ain't nobody got the": 1, 
            "i said ain't nobody got to": 1, 
            "i will yell in your ear": 1, 
            "i'll yell in your ear time": 1, 
            "if i have to i will": 1, 
            "if i have to i'll yell": 1, 
            "in your ear soul fire soul": 1, 
            "in your ear time for living": 1, 
            "it for me ain't nobody got": 1, 
            "it for me i said ain't": 1, 
            "it's time to set the record": 1, 
            "lie to sell": 1, 
            "living time for giving ain't nobody": 1, 
            "living time for giving no time": 2, 
            "making up a monster to sell": 1, 
            "me ain't nobody got to yell": 1, 
            "me i said ain't nobody got": 1, 
            "monster to sell time for living": 1, 
            "no time for breakin' out a": 1, 
            "no time for making up a": 1, 
            "no water time for living time": 1, 
            "no water we don't got no": 1, 
            "nobody got the pain i can": 2, 
            "nobody got to spell it for": 1, 
            "nobody got to yell i can": 2, 
            "nobody to to spell it for": 1, 
            "out a lie to sell": 1, 
            "pain i can hear but if": 2, 
            "record straight ain't nobody got to": 1, 
            "right it's time to set the": 1, 
            "said ain't nobody got the pain": 1, 
            "said ain't nobody got to yell": 1, 
            "see ain't nobody got the pain": 1, 
            "see i said ain't nobody got": 1, 
            "sell": 1, 
            "sell time for living time for": 1, 
            "set the record straight ain't nobody": 1, 
            "soul fire and we ain't got": 1, 
            "soul fire soul fire and we": 1, 
            "spell it for me ain't nobody": 1, 
            "spell it for me i said": 1, 
            "straight ain't nobody got to spell": 1, 
            "that's right it's time to set": 1, 
            "the pain i can hear but": 2, 
            "the record straight ain't nobody got": 1, 
            "time for breakin' out a lie": 1, 
            "time for giving ain't nobody to": 1, 
            "time for giving no time for": 2, 
            "time for living time for giving": 3, 
            "time for making up a monster": 1, 
            "time to set the record straight": 1, 
            "to i will yell in your": 1, 
            "to i'll yell in your ear": 1, 
            "to sell": 1, 
            "to sell time for living time": 1, 
            "to set the record straight ain't": 1, 
            "to spell it for me ain't": 1, 
            "to spell it for me i": 1, 
            "to to spell it for me": 1, 
            "to yell i can see ain't": 1, 
            "to yell i can see i": 1, 
            "up a monster to sell time": 1, 
            "water time for living time for": 1, 
            "water we don't got no water": 1, 
            "we ain't got no water we": 1, 
            "we don't got no water time": 1, 
            "will yell in your ear soul": 1, 
            "yeah, that's right it's time to": 1, 
            "yell i can see ain't nobody": 1, 
            "yell i can see i said": 1, 
            "yell in your ear soul fire": 1, 
            "yell in your ear time for": 1, 
            "your ear soul fire soul fire": 1, 
            "your ear time for living time": 1
        }, 
        "7": {
            "": 472, 
            "a lie to sell": 1, 
            "a monster to sell time for living": 1, 
            "ain't got no water we don't got": 1, 
            "ain't nobody got the pain i can": 2, 
            "ain't nobody got to spell it for": 1, 
            "ain't nobody got to yell i can": 2, 
            "ain't nobody to to spell it for": 1, 
            "and we ain't got no water we": 1, 
            "breakin' out a lie to sell": 1, 
            "but if i have to i will": 1, 
            "but if i have to i'll yell": 1, 
            "can hear but if i have to": 2, 
            "can see ain't nobody got the pain": 1, 
            "can see i said ain't nobody got": 1, 
            "don't got no water time for living": 1, 
            "ear soul fire soul fire and we": 1, 
            "ear time for living time for giving": 1, 
            "fire and we ain't got no water": 1, 
            "fire soul fire and we ain't got": 1, 
            "for breakin' out a lie to sell": 1, 
            "for giving ain't nobody to to spell": 1, 
            "for giving no time for breakin' out": 1, 
            "for giving no time for making up": 1, 
            "for living time for giving ain't nobody": 1, 
            "for living time for giving no time": 2, 
            "for making up a monster to sell": 1, 
            "for me ain't nobody got to yell": 1, 
            "for me i said ain't nobody got": 1, 
            "giving ain't nobody to to spell it": 1, 
            "giving no time for breakin' out a": 1, 
            "giving no time for making up a": 1, 
            "got no water time for living time": 1, 
            "got no water we don't got no": 1, 
            "got the pain i can hear but": 2, 
            "got to spell it for me ain't": 1, 
            "got to yell i can see ain't": 1, 
            "got to yell i can see i": 1, 
            "have to i will yell in your": 1, 
            "have to i'll yell in your ear": 1, 
            "hear but if i have to i": 1, 
            "hear but if i have to i'll": 1, 
            "i can hear but if i have": 2, 
            "i can see ain't nobody got the": 1, 
            "i can see i said ain't nobody": 1, 
            "i have to i will yell in": 1, 
            "i have to i'll yell in your": 1, 
            "i said ain't nobody got the pain": 1, 
            "i said ain't nobody got to yell": 1, 
            "i will yell in your ear soul": 1, 
            "i'll yell in your ear time for": 1, 
            "if i have to i will yell": 1, 
            "if i have to i'll yell in": 1, 
            "in your ear soul fire soul fire": 1, 
            "in your ear time for living time": 1, 
            "it for me ain't nobody got to": 1, 
            "it for me i said ain't nobody": 1, 
            "it's time to set the record straight": 1, 
            "lie to sell": 1, 
            "living time for giving ain't nobody to": 1, 
            "living time for giving no time for": 2, 
            "making up a monster to sell time": 1, 
            "me ain't nobody got to yell i": 1, 
            "me i said ain't nobody got to": 1, 
            "monster to sell time for living time": 1, 
            "no time for breakin' out a lie": 1, 
            "no time for making up a monster": 1, 
            "no water time for living time for": 1, 
            "no water we don't got no water": 1, 
            "nobody got the pain i can hear": 2, 
            "nobody got to spell it for me": 1, 
            "nobody got to yell i can see": 2, 
            "nobody to to spell it for me": 1, 
            "out a lie to sell": 1, 
            "pain i can hear but if i": 2, 
            "record straight ain't nobody got to spell": 1, 
            "right it's time to set the record": 1, 
            "said ain't nobody got the pain i": 1, 
            "said ain't nobody got to yell i": 1, 
            "see ain't nobody got the pain i": 1, 
            "see i said ain't nobody got the": 1, 
            "sell": 1, 
            "sell time for living time for giving": 1, 
            "set the record straight ain't nobody got": 1, 
            "soul fire and we ain't got no": 1, 
            "soul fire soul fire and we ain't": 1, 
            "spell it for me ain't nobody got": 1, 
            "spell it for me i said ain't": 1, 
            "straight ain't nobody got to spell it": 1, 
            "that's right it's time to set the": 1, 
            "the pain i can hear but if": 2, 
            "the record straight ain't nobody got to": 1, 
            "time for breakin' out a lie to": 1, 
            "time for giving ain't nobody to to": 1, 
            "time for giving no time for breakin'": 1, 
            "time for giving no time for making": 1, 
            "time for living time for giving ain't": 1, 
            "time for living time for giving no": 2, 
            "time for making up a monster to": 1, 
            "time to set the record straight ain't": 1, 
            "to i will yell in your ear": 1, 
            "to i'll yell in your ear time": 1, 
            "to sell": 1, 
            "to sell time for living time for": 1, 
            "to set the record straight ain't nobody": 1, 
            "to spell it for me ain't nobody": 1, 
            "to spell it for me i said": 1, 
            "to to spell it for me i": 1, 
            "to yell i can see ain't nobody": 1, 
            "to yell i can see i said": 1, 
            "up a monster to sell time for": 1, 
            "water time for living time for giving": 1, 
            "water we don't got no water time": 1, 
            "we ain't got no water we don't": 1, 
            "we don't got no water time for": 1, 
            "will yell in your ear soul fire": 1, 
            "yeah, that's right it's time to set": 1, 
            "yell i can see ain't nobody got": 1, 
            "yell i can see i said ain't": 1, 
            "yell in your ear soul fire soul": 1, 
            "yell in your ear time for living": 1, 
            "your ear soul fire soul fire and": 1, 
            "your ear time for living time for": 1
        }, 
        "8": {
            "": 471, 
            "a lie to sell": 1, 
            "a monster to sell time for living time": 1, 
            "ain't got no water we don't got no": 1, 
            "ain't nobody got the pain i can hear": 2, 
            "ain't nobody got to spell it for me": 1, 
            "ain't nobody got to yell i can see": 2, 
            "ain't nobody to to spell it for me": 1, 
            "and we ain't got no water we don't": 1, 
            "breakin' out a lie to sell": 1, 
            "but if i have to i will yell": 1, 
            "but if i have to i'll yell in": 1, 
            "can hear but if i have to i": 1, 
            "can hear but if i have to i'll": 1, 
            "can see ain't nobody got the pain i": 1, 
            "can see i said ain't nobody got the": 1, 
            "don't got no water time for living time": 1, 
            "ear soul fire soul fire and we ain't": 1, 
            "ear time for living time for giving ain't": 1, 
            "fire and we ain't got no water we": 1, 
            "fire soul fire and we ain't got no": 1, 
            "for breakin' out a lie to sell": 1, 
            "for giving ain't nobody to to spell it": 1, 
            "for giving no time for breakin' out a": 1, 
            "for giving no time for making up a": 1, 
            "for living time for giving ain't nobody to": 1, 
            "for living time for giving no time for": 2, 
            "for making up a monster to sell time": 1, 
            "for me ain't nobody got to yell i": 1, 
            "for me i said ain't nobody got to": 1, 
            "giving ain't nobody to to spell it for": 1, 
            "giving no time for breakin' out a lie": 1, 
            "giving no time for making up a monster": 1, 
            "got no water time for living time for": 1, 
            "got no water we don't got no water": 1, 
            "got the pain i can hear but if": 2, 
            "got to spell it for me ain't nobody": 1, 
            "got to yell i can see ain't nobody": 1, 
            "got to yell i can see i said": 1, 
            "have to i will yell in your ear": 1, 
            "have to i'll yell in your ear time": 1, 
            "hear but if i have to i will": 1, 
            "hear but if i have to i'll yell": 1, 
            "i can hear but if i have to": 2, 
            "i can see ain't nobody got the pain": 1, 
            "i can see i said ain't nobody got": 1, 
            "i have to i will yell in your": 1, 
            "i have to i'll yell in your ear": 1, 
            "i said ain't nobody got the pain i": 1, 
            "i said ain't nobody got to yell i": 1, 
            "i will yell in your ear soul fire": 1, 
            "i'll yell in your ear time for living": 1, 
            "if i have to i will yell in": 1, 
            "if i have to i'll yell in your": 1, 
            "in your ear soul fire soul fire and": 1, 
            "in your ear time for living time for": 1, 
            "it for me ain't nobody got to yell": 1, 
            "it for me i said ain't nobody got": 1, 
            "it's time to set the record straight ain't": 1, 
            "lie to sell": 1, 
            "living time for giving ain't nobody to to": 1, 
            "living time for giving no time for breakin'": 1, 
            "living time for giving no time for making": 1, 
            "making up a monster to sell time for": 1, 
            "me ain't nobody got to yell i can": 1, 
            "me i said ain't nobody got to yell": 1, 
            "monster to sell time for living time for": 1, 
            "no time for breakin' out a lie to": 1, 
            "no time for making up a monster to": 1, 
            "no water time for living time for giving": 1, 
            "no water we don't got no water time": 1, 
            "nobody got the pain i can hear but": 2, 
            "nobody got to spell it for me ain't": 1, 
            "nobody got to yell i can see ain't": 1, 
            "nobody got to yell i can see i": 1, 
            "nobody to to spell it for me i": 1, 
            "out a lie to sell": 1, 
            "pain i can hear but if i have": 2, 
            "record straight ain't nobody got to spell it": 1, 
            "right it's time to set the record straight": 1, 
            "said ain't nobody got the pain i can": 1, 
            "said ain't nobody got to yell i can": 1, 
            "see ain't nobody got the pain i can": 1, 
            "see i said ain't nobody got the pain": 1, 
            "sell": 1, 
            "sell time for living time for giving no": 1, 
            "set the record straight ain't nobody got to": 1, 
            "soul fire and we ain't got no water": 1, 
            "soul fire soul fire and we ain't got": 1, 
            "spell it for me ain't nobody got to": 1, 
            "spell it for me i said ain't nobody": 1, 
            "straight ain't nobody got to spell it for": 1, 
            "that's right it's time to set the record": 1, 
            "the pain i can hear but if i": 2, 
            "the record straight ain't nobody got to spell": 1, 
            "time for breakin' out a lie to sell": 1, 
            "time for giving ain't nobody to to spell": 1, 
            "time for giving no time for breakin' out": 1, 
            "time for giving no time for making up": 1, 
            "time for living time for giving ain't nobody": 1, 
            "time for living time for giving no time": 2, 
            "time for making up a monster to sell": 1, 
            "time to set the record straight ain't nobody": 1, 
            "to i will yell in your ear soul": 1, 
            "to i'll yell in your ear time for": 1, 
            "to sell": 1, 
            "to sell time for living time for giving": 1, 
            "to set the record straight ain't nobody got": 1, 
            "to spell it for me ain't nobody got": 1, 
            "to spell it for me i said ain't": 1, 
            "to to spell it for me i said": 1, 
            "to yell i can see ain't nobody got": 1, 
            "to yell i can see i said ain't": 1, 
            "up a monster to sell time for living": 1, 
            "water time for living time for giving no": 1, 
            "water we don't got no water time for": 1, 
            "we ain't got no water we don't got": 1, 
            "we don't got no water time for living": 1, 
            "will yell in your ear soul fire soul": 1, 
            "yeah, that's right it's time to set the": 1, 
            "yell i can see ain't nobody got the": 1, 
            "yell i can see i said ain't nobody": 1, 
            "yell in your ear soul fire soul fire": 1, 
            "yell in your ear time for living time": 1, 
            "your ear soul fire soul fire and we": 1, 
            "your ear time for living time for giving": 1
        }
    }, 
    "song_title": "Time For Livin'", 
    "total_words": [
        134, 
        {
            "a": 2, 
            "ain't": 7, 
            "and": 1, 
            "breakin'": 1, 
            "but": 2, 
            "can": 4, 
            "don't": 1, 
            "ear": 2, 
            "fire": 2, 
            "for": 10, 
            "giving": 3, 
            "got": 7, 
            "have": 2, 
            "hear": 2, 
            "i": 9, 
            "i'll": 1, 
            "if": 2, 
            "in": 2, 
            "it": 2, 
            "it's": 1, 
            "lie": 1, 
            "living": 3, 
            "making": 1, 
            "me": 2, 
            "monster": 1, 
            "no": 4, 
            "nobody": 6, 
            "out": 1, 
            "pain": 2, 
            "record": 1, 
            "right": 1, 
            "said": 2, 
            "see": 2, 
            "sell": 2, 
            "set": 1, 
            "soul": 2, 
            "spell": 2, 
            "straight": 1, 
            "that's": 1, 
            "the": 3, 
            "time": 9, 
            "to": 10, 
            "up": 1, 
            "water": 2, 
            "we": 2, 
            "will": 1, 
            "yeah,": 1, 
            "yell": 4, 
            "your": 2
        }
    ], 
    "unique_words": [
        49, 
        [
            "i'll", 
            "and", 
            "right", 
            "don't", 
            "it", 
            "up", 
            "see", 
            "set", 
            "have", 
            "in", 
            "your", 
            "if", 
            "sell", 
            "living", 
            "said", 
            "for", 
            "no", 
            "giving", 
            "it's", 
            "to", 
            "got", 
            "out", 
            "a", 
            "we", 
            "spell", 
            "pain", 
            "monster", 
            "lie", 
            "fire", 
            "nobody", 
            "but", 
            "water", 
            "hear", 
            "making", 
            "ear", 
            "yell", 
            "me", 
            "i", 
            "straight", 
            "breakin'", 
            "soul", 
            "will", 
            "record", 
            "yeah,", 
            "can", 
            "time", 
            "ain't", 
            "the", 
            "that's"
        ]
    ], 
    "year": 1992
}