{
    "album": "People's Instinctive Travels and the Paths of Rhythm", 
    "artist": "A Tribe Called Quest", 
    "lyrics": "Do I love you?\nDo I lust for you?\nAm I a sinner cuz I do the two?\nCould you let me know\nRight now, please\nBonita Applebum\n\n\n\nBonita Applebum, you gotta put me on\n\n\n\n\nHey Bonita, glad to meet ya\nFor the kind of stunning newness, I must have foreseen ya\nHey, being with you is a top priority\nAin't no need to question the authority\nChairman of the board, the chief of affections\nYou got mine's to swing in your direction\nHey, you're like a hip hop song, you know?\nBonita Applebum, you gotta put me on\n\n\n\n38-24-37 (uh, uh, uh!)\nYou and me, hun, we're a match made in heaven\nI like to kiss ya where some brothas won't\nI like to tell ya things some brothas don't\nIf only you could see through your elaborate eyes\nOnly you and me, hun, the love never dies\nSatisfaction, I have the right tactics\nAnd if you need 'em, I got crazy prophylactics\nSo far, I hope you like rap songs\nBonita Applebum, you gotta put me on\n", 
    "ngrams": {
        "2": {
            "": 719, 
            "'em, i": 1, 
            "38-24-37 uh,": 1, 
            "a hip": 1, 
            "a match": 1, 
            "a sinner": 1, 
            "a top": 1, 
            "affections you": 1, 
            "ain't no": 1, 
            "am i": 1, 
            "and if": 1, 
            "and me,": 2, 
            "applebum bonita": 1, 
            "applebum, you": 3, 
            "authority chairman": 1, 
            "being with": 1, 
            "board, the": 1, 
            "bonita applebum": 1, 
            "bonita applebum,": 3, 
            "bonita, glad": 1, 
            "brothas don't": 1, 
            "brothas won't": 1, 
            "chairman of": 1, 
            "chief of": 1, 
            "could see": 1, 
            "could you": 1, 
            "crazy prophylactics": 1, 
            "cuz i": 1, 
            "dies satisfaction,": 1, 
            "direction hey,": 1, 
            "do i": 2, 
            "do the": 1, 
            "don't if": 1, 
            "elaborate eyes": 1, 
            "eyes only": 1, 
            "far, i": 1, 
            "for the": 1, 
            "for you": 1, 
            "foreseen ya": 1, 
            "glad to": 1, 
            "got crazy": 1, 
            "got mine's": 1, 
            "gotta put": 3, 
            "have foreseen": 1, 
            "have the": 1, 
            "heaven i": 1, 
            "hey bonita,": 1, 
            "hey, being": 1, 
            "hey, you're": 1, 
            "hip hop": 1, 
            "hop song,": 1, 
            "hope you": 1, 
            "hun, the": 1, 
            "hun, we're": 1, 
            "i a": 1, 
            "i do": 1, 
            "i got": 1, 
            "i have": 1, 
            "i hope": 1, 
            "i like": 2, 
            "i love": 1, 
            "i lust": 1, 
            "i must": 1, 
            "if only": 1, 
            "if you": 1, 
            "in heaven": 1, 
            "in your": 1, 
            "is a": 1, 
            "kind of": 1, 
            "kiss ya": 1, 
            "know bonita": 1, 
            "know right": 1, 
            "let me": 1, 
            "like a": 1, 
            "like rap": 1, 
            "like to": 2, 
            "love never": 1, 
            "love you": 1, 
            "lust for": 1, 
            "made in": 1, 
            "match made": 1, 
            "me know": 1, 
            "me on": 3, 
            "me, hun,": 2, 
            "meet ya": 1, 
            "mine's to": 1, 
            "must have": 1, 
            "need 'em,": 1, 
            "need to": 1, 
            "never dies": 1, 
            "newness, i": 1, 
            "no need": 1, 
            "now, please": 1, 
            "of affections": 1, 
            "of stunning": 1, 
            "of the": 1, 
            "on": 1, 
            "on 38-24-37": 1, 
            "on hey": 1, 
            "only you": 2, 
            "please bonita": 1, 
            "priority ain't": 1, 
            "prophylactics so": 1, 
            "put me": 3, 
            "question the": 1, 
            "rap songs": 1, 
            "right now,": 1, 
            "right tactics": 1, 
            "satisfaction, i": 1, 
            "see through": 1, 
            "sinner cuz": 1, 
            "so far,": 1, 
            "some brothas": 2, 
            "song, you": 1, 
            "songs bonita": 1, 
            "stunning newness,": 1, 
            "swing in": 1, 
            "tactics and": 1, 
            "tell ya": 1, 
            "the authority": 1, 
            "the board,": 1, 
            "the chief": 1, 
            "the kind": 1, 
            "the love": 1, 
            "the right": 1, 
            "the two": 1, 
            "things some": 1, 
            "through your": 1, 
            "to kiss": 1, 
            "to meet": 1, 
            "to question": 1, 
            "to swing": 1, 
            "to tell": 1, 
            "top priority": 1, 
            "two could": 1, 
            "uh you": 1, 
            "uh, uh": 1, 
            "uh, uh,": 1, 
            "we're a": 1, 
            "where some": 1, 
            "with you": 1, 
            "won't i": 1, 
            "ya for": 1, 
            "ya hey,": 1, 
            "ya things": 1, 
            "ya where": 1, 
            "you am": 1, 
            "you and": 2, 
            "you could": 1, 
            "you do": 1, 
            "you got": 1, 
            "you gotta": 3, 
            "you is": 1, 
            "you know": 1, 
            "you let": 1, 
            "you like": 1, 
            "you need": 1, 
            "you're like": 1, 
            "your direction": 1, 
            "your elaborate": 1
        }, 
        "3": {
            "": 718, 
            "'em, i got": 1, 
            "38-24-37 uh, uh,": 1, 
            "a hip hop": 1, 
            "a match made": 1, 
            "a sinner cuz": 1, 
            "a top priority": 1, 
            "affections you got": 1, 
            "ain't no need": 1, 
            "am i a": 1, 
            "and if you": 1, 
            "and me, hun,": 2, 
            "applebum bonita applebum,": 1, 
            "applebum, you gotta": 3, 
            "authority chairman of": 1, 
            "being with you": 1, 
            "board, the chief": 1, 
            "bonita applebum bonita": 1, 
            "bonita applebum, you": 3, 
            "bonita, glad to": 1, 
            "brothas don't if": 1, 
            "brothas won't i": 1, 
            "chairman of the": 1, 
            "chief of affections": 1, 
            "could see through": 1, 
            "could you let": 1, 
            "crazy prophylactics so": 1, 
            "cuz i do": 1, 
            "dies satisfaction, i": 1, 
            "direction hey, you're": 1, 
            "do i love": 1, 
            "do i lust": 1, 
            "do the two": 1, 
            "don't if only": 1, 
            "elaborate eyes only": 1, 
            "eyes only you": 1, 
            "far, i hope": 1, 
            "for the kind": 1, 
            "for you am": 1, 
            "foreseen ya hey,": 1, 
            "glad to meet": 1, 
            "got crazy prophylactics": 1, 
            "got mine's to": 1, 
            "gotta put me": 3, 
            "have foreseen ya": 1, 
            "have the right": 1, 
            "heaven i like": 1, 
            "hey bonita, glad": 1, 
            "hey, being with": 1, 
            "hey, you're like": 1, 
            "hip hop song,": 1, 
            "hop song, you": 1, 
            "hope you like": 1, 
            "hun, the love": 1, 
            "hun, we're a": 1, 
            "i a sinner": 1, 
            "i do the": 1, 
            "i got crazy": 1, 
            "i have the": 1, 
            "i hope you": 1, 
            "i like to": 2, 
            "i love you": 1, 
            "i lust for": 1, 
            "i must have": 1, 
            "if only you": 1, 
            "if you need": 1, 
            "in heaven i": 1, 
            "in your direction": 1, 
            "is a top": 1, 
            "kind of stunning": 1, 
            "kiss ya where": 1, 
            "know bonita applebum,": 1, 
            "know right now,": 1, 
            "let me know": 1, 
            "like a hip": 1, 
            "like rap songs": 1, 
            "like to kiss": 1, 
            "like to tell": 1, 
            "love never dies": 1, 
            "love you do": 1, 
            "lust for you": 1, 
            "made in heaven": 1, 
            "match made in": 1, 
            "me know right": 1, 
            "me on": 1, 
            "me on 38-24-37": 1, 
            "me on hey": 1, 
            "me, hun, the": 1, 
            "me, hun, we're": 1, 
            "meet ya for": 1, 
            "mine's to swing": 1, 
            "must have foreseen": 1, 
            "need 'em, i": 1, 
            "need to question": 1, 
            "never dies satisfaction,": 1, 
            "newness, i must": 1, 
            "no need to": 1, 
            "now, please bonita": 1, 
            "of affections you": 1, 
            "of stunning newness,": 1, 
            "of the board,": 1, 
            "on": 1, 
            "on 38-24-37 uh,": 1, 
            "on hey bonita,": 1, 
            "only you and": 1, 
            "only you could": 1, 
            "please bonita applebum": 1, 
            "priority ain't no": 1, 
            "prophylactics so far,": 1, 
            "put me on": 3, 
            "question the authority": 1, 
            "rap songs bonita": 1, 
            "right now, please": 1, 
            "right tactics and": 1, 
            "satisfaction, i have": 1, 
            "see through your": 1, 
            "sinner cuz i": 1, 
            "so far, i": 1, 
            "some brothas don't": 1, 
            "some brothas won't": 1, 
            "song, you know": 1, 
            "songs bonita applebum,": 1, 
            "stunning newness, i": 1, 
            "swing in your": 1, 
            "tactics and if": 1, 
            "tell ya things": 1, 
            "the authority chairman": 1, 
            "the board, the": 1, 
            "the chief of": 1, 
            "the kind of": 1, 
            "the love never": 1, 
            "the right tactics": 1, 
            "the two could": 1, 
            "things some brothas": 1, 
            "through your elaborate": 1, 
            "to kiss ya": 1, 
            "to meet ya": 1, 
            "to question the": 1, 
            "to swing in": 1, 
            "to tell ya": 1, 
            "top priority ain't": 1, 
            "two could you": 1, 
            "uh you and": 1, 
            "uh, uh you": 1, 
            "uh, uh, uh": 1, 
            "we're a match": 1, 
            "where some brothas": 1, 
            "with you is": 1, 
            "won't i like": 1, 
            "ya for the": 1, 
            "ya hey, being": 1, 
            "ya things some": 1, 
            "ya where some": 1, 
            "you am i": 1, 
            "you and me,": 2, 
            "you could see": 1, 
            "you do i": 1, 
            "you got mine's": 1, 
            "you gotta put": 3, 
            "you is a": 1, 
            "you know bonita": 1, 
            "you let me": 1, 
            "you like rap": 1, 
            "you need 'em,": 1, 
            "you're like a": 1, 
            "your direction hey,": 1, 
            "your elaborate eyes": 1
        }, 
        "4": {
            "": 717, 
            "'em, i got crazy": 1, 
            "38-24-37 uh, uh, uh": 1, 
            "a hip hop song,": 1, 
            "a match made in": 1, 
            "a sinner cuz i": 1, 
            "a top priority ain't": 1, 
            "affections you got mine's": 1, 
            "ain't no need to": 1, 
            "am i a sinner": 1, 
            "and if you need": 1, 
            "and me, hun, the": 1, 
            "and me, hun, we're": 1, 
            "applebum bonita applebum, you": 1, 
            "applebum, you gotta put": 3, 
            "authority chairman of the": 1, 
            "being with you is": 1, 
            "board, the chief of": 1, 
            "bonita applebum bonita applebum,": 1, 
            "bonita applebum, you gotta": 3, 
            "bonita, glad to meet": 1, 
            "brothas don't if only": 1, 
            "brothas won't i like": 1, 
            "chairman of the board,": 1, 
            "chief of affections you": 1, 
            "could see through your": 1, 
            "could you let me": 1, 
            "crazy prophylactics so far,": 1, 
            "cuz i do the": 1, 
            "dies satisfaction, i have": 1, 
            "direction hey, you're like": 1, 
            "do i love you": 1, 
            "do i lust for": 1, 
            "do the two could": 1, 
            "don't if only you": 1, 
            "elaborate eyes only you": 1, 
            "eyes only you and": 1, 
            "far, i hope you": 1, 
            "for the kind of": 1, 
            "for you am i": 1, 
            "foreseen ya hey, being": 1, 
            "glad to meet ya": 1, 
            "got crazy prophylactics so": 1, 
            "got mine's to swing": 1, 
            "gotta put me on": 3, 
            "have foreseen ya hey,": 1, 
            "have the right tactics": 1, 
            "heaven i like to": 1, 
            "hey bonita, glad to": 1, 
            "hey, being with you": 1, 
            "hey, you're like a": 1, 
            "hip hop song, you": 1, 
            "hop song, you know": 1, 
            "hope you like rap": 1, 
            "hun, the love never": 1, 
            "hun, we're a match": 1, 
            "i a sinner cuz": 1, 
            "i do the two": 1, 
            "i got crazy prophylactics": 1, 
            "i have the right": 1, 
            "i hope you like": 1, 
            "i like to kiss": 1, 
            "i like to tell": 1, 
            "i love you do": 1, 
            "i lust for you": 1, 
            "i must have foreseen": 1, 
            "if only you could": 1, 
            "if you need 'em,": 1, 
            "in heaven i like": 1, 
            "in your direction hey,": 1, 
            "is a top priority": 1, 
            "kind of stunning newness,": 1, 
            "kiss ya where some": 1, 
            "know bonita applebum, you": 1, 
            "know right now, please": 1, 
            "let me know right": 1, 
            "like a hip hop": 1, 
            "like rap songs bonita": 1, 
            "like to kiss ya": 1, 
            "like to tell ya": 1, 
            "love never dies satisfaction,": 1, 
            "love you do i": 1, 
            "lust for you am": 1, 
            "made in heaven i": 1, 
            "match made in heaven": 1, 
            "me know right now,": 1, 
            "me on": 1, 
            "me on 38-24-37 uh,": 1, 
            "me on hey bonita,": 1, 
            "me, hun, the love": 1, 
            "me, hun, we're a": 1, 
            "meet ya for the": 1, 
            "mine's to swing in": 1, 
            "must have foreseen ya": 1, 
            "need 'em, i got": 1, 
            "need to question the": 1, 
            "never dies satisfaction, i": 1, 
            "newness, i must have": 1, 
            "no need to question": 1, 
            "now, please bonita applebum": 1, 
            "of affections you got": 1, 
            "of stunning newness, i": 1, 
            "of the board, the": 1, 
            "on": 1, 
            "on 38-24-37 uh, uh,": 1, 
            "on hey bonita, glad": 1, 
            "only you and me,": 1, 
            "only you could see": 1, 
            "please bonita applebum bonita": 1, 
            "priority ain't no need": 1, 
            "prophylactics so far, i": 1, 
            "put me on": 1, 
            "put me on 38-24-37": 1, 
            "put me on hey": 1, 
            "question the authority chairman": 1, 
            "rap songs bonita applebum,": 1, 
            "right now, please bonita": 1, 
            "right tactics and if": 1, 
            "satisfaction, i have the": 1, 
            "see through your elaborate": 1, 
            "sinner cuz i do": 1, 
            "so far, i hope": 1, 
            "some brothas don't if": 1, 
            "some brothas won't i": 1, 
            "song, you know bonita": 1, 
            "songs bonita applebum, you": 1, 
            "stunning newness, i must": 1, 
            "swing in your direction": 1, 
            "tactics and if you": 1, 
            "tell ya things some": 1, 
            "the authority chairman of": 1, 
            "the board, the chief": 1, 
            "the chief of affections": 1, 
            "the kind of stunning": 1, 
            "the love never dies": 1, 
            "the right tactics and": 1, 
            "the two could you": 1, 
            "things some brothas don't": 1, 
            "through your elaborate eyes": 1, 
            "to kiss ya where": 1, 
            "to meet ya for": 1, 
            "to question the authority": 1, 
            "to swing in your": 1, 
            "to tell ya things": 1, 
            "top priority ain't no": 1, 
            "two could you let": 1, 
            "uh you and me,": 1, 
            "uh, uh you and": 1, 
            "uh, uh, uh you": 1, 
            "we're a match made": 1, 
            "where some brothas won't": 1, 
            "with you is a": 1, 
            "won't i like to": 1, 
            "ya for the kind": 1, 
            "ya hey, being with": 1, 
            "ya things some brothas": 1, 
            "ya where some brothas": 1, 
            "you am i a": 1, 
            "you and me, hun,": 2, 
            "you could see through": 1, 
            "you do i lust": 1, 
            "you got mine's to": 1, 
            "you gotta put me": 3, 
            "you is a top": 1, 
            "you know bonita applebum,": 1, 
            "you let me know": 1, 
            "you like rap songs": 1, 
            "you need 'em, i": 1, 
            "you're like a hip": 1, 
            "your direction hey, you're": 1, 
            "your elaborate eyes only": 1
        }, 
        "5": {
            "": 716, 
            "'em, i got crazy prophylactics": 1, 
            "38-24-37 uh, uh, uh you": 1, 
            "a hip hop song, you": 1, 
            "a match made in heaven": 1, 
            "a sinner cuz i do": 1, 
            "a top priority ain't no": 1, 
            "affections you got mine's to": 1, 
            "ain't no need to question": 1, 
            "am i a sinner cuz": 1, 
            "and if you need 'em,": 1, 
            "and me, hun, the love": 1, 
            "and me, hun, we're a": 1, 
            "applebum bonita applebum, you gotta": 1, 
            "applebum, you gotta put me": 3, 
            "authority chairman of the board,": 1, 
            "being with you is a": 1, 
            "board, the chief of affections": 1, 
            "bonita applebum bonita applebum, you": 1, 
            "bonita applebum, you gotta put": 3, 
            "bonita, glad to meet ya": 1, 
            "brothas don't if only you": 1, 
            "brothas won't i like to": 1, 
            "chairman of the board, the": 1, 
            "chief of affections you got": 1, 
            "could see through your elaborate": 1, 
            "could you let me know": 1, 
            "crazy prophylactics so far, i": 1, 
            "cuz i do the two": 1, 
            "dies satisfaction, i have the": 1, 
            "direction hey, you're like a": 1, 
            "do i love you do": 1, 
            "do i lust for you": 1, 
            "do the two could you": 1, 
            "don't if only you could": 1, 
            "elaborate eyes only you and": 1, 
            "eyes only you and me,": 1, 
            "far, i hope you like": 1, 
            "for the kind of stunning": 1, 
            "for you am i a": 1, 
            "foreseen ya hey, being with": 1, 
            "glad to meet ya for": 1, 
            "got crazy prophylactics so far,": 1, 
            "got mine's to swing in": 1, 
            "gotta put me on": 1, 
            "gotta put me on 38-24-37": 1, 
            "gotta put me on hey": 1, 
            "have foreseen ya hey, being": 1, 
            "have the right tactics and": 1, 
            "heaven i like to kiss": 1, 
            "hey bonita, glad to meet": 1, 
            "hey, being with you is": 1, 
            "hey, you're like a hip": 1, 
            "hip hop song, you know": 1, 
            "hop song, you know bonita": 1, 
            "hope you like rap songs": 1, 
            "hun, the love never dies": 1, 
            "hun, we're a match made": 1, 
            "i a sinner cuz i": 1, 
            "i do the two could": 1, 
            "i got crazy prophylactics so": 1, 
            "i have the right tactics": 1, 
            "i hope you like rap": 1, 
            "i like to kiss ya": 1, 
            "i like to tell ya": 1, 
            "i love you do i": 1, 
            "i lust for you am": 1, 
            "i must have foreseen ya": 1, 
            "if only you could see": 1, 
            "if you need 'em, i": 1, 
            "in heaven i like to": 1, 
            "in your direction hey, you're": 1, 
            "is a top priority ain't": 1, 
            "kind of stunning newness, i": 1, 
            "kiss ya where some brothas": 1, 
            "know bonita applebum, you gotta": 1, 
            "know right now, please bonita": 1, 
            "let me know right now,": 1, 
            "like a hip hop song,": 1, 
            "like rap songs bonita applebum,": 1, 
            "like to kiss ya where": 1, 
            "like to tell ya things": 1, 
            "love never dies satisfaction, i": 1, 
            "love you do i lust": 1, 
            "lust for you am i": 1, 
            "made in heaven i like": 1, 
            "match made in heaven i": 1, 
            "me know right now, please": 1, 
            "me on": 1, 
            "me on 38-24-37 uh, uh,": 1, 
            "me on hey bonita, glad": 1, 
            "me, hun, the love never": 1, 
            "me, hun, we're a match": 1, 
            "meet ya for the kind": 1, 
            "mine's to swing in your": 1, 
            "must have foreseen ya hey,": 1, 
            "need 'em, i got crazy": 1, 
            "need to question the authority": 1, 
            "never dies satisfaction, i have": 1, 
            "newness, i must have foreseen": 1, 
            "no need to question the": 1, 
            "now, please bonita applebum bonita": 1, 
            "of affections you got mine's": 1, 
            "of stunning newness, i must": 1, 
            "of the board, the chief": 1, 
            "on": 1, 
            "on 38-24-37 uh, uh, uh": 1, 
            "on hey bonita, glad to": 1, 
            "only you and me, hun,": 1, 
            "only you could see through": 1, 
            "please bonita applebum bonita applebum,": 1, 
            "priority ain't no need to": 1, 
            "prophylactics so far, i hope": 1, 
            "put me on": 1, 
            "put me on 38-24-37 uh,": 1, 
            "put me on hey bonita,": 1, 
            "question the authority chairman of": 1, 
            "rap songs bonita applebum, you": 1, 
            "right now, please bonita applebum": 1, 
            "right tactics and if you": 1, 
            "satisfaction, i have the right": 1, 
            "see through your elaborate eyes": 1, 
            "sinner cuz i do the": 1, 
            "so far, i hope you": 1, 
            "some brothas don't if only": 1, 
            "some brothas won't i like": 1, 
            "song, you know bonita applebum,": 1, 
            "songs bonita applebum, you gotta": 1, 
            "stunning newness, i must have": 1, 
            "swing in your direction hey,": 1, 
            "tactics and if you need": 1, 
            "tell ya things some brothas": 1, 
            "the authority chairman of the": 1, 
            "the board, the chief of": 1, 
            "the chief of affections you": 1, 
            "the kind of stunning newness,": 1, 
            "the love never dies satisfaction,": 1, 
            "the right tactics and if": 1, 
            "the two could you let": 1, 
            "things some brothas don't if": 1, 
            "through your elaborate eyes only": 1, 
            "to kiss ya where some": 1, 
            "to meet ya for the": 1, 
            "to question the authority chairman": 1, 
            "to swing in your direction": 1, 
            "to tell ya things some": 1, 
            "top priority ain't no need": 1, 
            "two could you let me": 1, 
            "uh you and me, hun,": 1, 
            "uh, uh you and me,": 1, 
            "uh, uh, uh you and": 1, 
            "we're a match made in": 1, 
            "where some brothas won't i": 1, 
            "with you is a top": 1, 
            "won't i like to tell": 1, 
            "ya for the kind of": 1, 
            "ya hey, being with you": 1, 
            "ya things some brothas don't": 1, 
            "ya where some brothas won't": 1, 
            "you am i a sinner": 1, 
            "you and me, hun, the": 1, 
            "you and me, hun, we're": 1, 
            "you could see through your": 1, 
            "you do i lust for": 1, 
            "you got mine's to swing": 1, 
            "you gotta put me on": 3, 
            "you is a top priority": 1, 
            "you know bonita applebum, you": 1, 
            "you let me know right": 1, 
            "you like rap songs bonita": 1, 
            "you need 'em, i got": 1, 
            "you're like a hip hop": 1, 
            "your direction hey, you're like": 1, 
            "your elaborate eyes only you": 1
        }, 
        "6": {
            "": 715, 
            "'em, i got crazy prophylactics so": 1, 
            "38-24-37 uh, uh, uh you and": 1, 
            "a hip hop song, you know": 1, 
            "a match made in heaven i": 1, 
            "a sinner cuz i do the": 1, 
            "a top priority ain't no need": 1, 
            "affections you got mine's to swing": 1, 
            "ain't no need to question the": 1, 
            "am i a sinner cuz i": 1, 
            "and if you need 'em, i": 1, 
            "and me, hun, the love never": 1, 
            "and me, hun, we're a match": 1, 
            "applebum bonita applebum, you gotta put": 1, 
            "applebum, you gotta put me on": 3, 
            "authority chairman of the board, the": 1, 
            "being with you is a top": 1, 
            "board, the chief of affections you": 1, 
            "bonita applebum bonita applebum, you gotta": 1, 
            "bonita applebum, you gotta put me": 3, 
            "bonita, glad to meet ya for": 1, 
            "brothas don't if only you could": 1, 
            "brothas won't i like to tell": 1, 
            "chairman of the board, the chief": 1, 
            "chief of affections you got mine's": 1, 
            "could see through your elaborate eyes": 1, 
            "could you let me know right": 1, 
            "crazy prophylactics so far, i hope": 1, 
            "cuz i do the two could": 1, 
            "dies satisfaction, i have the right": 1, 
            "direction hey, you're like a hip": 1, 
            "do i love you do i": 1, 
            "do i lust for you am": 1, 
            "do the two could you let": 1, 
            "don't if only you could see": 1, 
            "elaborate eyes only you and me,": 1, 
            "eyes only you and me, hun,": 1, 
            "far, i hope you like rap": 1, 
            "for the kind of stunning newness,": 1, 
            "for you am i a sinner": 1, 
            "foreseen ya hey, being with you": 1, 
            "glad to meet ya for the": 1, 
            "got crazy prophylactics so far, i": 1, 
            "got mine's to swing in your": 1, 
            "gotta put me on": 1, 
            "gotta put me on 38-24-37 uh,": 1, 
            "gotta put me on hey bonita,": 1, 
            "have foreseen ya hey, being with": 1, 
            "have the right tactics and if": 1, 
            "heaven i like to kiss ya": 1, 
            "hey bonita, glad to meet ya": 1, 
            "hey, being with you is a": 1, 
            "hey, you're like a hip hop": 1, 
            "hip hop song, you know bonita": 1, 
            "hop song, you know bonita applebum,": 1, 
            "hope you like rap songs bonita": 1, 
            "hun, the love never dies satisfaction,": 1, 
            "hun, we're a match made in": 1, 
            "i a sinner cuz i do": 1, 
            "i do the two could you": 1, 
            "i got crazy prophylactics so far,": 1, 
            "i have the right tactics and": 1, 
            "i hope you like rap songs": 1, 
            "i like to kiss ya where": 1, 
            "i like to tell ya things": 1, 
            "i love you do i lust": 1, 
            "i lust for you am i": 1, 
            "i must have foreseen ya hey,": 1, 
            "if only you could see through": 1, 
            "if you need 'em, i got": 1, 
            "in heaven i like to kiss": 1, 
            "in your direction hey, you're like": 1, 
            "is a top priority ain't no": 1, 
            "kind of stunning newness, i must": 1, 
            "kiss ya where some brothas won't": 1, 
            "know bonita applebum, you gotta put": 1, 
            "know right now, please bonita applebum": 1, 
            "let me know right now, please": 1, 
            "like a hip hop song, you": 1, 
            "like rap songs bonita applebum, you": 1, 
            "like to kiss ya where some": 1, 
            "like to tell ya things some": 1, 
            "love never dies satisfaction, i have": 1, 
            "love you do i lust for": 1, 
            "lust for you am i a": 1, 
            "made in heaven i like to": 1, 
            "match made in heaven i like": 1, 
            "me know right now, please bonita": 1, 
            "me on": 1, 
            "me on 38-24-37 uh, uh, uh": 1, 
            "me on hey bonita, glad to": 1, 
            "me, hun, the love never dies": 1, 
            "me, hun, we're a match made": 1, 
            "meet ya for the kind of": 1, 
            "mine's to swing in your direction": 1, 
            "must have foreseen ya hey, being": 1, 
            "need 'em, i got crazy prophylactics": 1, 
            "need to question the authority chairman": 1, 
            "never dies satisfaction, i have the": 1, 
            "newness, i must have foreseen ya": 1, 
            "no need to question the authority": 1, 
            "now, please bonita applebum bonita applebum,": 1, 
            "of affections you got mine's to": 1, 
            "of stunning newness, i must have": 1, 
            "of the board, the chief of": 1, 
            "on": 1, 
            "on 38-24-37 uh, uh, uh you": 1, 
            "on hey bonita, glad to meet": 1, 
            "only you and me, hun, the": 1, 
            "only you could see through your": 1, 
            "please bonita applebum bonita applebum, you": 1, 
            "priority ain't no need to question": 1, 
            "prophylactics so far, i hope you": 1, 
            "put me on": 1, 
            "put me on 38-24-37 uh, uh,": 1, 
            "put me on hey bonita, glad": 1, 
            "question the authority chairman of the": 1, 
            "rap songs bonita applebum, you gotta": 1, 
            "right now, please bonita applebum bonita": 1, 
            "right tactics and if you need": 1, 
            "satisfaction, i have the right tactics": 1, 
            "see through your elaborate eyes only": 1, 
            "sinner cuz i do the two": 1, 
            "so far, i hope you like": 1, 
            "some brothas don't if only you": 1, 
            "some brothas won't i like to": 1, 
            "song, you know bonita applebum, you": 1, 
            "songs bonita applebum, you gotta put": 1, 
            "stunning newness, i must have foreseen": 1, 
            "swing in your direction hey, you're": 1, 
            "tactics and if you need 'em,": 1, 
            "tell ya things some brothas don't": 1, 
            "the authority chairman of the board,": 1, 
            "the board, the chief of affections": 1, 
            "the chief of affections you got": 1, 
            "the kind of stunning newness, i": 1, 
            "the love never dies satisfaction, i": 1, 
            "the right tactics and if you": 1, 
            "the two could you let me": 1, 
            "things some brothas don't if only": 1, 
            "through your elaborate eyes only you": 1, 
            "to kiss ya where some brothas": 1, 
            "to meet ya for the kind": 1, 
            "to question the authority chairman of": 1, 
            "to swing in your direction hey,": 1, 
            "to tell ya things some brothas": 1, 
            "top priority ain't no need to": 1, 
            "two could you let me know": 1, 
            "uh you and me, hun, we're": 1, 
            "uh, uh you and me, hun,": 1, 
            "uh, uh, uh you and me,": 1, 
            "we're a match made in heaven": 1, 
            "where some brothas won't i like": 1, 
            "with you is a top priority": 1, 
            "won't i like to tell ya": 1, 
            "ya for the kind of stunning": 1, 
            "ya hey, being with you is": 1, 
            "ya things some brothas don't if": 1, 
            "ya where some brothas won't i": 1, 
            "you am i a sinner cuz": 1, 
            "you and me, hun, the love": 1, 
            "you and me, hun, we're a": 1, 
            "you could see through your elaborate": 1, 
            "you do i lust for you": 1, 
            "you got mine's to swing in": 1, 
            "you gotta put me on": 1, 
            "you gotta put me on 38-24-37": 1, 
            "you gotta put me on hey": 1, 
            "you is a top priority ain't": 1, 
            "you know bonita applebum, you gotta": 1, 
            "you let me know right now,": 1, 
            "you like rap songs bonita applebum,": 1, 
            "you need 'em, i got crazy": 1, 
            "you're like a hip hop song,": 1, 
            "your direction hey, you're like a": 1, 
            "your elaborate eyes only you and": 1
        }, 
        "7": {
            "": 714, 
            "'em, i got crazy prophylactics so far,": 1, 
            "38-24-37 uh, uh, uh you and me,": 1, 
            "a hip hop song, you know bonita": 1, 
            "a match made in heaven i like": 1, 
            "a sinner cuz i do the two": 1, 
            "a top priority ain't no need to": 1, 
            "affections you got mine's to swing in": 1, 
            "ain't no need to question the authority": 1, 
            "am i a sinner cuz i do": 1, 
            "and if you need 'em, i got": 1, 
            "and me, hun, the love never dies": 1, 
            "and me, hun, we're a match made": 1, 
            "applebum bonita applebum, you gotta put me": 1, 
            "applebum, you gotta put me on": 1, 
            "applebum, you gotta put me on 38-24-37": 1, 
            "applebum, you gotta put me on hey": 1, 
            "authority chairman of the board, the chief": 1, 
            "being with you is a top priority": 1, 
            "board, the chief of affections you got": 1, 
            "bonita applebum bonita applebum, you gotta put": 1, 
            "bonita applebum, you gotta put me on": 3, 
            "bonita, glad to meet ya for the": 1, 
            "brothas don't if only you could see": 1, 
            "brothas won't i like to tell ya": 1, 
            "chairman of the board, the chief of": 1, 
            "chief of affections you got mine's to": 1, 
            "could see through your elaborate eyes only": 1, 
            "could you let me know right now,": 1, 
            "crazy prophylactics so far, i hope you": 1, 
            "cuz i do the two could you": 1, 
            "dies satisfaction, i have the right tactics": 1, 
            "direction hey, you're like a hip hop": 1, 
            "do i love you do i lust": 1, 
            "do i lust for you am i": 1, 
            "do the two could you let me": 1, 
            "don't if only you could see through": 1, 
            "elaborate eyes only you and me, hun,": 1, 
            "eyes only you and me, hun, the": 1, 
            "far, i hope you like rap songs": 1, 
            "for the kind of stunning newness, i": 1, 
            "for you am i a sinner cuz": 1, 
            "foreseen ya hey, being with you is": 1, 
            "glad to meet ya for the kind": 1, 
            "got crazy prophylactics so far, i hope": 1, 
            "got mine's to swing in your direction": 1, 
            "gotta put me on": 1, 
            "gotta put me on 38-24-37 uh, uh,": 1, 
            "gotta put me on hey bonita, glad": 1, 
            "have foreseen ya hey, being with you": 1, 
            "have the right tactics and if you": 1, 
            "heaven i like to kiss ya where": 1, 
            "hey bonita, glad to meet ya for": 1, 
            "hey, being with you is a top": 1, 
            "hey, you're like a hip hop song,": 1, 
            "hip hop song, you know bonita applebum,": 1, 
            "hop song, you know bonita applebum, you": 1, 
            "hope you like rap songs bonita applebum,": 1, 
            "hun, the love never dies satisfaction, i": 1, 
            "hun, we're a match made in heaven": 1, 
            "i a sinner cuz i do the": 1, 
            "i do the two could you let": 1, 
            "i got crazy prophylactics so far, i": 1, 
            "i have the right tactics and if": 1, 
            "i hope you like rap songs bonita": 1, 
            "i like to kiss ya where some": 1, 
            "i like to tell ya things some": 1, 
            "i love you do i lust for": 1, 
            "i lust for you am i a": 1, 
            "i must have foreseen ya hey, being": 1, 
            "if only you could see through your": 1, 
            "if you need 'em, i got crazy": 1, 
            "in heaven i like to kiss ya": 1, 
            "in your direction hey, you're like a": 1, 
            "is a top priority ain't no need": 1, 
            "kind of stunning newness, i must have": 1, 
            "kiss ya where some brothas won't i": 1, 
            "know bonita applebum, you gotta put me": 1, 
            "know right now, please bonita applebum bonita": 1, 
            "let me know right now, please bonita": 1, 
            "like a hip hop song, you know": 1, 
            "like rap songs bonita applebum, you gotta": 1, 
            "like to kiss ya where some brothas": 1, 
            "like to tell ya things some brothas": 1, 
            "love never dies satisfaction, i have the": 1, 
            "love you do i lust for you": 1, 
            "lust for you am i a sinner": 1, 
            "made in heaven i like to kiss": 1, 
            "match made in heaven i like to": 1, 
            "me know right now, please bonita applebum": 1, 
            "me on": 1, 
            "me on 38-24-37 uh, uh, uh you": 1, 
            "me on hey bonita, glad to meet": 1, 
            "me, hun, the love never dies satisfaction,": 1, 
            "me, hun, we're a match made in": 1, 
            "meet ya for the kind of stunning": 1, 
            "mine's to swing in your direction hey,": 1, 
            "must have foreseen ya hey, being with": 1, 
            "need 'em, i got crazy prophylactics so": 1, 
            "need to question the authority chairman of": 1, 
            "never dies satisfaction, i have the right": 1, 
            "newness, i must have foreseen ya hey,": 1, 
            "no need to question the authority chairman": 1, 
            "now, please bonita applebum bonita applebum, you": 1, 
            "of affections you got mine's to swing": 1, 
            "of stunning newness, i must have foreseen": 1, 
            "of the board, the chief of affections": 1, 
            "on": 1, 
            "on 38-24-37 uh, uh, uh you and": 1, 
            "on hey bonita, glad to meet ya": 1, 
            "only you and me, hun, the love": 1, 
            "only you could see through your elaborate": 1, 
            "please bonita applebum bonita applebum, you gotta": 1, 
            "priority ain't no need to question the": 1, 
            "prophylactics so far, i hope you like": 1, 
            "put me on": 1, 
            "put me on 38-24-37 uh, uh, uh": 1, 
            "put me on hey bonita, glad to": 1, 
            "question the authority chairman of the board,": 1, 
            "rap songs bonita applebum, you gotta put": 1, 
            "right now, please bonita applebum bonita applebum,": 1, 
            "right tactics and if you need 'em,": 1, 
            "satisfaction, i have the right tactics and": 1, 
            "see through your elaborate eyes only you": 1, 
            "sinner cuz i do the two could": 1, 
            "so far, i hope you like rap": 1, 
            "some brothas don't if only you could": 1, 
            "some brothas won't i like to tell": 1, 
            "song, you know bonita applebum, you gotta": 1, 
            "songs bonita applebum, you gotta put me": 1, 
            "stunning newness, i must have foreseen ya": 1, 
            "swing in your direction hey, you're like": 1, 
            "tactics and if you need 'em, i": 1, 
            "tell ya things some brothas don't if": 1, 
            "the authority chairman of the board, the": 1, 
            "the board, the chief of affections you": 1, 
            "the chief of affections you got mine's": 1, 
            "the kind of stunning newness, i must": 1, 
            "the love never dies satisfaction, i have": 1, 
            "the right tactics and if you need": 1, 
            "the two could you let me know": 1, 
            "things some brothas don't if only you": 1, 
            "through your elaborate eyes only you and": 1, 
            "to kiss ya where some brothas won't": 1, 
            "to meet ya for the kind of": 1, 
            "to question the authority chairman of the": 1, 
            "to swing in your direction hey, you're": 1, 
            "to tell ya things some brothas don't": 1, 
            "top priority ain't no need to question": 1, 
            "two could you let me know right": 1, 
            "uh you and me, hun, we're a": 1, 
            "uh, uh you and me, hun, we're": 1, 
            "uh, uh, uh you and me, hun,": 1, 
            "we're a match made in heaven i": 1, 
            "where some brothas won't i like to": 1, 
            "with you is a top priority ain't": 1, 
            "won't i like to tell ya things": 1, 
            "ya for the kind of stunning newness,": 1, 
            "ya hey, being with you is a": 1, 
            "ya things some brothas don't if only": 1, 
            "ya where some brothas won't i like": 1, 
            "you am i a sinner cuz i": 1, 
            "you and me, hun, the love never": 1, 
            "you and me, hun, we're a match": 1, 
            "you could see through your elaborate eyes": 1, 
            "you do i lust for you am": 1, 
            "you got mine's to swing in your": 1, 
            "you gotta put me on": 1, 
            "you gotta put me on 38-24-37 uh,": 1, 
            "you gotta put me on hey bonita,": 1, 
            "you is a top priority ain't no": 1, 
            "you know bonita applebum, you gotta put": 1, 
            "you let me know right now, please": 1, 
            "you like rap songs bonita applebum, you": 1, 
            "you need 'em, i got crazy prophylactics": 1, 
            "you're like a hip hop song, you": 1, 
            "your direction hey, you're like a hip": 1, 
            "your elaborate eyes only you and me,": 1
        }, 
        "8": {
            "": 713, 
            "'em, i got crazy prophylactics so far, i": 1, 
            "38-24-37 uh, uh, uh you and me, hun,": 1, 
            "a hip hop song, you know bonita applebum,": 1, 
            "a match made in heaven i like to": 1, 
            "a sinner cuz i do the two could": 1, 
            "a top priority ain't no need to question": 1, 
            "affections you got mine's to swing in your": 1, 
            "ain't no need to question the authority chairman": 1, 
            "am i a sinner cuz i do the": 1, 
            "and if you need 'em, i got crazy": 1, 
            "and me, hun, the love never dies satisfaction,": 1, 
            "and me, hun, we're a match made in": 1, 
            "applebum bonita applebum, you gotta put me on": 1, 
            "applebum, you gotta put me on": 1, 
            "applebum, you gotta put me on 38-24-37 uh,": 1, 
            "applebum, you gotta put me on hey bonita,": 1, 
            "authority chairman of the board, the chief of": 1, 
            "being with you is a top priority ain't": 1, 
            "board, the chief of affections you got mine's": 1, 
            "bonita applebum bonita applebum, you gotta put me": 1, 
            "bonita applebum, you gotta put me on": 1, 
            "bonita applebum, you gotta put me on 38-24-37": 1, 
            "bonita applebum, you gotta put me on hey": 1, 
            "bonita, glad to meet ya for the kind": 1, 
            "brothas don't if only you could see through": 1, 
            "brothas won't i like to tell ya things": 1, 
            "chairman of the board, the chief of affections": 1, 
            "chief of affections you got mine's to swing": 1, 
            "could see through your elaborate eyes only you": 1, 
            "could you let me know right now, please": 1, 
            "crazy prophylactics so far, i hope you like": 1, 
            "cuz i do the two could you let": 1, 
            "dies satisfaction, i have the right tactics and": 1, 
            "direction hey, you're like a hip hop song,": 1, 
            "do i love you do i lust for": 1, 
            "do i lust for you am i a": 1, 
            "do the two could you let me know": 1, 
            "don't if only you could see through your": 1, 
            "elaborate eyes only you and me, hun, the": 1, 
            "eyes only you and me, hun, the love": 1, 
            "far, i hope you like rap songs bonita": 1, 
            "for the kind of stunning newness, i must": 1, 
            "for you am i a sinner cuz i": 1, 
            "foreseen ya hey, being with you is a": 1, 
            "glad to meet ya for the kind of": 1, 
            "got crazy prophylactics so far, i hope you": 1, 
            "got mine's to swing in your direction hey,": 1, 
            "gotta put me on": 1, 
            "gotta put me on 38-24-37 uh, uh, uh": 1, 
            "gotta put me on hey bonita, glad to": 1, 
            "have foreseen ya hey, being with you is": 1, 
            "have the right tactics and if you need": 1, 
            "heaven i like to kiss ya where some": 1, 
            "hey bonita, glad to meet ya for the": 1, 
            "hey, being with you is a top priority": 1, 
            "hey, you're like a hip hop song, you": 1, 
            "hip hop song, you know bonita applebum, you": 1, 
            "hop song, you know bonita applebum, you gotta": 1, 
            "hope you like rap songs bonita applebum, you": 1, 
            "hun, the love never dies satisfaction, i have": 1, 
            "hun, we're a match made in heaven i": 1, 
            "i a sinner cuz i do the two": 1, 
            "i do the two could you let me": 1, 
            "i got crazy prophylactics so far, i hope": 1, 
            "i have the right tactics and if you": 1, 
            "i hope you like rap songs bonita applebum,": 1, 
            "i like to kiss ya where some brothas": 1, 
            "i like to tell ya things some brothas": 1, 
            "i love you do i lust for you": 1, 
            "i lust for you am i a sinner": 1, 
            "i must have foreseen ya hey, being with": 1, 
            "if only you could see through your elaborate": 1, 
            "if you need 'em, i got crazy prophylactics": 1, 
            "in heaven i like to kiss ya where": 1, 
            "in your direction hey, you're like a hip": 1, 
            "is a top priority ain't no need to": 1, 
            "kind of stunning newness, i must have foreseen": 1, 
            "kiss ya where some brothas won't i like": 1, 
            "know bonita applebum, you gotta put me on": 1, 
            "know right now, please bonita applebum bonita applebum,": 1, 
            "let me know right now, please bonita applebum": 1, 
            "like a hip hop song, you know bonita": 1, 
            "like rap songs bonita applebum, you gotta put": 1, 
            "like to kiss ya where some brothas won't": 1, 
            "like to tell ya things some brothas don't": 1, 
            "love never dies satisfaction, i have the right": 1, 
            "love you do i lust for you am": 1, 
            "lust for you am i a sinner cuz": 1, 
            "made in heaven i like to kiss ya": 1, 
            "match made in heaven i like to kiss": 1, 
            "me know right now, please bonita applebum bonita": 1, 
            "me on": 1, 
            "me on 38-24-37 uh, uh, uh you and": 1, 
            "me on hey bonita, glad to meet ya": 1, 
            "me, hun, the love never dies satisfaction, i": 1, 
            "me, hun, we're a match made in heaven": 1, 
            "meet ya for the kind of stunning newness,": 1, 
            "mine's to swing in your direction hey, you're": 1, 
            "must have foreseen ya hey, being with you": 1, 
            "need 'em, i got crazy prophylactics so far,": 1, 
            "need to question the authority chairman of the": 1, 
            "never dies satisfaction, i have the right tactics": 1, 
            "newness, i must have foreseen ya hey, being": 1, 
            "no need to question the authority chairman of": 1, 
            "now, please bonita applebum bonita applebum, you gotta": 1, 
            "of affections you got mine's to swing in": 1, 
            "of stunning newness, i must have foreseen ya": 1, 
            "of the board, the chief of affections you": 1, 
            "on": 1, 
            "on 38-24-37 uh, uh, uh you and me,": 1, 
            "on hey bonita, glad to meet ya for": 1, 
            "only you and me, hun, the love never": 1, 
            "only you could see through your elaborate eyes": 1, 
            "please bonita applebum bonita applebum, you gotta put": 1, 
            "priority ain't no need to question the authority": 1, 
            "prophylactics so far, i hope you like rap": 1, 
            "put me on": 1, 
            "put me on 38-24-37 uh, uh, uh you": 1, 
            "put me on hey bonita, glad to meet": 1, 
            "question the authority chairman of the board, the": 1, 
            "rap songs bonita applebum, you gotta put me": 1, 
            "right now, please bonita applebum bonita applebum, you": 1, 
            "right tactics and if you need 'em, i": 1, 
            "satisfaction, i have the right tactics and if": 1, 
            "see through your elaborate eyes only you and": 1, 
            "sinner cuz i do the two could you": 1, 
            "so far, i hope you like rap songs": 1, 
            "some brothas don't if only you could see": 1, 
            "some brothas won't i like to tell ya": 1, 
            "song, you know bonita applebum, you gotta put": 1, 
            "songs bonita applebum, you gotta put me on": 1, 
            "stunning newness, i must have foreseen ya hey,": 1, 
            "swing in your direction hey, you're like a": 1, 
            "tactics and if you need 'em, i got": 1, 
            "tell ya things some brothas don't if only": 1, 
            "the authority chairman of the board, the chief": 1, 
            "the board, the chief of affections you got": 1, 
            "the chief of affections you got mine's to": 1, 
            "the kind of stunning newness, i must have": 1, 
            "the love never dies satisfaction, i have the": 1, 
            "the right tactics and if you need 'em,": 1, 
            "the two could you let me know right": 1, 
            "things some brothas don't if only you could": 1, 
            "through your elaborate eyes only you and me,": 1, 
            "to kiss ya where some brothas won't i": 1, 
            "to meet ya for the kind of stunning": 1, 
            "to question the authority chairman of the board,": 1, 
            "to swing in your direction hey, you're like": 1, 
            "to tell ya things some brothas don't if": 1, 
            "top priority ain't no need to question the": 1, 
            "two could you let me know right now,": 1, 
            "uh you and me, hun, we're a match": 1, 
            "uh, uh you and me, hun, we're a": 1, 
            "uh, uh, uh you and me, hun, we're": 1, 
            "we're a match made in heaven i like": 1, 
            "where some brothas won't i like to tell": 1, 
            "with you is a top priority ain't no": 1, 
            "won't i like to tell ya things some": 1, 
            "ya for the kind of stunning newness, i": 1, 
            "ya hey, being with you is a top": 1, 
            "ya things some brothas don't if only you": 1, 
            "ya where some brothas won't i like to": 1, 
            "you am i a sinner cuz i do": 1, 
            "you and me, hun, the love never dies": 1, 
            "you and me, hun, we're a match made": 1, 
            "you could see through your elaborate eyes only": 1, 
            "you do i lust for you am i": 1, 
            "you got mine's to swing in your direction": 1, 
            "you gotta put me on": 1, 
            "you gotta put me on 38-24-37 uh, uh,": 1, 
            "you gotta put me on hey bonita, glad": 1, 
            "you is a top priority ain't no need": 1, 
            "you know bonita applebum, you gotta put me": 1, 
            "you let me know right now, please bonita": 1, 
            "you like rap songs bonita applebum, you gotta": 1, 
            "you need 'em, i got crazy prophylactics so": 1, 
            "you're like a hip hop song, you know": 1, 
            "your direction hey, you're like a hip hop": 1, 
            "your elaborate eyes only you and me, hun,": 1
        }
    }, 
    "song_title": "Bonita Applebum", 
    "total_words": [
        179, 
        {
            "'em,": 1, 
            "38-24-37": 1, 
            "a": 4, 
            "affections": 1, 
            "ain't": 1, 
            "am": 1, 
            "and": 3, 
            "applebum": 1, 
            "applebum,": 3, 
            "authority": 1, 
            "being": 1, 
            "board,": 1, 
            "bonita": 4, 
            "bonita,": 1, 
            "brothas": 2, 
            "chairman": 1, 
            "chief": 1, 
            "could": 2, 
            "crazy": 1, 
            "cuz": 1, 
            "dies": 1, 
            "direction": 1, 
            "do": 3, 
            "don't": 1, 
            "elaborate": 1, 
            "eyes": 1, 
            "far,": 1, 
            "for": 2, 
            "foreseen": 1, 
            "glad": 1, 
            "got": 2, 
            "gotta": 3, 
            "have": 2, 
            "heaven": 1, 
            "hey": 1, 
            "hey,": 2, 
            "hip": 1, 
            "hop": 1, 
            "hope": 1, 
            "hun,": 2, 
            "i": 10, 
            "if": 2, 
            "in": 2, 
            "is": 1, 
            "kind": 1, 
            "kiss": 1, 
            "know": 2, 
            "let": 1, 
            "like": 4, 
            "love": 2, 
            "lust": 1, 
            "made": 1, 
            "match": 1, 
            "me": 4, 
            "me,": 2, 
            "meet": 1, 
            "mine's": 1, 
            "must": 1, 
            "need": 2, 
            "never": 1, 
            "newness,": 1, 
            "no": 1, 
            "now,": 1, 
            "of": 3, 
            "on": 3, 
            "only": 2, 
            "please": 1, 
            "priority": 1, 
            "prophylactics": 1, 
            "put": 3, 
            "question": 1, 
            "rap": 1, 
            "right": 2, 
            "satisfaction,": 1, 
            "see": 1, 
            "sinner": 1, 
            "so": 1, 
            "some": 2, 
            "song,": 1, 
            "songs": 1, 
            "stunning": 1, 
            "swing": 1, 
            "tactics": 1, 
            "tell": 1, 
            "the": 7, 
            "things": 1, 
            "through": 1, 
            "to": 5, 
            "top": 1, 
            "two": 1, 
            "uh": 1, 
            "uh,": 2, 
            "we're": 1, 
            "where": 1, 
            "with": 1, 
            "won't": 1, 
            "ya": 4, 
            "you": 14, 
            "you're": 1, 
            "your": 2
        }
    ], 
    "unique_words": [
        100, 
        [
            "bonita,", 
            "love", 
            "don't", 
            "being", 
            "uh,", 
            "cuz", 
            "won't", 
            "38-24-37", 
            "your", 
            "now,", 
            "you're", 
            "hey,", 
            "bonita", 
            "affections", 
            "top", 
            "question", 
            "hey", 
            "priority", 
            "to", 
            "only", 
            "hun,", 
            "we're", 
            "me,", 
            "tell", 
            "hope", 
            "hip", 
            "do", 
            "direction", 
            "ya", 
            "am", 
            "brothas", 
            "newness,", 
            "heaven", 
            "ain't", 
            "know", 
            "kiss", 
            "with", 
            "you", 
            "glad", 
            "must", 
            "me", 
            "kind", 
            "made", 
            "tactics", 
            "like", 
            "gotta", 
            "stunning", 
            "match", 
            "meet", 
            "'em,", 
            "where", 
            "could", 
            "and", 
            "mine's", 
            "crazy", 
            "right", 
            "have", 
            "applebum", 
            "far,", 
            "is", 
            "some", 
            "eyes", 
            "authority", 
            "lust", 
            "see", 
            "rap", 
            "in", 
            "need", 
            "if", 
            "song,", 
            "for", 
            "no", 
            "things", 
            "please", 
            "foreseen", 
            "chairman", 
            "hop", 
            "got", 
            "board,", 
            "uh", 
            "prophylactics", 
            "dies", 
            "never", 
            "let", 
            "two", 
            "put", 
            "applebum,", 
            "a", 
            "on", 
            "i", 
            "of", 
            "elaborate", 
            "through", 
            "satisfaction,", 
            "chief", 
            "so", 
            "swing", 
            "the", 
            "sinner", 
            "songs"
        ]
    ], 
    "year": 1990
}