{
    "album": "People's Instinctive Travels and the Paths of Rhythm", 
    "artist": "A Tribe Called Quest", 
    "lyrics": "Can I kick it? (Yes, you can!)\nWell, I'm gone (Go on then!)\n\nCan I kick it? To all the people who can Quest like A Tribe does\nBefore this, did you really know what live was?\nComprehend to the track, for it's why cuz\nGettin measures on the tip of the vibers\nRock and roll to the beat of the funk fuzz\nWipe your feet really good on the rhythm rug\nIf you feel the urge to freak, do the jitterbug\nCome and spread your arms if you really need a hug\nAfrocentric living is a big shrug\nA life filled with *HORN* that's what I love\nA lower plateau is what we're above\nIf you diss us, we won't even think of\nWill Nipper the doggy give a big shove?\nThis rhythm really fits like a snug glove\nLike a box of positives is a plus, love\nAs the Tribe flies high like a dove\n\n\nCan I kick it? (Yes, you can!)\nWell, I'm gone (Go on then!)\n\nCan I kick it? To my Tribe that flows in layers\nRight now, Phife is a poem sayer\nAt times, I'm a studio conveyor\nMr. Dinkins, would you please be my mayor?\nYou'll be doing us a really big favor\nBoy this track really has a lot of flavor\nWhen it comes to rhythms, Quest is your savior\nFollow us for the funky behavior\nMake a note on the rhythm we gave ya\nFeel free, drop your pants, check your ha-ir\nDo you like the garments that we wear?\nI instruct you to be the obeyer\nA rhythm recipe that you'll savor\nDoesn't matter if you're minor or major\nYes, the Tribe of the game, rhythm player\nAs you inhale like a breath of fresh air\n", 
    "ngrams": {
        "2": {
            "": 1126, 
            "*horn* that's": 1, 
            "a big": 2, 
            "a box": 1, 
            "a breath": 1, 
            "a dove": 1, 
            "a hug": 1, 
            "a life": 1, 
            "a lot": 1, 
            "a lower": 1, 
            "a note": 1, 
            "a plus,": 1, 
            "a poem": 1, 
            "a really": 1, 
            "a rhythm": 1, 
            "a snug": 1, 
            "a studio": 1, 
            "a tribe": 1, 
            "above if": 1, 
            "afrocentric living": 1, 
            "air": 1, 
            "all the": 1, 
            "and roll": 1, 
            "and spread": 1, 
            "arms if": 1, 
            "as the": 1, 
            "as you": 1, 
            "at times,": 1, 
            "be doing": 1, 
            "be my": 1, 
            "be the": 1, 
            "beat of": 1, 
            "before this,": 1, 
            "behavior make": 1, 
            "big favor": 1, 
            "big shove": 1, 
            "big shrug": 1, 
            "box of": 1, 
            "boy this": 1, 
            "breath of": 1, 
            "can i": 4, 
            "can quest": 1, 
            "can well,": 2, 
            "check your": 1, 
            "come and": 1, 
            "comes to": 1, 
            "comprehend to": 1, 
            "conveyor mr": 1, 
            "cuz gettin": 1, 
            "did you": 1, 
            "dinkins, would": 1, 
            "diss us,": 1, 
            "do the": 1, 
            "do you": 1, 
            "does before": 1, 
            "doesn't matter": 1, 
            "doggy give": 1, 
            "doing us": 1, 
            "dove can": 1, 
            "drop your": 1, 
            "even think": 1, 
            "favor boy": 1, 
            "feel free,": 1, 
            "feel the": 1, 
            "feet really": 1, 
            "filled with": 1, 
            "fits like": 1, 
            "flavor when": 1, 
            "flies high": 1, 
            "flows in": 1, 
            "follow us": 1, 
            "for it's": 1, 
            "for the": 1, 
            "freak, do": 1, 
            "free, drop": 1, 
            "fresh air": 1, 
            "funk fuzz": 1, 
            "funky behavior": 1, 
            "fuzz wipe": 1, 
            "game, rhythm": 1, 
            "garments that": 1, 
            "gave ya": 1, 
            "gettin measures": 1, 
            "give a": 1, 
            "glove like": 1, 
            "go on": 2, 
            "gone go": 2, 
            "good on": 1, 
            "ha-ir do": 1, 
            "has a": 1, 
            "high like": 1, 
            "hug afrocentric": 1, 
            "i instruct": 1, 
            "i kick": 4, 
            "i love": 1, 
            "i'm a": 1, 
            "i'm gone": 2, 
            "if you": 3, 
            "if you're": 1, 
            "in layers": 1, 
            "inhale like": 1, 
            "instruct you": 1, 
            "is a": 3, 
            "is what": 1, 
            "is your": 1, 
            "it comes": 1, 
            "it to": 2, 
            "it yes,": 2, 
            "it's why": 1, 
            "jitterbug come": 1, 
            "kick it": 4, 
            "know what": 1, 
            "layers right": 1, 
            "life filled": 1, 
            "like a": 5, 
            "like the": 1, 
            "live was": 1, 
            "living is": 1, 
            "lot of": 1, 
            "love a": 1, 
            "love as": 1, 
            "lower plateau": 1, 
            "major yes,": 1, 
            "make a": 1, 
            "matter if": 1, 
            "mayor you'll": 1, 
            "measures on": 1, 
            "minor or": 1, 
            "mr dinkins,": 1, 
            "my mayor": 1, 
            "my tribe": 1, 
            "need a": 1, 
            "nipper the": 1, 
            "note on": 1, 
            "now, phife": 1, 
            "obeyer a": 1, 
            "of flavor": 1, 
            "of fresh": 1, 
            "of positives": 1, 
            "of the": 3, 
            "of will": 1, 
            "on the": 3, 
            "on then": 2, 
            "or major": 1, 
            "pants, check": 1, 
            "people who": 1, 
            "phife is": 1, 
            "plateau is": 1, 
            "player as": 1, 
            "please be": 1, 
            "plus, love": 1, 
            "poem sayer": 1, 
            "positives is": 1, 
            "quest is": 1, 
            "quest like": 1, 
            "really big": 1, 
            "really fits": 1, 
            "really good": 1, 
            "really has": 1, 
            "really know": 1, 
            "really need": 1, 
            "recipe that": 1, 
            "rhythm player": 1, 
            "rhythm really": 1, 
            "rhythm recipe": 1, 
            "rhythm rug": 1, 
            "rhythm we": 1, 
            "rhythms, quest": 1, 
            "right now,": 1, 
            "rock and": 1, 
            "roll to": 1, 
            "rug if": 1, 
            "savior follow": 1, 
            "savor doesn't": 1, 
            "sayer at": 1, 
            "shove this": 1, 
            "shrug a": 1, 
            "snug glove": 1, 
            "spread your": 1, 
            "studio conveyor": 1, 
            "that flows": 1, 
            "that we": 1, 
            "that you'll": 1, 
            "that's what": 1, 
            "the beat": 1, 
            "the doggy": 1, 
            "the funk": 1, 
            "the funky": 1, 
            "the game,": 1, 
            "the garments": 1, 
            "the jitterbug": 1, 
            "the obeyer": 1, 
            "the people": 1, 
            "the rhythm": 2, 
            "the tip": 1, 
            "the track,": 1, 
            "the tribe": 2, 
            "the urge": 1, 
            "the vibers": 1, 
            "then can": 2, 
            "think of": 1, 
            "this rhythm": 1, 
            "this track": 1, 
            "this, did": 1, 
            "times, i'm": 1, 
            "tip of": 1, 
            "to all": 1, 
            "to be": 1, 
            "to freak,": 1, 
            "to my": 1, 
            "to rhythms,": 1, 
            "to the": 2, 
            "track really": 1, 
            "track, for": 1, 
            "tribe does": 1, 
            "tribe flies": 1, 
            "tribe of": 1, 
            "tribe that": 1, 
            "urge to": 1, 
            "us a": 1, 
            "us for": 1, 
            "us, we": 1, 
            "vibers rock": 1, 
            "was comprehend": 1, 
            "we gave": 1, 
            "we wear": 1, 
            "we won't": 1, 
            "we're above": 1, 
            "wear i": 1, 
            "well, i'm": 2, 
            "what i": 1, 
            "what live": 1, 
            "what we're": 1, 
            "when it": 1, 
            "who can": 1, 
            "why cuz": 1, 
            "will nipper": 1, 
            "wipe your": 1, 
            "with *horn*": 1, 
            "won't even": 1, 
            "would you": 1, 
            "ya feel": 1, 
            "yes, the": 1, 
            "yes, you": 2, 
            "you can": 2, 
            "you diss": 1, 
            "you feel": 1, 
            "you inhale": 1, 
            "you like": 1, 
            "you please": 1, 
            "you really": 2, 
            "you to": 1, 
            "you'll be": 1, 
            "you'll savor": 1, 
            "you're minor": 1, 
            "your arms": 1, 
            "your feet": 1, 
            "your ha-ir": 1, 
            "your pants,": 1, 
            "your savior": 1
        }, 
        "3": {
            "": 1125, 
            "*horn* that's what": 1, 
            "a big shove": 1, 
            "a big shrug": 1, 
            "a box of": 1, 
            "a breath of": 1, 
            "a dove can": 1, 
            "a hug afrocentric": 1, 
            "a life filled": 1, 
            "a lot of": 1, 
            "a lower plateau": 1, 
            "a note on": 1, 
            "a plus, love": 1, 
            "a poem sayer": 1, 
            "a really big": 1, 
            "a rhythm recipe": 1, 
            "a snug glove": 1, 
            "a studio conveyor": 1, 
            "a tribe does": 1, 
            "above if you": 1, 
            "afrocentric living is": 1, 
            "air": 1, 
            "all the people": 1, 
            "and roll to": 1, 
            "and spread your": 1, 
            "arms if you": 1, 
            "as the tribe": 1, 
            "as you inhale": 1, 
            "at times, i'm": 1, 
            "be doing us": 1, 
            "be my mayor": 1, 
            "be the obeyer": 1, 
            "beat of the": 1, 
            "before this, did": 1, 
            "behavior make a": 1, 
            "big favor boy": 1, 
            "big shove this": 1, 
            "big shrug a": 1, 
            "box of positives": 1, 
            "boy this track": 1, 
            "breath of fresh": 1, 
            "can i kick": 4, 
            "can quest like": 1, 
            "can well, i'm": 2, 
            "check your ha-ir": 1, 
            "come and spread": 1, 
            "comes to rhythms,": 1, 
            "comprehend to the": 1, 
            "conveyor mr dinkins,": 1, 
            "cuz gettin measures": 1, 
            "did you really": 1, 
            "dinkins, would you": 1, 
            "diss us, we": 1, 
            "do the jitterbug": 1, 
            "do you like": 1, 
            "does before this,": 1, 
            "doesn't matter if": 1, 
            "doggy give a": 1, 
            "doing us a": 1, 
            "dove can i": 1, 
            "drop your pants,": 1, 
            "even think of": 1, 
            "favor boy this": 1, 
            "feel free, drop": 1, 
            "feel the urge": 1, 
            "feet really good": 1, 
            "filled with *horn*": 1, 
            "fits like a": 1, 
            "flavor when it": 1, 
            "flies high like": 1, 
            "flows in layers": 1, 
            "follow us for": 1, 
            "for it's why": 1, 
            "for the funky": 1, 
            "freak, do the": 1, 
            "free, drop your": 1, 
            "fresh air": 1, 
            "funk fuzz wipe": 1, 
            "funky behavior make": 1, 
            "fuzz wipe your": 1, 
            "game, rhythm player": 1, 
            "garments that we": 1, 
            "gave ya feel": 1, 
            "gettin measures on": 1, 
            "give a big": 1, 
            "glove like a": 1, 
            "go on then": 2, 
            "gone go on": 2, 
            "good on the": 1, 
            "ha-ir do you": 1, 
            "has a lot": 1, 
            "high like a": 1, 
            "hug afrocentric living": 1, 
            "i instruct you": 1, 
            "i kick it": 4, 
            "i love a": 1, 
            "i'm a studio": 1, 
            "i'm gone go": 2, 
            "if you diss": 1, 
            "if you feel": 1, 
            "if you really": 1, 
            "if you're minor": 1, 
            "in layers right": 1, 
            "inhale like a": 1, 
            "instruct you to": 1, 
            "is a big": 1, 
            "is a plus,": 1, 
            "is a poem": 1, 
            "is what we're": 1, 
            "is your savior": 1, 
            "it comes to": 1, 
            "it to all": 1, 
            "it to my": 1, 
            "it yes, you": 2, 
            "it's why cuz": 1, 
            "jitterbug come and": 1, 
            "kick it to": 2, 
            "kick it yes,": 2, 
            "know what live": 1, 
            "layers right now,": 1, 
            "life filled with": 1, 
            "like a box": 1, 
            "like a breath": 1, 
            "like a dove": 1, 
            "like a snug": 1, 
            "like a tribe": 1, 
            "like the garments": 1, 
            "live was comprehend": 1, 
            "living is a": 1, 
            "lot of flavor": 1, 
            "love a lower": 1, 
            "love as the": 1, 
            "lower plateau is": 1, 
            "major yes, the": 1, 
            "make a note": 1, 
            "matter if you're": 1, 
            "mayor you'll be": 1, 
            "measures on the": 1, 
            "minor or major": 1, 
            "mr dinkins, would": 1, 
            "my mayor you'll": 1, 
            "my tribe that": 1, 
            "need a hug": 1, 
            "nipper the doggy": 1, 
            "note on the": 1, 
            "now, phife is": 1, 
            "obeyer a rhythm": 1, 
            "of flavor when": 1, 
            "of fresh air": 1, 
            "of positives is": 1, 
            "of the funk": 1, 
            "of the game,": 1, 
            "of the vibers": 1, 
            "of will nipper": 1, 
            "on the rhythm": 2, 
            "on the tip": 1, 
            "on then can": 2, 
            "or major yes,": 1, 
            "pants, check your": 1, 
            "people who can": 1, 
            "phife is a": 1, 
            "plateau is what": 1, 
            "player as you": 1, 
            "please be my": 1, 
            "plus, love as": 1, 
            "poem sayer at": 1, 
            "positives is a": 1, 
            "quest is your": 1, 
            "quest like a": 1, 
            "really big favor": 1, 
            "really fits like": 1, 
            "really good on": 1, 
            "really has a": 1, 
            "really know what": 1, 
            "really need a": 1, 
            "recipe that you'll": 1, 
            "rhythm player as": 1, 
            "rhythm really fits": 1, 
            "rhythm recipe that": 1, 
            "rhythm rug if": 1, 
            "rhythm we gave": 1, 
            "rhythms, quest is": 1, 
            "right now, phife": 1, 
            "rock and roll": 1, 
            "roll to the": 1, 
            "rug if you": 1, 
            "savior follow us": 1, 
            "savor doesn't matter": 1, 
            "sayer at times,": 1, 
            "shove this rhythm": 1, 
            "shrug a life": 1, 
            "snug glove like": 1, 
            "spread your arms": 1, 
            "studio conveyor mr": 1, 
            "that flows in": 1, 
            "that we wear": 1, 
            "that you'll savor": 1, 
            "that's what i": 1, 
            "the beat of": 1, 
            "the doggy give": 1, 
            "the funk fuzz": 1, 
            "the funky behavior": 1, 
            "the game, rhythm": 1, 
            "the garments that": 1, 
            "the jitterbug come": 1, 
            "the obeyer a": 1, 
            "the people who": 1, 
            "the rhythm rug": 1, 
            "the rhythm we": 1, 
            "the tip of": 1, 
            "the track, for": 1, 
            "the tribe flies": 1, 
            "the tribe of": 1, 
            "the urge to": 1, 
            "the vibers rock": 1, 
            "then can i": 2, 
            "think of will": 1, 
            "this rhythm really": 1, 
            "this track really": 1, 
            "this, did you": 1, 
            "times, i'm a": 1, 
            "tip of the": 1, 
            "to all the": 1, 
            "to be the": 1, 
            "to freak, do": 1, 
            "to my tribe": 1, 
            "to rhythms, quest": 1, 
            "to the beat": 1, 
            "to the track,": 1, 
            "track really has": 1, 
            "track, for it's": 1, 
            "tribe does before": 1, 
            "tribe flies high": 1, 
            "tribe of the": 1, 
            "tribe that flows": 1, 
            "urge to freak,": 1, 
            "us a really": 1, 
            "us for the": 1, 
            "us, we won't": 1, 
            "vibers rock and": 1, 
            "was comprehend to": 1, 
            "we gave ya": 1, 
            "we wear i": 1, 
            "we won't even": 1, 
            "we're above if": 1, 
            "wear i instruct": 1, 
            "well, i'm gone": 2, 
            "what i love": 1, 
            "what live was": 1, 
            "what we're above": 1, 
            "when it comes": 1, 
            "who can quest": 1, 
            "why cuz gettin": 1, 
            "will nipper the": 1, 
            "wipe your feet": 1, 
            "with *horn* that's": 1, 
            "won't even think": 1, 
            "would you please": 1, 
            "ya feel free,": 1, 
            "yes, the tribe": 1, 
            "yes, you can": 2, 
            "you can well,": 2, 
            "you diss us,": 1, 
            "you feel the": 1, 
            "you inhale like": 1, 
            "you like the": 1, 
            "you please be": 1, 
            "you really know": 1, 
            "you really need": 1, 
            "you to be": 1, 
            "you'll be doing": 1, 
            "you'll savor doesn't": 1, 
            "you're minor or": 1, 
            "your arms if": 1, 
            "your feet really": 1, 
            "your ha-ir do": 1, 
            "your pants, check": 1, 
            "your savior follow": 1
        }, 
        "4": {
            "": 1124, 
            "*horn* that's what i": 1, 
            "a big shove this": 1, 
            "a big shrug a": 1, 
            "a box of positives": 1, 
            "a breath of fresh": 1, 
            "a dove can i": 1, 
            "a hug afrocentric living": 1, 
            "a life filled with": 1, 
            "a lot of flavor": 1, 
            "a lower plateau is": 1, 
            "a note on the": 1, 
            "a plus, love as": 1, 
            "a poem sayer at": 1, 
            "a really big favor": 1, 
            "a rhythm recipe that": 1, 
            "a snug glove like": 1, 
            "a studio conveyor mr": 1, 
            "a tribe does before": 1, 
            "above if you diss": 1, 
            "afrocentric living is a": 1, 
            "air": 1, 
            "all the people who": 1, 
            "and roll to the": 1, 
            "and spread your arms": 1, 
            "arms if you really": 1, 
            "as the tribe flies": 1, 
            "as you inhale like": 1, 
            "at times, i'm a": 1, 
            "be doing us a": 1, 
            "be my mayor you'll": 1, 
            "be the obeyer a": 1, 
            "beat of the funk": 1, 
            "before this, did you": 1, 
            "behavior make a note": 1, 
            "big favor boy this": 1, 
            "big shove this rhythm": 1, 
            "big shrug a life": 1, 
            "box of positives is": 1, 
            "boy this track really": 1, 
            "breath of fresh air": 1, 
            "can i kick it": 4, 
            "can quest like a": 1, 
            "can well, i'm gone": 2, 
            "check your ha-ir do": 1, 
            "come and spread your": 1, 
            "comes to rhythms, quest": 1, 
            "comprehend to the track,": 1, 
            "conveyor mr dinkins, would": 1, 
            "cuz gettin measures on": 1, 
            "did you really know": 1, 
            "dinkins, would you please": 1, 
            "diss us, we won't": 1, 
            "do the jitterbug come": 1, 
            "do you like the": 1, 
            "does before this, did": 1, 
            "doesn't matter if you're": 1, 
            "doggy give a big": 1, 
            "doing us a really": 1, 
            "dove can i kick": 1, 
            "drop your pants, check": 1, 
            "even think of will": 1, 
            "favor boy this track": 1, 
            "feel free, drop your": 1, 
            "feel the urge to": 1, 
            "feet really good on": 1, 
            "filled with *horn* that's": 1, 
            "fits like a snug": 1, 
            "flavor when it comes": 1, 
            "flies high like a": 1, 
            "flows in layers right": 1, 
            "follow us for the": 1, 
            "for it's why cuz": 1, 
            "for the funky behavior": 1, 
            "freak, do the jitterbug": 1, 
            "free, drop your pants,": 1, 
            "fresh air": 1, 
            "funk fuzz wipe your": 1, 
            "funky behavior make a": 1, 
            "fuzz wipe your feet": 1, 
            "game, rhythm player as": 1, 
            "garments that we wear": 1, 
            "gave ya feel free,": 1, 
            "gettin measures on the": 1, 
            "give a big shove": 1, 
            "glove like a box": 1, 
            "go on then can": 2, 
            "gone go on then": 2, 
            "good on the rhythm": 1, 
            "ha-ir do you like": 1, 
            "has a lot of": 1, 
            "high like a dove": 1, 
            "hug afrocentric living is": 1, 
            "i instruct you to": 1, 
            "i kick it to": 2, 
            "i kick it yes,": 2, 
            "i love a lower": 1, 
            "i'm a studio conveyor": 1, 
            "i'm gone go on": 2, 
            "if you diss us,": 1, 
            "if you feel the": 1, 
            "if you really need": 1, 
            "if you're minor or": 1, 
            "in layers right now,": 1, 
            "inhale like a breath": 1, 
            "instruct you to be": 1, 
            "is a big shrug": 1, 
            "is a plus, love": 1, 
            "is a poem sayer": 1, 
            "is what we're above": 1, 
            "is your savior follow": 1, 
            "it comes to rhythms,": 1, 
            "it to all the": 1, 
            "it to my tribe": 1, 
            "it yes, you can": 2, 
            "it's why cuz gettin": 1, 
            "jitterbug come and spread": 1, 
            "kick it to all": 1, 
            "kick it to my": 1, 
            "kick it yes, you": 2, 
            "know what live was": 1, 
            "layers right now, phife": 1, 
            "life filled with *horn*": 1, 
            "like a box of": 1, 
            "like a breath of": 1, 
            "like a dove can": 1, 
            "like a snug glove": 1, 
            "like a tribe does": 1, 
            "like the garments that": 1, 
            "live was comprehend to": 1, 
            "living is a big": 1, 
            "lot of flavor when": 1, 
            "love a lower plateau": 1, 
            "love as the tribe": 1, 
            "lower plateau is what": 1, 
            "major yes, the tribe": 1, 
            "make a note on": 1, 
            "matter if you're minor": 1, 
            "mayor you'll be doing": 1, 
            "measures on the tip": 1, 
            "minor or major yes,": 1, 
            "mr dinkins, would you": 1, 
            "my mayor you'll be": 1, 
            "my tribe that flows": 1, 
            "need a hug afrocentric": 1, 
            "nipper the doggy give": 1, 
            "note on the rhythm": 1, 
            "now, phife is a": 1, 
            "obeyer a rhythm recipe": 1, 
            "of flavor when it": 1, 
            "of fresh air": 1, 
            "of positives is a": 1, 
            "of the funk fuzz": 1, 
            "of the game, rhythm": 1, 
            "of the vibers rock": 1, 
            "of will nipper the": 1, 
            "on the rhythm rug": 1, 
            "on the rhythm we": 1, 
            "on the tip of": 1, 
            "on then can i": 2, 
            "or major yes, the": 1, 
            "pants, check your ha-ir": 1, 
            "people who can quest": 1, 
            "phife is a poem": 1, 
            "plateau is what we're": 1, 
            "player as you inhale": 1, 
            "please be my mayor": 1, 
            "plus, love as the": 1, 
            "poem sayer at times,": 1, 
            "positives is a plus,": 1, 
            "quest is your savior": 1, 
            "quest like a tribe": 1, 
            "really big favor boy": 1, 
            "really fits like a": 1, 
            "really good on the": 1, 
            "really has a lot": 1, 
            "really know what live": 1, 
            "really need a hug": 1, 
            "recipe that you'll savor": 1, 
            "rhythm player as you": 1, 
            "rhythm really fits like": 1, 
            "rhythm recipe that you'll": 1, 
            "rhythm rug if you": 1, 
            "rhythm we gave ya": 1, 
            "rhythms, quest is your": 1, 
            "right now, phife is": 1, 
            "rock and roll to": 1, 
            "roll to the beat": 1, 
            "rug if you feel": 1, 
            "savior follow us for": 1, 
            "savor doesn't matter if": 1, 
            "sayer at times, i'm": 1, 
            "shove this rhythm really": 1, 
            "shrug a life filled": 1, 
            "snug glove like a": 1, 
            "spread your arms if": 1, 
            "studio conveyor mr dinkins,": 1, 
            "that flows in layers": 1, 
            "that we wear i": 1, 
            "that you'll savor doesn't": 1, 
            "that's what i love": 1, 
            "the beat of the": 1, 
            "the doggy give a": 1, 
            "the funk fuzz wipe": 1, 
            "the funky behavior make": 1, 
            "the game, rhythm player": 1, 
            "the garments that we": 1, 
            "the jitterbug come and": 1, 
            "the obeyer a rhythm": 1, 
            "the people who can": 1, 
            "the rhythm rug if": 1, 
            "the rhythm we gave": 1, 
            "the tip of the": 1, 
            "the track, for it's": 1, 
            "the tribe flies high": 1, 
            "the tribe of the": 1, 
            "the urge to freak,": 1, 
            "the vibers rock and": 1, 
            "then can i kick": 2, 
            "think of will nipper": 1, 
            "this rhythm really fits": 1, 
            "this track really has": 1, 
            "this, did you really": 1, 
            "times, i'm a studio": 1, 
            "tip of the vibers": 1, 
            "to all the people": 1, 
            "to be the obeyer": 1, 
            "to freak, do the": 1, 
            "to my tribe that": 1, 
            "to rhythms, quest is": 1, 
            "to the beat of": 1, 
            "to the track, for": 1, 
            "track really has a": 1, 
            "track, for it's why": 1, 
            "tribe does before this,": 1, 
            "tribe flies high like": 1, 
            "tribe of the game,": 1, 
            "tribe that flows in": 1, 
            "urge to freak, do": 1, 
            "us a really big": 1, 
            "us for the funky": 1, 
            "us, we won't even": 1, 
            "vibers rock and roll": 1, 
            "was comprehend to the": 1, 
            "we gave ya feel": 1, 
            "we wear i instruct": 1, 
            "we won't even think": 1, 
            "we're above if you": 1, 
            "wear i instruct you": 1, 
            "well, i'm gone go": 2, 
            "what i love a": 1, 
            "what live was comprehend": 1, 
            "what we're above if": 1, 
            "when it comes to": 1, 
            "who can quest like": 1, 
            "why cuz gettin measures": 1, 
            "will nipper the doggy": 1, 
            "wipe your feet really": 1, 
            "with *horn* that's what": 1, 
            "won't even think of": 1, 
            "would you please be": 1, 
            "ya feel free, drop": 1, 
            "yes, the tribe of": 1, 
            "yes, you can well,": 2, 
            "you can well, i'm": 2, 
            "you diss us, we": 1, 
            "you feel the urge": 1, 
            "you inhale like a": 1, 
            "you like the garments": 1, 
            "you please be my": 1, 
            "you really know what": 1, 
            "you really need a": 1, 
            "you to be the": 1, 
            "you'll be doing us": 1, 
            "you'll savor doesn't matter": 1, 
            "you're minor or major": 1, 
            "your arms if you": 1, 
            "your feet really good": 1, 
            "your ha-ir do you": 1, 
            "your pants, check your": 1, 
            "your savior follow us": 1
        }, 
        "5": {
            "": 1123, 
            "*horn* that's what i love": 1, 
            "a big shove this rhythm": 1, 
            "a big shrug a life": 1, 
            "a box of positives is": 1, 
            "a breath of fresh air": 1, 
            "a dove can i kick": 1, 
            "a hug afrocentric living is": 1, 
            "a life filled with *horn*": 1, 
            "a lot of flavor when": 1, 
            "a lower plateau is what": 1, 
            "a note on the rhythm": 1, 
            "a plus, love as the": 1, 
            "a poem sayer at times,": 1, 
            "a really big favor boy": 1, 
            "a rhythm recipe that you'll": 1, 
            "a snug glove like a": 1, 
            "a studio conveyor mr dinkins,": 1, 
            "a tribe does before this,": 1, 
            "above if you diss us,": 1, 
            "afrocentric living is a big": 1, 
            "air": 1, 
            "all the people who can": 1, 
            "and roll to the beat": 1, 
            "and spread your arms if": 1, 
            "arms if you really need": 1, 
            "as the tribe flies high": 1, 
            "as you inhale like a": 1, 
            "at times, i'm a studio": 1, 
            "be doing us a really": 1, 
            "be my mayor you'll be": 1, 
            "be the obeyer a rhythm": 1, 
            "beat of the funk fuzz": 1, 
            "before this, did you really": 1, 
            "behavior make a note on": 1, 
            "big favor boy this track": 1, 
            "big shove this rhythm really": 1, 
            "big shrug a life filled": 1, 
            "box of positives is a": 1, 
            "boy this track really has": 1, 
            "breath of fresh air": 1, 
            "can i kick it to": 2, 
            "can i kick it yes,": 2, 
            "can quest like a tribe": 1, 
            "can well, i'm gone go": 2, 
            "check your ha-ir do you": 1, 
            "come and spread your arms": 1, 
            "comes to rhythms, quest is": 1, 
            "comprehend to the track, for": 1, 
            "conveyor mr dinkins, would you": 1, 
            "cuz gettin measures on the": 1, 
            "did you really know what": 1, 
            "dinkins, would you please be": 1, 
            "diss us, we won't even": 1, 
            "do the jitterbug come and": 1, 
            "do you like the garments": 1, 
            "does before this, did you": 1, 
            "doesn't matter if you're minor": 1, 
            "doggy give a big shove": 1, 
            "doing us a really big": 1, 
            "dove can i kick it": 1, 
            "drop your pants, check your": 1, 
            "even think of will nipper": 1, 
            "favor boy this track really": 1, 
            "feel free, drop your pants,": 1, 
            "feel the urge to freak,": 1, 
            "feet really good on the": 1, 
            "filled with *horn* that's what": 1, 
            "fits like a snug glove": 1, 
            "flavor when it comes to": 1, 
            "flies high like a dove": 1, 
            "flows in layers right now,": 1, 
            "follow us for the funky": 1, 
            "for it's why cuz gettin": 1, 
            "for the funky behavior make": 1, 
            "freak, do the jitterbug come": 1, 
            "free, drop your pants, check": 1, 
            "fresh air": 1, 
            "funk fuzz wipe your feet": 1, 
            "funky behavior make a note": 1, 
            "fuzz wipe your feet really": 1, 
            "game, rhythm player as you": 1, 
            "garments that we wear i": 1, 
            "gave ya feel free, drop": 1, 
            "gettin measures on the tip": 1, 
            "give a big shove this": 1, 
            "glove like a box of": 1, 
            "go on then can i": 2, 
            "gone go on then can": 2, 
            "good on the rhythm rug": 1, 
            "ha-ir do you like the": 1, 
            "has a lot of flavor": 1, 
            "high like a dove can": 1, 
            "hug afrocentric living is a": 1, 
            "i instruct you to be": 1, 
            "i kick it to all": 1, 
            "i kick it to my": 1, 
            "i kick it yes, you": 2, 
            "i love a lower plateau": 1, 
            "i'm a studio conveyor mr": 1, 
            "i'm gone go on then": 2, 
            "if you diss us, we": 1, 
            "if you feel the urge": 1, 
            "if you really need a": 1, 
            "if you're minor or major": 1, 
            "in layers right now, phife": 1, 
            "inhale like a breath of": 1, 
            "instruct you to be the": 1, 
            "is a big shrug a": 1, 
            "is a plus, love as": 1, 
            "is a poem sayer at": 1, 
            "is what we're above if": 1, 
            "is your savior follow us": 1, 
            "it comes to rhythms, quest": 1, 
            "it to all the people": 1, 
            "it to my tribe that": 1, 
            "it yes, you can well,": 2, 
            "it's why cuz gettin measures": 1, 
            "jitterbug come and spread your": 1, 
            "kick it to all the": 1, 
            "kick it to my tribe": 1, 
            "kick it yes, you can": 2, 
            "know what live was comprehend": 1, 
            "layers right now, phife is": 1, 
            "life filled with *horn* that's": 1, 
            "like a box of positives": 1, 
            "like a breath of fresh": 1, 
            "like a dove can i": 1, 
            "like a snug glove like": 1, 
            "like a tribe does before": 1, 
            "like the garments that we": 1, 
            "live was comprehend to the": 1, 
            "living is a big shrug": 1, 
            "lot of flavor when it": 1, 
            "love a lower plateau is": 1, 
            "love as the tribe flies": 1, 
            "lower plateau is what we're": 1, 
            "major yes, the tribe of": 1, 
            "make a note on the": 1, 
            "matter if you're minor or": 1, 
            "mayor you'll be doing us": 1, 
            "measures on the tip of": 1, 
            "minor or major yes, the": 1, 
            "mr dinkins, would you please": 1, 
            "my mayor you'll be doing": 1, 
            "my tribe that flows in": 1, 
            "need a hug afrocentric living": 1, 
            "nipper the doggy give a": 1, 
            "note on the rhythm we": 1, 
            "now, phife is a poem": 1, 
            "obeyer a rhythm recipe that": 1, 
            "of flavor when it comes": 1, 
            "of fresh air": 1, 
            "of positives is a plus,": 1, 
            "of the funk fuzz wipe": 1, 
            "of the game, rhythm player": 1, 
            "of the vibers rock and": 1, 
            "of will nipper the doggy": 1, 
            "on the rhythm rug if": 1, 
            "on the rhythm we gave": 1, 
            "on the tip of the": 1, 
            "on then can i kick": 2, 
            "or major yes, the tribe": 1, 
            "pants, check your ha-ir do": 1, 
            "people who can quest like": 1, 
            "phife is a poem sayer": 1, 
            "plateau is what we're above": 1, 
            "player as you inhale like": 1, 
            "please be my mayor you'll": 1, 
            "plus, love as the tribe": 1, 
            "poem sayer at times, i'm": 1, 
            "positives is a plus, love": 1, 
            "quest is your savior follow": 1, 
            "quest like a tribe does": 1, 
            "really big favor boy this": 1, 
            "really fits like a snug": 1, 
            "really good on the rhythm": 1, 
            "really has a lot of": 1, 
            "really know what live was": 1, 
            "really need a hug afrocentric": 1, 
            "recipe that you'll savor doesn't": 1, 
            "rhythm player as you inhale": 1, 
            "rhythm really fits like a": 1, 
            "rhythm recipe that you'll savor": 1, 
            "rhythm rug if you feel": 1, 
            "rhythm we gave ya feel": 1, 
            "rhythms, quest is your savior": 1, 
            "right now, phife is a": 1, 
            "rock and roll to the": 1, 
            "roll to the beat of": 1, 
            "rug if you feel the": 1, 
            "savior follow us for the": 1, 
            "savor doesn't matter if you're": 1, 
            "sayer at times, i'm a": 1, 
            "shove this rhythm really fits": 1, 
            "shrug a life filled with": 1, 
            "snug glove like a box": 1, 
            "spread your arms if you": 1, 
            "studio conveyor mr dinkins, would": 1, 
            "that flows in layers right": 1, 
            "that we wear i instruct": 1, 
            "that you'll savor doesn't matter": 1, 
            "that's what i love a": 1, 
            "the beat of the funk": 1, 
            "the doggy give a big": 1, 
            "the funk fuzz wipe your": 1, 
            "the funky behavior make a": 1, 
            "the game, rhythm player as": 1, 
            "the garments that we wear": 1, 
            "the jitterbug come and spread": 1, 
            "the obeyer a rhythm recipe": 1, 
            "the people who can quest": 1, 
            "the rhythm rug if you": 1, 
            "the rhythm we gave ya": 1, 
            "the tip of the vibers": 1, 
            "the track, for it's why": 1, 
            "the tribe flies high like": 1, 
            "the tribe of the game,": 1, 
            "the urge to freak, do": 1, 
            "the vibers rock and roll": 1, 
            "then can i kick it": 2, 
            "think of will nipper the": 1, 
            "this rhythm really fits like": 1, 
            "this track really has a": 1, 
            "this, did you really know": 1, 
            "times, i'm a studio conveyor": 1, 
            "tip of the vibers rock": 1, 
            "to all the people who": 1, 
            "to be the obeyer a": 1, 
            "to freak, do the jitterbug": 1, 
            "to my tribe that flows": 1, 
            "to rhythms, quest is your": 1, 
            "to the beat of the": 1, 
            "to the track, for it's": 1, 
            "track really has a lot": 1, 
            "track, for it's why cuz": 1, 
            "tribe does before this, did": 1, 
            "tribe flies high like a": 1, 
            "tribe of the game, rhythm": 1, 
            "tribe that flows in layers": 1, 
            "urge to freak, do the": 1, 
            "us a really big favor": 1, 
            "us for the funky behavior": 1, 
            "us, we won't even think": 1, 
            "vibers rock and roll to": 1, 
            "was comprehend to the track,": 1, 
            "we gave ya feel free,": 1, 
            "we wear i instruct you": 1, 
            "we won't even think of": 1, 
            "we're above if you diss": 1, 
            "wear i instruct you to": 1, 
            "well, i'm gone go on": 2, 
            "what i love a lower": 1, 
            "what live was comprehend to": 1, 
            "what we're above if you": 1, 
            "when it comes to rhythms,": 1, 
            "who can quest like a": 1, 
            "why cuz gettin measures on": 1, 
            "will nipper the doggy give": 1, 
            "wipe your feet really good": 1, 
            "with *horn* that's what i": 1, 
            "won't even think of will": 1, 
            "would you please be my": 1, 
            "ya feel free, drop your": 1, 
            "yes, the tribe of the": 1, 
            "yes, you can well, i'm": 2, 
            "you can well, i'm gone": 2, 
            "you diss us, we won't": 1, 
            "you feel the urge to": 1, 
            "you inhale like a breath": 1, 
            "you like the garments that": 1, 
            "you please be my mayor": 1, 
            "you really know what live": 1, 
            "you really need a hug": 1, 
            "you to be the obeyer": 1, 
            "you'll be doing us a": 1, 
            "you'll savor doesn't matter if": 1, 
            "you're minor or major yes,": 1, 
            "your arms if you really": 1, 
            "your feet really good on": 1, 
            "your ha-ir do you like": 1, 
            "your pants, check your ha-ir": 1, 
            "your savior follow us for": 1
        }, 
        "6": {
            "": 1122, 
            "*horn* that's what i love a": 1, 
            "a big shove this rhythm really": 1, 
            "a big shrug a life filled": 1, 
            "a box of positives is a": 1, 
            "a breath of fresh air": 1, 
            "a dove can i kick it": 1, 
            "a hug afrocentric living is a": 1, 
            "a life filled with *horn* that's": 1, 
            "a lot of flavor when it": 1, 
            "a lower plateau is what we're": 1, 
            "a note on the rhythm we": 1, 
            "a plus, love as the tribe": 1, 
            "a poem sayer at times, i'm": 1, 
            "a really big favor boy this": 1, 
            "a rhythm recipe that you'll savor": 1, 
            "a snug glove like a box": 1, 
            "a studio conveyor mr dinkins, would": 1, 
            "a tribe does before this, did": 1, 
            "above if you diss us, we": 1, 
            "afrocentric living is a big shrug": 1, 
            "air": 1, 
            "all the people who can quest": 1, 
            "and roll to the beat of": 1, 
            "and spread your arms if you": 1, 
            "arms if you really need a": 1, 
            "as the tribe flies high like": 1, 
            "as you inhale like a breath": 1, 
            "at times, i'm a studio conveyor": 1, 
            "be doing us a really big": 1, 
            "be my mayor you'll be doing": 1, 
            "be the obeyer a rhythm recipe": 1, 
            "beat of the funk fuzz wipe": 1, 
            "before this, did you really know": 1, 
            "behavior make a note on the": 1, 
            "big favor boy this track really": 1, 
            "big shove this rhythm really fits": 1, 
            "big shrug a life filled with": 1, 
            "box of positives is a plus,": 1, 
            "boy this track really has a": 1, 
            "breath of fresh air": 1, 
            "can i kick it to all": 1, 
            "can i kick it to my": 1, 
            "can i kick it yes, you": 2, 
            "can quest like a tribe does": 1, 
            "can well, i'm gone go on": 2, 
            "check your ha-ir do you like": 1, 
            "come and spread your arms if": 1, 
            "comes to rhythms, quest is your": 1, 
            "comprehend to the track, for it's": 1, 
            "conveyor mr dinkins, would you please": 1, 
            "cuz gettin measures on the tip": 1, 
            "did you really know what live": 1, 
            "dinkins, would you please be my": 1, 
            "diss us, we won't even think": 1, 
            "do the jitterbug come and spread": 1, 
            "do you like the garments that": 1, 
            "does before this, did you really": 1, 
            "doesn't matter if you're minor or": 1, 
            "doggy give a big shove this": 1, 
            "doing us a really big favor": 1, 
            "dove can i kick it yes,": 1, 
            "drop your pants, check your ha-ir": 1, 
            "even think of will nipper the": 1, 
            "favor boy this track really has": 1, 
            "feel free, drop your pants, check": 1, 
            "feel the urge to freak, do": 1, 
            "feet really good on the rhythm": 1, 
            "filled with *horn* that's what i": 1, 
            "fits like a snug glove like": 1, 
            "flavor when it comes to rhythms,": 1, 
            "flies high like a dove can": 1, 
            "flows in layers right now, phife": 1, 
            "follow us for the funky behavior": 1, 
            "for it's why cuz gettin measures": 1, 
            "for the funky behavior make a": 1, 
            "freak, do the jitterbug come and": 1, 
            "free, drop your pants, check your": 1, 
            "fresh air": 1, 
            "funk fuzz wipe your feet really": 1, 
            "funky behavior make a note on": 1, 
            "fuzz wipe your feet really good": 1, 
            "game, rhythm player as you inhale": 1, 
            "garments that we wear i instruct": 1, 
            "gave ya feel free, drop your": 1, 
            "gettin measures on the tip of": 1, 
            "give a big shove this rhythm": 1, 
            "glove like a box of positives": 1, 
            "go on then can i kick": 2, 
            "gone go on then can i": 2, 
            "good on the rhythm rug if": 1, 
            "ha-ir do you like the garments": 1, 
            "has a lot of flavor when": 1, 
            "high like a dove can i": 1, 
            "hug afrocentric living is a big": 1, 
            "i instruct you to be the": 1, 
            "i kick it to all the": 1, 
            "i kick it to my tribe": 1, 
            "i kick it yes, you can": 2, 
            "i love a lower plateau is": 1, 
            "i'm a studio conveyor mr dinkins,": 1, 
            "i'm gone go on then can": 2, 
            "if you diss us, we won't": 1, 
            "if you feel the urge to": 1, 
            "if you really need a hug": 1, 
            "if you're minor or major yes,": 1, 
            "in layers right now, phife is": 1, 
            "inhale like a breath of fresh": 1, 
            "instruct you to be the obeyer": 1, 
            "is a big shrug a life": 1, 
            "is a plus, love as the": 1, 
            "is a poem sayer at times,": 1, 
            "is what we're above if you": 1, 
            "is your savior follow us for": 1, 
            "it comes to rhythms, quest is": 1, 
            "it to all the people who": 1, 
            "it to my tribe that flows": 1, 
            "it yes, you can well, i'm": 2, 
            "it's why cuz gettin measures on": 1, 
            "jitterbug come and spread your arms": 1, 
            "kick it to all the people": 1, 
            "kick it to my tribe that": 1, 
            "kick it yes, you can well,": 2, 
            "know what live was comprehend to": 1, 
            "layers right now, phife is a": 1, 
            "life filled with *horn* that's what": 1, 
            "like a box of positives is": 1, 
            "like a breath of fresh air": 1, 
            "like a dove can i kick": 1, 
            "like a snug glove like a": 1, 
            "like a tribe does before this,": 1, 
            "like the garments that we wear": 1, 
            "live was comprehend to the track,": 1, 
            "living is a big shrug a": 1, 
            "lot of flavor when it comes": 1, 
            "love a lower plateau is what": 1, 
            "love as the tribe flies high": 1, 
            "lower plateau is what we're above": 1, 
            "major yes, the tribe of the": 1, 
            "make a note on the rhythm": 1, 
            "matter if you're minor or major": 1, 
            "mayor you'll be doing us a": 1, 
            "measures on the tip of the": 1, 
            "minor or major yes, the tribe": 1, 
            "mr dinkins, would you please be": 1, 
            "my mayor you'll be doing us": 1, 
            "my tribe that flows in layers": 1, 
            "need a hug afrocentric living is": 1, 
            "nipper the doggy give a big": 1, 
            "note on the rhythm we gave": 1, 
            "now, phife is a poem sayer": 1, 
            "obeyer a rhythm recipe that you'll": 1, 
            "of flavor when it comes to": 1, 
            "of fresh air": 1, 
            "of positives is a plus, love": 1, 
            "of the funk fuzz wipe your": 1, 
            "of the game, rhythm player as": 1, 
            "of the vibers rock and roll": 1, 
            "of will nipper the doggy give": 1, 
            "on the rhythm rug if you": 1, 
            "on the rhythm we gave ya": 1, 
            "on the tip of the vibers": 1, 
            "on then can i kick it": 2, 
            "or major yes, the tribe of": 1, 
            "pants, check your ha-ir do you": 1, 
            "people who can quest like a": 1, 
            "phife is a poem sayer at": 1, 
            "plateau is what we're above if": 1, 
            "player as you inhale like a": 1, 
            "please be my mayor you'll be": 1, 
            "plus, love as the tribe flies": 1, 
            "poem sayer at times, i'm a": 1, 
            "positives is a plus, love as": 1, 
            "quest is your savior follow us": 1, 
            "quest like a tribe does before": 1, 
            "really big favor boy this track": 1, 
            "really fits like a snug glove": 1, 
            "really good on the rhythm rug": 1, 
            "really has a lot of flavor": 1, 
            "really know what live was comprehend": 1, 
            "really need a hug afrocentric living": 1, 
            "recipe that you'll savor doesn't matter": 1, 
            "rhythm player as you inhale like": 1, 
            "rhythm really fits like a snug": 1, 
            "rhythm recipe that you'll savor doesn't": 1, 
            "rhythm rug if you feel the": 1, 
            "rhythm we gave ya feel free,": 1, 
            "rhythms, quest is your savior follow": 1, 
            "right now, phife is a poem": 1, 
            "rock and roll to the beat": 1, 
            "roll to the beat of the": 1, 
            "rug if you feel the urge": 1, 
            "savior follow us for the funky": 1, 
            "savor doesn't matter if you're minor": 1, 
            "sayer at times, i'm a studio": 1, 
            "shove this rhythm really fits like": 1, 
            "shrug a life filled with *horn*": 1, 
            "snug glove like a box of": 1, 
            "spread your arms if you really": 1, 
            "studio conveyor mr dinkins, would you": 1, 
            "that flows in layers right now,": 1, 
            "that we wear i instruct you": 1, 
            "that you'll savor doesn't matter if": 1, 
            "that's what i love a lower": 1, 
            "the beat of the funk fuzz": 1, 
            "the doggy give a big shove": 1, 
            "the funk fuzz wipe your feet": 1, 
            "the funky behavior make a note": 1, 
            "the game, rhythm player as you": 1, 
            "the garments that we wear i": 1, 
            "the jitterbug come and spread your": 1, 
            "the obeyer a rhythm recipe that": 1, 
            "the people who can quest like": 1, 
            "the rhythm rug if you feel": 1, 
            "the rhythm we gave ya feel": 1, 
            "the tip of the vibers rock": 1, 
            "the track, for it's why cuz": 1, 
            "the tribe flies high like a": 1, 
            "the tribe of the game, rhythm": 1, 
            "the urge to freak, do the": 1, 
            "the vibers rock and roll to": 1, 
            "then can i kick it to": 2, 
            "think of will nipper the doggy": 1, 
            "this rhythm really fits like a": 1, 
            "this track really has a lot": 1, 
            "this, did you really know what": 1, 
            "times, i'm a studio conveyor mr": 1, 
            "tip of the vibers rock and": 1, 
            "to all the people who can": 1, 
            "to be the obeyer a rhythm": 1, 
            "to freak, do the jitterbug come": 1, 
            "to my tribe that flows in": 1, 
            "to rhythms, quest is your savior": 1, 
            "to the beat of the funk": 1, 
            "to the track, for it's why": 1, 
            "track really has a lot of": 1, 
            "track, for it's why cuz gettin": 1, 
            "tribe does before this, did you": 1, 
            "tribe flies high like a dove": 1, 
            "tribe of the game, rhythm player": 1, 
            "tribe that flows in layers right": 1, 
            "urge to freak, do the jitterbug": 1, 
            "us a really big favor boy": 1, 
            "us for the funky behavior make": 1, 
            "us, we won't even think of": 1, 
            "vibers rock and roll to the": 1, 
            "was comprehend to the track, for": 1, 
            "we gave ya feel free, drop": 1, 
            "we wear i instruct you to": 1, 
            "we won't even think of will": 1, 
            "we're above if you diss us,": 1, 
            "wear i instruct you to be": 1, 
            "well, i'm gone go on then": 2, 
            "what i love a lower plateau": 1, 
            "what live was comprehend to the": 1, 
            "what we're above if you diss": 1, 
            "when it comes to rhythms, quest": 1, 
            "who can quest like a tribe": 1, 
            "why cuz gettin measures on the": 1, 
            "will nipper the doggy give a": 1, 
            "wipe your feet really good on": 1, 
            "with *horn* that's what i love": 1, 
            "won't even think of will nipper": 1, 
            "would you please be my mayor": 1, 
            "ya feel free, drop your pants,": 1, 
            "yes, the tribe of the game,": 1, 
            "yes, you can well, i'm gone": 2, 
            "you can well, i'm gone go": 2, 
            "you diss us, we won't even": 1, 
            "you feel the urge to freak,": 1, 
            "you inhale like a breath of": 1, 
            "you like the garments that we": 1, 
            "you please be my mayor you'll": 1, 
            "you really know what live was": 1, 
            "you really need a hug afrocentric": 1, 
            "you to be the obeyer a": 1, 
            "you'll be doing us a really": 1, 
            "you'll savor doesn't matter if you're": 1, 
            "you're minor or major yes, the": 1, 
            "your arms if you really need": 1, 
            "your feet really good on the": 1, 
            "your ha-ir do you like the": 1, 
            "your pants, check your ha-ir do": 1, 
            "your savior follow us for the": 1
        }, 
        "7": {
            "": 1121, 
            "*horn* that's what i love a lower": 1, 
            "a big shove this rhythm really fits": 1, 
            "a big shrug a life filled with": 1, 
            "a box of positives is a plus,": 1, 
            "a breath of fresh air": 1, 
            "a dove can i kick it yes,": 1, 
            "a hug afrocentric living is a big": 1, 
            "a life filled with *horn* that's what": 1, 
            "a lot of flavor when it comes": 1, 
            "a lower plateau is what we're above": 1, 
            "a note on the rhythm we gave": 1, 
            "a plus, love as the tribe flies": 1, 
            "a poem sayer at times, i'm a": 1, 
            "a really big favor boy this track": 1, 
            "a rhythm recipe that you'll savor doesn't": 1, 
            "a snug glove like a box of": 1, 
            "a studio conveyor mr dinkins, would you": 1, 
            "a tribe does before this, did you": 1, 
            "above if you diss us, we won't": 1, 
            "afrocentric living is a big shrug a": 1, 
            "air": 1, 
            "all the people who can quest like": 1, 
            "and roll to the beat of the": 1, 
            "and spread your arms if you really": 1, 
            "arms if you really need a hug": 1, 
            "as the tribe flies high like a": 1, 
            "as you inhale like a breath of": 1, 
            "at times, i'm a studio conveyor mr": 1, 
            "be doing us a really big favor": 1, 
            "be my mayor you'll be doing us": 1, 
            "be the obeyer a rhythm recipe that": 1, 
            "beat of the funk fuzz wipe your": 1, 
            "before this, did you really know what": 1, 
            "behavior make a note on the rhythm": 1, 
            "big favor boy this track really has": 1, 
            "big shove this rhythm really fits like": 1, 
            "big shrug a life filled with *horn*": 1, 
            "box of positives is a plus, love": 1, 
            "boy this track really has a lot": 1, 
            "breath of fresh air": 1, 
            "can i kick it to all the": 1, 
            "can i kick it to my tribe": 1, 
            "can i kick it yes, you can": 2, 
            "can quest like a tribe does before": 1, 
            "can well, i'm gone go on then": 2, 
            "check your ha-ir do you like the": 1, 
            "come and spread your arms if you": 1, 
            "comes to rhythms, quest is your savior": 1, 
            "comprehend to the track, for it's why": 1, 
            "conveyor mr dinkins, would you please be": 1, 
            "cuz gettin measures on the tip of": 1, 
            "did you really know what live was": 1, 
            "dinkins, would you please be my mayor": 1, 
            "diss us, we won't even think of": 1, 
            "do the jitterbug come and spread your": 1, 
            "do you like the garments that we": 1, 
            "does before this, did you really know": 1, 
            "doesn't matter if you're minor or major": 1, 
            "doggy give a big shove this rhythm": 1, 
            "doing us a really big favor boy": 1, 
            "dove can i kick it yes, you": 1, 
            "drop your pants, check your ha-ir do": 1, 
            "even think of will nipper the doggy": 1, 
            "favor boy this track really has a": 1, 
            "feel free, drop your pants, check your": 1, 
            "feel the urge to freak, do the": 1, 
            "feet really good on the rhythm rug": 1, 
            "filled with *horn* that's what i love": 1, 
            "fits like a snug glove like a": 1, 
            "flavor when it comes to rhythms, quest": 1, 
            "flies high like a dove can i": 1, 
            "flows in layers right now, phife is": 1, 
            "follow us for the funky behavior make": 1, 
            "for it's why cuz gettin measures on": 1, 
            "for the funky behavior make a note": 1, 
            "freak, do the jitterbug come and spread": 1, 
            "free, drop your pants, check your ha-ir": 1, 
            "fresh air": 1, 
            "funk fuzz wipe your feet really good": 1, 
            "funky behavior make a note on the": 1, 
            "fuzz wipe your feet really good on": 1, 
            "game, rhythm player as you inhale like": 1, 
            "garments that we wear i instruct you": 1, 
            "gave ya feel free, drop your pants,": 1, 
            "gettin measures on the tip of the": 1, 
            "give a big shove this rhythm really": 1, 
            "glove like a box of positives is": 1, 
            "go on then can i kick it": 2, 
            "gone go on then can i kick": 2, 
            "good on the rhythm rug if you": 1, 
            "ha-ir do you like the garments that": 1, 
            "has a lot of flavor when it": 1, 
            "high like a dove can i kick": 1, 
            "hug afrocentric living is a big shrug": 1, 
            "i instruct you to be the obeyer": 1, 
            "i kick it to all the people": 1, 
            "i kick it to my tribe that": 1, 
            "i kick it yes, you can well,": 2, 
            "i love a lower plateau is what": 1, 
            "i'm a studio conveyor mr dinkins, would": 1, 
            "i'm gone go on then can i": 2, 
            "if you diss us, we won't even": 1, 
            "if you feel the urge to freak,": 1, 
            "if you really need a hug afrocentric": 1, 
            "if you're minor or major yes, the": 1, 
            "in layers right now, phife is a": 1, 
            "inhale like a breath of fresh air": 1, 
            "instruct you to be the obeyer a": 1, 
            "is a big shrug a life filled": 1, 
            "is a plus, love as the tribe": 1, 
            "is a poem sayer at times, i'm": 1, 
            "is what we're above if you diss": 1, 
            "is your savior follow us for the": 1, 
            "it comes to rhythms, quest is your": 1, 
            "it to all the people who can": 1, 
            "it to my tribe that flows in": 1, 
            "it yes, you can well, i'm gone": 2, 
            "it's why cuz gettin measures on the": 1, 
            "jitterbug come and spread your arms if": 1, 
            "kick it to all the people who": 1, 
            "kick it to my tribe that flows": 1, 
            "kick it yes, you can well, i'm": 2, 
            "know what live was comprehend to the": 1, 
            "layers right now, phife is a poem": 1, 
            "life filled with *horn* that's what i": 1, 
            "like a box of positives is a": 1, 
            "like a breath of fresh air": 1, 
            "like a dove can i kick it": 1, 
            "like a snug glove like a box": 1, 
            "like a tribe does before this, did": 1, 
            "like the garments that we wear i": 1, 
            "live was comprehend to the track, for": 1, 
            "living is a big shrug a life": 1, 
            "lot of flavor when it comes to": 1, 
            "love a lower plateau is what we're": 1, 
            "love as the tribe flies high like": 1, 
            "lower plateau is what we're above if": 1, 
            "major yes, the tribe of the game,": 1, 
            "make a note on the rhythm we": 1, 
            "matter if you're minor or major yes,": 1, 
            "mayor you'll be doing us a really": 1, 
            "measures on the tip of the vibers": 1, 
            "minor or major yes, the tribe of": 1, 
            "mr dinkins, would you please be my": 1, 
            "my mayor you'll be doing us a": 1, 
            "my tribe that flows in layers right": 1, 
            "need a hug afrocentric living is a": 1, 
            "nipper the doggy give a big shove": 1, 
            "note on the rhythm we gave ya": 1, 
            "now, phife is a poem sayer at": 1, 
            "obeyer a rhythm recipe that you'll savor": 1, 
            "of flavor when it comes to rhythms,": 1, 
            "of fresh air": 1, 
            "of positives is a plus, love as": 1, 
            "of the funk fuzz wipe your feet": 1, 
            "of the game, rhythm player as you": 1, 
            "of the vibers rock and roll to": 1, 
            "of will nipper the doggy give a": 1, 
            "on the rhythm rug if you feel": 1, 
            "on the rhythm we gave ya feel": 1, 
            "on the tip of the vibers rock": 1, 
            "on then can i kick it to": 2, 
            "or major yes, the tribe of the": 1, 
            "pants, check your ha-ir do you like": 1, 
            "people who can quest like a tribe": 1, 
            "phife is a poem sayer at times,": 1, 
            "plateau is what we're above if you": 1, 
            "player as you inhale like a breath": 1, 
            "please be my mayor you'll be doing": 1, 
            "plus, love as the tribe flies high": 1, 
            "poem sayer at times, i'm a studio": 1, 
            "positives is a plus, love as the": 1, 
            "quest is your savior follow us for": 1, 
            "quest like a tribe does before this,": 1, 
            "really big favor boy this track really": 1, 
            "really fits like a snug glove like": 1, 
            "really good on the rhythm rug if": 1, 
            "really has a lot of flavor when": 1, 
            "really know what live was comprehend to": 1, 
            "really need a hug afrocentric living is": 1, 
            "recipe that you'll savor doesn't matter if": 1, 
            "rhythm player as you inhale like a": 1, 
            "rhythm really fits like a snug glove": 1, 
            "rhythm recipe that you'll savor doesn't matter": 1, 
            "rhythm rug if you feel the urge": 1, 
            "rhythm we gave ya feel free, drop": 1, 
            "rhythms, quest is your savior follow us": 1, 
            "right now, phife is a poem sayer": 1, 
            "rock and roll to the beat of": 1, 
            "roll to the beat of the funk": 1, 
            "rug if you feel the urge to": 1, 
            "savior follow us for the funky behavior": 1, 
            "savor doesn't matter if you're minor or": 1, 
            "sayer at times, i'm a studio conveyor": 1, 
            "shove this rhythm really fits like a": 1, 
            "shrug a life filled with *horn* that's": 1, 
            "snug glove like a box of positives": 1, 
            "spread your arms if you really need": 1, 
            "studio conveyor mr dinkins, would you please": 1, 
            "that flows in layers right now, phife": 1, 
            "that we wear i instruct you to": 1, 
            "that you'll savor doesn't matter if you're": 1, 
            "that's what i love a lower plateau": 1, 
            "the beat of the funk fuzz wipe": 1, 
            "the doggy give a big shove this": 1, 
            "the funk fuzz wipe your feet really": 1, 
            "the funky behavior make a note on": 1, 
            "the game, rhythm player as you inhale": 1, 
            "the garments that we wear i instruct": 1, 
            "the jitterbug come and spread your arms": 1, 
            "the obeyer a rhythm recipe that you'll": 1, 
            "the people who can quest like a": 1, 
            "the rhythm rug if you feel the": 1, 
            "the rhythm we gave ya feel free,": 1, 
            "the tip of the vibers rock and": 1, 
            "the track, for it's why cuz gettin": 1, 
            "the tribe flies high like a dove": 1, 
            "the tribe of the game, rhythm player": 1, 
            "the urge to freak, do the jitterbug": 1, 
            "the vibers rock and roll to the": 1, 
            "then can i kick it to all": 1, 
            "then can i kick it to my": 1, 
            "think of will nipper the doggy give": 1, 
            "this rhythm really fits like a snug": 1, 
            "this track really has a lot of": 1, 
            "this, did you really know what live": 1, 
            "times, i'm a studio conveyor mr dinkins,": 1, 
            "tip of the vibers rock and roll": 1, 
            "to all the people who can quest": 1, 
            "to be the obeyer a rhythm recipe": 1, 
            "to freak, do the jitterbug come and": 1, 
            "to my tribe that flows in layers": 1, 
            "to rhythms, quest is your savior follow": 1, 
            "to the beat of the funk fuzz": 1, 
            "to the track, for it's why cuz": 1, 
            "track really has a lot of flavor": 1, 
            "track, for it's why cuz gettin measures": 1, 
            "tribe does before this, did you really": 1, 
            "tribe flies high like a dove can": 1, 
            "tribe of the game, rhythm player as": 1, 
            "tribe that flows in layers right now,": 1, 
            "urge to freak, do the jitterbug come": 1, 
            "us a really big favor boy this": 1, 
            "us for the funky behavior make a": 1, 
            "us, we won't even think of will": 1, 
            "vibers rock and roll to the beat": 1, 
            "was comprehend to the track, for it's": 1, 
            "we gave ya feel free, drop your": 1, 
            "we wear i instruct you to be": 1, 
            "we won't even think of will nipper": 1, 
            "we're above if you diss us, we": 1, 
            "wear i instruct you to be the": 1, 
            "well, i'm gone go on then can": 2, 
            "what i love a lower plateau is": 1, 
            "what live was comprehend to the track,": 1, 
            "what we're above if you diss us,": 1, 
            "when it comes to rhythms, quest is": 1, 
            "who can quest like a tribe does": 1, 
            "why cuz gettin measures on the tip": 1, 
            "will nipper the doggy give a big": 1, 
            "wipe your feet really good on the": 1, 
            "with *horn* that's what i love a": 1, 
            "won't even think of will nipper the": 1, 
            "would you please be my mayor you'll": 1, 
            "ya feel free, drop your pants, check": 1, 
            "yes, the tribe of the game, rhythm": 1, 
            "yes, you can well, i'm gone go": 2, 
            "you can well, i'm gone go on": 2, 
            "you diss us, we won't even think": 1, 
            "you feel the urge to freak, do": 1, 
            "you inhale like a breath of fresh": 1, 
            "you like the garments that we wear": 1, 
            "you please be my mayor you'll be": 1, 
            "you really know what live was comprehend": 1, 
            "you really need a hug afrocentric living": 1, 
            "you to be the obeyer a rhythm": 1, 
            "you'll be doing us a really big": 1, 
            "you'll savor doesn't matter if you're minor": 1, 
            "you're minor or major yes, the tribe": 1, 
            "your arms if you really need a": 1, 
            "your feet really good on the rhythm": 1, 
            "your ha-ir do you like the garments": 1, 
            "your pants, check your ha-ir do you": 1, 
            "your savior follow us for the funky": 1
        }, 
        "8": {
            "": 1120, 
            "*horn* that's what i love a lower plateau": 1, 
            "a big shove this rhythm really fits like": 1, 
            "a big shrug a life filled with *horn*": 1, 
            "a box of positives is a plus, love": 1, 
            "a breath of fresh air": 1, 
            "a dove can i kick it yes, you": 1, 
            "a hug afrocentric living is a big shrug": 1, 
            "a life filled with *horn* that's what i": 1, 
            "a lot of flavor when it comes to": 1, 
            "a lower plateau is what we're above if": 1, 
            "a note on the rhythm we gave ya": 1, 
            "a plus, love as the tribe flies high": 1, 
            "a poem sayer at times, i'm a studio": 1, 
            "a really big favor boy this track really": 1, 
            "a rhythm recipe that you'll savor doesn't matter": 1, 
            "a snug glove like a box of positives": 1, 
            "a studio conveyor mr dinkins, would you please": 1, 
            "a tribe does before this, did you really": 1, 
            "above if you diss us, we won't even": 1, 
            "afrocentric living is a big shrug a life": 1, 
            "air": 1, 
            "all the people who can quest like a": 1, 
            "and roll to the beat of the funk": 1, 
            "and spread your arms if you really need": 1, 
            "arms if you really need a hug afrocentric": 1, 
            "as the tribe flies high like a dove": 1, 
            "as you inhale like a breath of fresh": 1, 
            "at times, i'm a studio conveyor mr dinkins,": 1, 
            "be doing us a really big favor boy": 1, 
            "be my mayor you'll be doing us a": 1, 
            "be the obeyer a rhythm recipe that you'll": 1, 
            "beat of the funk fuzz wipe your feet": 1, 
            "before this, did you really know what live": 1, 
            "behavior make a note on the rhythm we": 1, 
            "big favor boy this track really has a": 1, 
            "big shove this rhythm really fits like a": 1, 
            "big shrug a life filled with *horn* that's": 1, 
            "box of positives is a plus, love as": 1, 
            "boy this track really has a lot of": 1, 
            "breath of fresh air": 1, 
            "can i kick it to all the people": 1, 
            "can i kick it to my tribe that": 1, 
            "can i kick it yes, you can well,": 2, 
            "can quest like a tribe does before this,": 1, 
            "can well, i'm gone go on then can": 2, 
            "check your ha-ir do you like the garments": 1, 
            "come and spread your arms if you really": 1, 
            "comes to rhythms, quest is your savior follow": 1, 
            "comprehend to the track, for it's why cuz": 1, 
            "conveyor mr dinkins, would you please be my": 1, 
            "cuz gettin measures on the tip of the": 1, 
            "did you really know what live was comprehend": 1, 
            "dinkins, would you please be my mayor you'll": 1, 
            "diss us, we won't even think of will": 1, 
            "do the jitterbug come and spread your arms": 1, 
            "do you like the garments that we wear": 1, 
            "does before this, did you really know what": 1, 
            "doesn't matter if you're minor or major yes,": 1, 
            "doggy give a big shove this rhythm really": 1, 
            "doing us a really big favor boy this": 1, 
            "dove can i kick it yes, you can": 1, 
            "drop your pants, check your ha-ir do you": 1, 
            "even think of will nipper the doggy give": 1, 
            "favor boy this track really has a lot": 1, 
            "feel free, drop your pants, check your ha-ir": 1, 
            "feel the urge to freak, do the jitterbug": 1, 
            "feet really good on the rhythm rug if": 1, 
            "filled with *horn* that's what i love a": 1, 
            "fits like a snug glove like a box": 1, 
            "flavor when it comes to rhythms, quest is": 1, 
            "flies high like a dove can i kick": 1, 
            "flows in layers right now, phife is a": 1, 
            "follow us for the funky behavior make a": 1, 
            "for it's why cuz gettin measures on the": 1, 
            "for the funky behavior make a note on": 1, 
            "freak, do the jitterbug come and spread your": 1, 
            "free, drop your pants, check your ha-ir do": 1, 
            "fresh air": 1, 
            "funk fuzz wipe your feet really good on": 1, 
            "funky behavior make a note on the rhythm": 1, 
            "fuzz wipe your feet really good on the": 1, 
            "game, rhythm player as you inhale like a": 1, 
            "garments that we wear i instruct you to": 1, 
            "gave ya feel free, drop your pants, check": 1, 
            "gettin measures on the tip of the vibers": 1, 
            "give a big shove this rhythm really fits": 1, 
            "glove like a box of positives is a": 1, 
            "go on then can i kick it to": 2, 
            "gone go on then can i kick it": 2, 
            "good on the rhythm rug if you feel": 1, 
            "ha-ir do you like the garments that we": 1, 
            "has a lot of flavor when it comes": 1, 
            "high like a dove can i kick it": 1, 
            "hug afrocentric living is a big shrug a": 1, 
            "i instruct you to be the obeyer a": 1, 
            "i kick it to all the people who": 1, 
            "i kick it to my tribe that flows": 1, 
            "i kick it yes, you can well, i'm": 2, 
            "i love a lower plateau is what we're": 1, 
            "i'm a studio conveyor mr dinkins, would you": 1, 
            "i'm gone go on then can i kick": 2, 
            "if you diss us, we won't even think": 1, 
            "if you feel the urge to freak, do": 1, 
            "if you really need a hug afrocentric living": 1, 
            "if you're minor or major yes, the tribe": 1, 
            "in layers right now, phife is a poem": 1, 
            "inhale like a breath of fresh air": 1, 
            "instruct you to be the obeyer a rhythm": 1, 
            "is a big shrug a life filled with": 1, 
            "is a plus, love as the tribe flies": 1, 
            "is a poem sayer at times, i'm a": 1, 
            "is what we're above if you diss us,": 1, 
            "is your savior follow us for the funky": 1, 
            "it comes to rhythms, quest is your savior": 1, 
            "it to all the people who can quest": 1, 
            "it to my tribe that flows in layers": 1, 
            "it yes, you can well, i'm gone go": 2, 
            "it's why cuz gettin measures on the tip": 1, 
            "jitterbug come and spread your arms if you": 1, 
            "kick it to all the people who can": 1, 
            "kick it to my tribe that flows in": 1, 
            "kick it yes, you can well, i'm gone": 2, 
            "know what live was comprehend to the track,": 1, 
            "layers right now, phife is a poem sayer": 1, 
            "life filled with *horn* that's what i love": 1, 
            "like a box of positives is a plus,": 1, 
            "like a breath of fresh air": 1, 
            "like a dove can i kick it yes,": 1, 
            "like a snug glove like a box of": 1, 
            "like a tribe does before this, did you": 1, 
            "like the garments that we wear i instruct": 1, 
            "live was comprehend to the track, for it's": 1, 
            "living is a big shrug a life filled": 1, 
            "lot of flavor when it comes to rhythms,": 1, 
            "love a lower plateau is what we're above": 1, 
            "love as the tribe flies high like a": 1, 
            "lower plateau is what we're above if you": 1, 
            "major yes, the tribe of the game, rhythm": 1, 
            "make a note on the rhythm we gave": 1, 
            "matter if you're minor or major yes, the": 1, 
            "mayor you'll be doing us a really big": 1, 
            "measures on the tip of the vibers rock": 1, 
            "minor or major yes, the tribe of the": 1, 
            "mr dinkins, would you please be my mayor": 1, 
            "my mayor you'll be doing us a really": 1, 
            "my tribe that flows in layers right now,": 1, 
            "need a hug afrocentric living is a big": 1, 
            "nipper the doggy give a big shove this": 1, 
            "note on the rhythm we gave ya feel": 1, 
            "now, phife is a poem sayer at times,": 1, 
            "obeyer a rhythm recipe that you'll savor doesn't": 1, 
            "of flavor when it comes to rhythms, quest": 1, 
            "of fresh air": 1, 
            "of positives is a plus, love as the": 1, 
            "of the funk fuzz wipe your feet really": 1, 
            "of the game, rhythm player as you inhale": 1, 
            "of the vibers rock and roll to the": 1, 
            "of will nipper the doggy give a big": 1, 
            "on the rhythm rug if you feel the": 1, 
            "on the rhythm we gave ya feel free,": 1, 
            "on the tip of the vibers rock and": 1, 
            "on then can i kick it to all": 1, 
            "on then can i kick it to my": 1, 
            "or major yes, the tribe of the game,": 1, 
            "pants, check your ha-ir do you like the": 1, 
            "people who can quest like a tribe does": 1, 
            "phife is a poem sayer at times, i'm": 1, 
            "plateau is what we're above if you diss": 1, 
            "player as you inhale like a breath of": 1, 
            "please be my mayor you'll be doing us": 1, 
            "plus, love as the tribe flies high like": 1, 
            "poem sayer at times, i'm a studio conveyor": 1, 
            "positives is a plus, love as the tribe": 1, 
            "quest is your savior follow us for the": 1, 
            "quest like a tribe does before this, did": 1, 
            "really big favor boy this track really has": 1, 
            "really fits like a snug glove like a": 1, 
            "really good on the rhythm rug if you": 1, 
            "really has a lot of flavor when it": 1, 
            "really know what live was comprehend to the": 1, 
            "really need a hug afrocentric living is a": 1, 
            "recipe that you'll savor doesn't matter if you're": 1, 
            "rhythm player as you inhale like a breath": 1, 
            "rhythm really fits like a snug glove like": 1, 
            "rhythm recipe that you'll savor doesn't matter if": 1, 
            "rhythm rug if you feel the urge to": 1, 
            "rhythm we gave ya feel free, drop your": 1, 
            "rhythms, quest is your savior follow us for": 1, 
            "right now, phife is a poem sayer at": 1, 
            "rock and roll to the beat of the": 1, 
            "roll to the beat of the funk fuzz": 1, 
            "rug if you feel the urge to freak,": 1, 
            "savior follow us for the funky behavior make": 1, 
            "savor doesn't matter if you're minor or major": 1, 
            "sayer at times, i'm a studio conveyor mr": 1, 
            "shove this rhythm really fits like a snug": 1, 
            "shrug a life filled with *horn* that's what": 1, 
            "snug glove like a box of positives is": 1, 
            "spread your arms if you really need a": 1, 
            "studio conveyor mr dinkins, would you please be": 1, 
            "that flows in layers right now, phife is": 1, 
            "that we wear i instruct you to be": 1, 
            "that you'll savor doesn't matter if you're minor": 1, 
            "that's what i love a lower plateau is": 1, 
            "the beat of the funk fuzz wipe your": 1, 
            "the doggy give a big shove this rhythm": 1, 
            "the funk fuzz wipe your feet really good": 1, 
            "the funky behavior make a note on the": 1, 
            "the game, rhythm player as you inhale like": 1, 
            "the garments that we wear i instruct you": 1, 
            "the jitterbug come and spread your arms if": 1, 
            "the obeyer a rhythm recipe that you'll savor": 1, 
            "the people who can quest like a tribe": 1, 
            "the rhythm rug if you feel the urge": 1, 
            "the rhythm we gave ya feel free, drop": 1, 
            "the tip of the vibers rock and roll": 1, 
            "the track, for it's why cuz gettin measures": 1, 
            "the tribe flies high like a dove can": 1, 
            "the tribe of the game, rhythm player as": 1, 
            "the urge to freak, do the jitterbug come": 1, 
            "the vibers rock and roll to the beat": 1, 
            "then can i kick it to all the": 1, 
            "then can i kick it to my tribe": 1, 
            "think of will nipper the doggy give a": 1, 
            "this rhythm really fits like a snug glove": 1, 
            "this track really has a lot of flavor": 1, 
            "this, did you really know what live was": 1, 
            "times, i'm a studio conveyor mr dinkins, would": 1, 
            "tip of the vibers rock and roll to": 1, 
            "to all the people who can quest like": 1, 
            "to be the obeyer a rhythm recipe that": 1, 
            "to freak, do the jitterbug come and spread": 1, 
            "to my tribe that flows in layers right": 1, 
            "to rhythms, quest is your savior follow us": 1, 
            "to the beat of the funk fuzz wipe": 1, 
            "to the track, for it's why cuz gettin": 1, 
            "track really has a lot of flavor when": 1, 
            "track, for it's why cuz gettin measures on": 1, 
            "tribe does before this, did you really know": 1, 
            "tribe flies high like a dove can i": 1, 
            "tribe of the game, rhythm player as you": 1, 
            "tribe that flows in layers right now, phife": 1, 
            "urge to freak, do the jitterbug come and": 1, 
            "us a really big favor boy this track": 1, 
            "us for the funky behavior make a note": 1, 
            "us, we won't even think of will nipper": 1, 
            "vibers rock and roll to the beat of": 1, 
            "was comprehend to the track, for it's why": 1, 
            "we gave ya feel free, drop your pants,": 1, 
            "we wear i instruct you to be the": 1, 
            "we won't even think of will nipper the": 1, 
            "we're above if you diss us, we won't": 1, 
            "wear i instruct you to be the obeyer": 1, 
            "well, i'm gone go on then can i": 2, 
            "what i love a lower plateau is what": 1, 
            "what live was comprehend to the track, for": 1, 
            "what we're above if you diss us, we": 1, 
            "when it comes to rhythms, quest is your": 1, 
            "who can quest like a tribe does before": 1, 
            "why cuz gettin measures on the tip of": 1, 
            "will nipper the doggy give a big shove": 1, 
            "wipe your feet really good on the rhythm": 1, 
            "with *horn* that's what i love a lower": 1, 
            "won't even think of will nipper the doggy": 1, 
            "would you please be my mayor you'll be": 1, 
            "ya feel free, drop your pants, check your": 1, 
            "yes, the tribe of the game, rhythm player": 1, 
            "yes, you can well, i'm gone go on": 2, 
            "you can well, i'm gone go on then": 2, 
            "you diss us, we won't even think of": 1, 
            "you feel the urge to freak, do the": 1, 
            "you inhale like a breath of fresh air": 1, 
            "you like the garments that we wear i": 1, 
            "you please be my mayor you'll be doing": 1, 
            "you really know what live was comprehend to": 1, 
            "you really need a hug afrocentric living is": 1, 
            "you to be the obeyer a rhythm recipe": 1, 
            "you'll be doing us a really big favor": 1, 
            "you'll savor doesn't matter if you're minor or": 1, 
            "you're minor or major yes, the tribe of": 1, 
            "your arms if you really need a hug": 1, 
            "your feet really good on the rhythm rug": 1, 
            "your ha-ir do you like the garments that": 1, 
            "your pants, check your ha-ir do you like": 1, 
            "your savior follow us for the funky behavior": 1
        }
    }, 
    "song_title": "Can I Kick It?", 
    "total_words": [
        296, 
        {
            "*horn*": 1, 
            "a": 17, 
            "above": 1, 
            "afrocentric": 1, 
            "air": 1, 
            "all": 1, 
            "and": 2, 
            "arms": 1, 
            "as": 2, 
            "at": 1, 
            "be": 3, 
            "beat": 1, 
            "before": 1, 
            "behavior": 1, 
            "big": 3, 
            "box": 1, 
            "boy": 1, 
            "breath": 1, 
            "can": 7, 
            "check": 1, 
            "come": 1, 
            "comes": 1, 
            "comprehend": 1, 
            "conveyor": 1, 
            "cuz": 1, 
            "did": 1, 
            "dinkins,": 1, 
            "diss": 1, 
            "do": 2, 
            "does": 1, 
            "doesn't": 1, 
            "doggy": 1, 
            "doing": 1, 
            "dove": 1, 
            "drop": 1, 
            "even": 1, 
            "favor": 1, 
            "feel": 2, 
            "feet": 1, 
            "filled": 1, 
            "fits": 1, 
            "flavor": 1, 
            "flies": 1, 
            "flows": 1, 
            "follow": 1, 
            "for": 2, 
            "freak,": 1, 
            "free,": 1, 
            "fresh": 1, 
            "funk": 1, 
            "funky": 1, 
            "fuzz": 1, 
            "game,": 1, 
            "garments": 1, 
            "gave": 1, 
            "gettin": 1, 
            "give": 1, 
            "glove": 1, 
            "go": 2, 
            "gone": 2, 
            "good": 1, 
            "ha-ir": 1, 
            "has": 1, 
            "high": 1, 
            "hug": 1, 
            "i": 6, 
            "i'm": 3, 
            "if": 4, 
            "in": 1, 
            "inhale": 1, 
            "instruct": 1, 
            "is": 5, 
            "it": 5, 
            "it's": 1, 
            "jitterbug": 1, 
            "kick": 4, 
            "know": 1, 
            "layers": 1, 
            "life": 1, 
            "like": 6, 
            "live": 1, 
            "living": 1, 
            "lot": 1, 
            "love": 2, 
            "lower": 1, 
            "major": 1, 
            "make": 1, 
            "matter": 1, 
            "mayor": 1, 
            "measures": 1, 
            "minor": 1, 
            "mr": 1, 
            "my": 2, 
            "need": 1, 
            "nipper": 1, 
            "note": 1, 
            "now,": 1, 
            "obeyer": 1, 
            "of": 7, 
            "on": 5, 
            "or": 1, 
            "pants,": 1, 
            "people": 1, 
            "phife": 1, 
            "plateau": 1, 
            "player": 1, 
            "please": 1, 
            "plus,": 1, 
            "poem": 1, 
            "positives": 1, 
            "quest": 2, 
            "really": 6, 
            "recipe": 1, 
            "rhythm": 5, 
            "rhythms,": 1, 
            "right": 1, 
            "rock": 1, 
            "roll": 1, 
            "rug": 1, 
            "savior": 1, 
            "savor": 1, 
            "sayer": 1, 
            "shove": 1, 
            "shrug": 1, 
            "snug": 1, 
            "spread": 1, 
            "studio": 1, 
            "that": 3, 
            "that's": 1, 
            "the": 17, 
            "then": 2, 
            "think": 1, 
            "this": 2, 
            "this,": 1, 
            "times,": 1, 
            "tip": 1, 
            "to": 7, 
            "track": 1, 
            "track,": 1, 
            "tribe": 4, 
            "urge": 1, 
            "us": 2, 
            "us,": 1, 
            "vibers": 1, 
            "was": 1, 
            "we": 3, 
            "we're": 1, 
            "wear": 1, 
            "well,": 2, 
            "what": 3, 
            "when": 1, 
            "who": 1, 
            "why": 1, 
            "will": 1, 
            "wipe": 1, 
            "with": 1, 
            "won't": 1, 
            "would": 1, 
            "ya": 1, 
            "yes,": 3, 
            "you": 10, 
            "you'll": 2, 
            "you're": 1, 
            "your": 5
        }
    ], 
    "unique_words": [
        164, 
        [
            "all", 
            "diss", 
            "tip", 
            "recipe", 
            "major", 
            "won't", 
            "go", 
            "follow", 
            "flavor", 
            "mayor", 
            "before", 
            "layers", 
            "cuz", 
            "comprehend", 
            "to", 
            "spread", 
            "plateau", 
            "rhythm", 
            "has", 
            "kick", 
            "gave", 
            "then", 
            "good", 
            "obeyer", 
            "beat", 
            "big", 
            "quest", 
            "know", 
            "wipe", 
            "like", 
            "did", 
            "gettin", 
            "glove", 
            "fuzz", 
            "rock", 
            "right", 
            "pants,", 
            "people", 
            "doing", 
            "track,", 
            "phife", 
            "vibers", 
            "really", 
            "shrug", 
            "living", 
            "what", 
            "yes,", 
            "jitterbug", 
            "for", 
            "game,", 
            "please", 
            "favor", 
            "does", 
            "above", 
            "doggy", 
            "filled", 
            "be", 
            "we", 
            "measures", 
            "you're", 
            "rug", 
            "studio", 
            "wear", 
            "come", 
            "box", 
            "boy", 
            "ha-ir", 
            "shove", 
            "of", 
            "afrocentric", 
            "funky", 
            "free,", 
            "plus,", 
            "i'm", 
            "think", 
            "comes", 
            "*horn*", 
            "tribe", 
            "flies", 
            "love", 
            "feel", 
            "feet", 
            "instruct", 
            "snug", 
            "times,", 
            "your", 
            "now,", 
            "doesn't", 
            "inhale", 
            "would", 
            "conveyor", 
            "it's", 
            "give", 
            "arms", 
            "breath", 
            "live", 
            "we're", 
            "lot", 
            "was", 
            "minor", 
            "sayer", 
            "life", 
            "hug", 
            "that", 
            "rhythms,", 
            "garments", 
            "savior", 
            "with", 
            "funk", 
            "well,", 
            "this", 
            "us,", 
            "this,", 
            "us", 
            "air", 
            "will", 
            "matter", 
            "can", 
            "behavior", 
            "mr", 
            "my", 
            "and", 
            "gone", 
            "do", 
            "is", 
            "it", 
            "high", 
            "player", 
            "as", 
            "at", 
            "in", 
            "need", 
            "freak,", 
            "check", 
            "if", 
            "dinkins,", 
            "savor", 
            "make", 
            "when", 
            "note", 
            "ya", 
            "you", 
            "roll", 
            "even", 
            "nipper", 
            "who", 
            "poem", 
            "flows", 
            "track", 
            "fits", 
            "positives", 
            "on", 
            "dove", 
            "why", 
            "a", 
            "lower", 
            "drop", 
            "i", 
            "urge", 
            "or", 
            "you'll", 
            "fresh", 
            "the", 
            "that's"
        ]
    ], 
    "year": 1990
}